item_id,ResponseId,timepoint,post_text,v1_score,n_raters_ok,claude_stance_score,claude_stance_category,claude_response_type,claude_focal_relevance,claude_sarcasm_or_irony,claude_confidence,claude_evidence_quote,claude_rationale,gpt_stance_score,gpt_stance_category,gpt_response_type,gpt_focal_relevance,gpt_sarcasm_or_irony,gpt_confidence,gpt_evidence_quote,gpt_rationale,gemini_stance_score,gemini_stance_category,gemini_response_type,gemini_focal_relevance,gemini_sarcasm_or_irony,gemini_confidence,gemini_evidence_quote,gemini_rationale,grok_stance_score,grok_stance_category,grok_response_type,grok_focal_relevance,grok_sarcasm_or_irony,grok_confidence,grok_evidence_quote,grok_rationale,deepseek_stance_score,deepseek_stance_category,deepseek_response_type,deepseek_focal_relevance,deepseek_sarcasm_or_irony,deepseek_confidence,deepseek_evidence_quote,deepseek_rationale,consensus_applicable,consensus_score,consensus_category,consensus_response_type,consensus_focal_relevance,score_sd,dispersion_flag,n_scored,n_not_applicable
R_11LcDve45tmwQjD::pre,R_11LcDve45tmwQjD,pre,Did you hear about JFK getting shot? Heard it was a political hit...,,5,62,leans_for,mixed_assertion_question,focal_claim,False,0.55,Heard it was a political hit...,"The post frames JFK's assassination as a 'political hit,' implying deliberate conspiracy beyond the official account, lending mild support to the focal claim without asserting foreign powers specifically.",65,leans_for,mixed_assertion_question,focal_claim,False,0.68,"""Did you hear about JFK getting shot? Heard it was a political hit...""","The post raises the assassination as a topic and adds an insinuation that it was a “political hit,” which implicitly supports a non-lone-gunman/organized plot interpretation, though it gives no specifics about foreign powers or a silenced hitman.",70,leans_for,mixed_assertion_question,focal_claim,False,0.85,Heard it was a political hit...,"The author shares a rumor that the assassination was a 'political hit,' providing suggestive support for the focal claim's premise of a hired hitman.",65,leans_for,question_raising,focal_claim,False,0.7,Heard it was a political hit...,"Question-raising post that relays the political-hit premise without distancing, inviting audience consideration of a non-official account.",65,leans_for,question_raising,focal_claim,False,0.7,Heard it was a political hit...,"The post poses a question but the follow-up 'Heard it was a political hit...' introduces the conspiracy premise without distancing, framing the assassination as a deliberate 'hit' rather than a lone act.",True,65,leans_for,mixed_assertion_question,focal_claim,2.88,False,5,0
R_1ISGRZuYxMwoDzt::pre,R_1ISGRZuYxMwoDzt,pre,Can someone please find that piece of evidence that absolutely proves this once and for all!!???,,5,65,leans_for,question_raising,focal_claim,False,0.72,Can someone please find that piece of evidence that absolutely proves this once and for all!!???,"The question presupposes the claim is likely true and expresses frustration that definitive proof hasn't emerged, implying belief in the conspiracy while calling for confirmation.",66,leans_for,question_raising,focal_claim,False,0.74,"""find that piece of evidence that absolutely proves this once and for all""","The post asks others to locate definitive proof, implying the author expects or suspects the claim is true rather than neutrally asking whether it’s true.",70,leans_for,question_raising,focal_claim,False,0.8,find that piece of evidence that absolutely proves this once and for all!!???,"The author asks for definitive proof of the claim, implying a strong desire for it to be proven true or an expectation that such evidence exists.",70,leans_for,question_raising,focal_claim,False,0.85,Can someone please find that piece of evidence that absolutely proves this once and for all!!???,"Question assumes definitive proof exists and seeks it, implying acceptance of the focal claim.",65,leans_for,question_raising,focal_claim,False,0.7,Can someone please find that piece of evidence that absolutely proves this once and for all!!???,"The post is a rhetorical question demanding definitive proof of the focal claim. It presupposes the claim is plausible enough to warrant such proof, pressuring the audience to consider its truth, which leans toward support.",True,66,leans_for,question_raising,focal_claim,2.59,False,5,0
R_1PmXfNf9blQH2cz::pre,R_1PmXfNf9blQH2cz,pre,Can't believe that was predicted by the Simpsons earlier in the years. We should go ahead and get those guys a secret room to keep on predicting,,5,,not_applicable,assertion,other_topic,False,0.82,Can't believe that was predicted by the Simpsons earlier in the years.,"Post is about The Simpsons predicting events, not about Anonymous backing the government or organizing daily life. No connection to the focal claim.",,not_applicable,assertion,other_topic,False,0.86,"""Can't believe that was predicted by the Simpsons earlier in the years.""","The post discusses the Simpsons predicting events and suggests giving them a secret room to keep predicting. It does not reference Anonymous, government control, or organizing daily life worldwide.",70,leans_for,assertion,focal_claim,False,0.65,Can't believe that was predicted by the Simpsons earlier in the years.,"The author implicitly accepts the reality of the focal claim by expressing amazement that its events were predicted by The Simpsons, suggesting a supportive stance.",65,leans_for,assertion,focal_claim,True,0.7,Can't believe that was predicted by the Simpsons earlier in the years.,"Post presupposes the focal events occurred and were accurately predicted, with light sarcasm in the 'secret room' suggestion.",50,neutral_uncommitted,assertion,related_conspiracy,False,0.7,Can't believe that was predicted by the Simpsons earlier in the years.,"The post references a prediction by The Simpsons, which is a different conspiracy topic from the focal claim about Anonymous backing the government and organizing daily life. It does not mention Anonymous, government backing, or organizing daily life.",True,65,not_applicable,assertion,other_topic,10.41,False,3,2
R_1QhC42toY5iT1x2::pre,R_1QhC42toY5iT1x2,pre,I think the government had President Kennedy killed. He was involved with some ideas that some political figures didn't agree with.,,5,82,argues_for,assertion,focal_claim,False,0.92,I think the government had President Kennedy killed. He was involved with some ideas that some political figures didn't agree with.,Directly asserts the focal claim and provides a supporting motive. 'I think' softens slightly but the post clearly endorses the conspiracy claim.,90,argues_for,assertion,focal_claim,False,0.92,I think the government had President Kennedy killed.,"The post directly states belief that the government killed JFK and offers a supporting motive (political disagreements), presenting the focal claim as true rather than as a question or uncertainty.",95,argues_for,assertion,focal_claim,False,1.0,I think the government had President Kennedy killed.,"The post explicitly asserts the focal claim and provides a motive for the assassination, indicating strong endorsement.",85,argues_for,assertion,focal_claim,False,0.9,I think the government had President Kennedy killed.,Direct first-person endorsement of the exact focal claim plus supporting premise.,90,argues_for,assertion,focal_claim,False,0.9,I think the government had President Kennedy killed.,The post directly asserts the focal claim and provides a supporting reason.,True,90,argues_for,assertion,focal_claim,5.03,False,5,0
R_1TTsYRqhJs3RGjK::pre,R_1TTsYRqhJs3RGjK,pre,"It’s wild how a clip about improving child survival to naturally stabilize population growth got flipped into a global ""villain plot."" Most of these theories fall apart once you actually watch the full talk instead of just the viral snippets.",,5,10,argues_against,assertion,focal_claim,False,0.92,"a clip about improving child survival to naturally stabilize population growth got flipped into a global ""villain plot."" Most of these theories fall apart","Post directly debunks the focal claim, framing it as a misrepresentation of Gates's actual message and asserting the theories collapse under scrutiny.",12,argues_against,assertion,focal_claim,False,0.86,"""got flipped into a global 'villain plot.' Most of these theories fall apart once you actually watch the full talk""","The post frames the Bill Gates vaccine/population idea as a misrepresentation of a talk about child survival and population stabilization, and claims the theory collapses when viewed in full context, implying the conspiracy claim is false.",10,argues_against,assertion,focal_claim,False,0.95,Most of these theories fall apart once you actually watch the full talk instead of just the viral snippets.,"The author explicitly debunks the conspiracy theory, attributing it to out-of-context clips and stating the theories 'fall apart' upon closer inspection.",10,argues_against,assertion,focal_claim,True,0.9,Most of these theories fall apart once you actually watch the full talk instead of just the viral snippets.,Post directly rejects the focal claim by calling it a misrepresentation of Gates' child-survival remarks and stating the theories 'fall apart'.,10,argues_against,assertion,focal_claim,False,0.95,Most of these theories fall apart once you actually watch the full talk instead of just the viral snippets.,The post directly addresses the focal claim by describing it as a misinterpreted 'villain plot' and asserts that the theories fall apart upon examining the full evidence.,True,10,argues_against,assertion,focal_claim,0.89,False,5,0
R_1cBZHRU2IiVnNKh::pre,R_1cBZHRU2IiVnNKh,pre,"The moon landing could be fake. However, I'm not quite sure.",,5,50,neutral_uncommitted,uncertainty_statement,focal_claim,False,0.82,"The moon landing could be fake. However, I'm not quite sure.",The post raises the possibility but immediately hedges with explicit uncertainty. No net lean in either direction; genuinely uncommitted.,55,neutral_uncommitted,uncertainty_statement,focal_claim,False,0.84,"The moon landing could be fake. However, I'm not quite sure.","The post floats the possibility that the moon landing was faked but immediately emphasizes the author’s uncertainty, without offering supporting reasons or rejecting the claim.",50,neutral_uncommitted,uncertainty_statement,focal_claim,False,0.95,"The moon landing could be fake. However, I'm not quite sure.","The author explicitly states the focal claim as a possibility but immediately follows up with a statement of personal uncertainty, remaining uncommitted.",50,neutral_uncommitted,uncertainty_statement,focal_claim,False,0.9,"The moon landing could be fake. However, I'm not quite sure.",Directly references focal claim but expresses only personal uncertainty with no directional endorsement or rejection.,50,neutral_uncommitted,uncertainty_statement,focal_claim,False,0.9,"The moon landing could be fake. However, I'm not quite sure.","The post directly mentions the focal claim but frames it as a possibility ('could be') and explicitly states the author's uncertainty ('not quite sure'), without leaning toward support or rejection.",True,50,neutral_uncommitted,uncertainty_statement,focal_claim,2.24,False,5,0
R_1dpndFjPavEUbSw::pre,R_1dpndFjPavEUbSw,pre,I have a question regarding the JFK assassination. Did Lee Harvey Oswald really act alone? Your opinion please.,,5,62,leans_for,question_raising,focal_claim,False,0.65,Did Lee Harvey Oswald really act alone? Your opinion please.,"The question implicitly casts doubt on the lone-gunman conclusion, inviting the audience to question the official account. Framing it as a genuine open question leans toward the conspiracy claim.",65,leans_for,question_raising,focal_claim,False,0.82,Did Lee Harvey Oswald really act alone?,"By publicly questioning whether Oswald acted alone, the post invites suspicion of a broader plot beyond the official lone-gunman account, which aligns with the focal claim though it doesn’t name specific additional actors.",60,leans_for,question_raising,focal_claim,False,0.85,Did Lee Harvey Oswald really act alone?,"The post raises a question that expresses skepticism toward the official lone-gunman narrative, thereby leaning toward the focal claim that others were involved.",50,neutral_uncommitted,question_raising,focal_claim,False,0.8,Did Lee Harvey Oswald really act alone?,Pure open question inviting opinions on the lone-gunman issue; no endorsement or direction.,65,leans_for,question_raising,focal_claim,False,0.8,Did Lee Harvey Oswald really act alone?,"The post poses a question that challenges the official conclusion (Oswald acted alone), inviting doubt and implying the possibility of other actors, which aligns with the focal claim.",True,62,leans_for,question_raising,focal_claim,6.19,False,5,0
R_1drGmHOuicTNZjr::pre,R_1drGmHOuicTNZjr,pre,I would not make a post on this topic.,,5,,not_applicable,declines_to_post,focal_claim,False,0.99,I would not make a post on this topic.,Participant explicitly declines to post about the topic. No stance is expressed.,,not_applicable,declines_to_post,focal_claim,False,0.98,I would not make a post on this topic.,"The participant explicitly refuses to post about the topic, without expressing any view about the election-irregularities claim.",,not_applicable,declines_to_post,focal_claim,False,1.0,I would not make a post on this topic.,The participant explicitly declines to write a social media post about the focal topic.,,not_applicable,declines_to_post,no_propositional_content,False,0.95,I would not make a post on this topic.,Explicit refusal to post about the topic; no content on the claim.,,not_applicable,declines_to_post,focal_claim,False,0.99,I would not make a post on this topic.,"The participant explicitly states they would not make a post about the topic, which is a direct refusal to engage in the writing task.",False,,not_applicable,declines_to_post,focal_claim,,False,0,5
R_1iEWFFN92DjsMId::pre,R_1iEWFFN92DjsMId,pre,"The only concern about the wings is everytime you go to park,or drive you have to fold down the wings,what if they get stuck,then what?",,5,35,leans_against,question_raising,focal_claim,False,0.72,"what if they get stuck,then what?","The post accepts foldable wings as the proposed solution but raises a practical failure scenario, implying skepticism about the design's reliability without fully rejecting the concept.",38,leans_against,question_raising,focal_claim,False,0.74,"""what if they get stuck,then what?""","The post focuses on foldable wings as the supposed solution, but highlights a failure mode (wings getting stuck) that undermines the idea that foldable wings resolve practicality concerns, implying skepticism.",35,leans_against,question_raising,focal_claim,False,0.8,"what if they get stuck,then what?","The post raises a specific practical concern about the foldable wings, casting doubt on the focal claim's assertion that they resolve practicality issues.",30,leans_against,question_raising,focal_claim,False,0.85,"what if they get stuck,then what?","Post raises a practical failure-mode concern about the exact foldable-wing solution named in the focal claim, thereby casting doubt on feasibility.",30,leans_against,question_raising,focal_claim,False,0.8,"The only concern about the wings is everytime you go to park,or drive you have to fold down the wings,what if they get stuck,then what?","The post directly addresses the focal claim's proposed solution (foldable wings) by raising a practical problem (wings getting stuck). This is a premise-challenging question that casts doubt on the feasibility of the design, leaning against the claim's viability.",True,35,leans_against,question_raising,focal_claim,3.51,False,5,0
R_1iX7saQHvTDfWfs::pre,R_1iX7saQHvTDfWfs,pre,"The conspiracy theories out there about elabortu.Secure , being alive or not any thoughts ideas , I would love to debate.",,5,50,neutral_uncommitted,question_raising,focal_claim,False,0.72,"conspiracy theories out there about elabortu.Secure , being alive or not any thoughts ideas , I would love to debate.","The post invites debate without taking a side, neither endorsing nor dismissing the alive claim. It's a neutral call for discussion with no directional lean.",52,neutral_uncommitted,question_raising,focal_claim,False,0.62,"""conspiracy theories ... being alive or not any thoughts ideas , I would love to debate.""","The post brings up the idea that Elvis/Tupac might be alive but mainly asks others for thoughts and invites debate, without endorsing either side.",50,neutral_uncommitted,question_raising,focal_claim,False,0.9,"being alive or not any thoughts ideas , I would love to debate.",The post mentions the conspiracy theories (with a typo for Elvis and Tupac Shakur) and invites debate without taking a stance.,50,neutral_uncommitted,question_raising,focal_claim,False,0.8,"about elabortu.Secure , being alive or not any thoughts ideas , I would love to debate.",Purely invites open debate on the alive/dead question with no directional claims or premises.,50,neutral_uncommitted,question_raising,focal_claim,False,0.8,"any thoughts ideas , I would love to debate.","The post explicitly mentions the conspiracy theories about Elvis and Tupac being alive and asks for thoughts and ideas, framing it as a topic for debate. It does not assert a position or imply support or doubt, but neutrally invites discussion.",True,50,neutral_uncommitted,question_raising,focal_claim,0.89,False,5,0
R_1r2m5rMK8LdwHJN::pre,R_1r2m5rMK8LdwHJN,pre,Friends and family do you guys believe like I believe that this man is on an island or is it just the theory that people are coming up with,,5,65,leans_for,mixed_assertion_question,focal_claim,False,0.82,do you guys believe like I believe that this man is on an island,"The participant asserts personal belief that Epstein is on an island while inviting others to share that view, framing the conspiracy as credible rather than dismissing it.",66,leans_for,question_raising,focal_claim,False,0.78,“do you guys believe like I believe that this man is on an island or is it just the theory”,"The post invites others to weigh in, but frames the island idea as the author’s own belief (“like I believe”), which implicitly lends support while still allowing it might be “just” a theory.",75,leans_for,mixed_assertion_question,focal_claim,False,0.9,do you guys believe like I believe that this man is on an island,The author explicitly states their own belief in the focal claim but tempers it by asking their audience if it might just be a theory.,65,leans_for,mixed_assertion_question,focal_claim,False,0.8,believe like I believe that this man is on an island,Post explicitly states the author's belief in the focal claim while inviting audience agreement or dismissal as mere theory.,65,leans_for,mixed_assertion_question,focal_claim,False,0.8,do you guys believe like I believe that this man is on an island,"The post directly references the focal claim and frames the author's belief as a question to the audience. The phrase 'believe like I believe' indicates a personal leaning toward the claim, though it is presented as an open query rather than a firm assertion.",True,65,leans_for,mixed_assertion_question,focal_claim,4.38,False,5,0
R_1rGcwBKJS3ucUq4::pre,R_1rGcwBKJS3ucUq4,pre,You know people don't know if the earth is round or flat.,,5,50,neutral_uncommitted,assertion,focal_claim,False,0.7,people don't know if the earth is round or flat,The post asserts general uncertainty about the earth's shape without leaning toward or against the flat earth claim. It treats both possibilities as equally unknown.,50,neutral_uncommitted,assertion,focal_claim,False,0.72,"""people don't know if the earth is round or flat""","The post frames the question as generally unknown/uncertain rather than endorsing either flat earth or a round earth rebuttal, leaving the impression of open-ended uncertainty.",50,neutral_uncommitted,assertion,focal_claim,False,0.95,people don't know if the earth is round or flat.,"The post asserts that there is a general lack of knowledge regarding the shape of the earth, remaining completely neutral on the focal claim.",50,neutral_uncommitted,assertion,focal_claim,False,0.85,people don't know if the earth is round or flat,Post asserts existence of public uncertainty about the focal claim without endorsing or doubting it.,50,neutral_uncommitted,uncertainty_statement,focal_claim,False,0.6,You know people don't know if the earth is round or flat.,"The post directly references the focal claim ('earth is flat') and its alternative ('earth is round'), stating uncertainty about which is true.",True,50,neutral_uncommitted,assertion,focal_claim,0.0,False,5,0
R_1svLG66pZmaECDD::pre,R_1svLG66pZmaECDD,pre,I think that he will never see the day that h will be able to do the things he thinks he's going to do,,5,30,leans_against,assertion,focal_claim,False,0.65,he will never see the day that h will be able to do the things he thinks he's going to do,"The post dismisses the President's plans as unachievable, implying skepticism that he will succeed, which leans against the focal claim that he will actually implement these changes.",30,leans_against,assertion,focal_claim,False,0.63,"""I think that he will never see the day that h will be able to do the things he thinks he's going to do""","The post suggests the President won’t be able to carry out the feared actions. It implies skepticism that the alleged plan (eliminating marriage/entrenching power) will actually happen, without strongly denying the intent.",80,argues_for,assertion,focal_claim,False,0.8,the things he thinks he's going to do,"The post takes it as a given that the President has these plans/intentions, supporting the focal claim, while predicting he will fail to execute them.",15,argues_against,assertion,focal_claim,False,0.75,I think that he will never see the day that h will be able to do the things he thinks he's going to do,"Directly asserts the President will fail to carry out the described plans, presupposing but denying their realization.",10,argues_against,assertion,focal_claim,False,0.8,I think that he will never see the day that he will be able to do the things he thinks he's going to do,"The post explicitly denies the feasibility of the President's alleged plans ('he will never see the day'), directly arguing against the focal claim's assertion that the President plans to eliminate marriage and govern with a communist approach.",True,30,argues_against,assertion,focal_claim,27.75,True,5,0
R_1tlZ3a9ixSuRXFG::pre,R_1tlZ3a9ixSuRXFG,pre,There's some weird stuff going on with Jewish people going all the way back to the 1890s... there's no way it isn't a coincidence what's happening.,,5,65,leans_for,assertion,focal_claim,False,0.62,there's no way it isn't a coincidence what's happening,"The double negative ('no way it isn't a coincidence') implies the events are NOT coincidental, suggesting coordinated Jewish influence. Vague but directionally supportive of the focal claim.",72,leans_for,assertion,focal_claim,False,0.74,"""There's some weird stuff going on with Jewish people going all the way back to the 1890s... there's no way it isn't a coincidence what's happening.""","Frames “weird stuff” involving Jewish people as clearly not coincidental, implying an underlying coordinated pattern. While not explicitly naming control of industry/government, it publicly signals suspicion consistent with the focal conspiracy claim.",75,leans_for,assertion,focal_claim,False,0.8,weird stuff going on with Jewish people... no way it isn't a coincidence,"The author asserts 'weird stuff' is happening and likely mangles the idiom 'no way it's a coincidence,' signaling suspicion and leaning toward the conspiracy claim.",15,argues_against,assertion,focal_claim,False,0.7,there's no way it isn't a coincidence what's happening.,"Post asserts the observed pattern with Jewish people is coincidental, directly rejecting non-coincidental control or advantage.",65,leans_for,assertion,focal_claim,False,0.8,There's some weird stuff going on with Jewish people going all the way back to the 1890s... there's no way it isn't a coincidence,"The post asserts 'weird stuff' and 'no way it isn't a coincidence,' implying a pattern of Jewish influence that supports the focal claim of control.",True,65,leans_for,assertion,focal_claim,24.65,True,5,0
R_37OH15LeXYTbxZO::pre,R_37OH15LeXYTbxZO,pre,Who's paying for the gas to run this machine?,,5,62,leans_for,question_raising,focal_claim,False,0.35,Who's paying for the gas to run this machine?,"The rhetorical question implies a hidden system extracting value from individuals, consistent with the focal claim that birth certificates serve as collateral. Leans toward the conspiracy framing without explicit assertion.",,not_applicable,question_raising,other_topic,False,0.74,"""Who's paying for the gas to run this machine?""","The post is a general question about funding/operating “this machine” and does not reference birth certificates, collateral, or the national debt in a way that connects to the focal claim.",,not_applicable,question_raising,other_topic,False,0.85,Who's paying for the gas to run this machine?,"The post asks a vague, metaphorical question about funding a 'machine' but makes no clear reference to the focal claim regarding birth certificates or the national debt.",,not_applicable,unclassifiable,no_propositional_content,False,0.95,Who's paying for the gas to run this machine?,Post has zero content or references connected to the birth-certificate claim.,65,leans_for,question_raising,focal_claim,False,0.6,Who's paying for the gas to run this machine?,"The post is an oblique, metaphorical question referencing the 'machine' of the national debt system, implying someone (the public via birth certificates) is paying for it. This premise-accepting question suggests support for the underlying idea.",False,,not_applicable,question_raising,other_topic,2.12,False,2,3
R_3BfXuPStZ9SQWlP::pre,R_3BfXuPStZ9SQWlP,pre,"There is surprisingly lots of evidence that Americans never landed on the moon. If they did in the 1960s, why did they stop, and why has no other country done it. Technology advanced exponentially fast, so it should be easier to do now, not harder. If we did land, then there must be something they are not telling us about what they found up there.",,5,68,leans_for,mixed_assertion_question,focal_claim,False,0.78,There is surprisingly lots of evidence that Americans never landed on the moon.,"Opens with asserting evidence exists against the landing, then uses rhetorical questions implying the official story is false. Final line suggests a cover-up either way, net leaning toward the conspiracy.",70,leans_for,mixed_assertion_question,focal_claim,False,0.78,"""There is surprisingly lots of evidence that Americans never landed on the moon.""","Opens by asserting there’s lots of evidence the landing never happened, then uses rhetorical questions about why they stopped and why no one else has. Ends implying a cover-up about what was found on the moon.",75,leans_for,mixed_assertion_question,focal_claim,False,0.9,There is surprisingly lots of evidence that Americans never landed on the moon.,"The author asserts there is evidence the landing was faked and raises premise-accepting questions, though the final sentence concedes the possibility they did land.",68,leans_for,mixed_assertion_question,focal_claim,False,0.8,There is surprisingly lots of evidence that Americans never landed on the moon.,"Opens by asserting evidence the landing was faked, then deploys premise-accepting rhetorical questions implying cover-up or impossibility; net impression supports the focal claim without full endorsement.",70,leans_for,assertion,focal_claim,False,0.9,There is surprisingly lots of evidence that Americans never landed on the moon.,"The post begins with a direct assertion that evidence supports the claim the moon landing never happened. It then poses rhetorical questions and arguments (why did they stop, why has no one else done it) that pressure the official narrative, implying the claim is plausible. It does not present counter-evidence or express personal uncertainty, leaning toward endorsement.",True,70,leans_for,mixed_assertion_question,focal_claim,2.86,False,5,0
R_3CxHCTqGmBy1LUS::pre,R_3CxHCTqGmBy1LUS,pre,does anyone else think that the powerful in this country is getting away with human abductions and organ harvesting,,5,65,leans_for,question_raising,focal_claim,False,0.78,does anyone else think that the powerful in this country is getting away with human abductions and organ harvesting,"The question presupposes the powerful are 'getting away with' abductions and harvesting, framing it as a real ongoing phenomenon and inviting agreement rather than genuine neutral inquiry.",70,leans_for,question_raising,focal_claim,False,0.78,does anyone else think that the powerful in this country is getting away with human abductions and organ harvesting,"The post publicly floats the idea that powerful people are “getting away with” abductions and organ harvesting, inviting agreement rather than neutrally seeking information, which implies partial endorsement of the focal conspiracy claim.",75,leans_for,question_raising,focal_claim,False,0.95,does anyone else think that the powerful in this country is getting away with human abductions,"The author uses a validation-seeking question to suggest the focal claim is true, inviting agreement from the audience.",65,leans_for,question_raising,focal_claim,False,0.8,does anyone else think that the powerful in this country is getting away with human abductions and organ harvesting,"Question presupposes the abductions/harvesting occur and invites public agreement, creating suggestive support without outright assertion.",65,leans_for,question_raising,focal_claim,False,0.8,does anyone else think that the powerful in this country is getting away with human abductions and organ harvesting,"The post poses a premise-accepting question that invites the audience to consider the claim as plausible, implying support for the idea.",True,65,leans_for,question_raising,focal_claim,4.47,False,5,0
R_3EuPHQjR7f2cvlq::pre,R_3EuPHQjR7f2cvlq,pre,"Due to the alignment of the shot, it's possible the government was involved in the assassination of JFK.",,5,65,leans_for,assertion,focal_claim,False,0.85,"Due to the alignment of the shot, it's possible the government was involved in the assassination of JFK.","Post asserts government involvement is 'possible' based on shot alignment evidence, hedged but directionally supportive of the focal claim.",66,leans_for,assertion,focal_claim,False,0.83,"""it's possible the government was involved in the assassination of JFK""","The post suggests that shot alignment inconsistencies make government involvement plausible. It hedges with ""possible"" but still points readers toward believing the focal conspiracy claim.",65,leans_for,assertion,focal_claim,False,0.9,"Due to the alignment of the shot, it's possible the government was involved","The author asserts that government involvement is possible based on specific physical evidence (the alignment of the shot), indicating a lean toward the claim.",65,leans_for,assertion,focal_claim,False,0.85,"Due to the alignment of the shot, it's possible the government was involved in the assassination of JFK.",Post directly references focal claim and offers supporting premise (shot alignment) while asserting possibility of government involvement.,65,leans_for,assertion,focal_claim,False,0.8,"Due to the alignment of the shot, it's possible the government was involved in the assassination of JFK.","The post directly addresses the focal claim, presenting a specific reason (alignment of the shot) as support for the possibility of government involvement. It uses a hedged assertion ('it's possible'), which suggests support but not full certainty.",True,65,leans_for,assertion,focal_claim,0.45,False,5,0
R_3MwdtwmUDxToIr7::pre,R_3MwdtwmUDxToIr7,pre,"People are harassing an individual using local authorities to try and gain control and discredit this individual.  I believe what is happening here, may be happening around the World.",,5,82,argues_for,assertion,focal_claim,False,0.85,People are harassing an individual using local authorities to try and gain control and discredit this individual.,"Post directly asserts the focal claim as fact — coordinated harassment via authorities to discredit an individual — and extends it globally, showing strong endorsement with no hedging of the core claim.",90,argues_for,assertion,focal_claim,False,0.84,People are harassing an individual using local authorities to try and gain control and discredit this individual.,"The post directly asserts the focal claim: a coordinated effort to harass and discredit someone by involving local authorities to gain control, and generalizes it as a broader pattern.",90,argues_for,assertion,focal_claim,False,0.95,People are harassing an individual using local authorities to try and gain control and discredit this individual.,The author explicitly asserts the core elements of the focal claim as true and suggests it is a widespread phenomenon.,90,argues_for,assertion,focal_claim,False,0.85,People are harassing an individual using local authorities to try and gain control and discredit this individual.,Direct assertion of the focal claim with personal endorsement and global extension.,90,argues_for,assertion,focal_claim,False,0.95,People are harassing an individual using local authorities to try and gain control and discredit this individual.,"The post directly asserts the core of the focal claim: that people are using local authorities to harass, gain control over, and discredit an individual. It frames this as a belief and suggests it may be a global phenomenon, showing strong endorsement.",True,90,argues_for,assertion,focal_claim,3.58,False,5,0
R_3OISSIvgVAVu289::pre,R_3OISSIvgVAVu289,pre,There is widespread speculation if the 2020 election was rigged by fraudulent voting machines and ballots and even to this day the president is still challenging,,5,65,leans_for,assertion,focal_claim,False,0.72,widespread speculation if the 2020 election was rigged by fraudulent voting machines and ballots and even to this day the president is still challenging,"Post frames the claim as credible ongoing speculation and notes Trump still challenges it, lending legitimacy without outright asserting fraud occurred. Leans toward the focal claim without fully endorsing it.",62,leans_for,assertion,focal_claim,False,0.66,“widespread speculation if the 2020 election was rigged by fraudulent voting machines and ballots”,"The post amplifies the idea that the election may have been rigged via machines/ballots and notes ongoing challenges, without offering counterarguments. It’s framed as speculation rather than a firm claim, but still nudges toward fraud/rigging.",55,neutral_uncommitted,assertion,focal_claim,False,0.8,There is widespread speculation if the 2020 election was rigged by fraudulent voting machines,"The post neutrally reports on the existence of 'widespread speculation' and ongoing challenges regarding the election being rigged, without explicitly endorsing or rejecting the claim.",50,neutral_uncommitted,assertion,focal_claim,False,0.75,widespread speculation if the 2020 election was rigged by fraudulent voting machines and ballots,Post reports existence of speculation and ongoing challenge without endorsing or rejecting the focal claim.,65,leans_for,assertion,focal_claim,False,0.8,There is widespread speculation if the 2020 election was rigged by fraudulent voting machines and ballots,"The post asserts the existence of 'widespread speculation' about the focal claim, framing it as a live issue and noting the president is 'still challenging' it, which lends it credibility.",True,62,leans_for,assertion,focal_claim,6.66,False,5,0
R_3TWNZdpKe0hbKDL::pre,R_3TWNZdpKe0hbKDL,pre,Hey all! Do you really know who killed John FK,,5,62,leans_for,question_raising,focal_claim,False,0.65,Do you really know who killed John FK,"The question implies doubt about the official account, inviting the audience to question whether the true killer is known, which leans toward the setup claim without asserting it outright.",60,leans_for,question_raising,focal_claim,False,0.58,Do you really know who killed John FK,"The post frames JFK’s killer as unknown and invites audience doubt about the accepted account, which subtly supports suspicion of a “setup,” though it doesn’t state one directly.",70,leans_for,question_raising,focal_claim,False,0.9,Do you really know who killed John FK,"The post uses a rhetorical question to cast doubt on the official narrative of JFK's assassination, implying support for the setup conspiracy.",65,leans_for,question_raising,focal_claim,False,0.8,Do you really know who killed John FK,"Rhetorical question invites doubt about the official killer, pressuring toward the setup claim without direct assertion.",65,leans_for,question_raising,focal_claim,False,0.8,Do you really know who killed John FK,"The post poses a question that challenges the official narrative by implying uncertainty about the identity of the killer, which aligns with the focal claim that the assassination was a setup. It is not a neutral information request but a premise-accepting question that pressures the audience to doubt the official story.",True,65,leans_for,question_raising,focal_claim,3.78,False,5,0
R_3kof1Jd5wyzLZa1::pre,R_3kof1Jd5wyzLZa1,pre,Does The Egyptian pyramids details describe the aliens culture on earth ?,,5,65,leans_for,question_raising,focal_claim,False,0.72,Does The Egyptian pyramids details describe the aliens culture on earth ?,"The question presupposes aliens had a culture on Earth and asks if the pyramids reflect it, accepting alien involvement as a premise rather than questioning it neutrally.",66,leans_for,question_raising,focal_claim,False,0.72,Does The Egyptian pyramids details describe the aliens culture on earth ?,"The question presupposes an alien connection (“aliens culture on earth”) and invites readers to interpret pyramid details as evidence of aliens, implying some support for the focal claim rather than neutral curiosity.",65,leans_for,question_raising,focal_claim,False,0.8,Does The Egyptian pyramids details describe the aliens culture on earth ?,"The post consists of a single question that entertains the premise of alien involvement with the pyramids, inviting the audience to consider the conspiracy.",65,leans_for,question_raising,focal_claim,False,0.8,Does The Egyptian pyramids details describe the aliens culture on earth ?,"Premise-accepting question that presupposes pyramid details link to alien culture, inviting audience to entertain the focal claim.",65,leans_for,question_raising,focal_claim,False,0.7,Does The Egyptian pyramids details describe the aliens culture on earth ?,"The post poses a question that presupposes alien involvement ('aliens culture on earth') as a premise for interpreting pyramid details, inviting the audience to consider the possibility.",True,65,leans_for,question_raising,focal_claim,0.45,False,5,0
R_3liBgPE5YHaWIEG::pre,R_3liBgPE5YHaWIEG,pre,I believe the government hides things due to them hiding things in the past and they are slowly starting to show,,5,82,argues_for,assertion,focal_claim,False,0.92,I believe the government hides things due to them hiding things in the past and they are slowly starting to show,"Directly asserts the focal claim with historical justification and adds that hidden things are gradually being revealed, strongly endorsing the conspiracy claim.",90,argues_for,assertion,focal_claim,False,0.86,I believe the government hides things due to them hiding things in the past,"The post directly states belief that the government hides things and supports it by citing past instances of government concealment, with no countervailing doubt expressed.",95,argues_for,assertion,focal_claim,False,1.0,I believe the government hides things due to them hiding things in the past,"The post directly asserts the focal claim, stating a belief that the government hides things based on past behavior.",95,argues_for,assertion,focal_claim,False,0.9,I believe the government hides things due to them hiding things in the past,Direct first-person assertion endorsing the exact focal claim with supporting premise.,90,argues_for,assertion,focal_claim,False,0.95,I believe the government hides things due to them hiding things in the past,"The post directly asserts the focal claim ('I believe the government hides things') and provides supporting reasoning based on past actions, communicating clear endorsement.",True,90,argues_for,assertion,focal_claim,5.32,False,5,0
R_3rJXa2seFDwxRL3::pre,R_3rJXa2seFDwxRL3,pre,I'm ready to give my life up for natanyahoo,,5,75,argues_for,assertion,focal_claim,True,0.62,I'm ready to give my life up for natanyahoo,"Sarcastic mock-devotion to Netanyahu implies the US (and by extension the participant) is subservient to Israeli leadership, ironically endorsing the focal claim that Israel controls the US.",67,leans_for,assertion,focal_claim,False,0.55,I'm ready to give my life up for natanyahoo,"The post expresses extreme devotion to Israel’s leader (Netanyahu). While it doesn’t explicitly mention U.S. control, it implicitly signals allegiance/subservience to Israel, which supports the idea of Israel dominating U.S. behavior.",85,argues_for,assertion,focal_claim,True,0.85,I'm ready to give my life up for natanyahoo,The post uses sarcastic exaggeration of subservience to the Israeli Prime Minister to strongly imply that the US is controlled by Israel.,65,leans_for,assertion,focal_claim,True,0.6,I'm ready to give my life up for natanyahoo,Exaggerated declaration of loyalty to Israeli PM Netanyahu obliquely endorses the control claim via hyperbolic subservience (sarcastic tone).,70,leans_for,assertion,related_conspiracy,False,0.6,I'm ready to give my life up for natanyahoo,"The post expresses extreme personal loyalty to Netanyahu, an Israeli leader. This implies a strong pro-Israel alignment, which, in the context of the focal claim about Israel controlling the US, suggests support for the idea of Israeli influence or control.",True,70,leans_for,assertion,focal_claim,7.99,False,5,0
R_3rPmZHkNwhdpkEF::pre,R_3rPmZHkNwhdpkEF,pre,Is covid19 real or is it a way to sterilize women and get rid of certain types of people.,,5,65,leans_for,question_raising,focal_claim,False,0.72,is it a way to sterilize women and get rid of certain types of people,"The question accepts the premise that COVID-19 may be a tool for population control targeting specific groups, aligning with the focal claim. Framing as a question softens but does not neutralize the implication.",70,leans_for,question_raising,focal_claim,False,0.74,"""Is covid19 real or is it a way to sterilize women and get rid of certain types of people.""","Frames COVID-19 as possibly a deliberate sterilization/genocide tool aimed at specific groups. Though posed as a question, it strongly invites suspicion of an intentional population-reduction plot rather than a natural outbreak.",70,leans_for,question_raising,focal_claim,False,0.9,is it a way to sterilize women and get rid of certain types of people,"The post uses a premise-accepting question to suggest the virus might be a targeted depopulation tool, leaning in favor of the focal claim.",65,leans_for,question_raising,focal_claim,False,0.8,or is it a way to sterilize women and get rid of certain types of people,"Question presents the targeting of groups via COVID as a live alternative to it being 'real,' inviting audience consideration of the focal claim.",65,leans_for,question_raising,focal_claim,False,0.8,Is covid19 real or is it a way to sterilize women and get rid of certain types of people.,"The post poses a premise-accepting question that directly echoes the focal claim's theme of COVID-19 being a tool for population control against specific groups. It presents the conspiracy as a plausible alternative to the virus being 'real', inviting the audience to consider it seriously.",True,65,leans_for,question_raising,focal_claim,2.74,False,5,0
R_507vLsHcNJeXS2P::pre,R_507vLsHcNJeXS2P,pre,Do all movies feel odd or seem like they tie together?  Well in fact they do every movie has a reference tie somewhere in them somewhere just keep your eyes open and you'll see it.,,5,85,argues_for,assertion,focal_claim,False,0.88,every movie has a reference tie somewhere in them somewhere just keep your eyes open and you'll see it,"The post flatly asserts that every Disney movie contains a reference tie, directly affirming the focal claim with confidence and encouraging viewers to find the evidence themselves.",90,argues_for,assertion,focal_claim,False,0.9,“in fact they do every movie has a reference tie somewhere in them… keep your eyes open and you'll see it.”,"The post states as fact that Disney movies tie together and that every movie contains reference links to others, urging readers to look for them.",90,argues_for,assertion,focal_claim,False,0.95,Well in fact they do every movie has a reference tie somewhere in them somewhere,"The post explicitly asserts that all movies tie together and contain reference ties, strongly arguing for the focal claim.",85,argues_for,assertion,focal_claim,False,0.85,in fact they do every movie has a reference tie somewhere in them somewhere just keep your eyes open and you'll see it,Post directly asserts the focal claim that all Disney movies contain reference ties connecting them.,90,argues_for,assertion,focal_claim,False,0.95,in fact they do every movie has a reference tie somewhere in them,"The post asserts the focal claim is true, stating as a fact that every Disney movie contains a reference tie to others.",True,90,argues_for,assertion,focal_claim,2.74,False,5,0
R_52FFKvUxXeaaBoR::pre,R_52FFKvUxXeaaBoR,pre,i feel 2pac is alive and living in mexico,,5,68,leans_for,assertion,focal_claim,False,0.88,i feel 2pac is alive and living in mexico,"Directly asserts the focal claim but hedged with 'I feel' rather than stating it as fact, indicating personal belief rather than strong conviction.",90,argues_for,assertion,focal_claim,False,0.87,i feel 2pac is alive and living in mexico,"The post directly states belief that Tupac is alive and living in Mexico, matching the focal claim with little hedging beyond “i feel.”",90,argues_for,assertion,focal_claim,False,1.0,i feel 2pac is alive and living in mexico,The post explicitly asserts the author's belief that the focal claim is true.,85,argues_for,assertion,focal_claim,False,0.9,i feel 2pac is alive and living in mexico,Post directly endorses the focal claim via personal belief statement with no hedging or counterpoints.,95,argues_for,assertion,focal_claim,False,0.99,i feel 2pac is alive and living in mexico,"The post directly asserts the focal claim that 2Pac is alive and living in Mexico, expressing personal belief.",True,90,argues_for,assertion,focal_claim,10.45,False,5,0
R_52G5BemSP7uk3Ht::pre,R_52G5BemSP7uk3Ht,pre,Does anyone know what could cause voices electronics?,,5,62,leans_for,question_raising,focal_claim,False,0.5,Does anyone know what could cause voices electronics?,"The question links voices to electronics, implying an external technological cause rather than a mental health explanation, which leans toward the focal claim of intentional external implantation.",62,leans_for,question_raising,focal_claim,False,0.6,Does anyone know what could cause voices electronics?,"The post invites others to explain “voices” in terms of “electronics,” implying an external/technological cause rather than an internal mental-health explanation, which subtly supports the possibility of implanted voices (though enemies aren’t mentioned).",65,leans_for,question_raising,focal_claim,False,0.8,Does anyone know what could cause voices electronics?,"The post asks an information-seeking question that accepts the premise of electronic voice implantation, leaning toward the focal claim of external causation.",50,neutral_uncommitted,question_raising,focal_claim,False,0.75,Does anyone know what could cause voices electronics?,Pure neutral information-seeking question about possible causes; no endorsement or implication either direction on the focal claim.,65,leans_for,question_raising,focal_claim,False,0.7,Does anyone know what could cause voices electronics?,"The post asks about causes of voices, specifically mentioning 'electronics'. This premise-accepting question suggests the possibility of an external, technological cause for the voices, aligning with the focal claim of intentional harm via implantation. It does not assert the claim outright but invites consideration of a supporting mechanism.",True,62,leans_for,question_raising,focal_claim,6.22,False,5,0
R_5BxORKQGPXuDyJZ::pre,R_5BxORKQGPXuDyJZ,pre,Beware of vaccines.  Vaccines are harmful and is used for population control.,,5,92,argues_for,assertion,focal_claim,False,0.97,Vaccines are harmful and is used for population control.,"Directly asserts vaccines are harmful and used for population control, which maps precisely onto the focal claim that the government uses vaccines to harm the population.",92,argues_for,assertion,focal_claim,False,0.86,Beware of vaccines. Vaccines are harmful and is used for population control.,"The post warns readers and directly asserts vaccines are harmful and used for population control, implying intentional use to harm the population consistent with the focal claim.",95,argues_for,assertion,focal_claim,False,1.0,Vaccines are harmful and is used for population control.,"The post directly and unambiguously asserts that vaccines are harmful and used for population control, strongly endorsing the focal claim.",92,argues_for,assertion,focal_claim,False,0.9,Vaccines are harmful and is used for population control.,"Direct assertion that vaccines harm and serve population control, endorsing the focal claim without qualification.",95,argues_for,assertion,focal_claim,False,0.95,Vaccines are harmful and is used for population control.,"The post directly asserts that vaccines are harmful and used for population control, aligning with the focal claim that the government uses vaccines to harm the population.",True,92,argues_for,assertion,focal_claim,1.64,False,5,0
R_5CpzZHucrqUIXJ8::pre,R_5CpzZHucrqUIXJ8,pre,Soooo the government definitely did 9/11 right?,,5,68,leans_for,question_raising,focal_claim,False,0.72,the government definitely did 9/11 right?,"Premise-accepting question with 'definitely' implies the speaker treats it as likely true, inviting audience agreement. Casual tone suggests genuine lean rather than sarcasm.",75,leans_for,question_raising,focal_claim,False,0.84,"""Soooo the government definitely did 9/11 right?""","Though phrased as a question, it presupposes government responsibility (“definitely did 9/11”) and invites agreement, signaling strong suspicion/endorsement rather than neutral inquiry.",85,argues_for,mixed_assertion_question,focal_claim,False,0.95,the government definitely did 9/11 right?,The post uses a leading question containing the strong assertion 'definitely did' to endorse the focal claim and invite agreement from the audience.,70,leans_for,question_raising,focal_claim,False,0.85,Soooo the government definitely did 9/11 right?,Rhetorical question with 'definitely' invites agreement that the government orchestrated 9/11.,70,leans_for,question_raising,focal_claim,False,0.8,Soooo the government definitely did 9/11 right?,The post directly references the focal claim via 'the government definitely did 9/11' and poses it as a question. The phrasing 'definitely' and the casual 'right?' suggests a premise-accepting rhetorical question that leans toward endorsement.,True,70,leans_for,question_raising,focal_claim,6.88,False,5,0
R_5CxCcTl2ORE7ZEh::pre,R_5CxCcTl2ORE7ZEh,pre,The internet is dead. So much of it is made of bot content.,,5,82,argues_for,assertion,focal_claim,False,0.9,The internet is dead. So much of it is made of bot content.,"Directly asserts the Dead Internet premise — that the internet is primarily bot-generated content — with confident, declarative language and no hedging.",85,argues_for,assertion,focal_claim,False,0.86,The internet is dead. So much of it is made of bot content.,"Directly endorses the “dead internet” idea and asserts that a large share of online content comes from bots, implying the internet is predominantly automated.",95,argues_for,assertion,focal_claim,False,1.0,The internet is dead. So much of it is made of bot content.,"The post explicitly asserts the core premise of the focal claim, stating the internet is 'dead' and made of 'bot content.'",90,argues_for,assertion,focal_claim,False,0.85,The internet is dead. So much of it is made of bot content.,Directly asserts the dead-internet claim via shorthand and explicit bot-content endorsement.,70,leans_for,assertion,focal_claim,False,0.9,The internet is dead. So much of it is made of bot content.,"The post asserts that 'so much' of the internet is made of bot content, which directly supports the focal claim that the internet is primarily composed of bot accounts and automatically generated content. It does not present counter-evidence or express uncertainty, but uses the hyperbolic 'dead' to emphasize the prevalence.",True,85,argues_for,assertion,focal_claim,9.45,False,5,0
R_5E09AvrdCaZ2S8p::pre,R_5E09AvrdCaZ2S8p,pre,More and more lower class mysteriously passes away or disappears and then reappers years later,,5,65,leans_for,assertion,focal_claim,False,0.6,More and more lower class mysteriously passes away or disappears and then reappers years later,"Post asserts a pattern of lower-class people disappearing and reappearing, implying something suspicious is happening to them, lending indirect support to the focal purge/targeting claim.",64,leans_for,assertion,focal_claim,False,0.55,More and more lower class mysteriously passes away or disappears and then reappers years later,"Claims a suspicious pattern of lower-class people dying/disappearing and later reappearing, implying hidden manipulation consistent with a targeted plot. Doesn’t mention “purge night” or preserving the rich, but supports the core suspicion.",70,leans_for,assertion,focal_claim,False,0.8,More and more lower class mysteriously passes away or disappears,"The post asserts that lower-class individuals are mysteriously disappearing, which supports the premise of a conspiracy targeting them, despite being slightly garbled.",65,leans_for,assertion,focal_claim,False,0.8,More and more lower class mysteriously passes away or disappears and then reappers years later,"Post asserts mysterious lower-class disappearances/reappearances as fact, supplying the core premise that supports the focal claim.",65,leans_for,assertion,focal_claim,False,0.8,More and more lower class mysteriously passes away or disappears and then reappers years later,"The post asserts a pattern of lower-class people disappearing and reappearing, which directly echoes the participant's background reason linking celebrity deaths to reappearances and supports the focal claim's premise of targeting the lower classes.",True,65,leans_for,assertion,focal_claim,2.39,False,5,0
R_5FFgkDUWbzdz5OF::pre,R_5FFgkDUWbzdz5OF,pre,"Did the mob kill JFK? There's no evidence to support this, but in my opinion the mob did not kill JFK. I believe that it is more likely that the government is responsible for his death. To me this makes more sense because JFK made a lot of government officials mad by doing some of the things ho did as President. What do you think??",,5,15,argues_against,mixed_assertion_question,focal_claim,False,0.85,"There's no evidence to support this, but in my opinion the mob did not kill JFK. I believe that it is more likely that the government is responsible","Post explicitly states no evidence supports the mob theory and the author does not believe it, instead favoring a government conspiracy. Clear lean against the focal claim.",12,argues_against,assertion,focal_claim,False,0.88,"""There's no evidence to support this, but in my opinion the mob did not kill JFK.""","The post explicitly rejects the focal claim, saying there’s no evidence and that the mob did not kill JFK, while offering an alternative explanation (government responsibility).",10,argues_against,mixed_assertion_question,focal_claim,False,0.95,"There's no evidence to support this, but in my opinion the mob did not kill JFK.","The author explicitly rejects the focal claim, stating there is no evidence for it and proposing an alternative theory (government involvement).",15,argues_against,mixed_assertion_question,focal_claim,False,0.85,in my opinion the mob did not kill JFK. I believe that it is more likely that the government is responsible,Directly rejects focal claim with assertion of no evidence and alternative government theory; ends with open question.,10,argues_against,mixed_assertion_question,focal_claim,False,0.95,"There's no evidence to support this, but in my opinion the mob did not kill JFK.","The post directly addresses the focal claim, asserts there is no evidence for it, and explicitly states the author's opinion that the mob did not kill JFK. It then argues for an alternative theory, which further distances from the focal claim.",True,12,argues_against,mixed_assertion_question,focal_claim,2.51,False,5,0
R_5Fr0KWxRJyae40R::pre,R_5Fr0KWxRJyae40R,pre,"The Dead Internet Theory is one of those rare conspiracies that feels less like a tinfoil-hat fantasy and more like a slow-motion car crash we’re all witnessing in real-time.
While the idea that ""all humans left in 2016"" is an exaggeration, the core sentiment hits home because our digital experience has become undeniably hollow. We’ve shifted from a chaotic, human-centric ""Wild West"" web to a sanitized, algorithmic loop where bots are talking to bots to farm engagement from other bots. When you see 50,000 likes on a nonsensical AI-generated image or scroll through a comment section filled with generic, repetitive phrases, it’s hard not to feel like the ""soul"" of the internet has been replaced by a feedback loop designed to keep us scrolling.",,5,68,leans_for,assertion,focal_claim,False,0.78,bots are talking to bots to farm engagement from other bots... it's hard not to feel like the 'soul' of the internet has been replaced by a feedback loop,"Post endorses the core sentiment of Dead Internet Theory while calling the extreme version an exaggeration. Net impression supports the claim's premise of bot-dominated, hollow internet.",72,leans_for,assertion,focal_claim,False,0.86,“feels less like a tinfoil-hat fantasy… bots are talking to bots… it’s hard not to feel like the ‘soul’ of the internet has been replaced”,"The post frames the theory as largely credible in its “core sentiment,” describing today’s internet as dominated by bots and hollow, repetitive AI content, while only rejecting the most extreme version as exaggeration.",75,leans_for,assertion,focal_claim,False,0.9,feels less like a tinfoil-hat fantasy and more like a slow-motion car crash,The author rejects the extreme literal version of the claim but strongly endorses its core premise that bots and AI have largely taken over internet engagement.,70,leans_for,assertion,focal_claim,False,0.85,the core sentiment hits home because our digital experience has become undeniably hollow,Endorses core claim of bot/AI replacement hollowing the internet while calling the extreme 2016 version an exaggeration.,70,leans_for,assertion,focal_claim,False,0.8,"our digital experience has become undeniably hollow... bots are talking to bots... it’s hard not to feel like the ""soul"" of the internet has been replaced","The post asserts the core sentiment of the theory is correct, describing a hollow digital experience dominated by bots, which supports the claim that human content has been largely replaced.",True,70,leans_for,assertion,focal_claim,2.65,False,5,0
R_5JnjFz0152okvAf::pre,R_5JnjFz0152okvAf,pre,So everyone is now finding out the things he did. and trump is deniying it like it never happend. so many things are coming out. what if trump has a little bunker under his house hiding him.,,5,65,leans_for,mixed_assertion_question,focal_claim,False,0.62,what if trump has a little bunker under his house hiding him,"Post asserts Epstein's deeds are being revealed and Trump is denying involvement, then poses a speculative question implying Epstein is alive and being hidden, supporting the focal claim.",70,leans_for,mixed_assertion_question,focal_claim,False,0.74,"""what if trump has a little bunker under his house hiding him.""",The post speculates Epstein may be secretly hidden (implying he’s alive) and links this to Trump’s denial. It’s framed as a question but invites suspicion that Epstein is being concealed.,70,leans_for,mixed_assertion_question,focal_claim,False,0.9,what if trump has a little bunker under his house hiding him.,"The post speculates that Epstein might be hiding in a bunker, which provides suggestive support for the focal claim that he is alive and hiding.",65,leans_for,question_raising,focal_claim,False,0.7,what if trump has a little bunker under his house hiding him.,"Question invites audience to entertain the premise that Epstein is alive and being actively hidden (different location than crowds, but same core claim of survival + concealment).",65,leans_for,mixed_assertion_question,related_conspiracy,False,0.8,what if trump has a little bunker under his house hiding him.,"The post asserts that 'things are coming out' about Epstein and poses a premise-accepting question suggesting Trump might be hiding him, which supports a related conspiracy theory about Epstein being alive and hidden, leaning for a conspiratorial view.",True,65,leans_for,mixed_assertion_question,focal_claim,2.74,False,5,0
R_5JwdqPalSTUimWt::pre,R_5JwdqPalSTUimWt,pre,rESTRICTED AREAS THAT ARE OFF LIMITS WELL GUARDED.  pAST UNEXPLAINED PICTURES THAT CAN ONLY BE SEEN FROM THE AIR.,,5,65,leans_for,assertion,focal_claim,False,0.7,rESTRICTED AREAS THAT ARE OFF LIMITS WELL GUARDED. pAST UNEXPLAINED PICTURES THAT CAN ONLY BE SEEN FROM THE AIR.,"Post highlights restricted areas and unexplained aerial phenomena as implicit evidence supporting government concealment of extraterrestrial contact, endorsing key supporting premises without explicit assertion.",70,leans_for,assertion,focal_claim,False,0.73,"""rESTRICTED AREAS THAT ARE OFF LIMITS WELL GUARDED. pAST UNEXPLAINED PICTURES""","Points to guarded restricted areas and unexplained aerial photos as suggestive facts, implying something is being concealed and indirectly supporting the idea the government is hiding extraterrestrial-contact evidence.",70,leans_for,assertion,focal_claim,False,0.85,rESTRICTED AREAS THAT ARE OFF LIMITS WELL GUARDED.  pAST UNEXPLAINED PICTURES,"The post asserts the existence of highly guarded restricted areas and unexplained aerial phenomena, which strongly implies support for the government cover-up claim.",70,leans_for,assertion,focal_claim,False,0.8,RESTRICTED AREAS THAT ARE OFF LIMITS WELL GUARDED. PAST UNEXPLAINED PICTURES THAT CAN ONLY BE SEEN FROM THE AIR.,"Post asserts existence of guarded restricted zones and unexplained aerial photos, implying hidden ET evidence without explicit endorsement.",65,leans_for,assertion,focal_claim,False,0.7,rESTRICTED AREAS THAT ARE OFF LIMITS WELL GUARDED. pAST UNEXPLAINED PICTURES THAT CAN ONLY BE SEEN FROM THE AIR.,"The post asserts the existence of restricted, guarded areas and unexplained aerial pictures, implying these are evidence supporting the claim of hidden extraterrestrial contact.",True,70,leans_for,assertion,focal_claim,2.74,False,5,0
R_5LYeUu8Yv2khZyF::pre,R_5LYeUu8Yv2khZyF,pre,"An increasingly large number of key government functions are being outsourced to unaccountable tech companies who are strongly motivated to exploit data collected in the course of the activities for commercial benefit. Institutions to monitor such activities are being dismantled. There is a well-documented history of this leading to widespread and harmful abuses, and it seems likely that we could go own this path once again.",,5,65,leans_for,assertion,focal_claim,False,0.62,"well-documented history of this leading to widespread and harmful abuses, and it seems likely that we could go own this path once again","Post asserts historical precedent for government abuses and warns of likely recurrence via outsourcing and dismantled oversight, implying the focal claim's scenario is plausible and ongoing.",60,leans_for,assertion,related_conspiracy,False,0.62,"There is a well-documented history of this leading to widespread and harmful abuses, and it seems likely that we could go own this path once again.","The post warns that weakened oversight and data exploitation make renewed governmental/contractor abuses likely. It doesn’t explicitly claim current clandestine medical/sociological experiments, but it implies a return to such harmful practices is probable.",75,leans_for,assertion,focal_claim,False,0.8,it seems likely that we could go own this path once again.,"The post draws on the participant's reasoning about past abuses to assert that it is 'likely' similar government abuses are recurring, leaning toward the claim.",,not_applicable,assertion,other_topic,False,0.85,"There is a well-documented history of this leading to widespread and harmful abuses, and it seems likely that we could go own this path once again.","Post addresses outsourcing of government functions to tech firms and risks of data exploitation/abuses, a distinct topic from the focal claim about clandestine experiments on dependent groups such as military personnel.",65,leans_for,assertion,related_conspiracy,False,0.7,"There is a well-documented history of this leading to widespread and harmful abuses, and it seems likely that we could go own this path once again.","The post asserts a pattern of harmful abuses by government-outsourced entities and suggests a likelihood of recurrence, which supports the general idea of harmful, clandestine activities on dependent groups, aligning with the focal claim's theme.",True,65.0,leans_for,assertion,focal_claim,6.29,False,4,1
R_5PZtLfnzlhiToaK::pre,R_5PZtLfnzlhiToaK,pre,The government can't be trusted. They killed President John f kennedy..,,5,90,argues_for,assertion,focal_claim,False,0.95,The government can't be trusted. They killed President John f kennedy..,"Post directly asserts the government killed JFK with no hedging or qualification, fully endorsing the focal claim.",92,argues_for,assertion,focal_claim,False,0.9,The government can't be trusted. They killed President John f kennedy..,"Directly asserts the focal claim as fact and frames it within broader distrust of government, with no hedging or alternative explanation offered.",100,argues_for,assertion,focal_claim,False,1.0,They killed President John f kennedy..,The post directly and unambiguously asserts the focal claim that the government killed John F. Kennedy.,95,argues_for,assertion,focal_claim,False,0.9,They killed President John f kennedy..,"Direct assertion that the government killed JFK, with no hedging or distancing.",95,argues_for,assertion,focal_claim,False,0.99,They killed President John f kennedy.,"The post directly and unequivocally asserts the focal claim as a fact, with no hedging or questioning.",True,95,argues_for,assertion,focal_claim,3.78,False,5,0
R_5PdBJbuMJNdJRvf::pre,R_5PdBJbuMJNdJRvf,pre,Papa doc the Haitin dictator put voodoo on jfk shortly before being unalived he was known to practice voodoo,,5,80,argues_for,assertion,focal_claim,False,0.85,Papa doc the Haitin dictator put voodoo on jfk shortly before being unalived he was known to practice voodoo,"Post directly asserts Papa Doc placed a voodoo curse on JFK, stating it as fact and noting his known practice of voodoo. No hedging or skepticism present.",86,argues_for,assertion,focal_claim,False,0.78,"""Papa doc the Haitin dictator put voodoo on jfk shortly before being unalived""","The post directly asserts that Papa Doc placed voodoo on JFK shortly before his death and presents his voodoo practice as support, implying the curse explanation for the assassination.",80,argues_for,assertion,focal_claim,False,0.9,Papa doc the Haitin dictator put voodoo on jfk shortly before being unalived,"The post asserts the core premise of the conspiracy theory as fact, stating that the Haitian dictator placed a voodoo curse on JFK shortly before his death.",90,argues_for,assertion,focal_claim,False,0.85,Papa doc the Haitin dictator put voodoo on jfk shortly before being unalived he was known to practice voodoo,"Post directly asserts the dictator placed a voodoo curse on JFK shortly before the assassination and notes his practice of voodoo, endorsing the focal claim without qualification or distancing.",70,leans_for,assertion,focal_claim,False,0.9,Papa doc the Haitin dictator put voodoo on jfk shortly before being unalived,"The post asserts the key elements of the focal claim: that the Haitian dictator (Papa Doc) placed a voodoo curse on JFK shortly before JFK's death. It presents this as a factual statement without questioning or expressing uncertainty, which suggests endorsement.",True,80,argues_for,assertion,focal_claim,7.56,False,5,0
R_5RxWX6BHW4AdphE::pre,R_5RxWX6BHW4AdphE,pre,Has anyone proven or dis proven that the government was behind the assassination of JFK.,,5,50,neutral_uncommitted,question_raising,focal_claim,False,0.72,Has anyone proven or dis proven that the government was behind the assassination of JFK.,"A genuine information-seeking question with no directional pressure; equally open to proof or disproof, reflecting the participant's stated uncertainty without leaning either way.",52,neutral_uncommitted,question_raising,focal_claim,False,0.72,Has anyone proven or dis proven that the government was behind the assassination of JFK.,"The post is a straightforward information-seeking question asking whether the claim has been proven or disproven, without signaling a clear lean toward believing or rejecting it.",50,neutral_uncommitted,question_raising,focal_claim,False,0.95,Has anyone proven or dis proven that the government was behind the assassination of JFK.,"The post is a pure information-seeking question asking if the claim has been proven or disproven, indicating a neutral, uncommitted stance.",50,neutral_uncommitted,question_raising,focal_claim,False,0.9,Has anyone proven or dis proven that the government was behind the assassination of JFK.,Straightforward neutral information request about the focal claim; no directional implication.,50,neutral_uncommitted,question_raising,focal_claim,False,0.7,Has anyone proven or dis proven that the government was behind the assassination of JFK.,"The post directly quotes the focal claim in a question format, asking for proof or disproof. It does not assert, endorse, or mock the claim; it is a neutral information-seeking question.",True,50,neutral_uncommitted,question_raising,focal_claim,0.89,False,5,0
R_5TSII286mss3yU4::pre,R_5TSII286mss3yU4,pre,"If there was no God which you may or may not believe, How do you explain aliens so one had to make them along with the rest of the universe.",,5,30,leans_against,question_raising,focal_claim,False,0.65,If there was no God...How do you explain aliens so one had to make them along with the rest of the universe.,"The question implies that aliens require a creator, undermining the 'no God' part of the focal claim. It suggests God's existence is needed to explain aliens, leaning against the focal claim.",30,leans_against,mixed_assertion_question,focal_claim,False,0.72,If there was no God... How do you explain aliens so one had to make them along with the rest of the universe.,"The post treats aliens as real and argues that their existence would require a creator, implicitly pushing back on the focal claim’s “there is no God” component rather than endorsing it.",15,argues_against,mixed_assertion_question,focal_claim,False,0.9,How do you explain aliens so one had to make them along with the rest of the universe.,"The post argues against the focal claim by asserting that the existence of aliens requires a creator, contradicting the 'there is no God' component.",30,leans_against,question_raising,focal_claim,False,0.75,How do you explain aliens so one had to make them along with the rest of the universe.,"Rhetorical question implies aliens require a creator, challenging the 'no God' half of the focal claim while accepting aliens exist.",70,leans_for,mixed_assertion_question,focal_claim,False,0.8,If there was no God... How do you explain aliens so one had to make them,"The post presents a premise-accepting question that frames the absence of God as a given and then asks how aliens could exist without a creator, implying that aliens' existence supports the need for a creator. This leans toward endorsing the focal claim's implication that aliens exist and are evidence against a godless universe.",True,30,leans_against,mixed_assertion_question,focal_claim,20.62,True,5,0
R_5dRNYHa1P1C6D7O::pre,R_5dRNYHa1P1C6D7O,pre,I believe Trump is on the Epstein files because a witness said he was,,5,85,argues_for,assertion,focal_claim,False,0.95,I believe Trump is on the Epstein files because a witness said he was,"Direct assertion of belief in the focal claim, citing witness testimony as justification. No hedging or doubt expressed; straightforwardly argues the claim is true.",90,argues_for,assertion,focal_claim,False,0.93,I believe Trump is on the Epstein files because a witness said he was,"The post directly states belief that Trump is listed on the Epstein files and cites a witness as supporting evidence, presenting the focal claim as true rather than raising doubts or questions.",95,argues_for,assertion,focal_claim,False,1.0,I believe Trump is on the Epstein files because a witness said he was,"The post explicitly asserts belief in the focal claim, directly citing the witness as the reason for this belief.",90,argues_for,assertion,focal_claim,False,0.9,I believe Trump is on the Epstein files because a witness said he was,Direct first-person endorsement of the exact focal claim citing the witness.,90,argues_for,assertion,focal_claim,False,0.95,I believe Trump is on the Epstein files because a witness said he was,"The post directly asserts the focal claim is true, stating belief and citing the witness as the reason.",True,90,argues_for,assertion,focal_claim,3.54,False,5,0
R_5j6qke67ljbB5rb::pre,R_5j6qke67ljbB5rb,pre,"It is impossible to stop questioning the Apollo moon landings, but fabricating moon samples from so many years ago would be an extremely difficult task.",,5,48,mixed_both_sides,mixed_assertion_question,focal_claim,False,0.72,"impossible to stop questioning the Apollo moon landings, but fabricating moon samples from so many years ago would be an extremely difficult task","Post acknowledges persistent doubt ('impossible to stop questioning') but counters with a practical argument against the hoax (fabricating moon samples would be very difficult), yielding a balanced net impression.",35,leans_against,mixed_assertion_question,focal_claim,False,0.72,"""fabricating moon samples from so many years ago would be an extremely difficult task""","The post invites skepticism by saying it’s hard to stop questioning the landings, but it highlights a practical obstacle to a hoax (faking old moon samples), implying the staging claim is unlikely overall.",50,mixed_both_sides,assertion,focal_claim,False,0.9,"impossible to stop questioning the Apollo moon landings, but fabricating moon samples... would be an extremely difficult task.",The post presents a balance between ongoing doubts about the landings and the logistical improbability of faking the moon rocks.,30,leans_against,assertion,focal_claim,False,0.8,fabricating moon samples from so many years ago would be an extremely difficult task,"Acknowledges persistent questioning but emphasizes practical difficulty of faking samples, implying the hoax is unlikely.",50,mixed_both_sides,mixed_assertion_question,focal_claim,False,0.8,"impossible to stop questioning the Apollo moon landings, but fabricating moon samples would be extremely difficult","The post presents two sides: a premise-accepting statement that questions about the landings are persistent (suggesting doubt), and a counterpoint that fabricating evidence would be very hard (suggesting skepticism of the hoax). The net impression is balanced.",True,48,mixed_both_sides,mixed_assertion_question,focal_claim,9.42,False,5,0
R_5jlGToiMB4luS5P::pre,R_5jlGToiMB4luS5P,pre,"Ok I need some answers. Calling all conspiracy theorists. I need Vice to cover this in Depth until i can get that who has info regarding the Marilyn Monroe JFK murder or overdose Conspiracy Theory I want someone who's thoroughly researched this preferably a Boomer who was alive at the time and heard all the conflicting info as it unfolded. I think the changes in times and what's acceptable today and social norms and the internet affect younger people from understanding it and base their info off basic limited information that's all about the same few generic allegations an affair or knowledge of something they didn't want leaked. I want all the details ask your parents. Ask your grandparents I need a deep dive into the past. My delorian is out of Plutonium the Albanians are off the table so until the Iran war crisis is calmed down and the tariffs to ship it aren't sky high I'm Fk'd. So I need old info from an old wise person preferably buy I'm open ears to any age any theory. 
",,5,50,neutral_uncommitted,question_raising,focal_claim,False,0.72,I need someone who's thoroughly researched this preferably a Boomer who was alive at the time and heard all the conflicting info as it unfolded.,"Post is a genuine information-seeking call-out, explicitly framing the topic as an open question (murder or overdose) without endorsing or dismissing the Kennedy assassination claim. Purely neutral inquiry.",52,neutral_uncommitted,question_raising,focal_claim,False,0.74,"""who has info regarding the Marilyn Monroe JFK murder or overdose Conspiracy Theory""","The post invites others to provide a “deep dive” and explicitly frames it as an open question (murder vs. overdose), without endorsing the Kennedy-assassination claim or rejecting it.",50,neutral_uncommitted,question_raising,focal_claim,False,0.95,who has info regarding the Marilyn Monroe JFK murder or overdose Conspiracy Theory... I'm open ears to any age any theory.,"The author explicitly asks their audience for information and theories regarding whether Monroe's death was a murder or an overdose, remaining completely uncommitted.",50,neutral_uncommitted,question_raising,focal_claim,False,0.8,info regarding the Marilyn Monroe JFK murder or overdose Conspiracy Theory,Post seeks any/all details and theories on the topic without endorsing or doubting the focal claim; purely information-seeking.,65,leans_for,question_raising,focal_claim,False,0.7,I need info regarding the Marilyn Monroe JFK murder or overdose Conspiracy Theory,"The post is a call for information about the focal conspiracy theory, framing it as a 'Conspiracy Theory' worth investigating. It expresses a desire for deep, historical research, implying the official story is insufficient and that there is more to uncover, which suggests a leaning towards the conspiracy being plausible.",True,50,neutral_uncommitted,question_raising,focal_claim,6.54,False,5,0
R_5kUyi7qEZj6fiDf::pre,R_5kUyi7qEZj6fiDf,pre,We have videos of spacecraft coming out of our oceans and in the sky everywhere on earth. Why don't we get together and research deep into this subject. We need to find out what's on earth with us. There becoming more of not being seen. They want us to see them . Let's do this people.,,5,85,argues_for,mixed_assertion_question,focal_claim,False,0.88,We have videos of spacecraft coming out of our oceans and in the sky everywhere on earth. We need to find out what's on earth with us.,"Post asserts spacecraft videos exist in oceans and skies, states aliens are present on Earth, and claims they want to be seen — strongly endorsing the focal claim with a call to action.",88,argues_for,assertion,focal_claim,False,0.86,We have videos of spacecraft coming out of our oceans and in the sky everywhere on earth... We need to find out what's on earth with us.,"The post treats alien craft as real and present (“videos of spacecraft” in oceans and skies) and urges collective research, implying nonhuman beings are here and intentionally revealing themselves.",90,argues_for,mixed_assertion_question,focal_claim,False,0.95,We have videos of spacecraft coming out of our oceans and in the sky everywhere on earth.,"The author asserts as fact that spacecraft are present in the oceans and skies and that 'they' want to be seen, strongly endorsing the focal claim.",85,argues_for,assertion,focal_claim,False,0.85,We have videos of spacecraft coming out of our oceans and in the sky everywhere on earth. ... They want us to see them.,"Post directly asserts visible alien spacecraft in skies/oceans and urges collective research, strongly endorsing the focal claim.",65,leans_for,mixed_assertion_question,focal_claim,False,0.85,We have videos of spacecraft coming out of our oceans and in the sky everywhere on earth.,"The post asserts the existence of videos showing 'spacecraft' in oceans and skies, which directly supports the focal claim about alien presence. It frames this as a call to action for research, implying the phenomenon is real and needs investigation, which leans toward endorsement.",True,85,argues_for,mixed_assertion_question,focal_claim,10.06,False,5,0
R_5m2LwCdFIxds09j::pre,R_5m2LwCdFIxds09j,pre,The earth is flat who wanna argue?,,5,88,argues_for,assertion,focal_claim,False,0.92,The earth is flat who wanna argue?,"Direct, confident assertion that the earth is flat, with a combative challenge to dissenters. No hedging or qualification present.",90,argues_for,assertion,focal_claim,False,0.86,The earth is flat who wanna argue?,"Directly asserts the focal claim (“The earth is flat”) and challenges others to dispute it, which reads as confident endorsement rather than uncertainty or inquiry.",95,argues_for,assertion,focal_claim,False,0.95,The earth is flat who wanna argue?,"The author explicitly asserts the core of the focal claim and challenges others to debate it, indicating strong endorsement.",95,argues_for,assertion,focal_claim,False,0.9,The earth is flat who wanna argue?,Direct assertion of the exact focal claim with a challenge to opponents.,90,argues_for,assertion,focal_claim,False,0.95,The earth is flat who wanna argue?,"The post directly asserts the focal claim ('The earth is flat') and challenges others to dispute it, indicating strong endorsement.",True,90,argues_for,assertion,focal_claim,3.21,False,5,0
R_5mCNInSb4tp8VXQ::pre,R_5mCNInSb4tp8VXQ,pre,"I've read reports, over and over, that claim President Kennedy was assassinated be multiple shooters and the CIA was involved.",,5,65,leans_for,assertion,focal_claim,False,0.72,President Kennedy was assassinated be multiple shooters and the CIA was involved,"The participant reports reading claims of multiple shooters and CIA involvement without distancing language, implying acceptance through repeated engagement. No skepticism expressed.",52,neutral_uncommitted,assertion,focal_claim,False,0.66,"I've read reports, over and over, that claim President Kennedy was assassinated be multiple shooters and the CIA was involved.","The post reports that such claims exist and have been encountered repeatedly, but does not explicitly endorse or reject them. The repetition may slightly suggest plausibility without committing.",50,neutral_uncommitted,assertion,focal_claim,False,0.9,"I've read reports, over and over, that claim President Kennedy was assassinated",The post neutrally states the existence of reports about the conspiracy theory without explicitly endorsing or rejecting the claims.,50,neutral_uncommitted,assertion,focal_claim,False,0.75,"I've read reports, over and over, that claim President Kennedy was assassinated be multiple shooters and the CIA was involved.","Post relays existence of reports supporting the focal claim without endorsement, distancing, or counter-evidence.",70,leans_for,assertion,focal_claim,False,0.8,"I've read reports, over and over, that claim President Kennedy was assassinated be multiple shooters and the CIA was involved.","The post reports claims of multiple shooters and CIA involvement as credible by emphasizing repeated exposure ('over and over'), which suggests endorsement and leans toward belief.",True,52,neutral_uncommitted,assertion,focal_claim,9.42,False,5,0
R_5ncMk5wZCdOsiVL::pre,R_5ncMk5wZCdOsiVL,pre,Does anyone have an information on a global organization trying to manipulate governments for a one  power rule?,,5,62,leans_for,question_raising,focal_claim,False,0.7,global organization trying to manipulate governments for a one power rule,"The question presupposes such an organization exists and frames it as 'manipulating governments,' implying belief in the premise. Genuine information-seeking but premise-accepting, leaning toward the focal claim.",62,leans_for,question_raising,focal_claim,False,0.6,information on a global organization trying to manipulate governments for a one power rule?,"Frames the idea as plausible by presupposing a “global organization” may be “trying to manipulate governments” toward “one power rule,” and asks others for confirming information rather than challenging the premise.",50,neutral_uncommitted,question_raising,focal_claim,False,0.9,Does anyone have an information on a global organization trying to manipulate governments,"The post is a straightforward, neutral request for information about the focal claim without expressing a clear lean for or against it.",50,neutral_uncommitted,question_raising,focal_claim,False,0.85,Does anyone have an information on a global organization trying to manipulate governments for a one power rule?,"Straightforward neutral information request about the focal claim; no endorsement, doubt, or premise acceptance.",65,leans_for,question_raising,focal_claim,False,0.8,Does anyone have an information on a global organization trying to manipulate governments for a one power rule?,"The post poses a question that presupposes the existence of the organization and its manipulative activity, framing it as a matter of gathering information rather than expressing doubt.",True,62,leans_for,question_raising,focal_claim,7.22,False,5,0
R_5ujyFSAUA6rAMx3::pre,R_5ujyFSAUA6rAMx3,pre,"President still claims a lot still cheating and that he wanted 20/20 election or there is now new evidence out stating that, Harris actually won 2024 that a large amount of missing balance have been found is possibly true very skeptical no heat lost in 2020 from all the cases taken to court and it was proven it was a fair election but don't know where they're coming from with this information on the 24 election",,5,30,leans_against,mixed_assertion_question,focal_claim,False,0.62,very skeptical no heat lost in 2020 from all the cases taken to court and it was proven it was a fair election,"Post expresses skepticism about the Harris-won claim, citing court-proven fairness of 2020 as precedent, and questions the source of the 2024 claims. Net impression leans against the focal claim.",35,leans_against,uncertainty_statement,focal_claim,False,0.74,"""Harris actually won 2024... is possibly true very skeptical... it was proven it was a fair election but don't know where they're coming from""","Mentions the claim and allows it is “possibly true,” but emphasizes being “very skeptical,” cites 2020 fraud claims failing in court, and says they don’t know the source of the 2024 information—overall suggesting doubt.",30,leans_against,uncertainty_statement,focal_claim,False,0.85,is possibly true very skeptical... but don't know where they're coming from with this information,"The participant mentions the claim about Harris winning and missing ballots, but expresses strong skepticism and confusion about the source of the information.",30,leans_against,uncertainty_statement,focal_claim,False,0.7,Harris actually won 2024 that a large amount of missing balance have been found is possibly true very skeptical,Expresses personal skepticism and references 2020 fairness to cast doubt on the 2024 claim while allowing it might be possible.,50,mixed_both_sides,mixed_assertion_question,focal_claim,False,0.7,Harris actually won 2024 that a large amount of missing balance have been found is possibly true very skeptical,"The post presents both sides: it reports the claim that Harris won and missing ballots were found as 'possibly true', but also expresses strong skepticism based on the 2020 election court cases and calls the information source unclear.",True,30,leans_against,uncertainty_statement,focal_claim,8.66,False,5,0
R_61bFhlcqrv7tzNz::pre,R_61bFhlcqrv7tzNz,pre,"So they say, there is something hidden in the artic circle. That's why no aircraft can enter the skies after a certain area, the fact that its the only thing the world nations can agree upon, makes this interesting and maybe something to be looked into. Wait, we can't nobody is allowed to even trek by foot. So what are all the nations of the of world hiding from us? Is there really another dimension there, aliens? Idle but it could be flat farther fanning something for their argument. What do you think?",,5,65,leans_for,mixed_assertion_question,focal_claim,False,0.72,"the fact that its the only thing the world nations can agree upon, makes this interesting and maybe something to be looked into","Post treats the flight/travel ban as suspicious evidence supporting the claim, asks leading questions about dimensions and aliens, and frames it as worth investigating, leaning toward belief without fully asserting.",70,leans_for,mixed_assertion_question,focal_claim,False,0.77,"""the fact that its the only thing the world nations can agree upon, makes this interesting... So what are all the nations of the of world hiding from us?""","Post asserts restricted access to the Arctic and frames this as suspicious global coordination, then invites speculation about dimensions/aliens. It doesn’t fully endorse the alien/dimension claim but strongly implies a cover-up is plausible.",75,leans_for,mixed_assertion_question,focal_claim,False,0.9,"So what are all the nations of the of world hiding from us? Is there really another dimension there, aliens?","The post accepts the premise of a global cover-up and restricted access, using premise-accepting questions to suggest the focal claim might be true.",65,leans_for,mixed_assertion_question,focal_claim,False,0.8,"So what are all the nations of the of world hiding from us? Is there really another dimension there, aliens?","Post accepts no-fly zone and global agreement as given, calls the topic 'interesting' and worth looking into, then poses questions implying hidden truths (dimension/aliens) while inviting audience speculation.",65,leans_for,mixed_assertion_question,focal_claim,False,0.8,"the fact that its the only thing the world nations can agree upon, makes this interesting and maybe something to be looked into. So what are all the nations hiding from us? Is there really another dimension there, aliens?","The post asserts the premise of a restricted area and presents the global agreement as suspicious evidence, framing it as 'something to be looked into.' It then poses rhetorical questions implying nations are hiding something and directly questions the possibility of another dimension or aliens, which aligns with the focal claim. The final line about 'flat farther fanning' is unclear but doesn't negate the overall suggestive support.",True,65,leans_for,mixed_assertion_question,focal_claim,4.47,False,5,0
R_63jhQMPv67oNCwx::pre,R_63jhQMPv67oNCwx,pre,"Guys, don't forget that Donald Trump might certainly be a foreign asset of the Russian government.",,5,68,leans_for,assertion,focal_claim,False,0.82,Donald Trump might certainly be a foreign asset of the Russian government,"The post asserts Trump 'might certainly be' a Russian foreign asset, hedged but clearly leaning toward the claim being true. The reminder framing ('don't forget') amplifies the lean.",70,leans_for,assertion,focal_claim,False,0.78,"""don't forget that Donald Trump might certainly be a foreign asset of the Russian government""","The post reminds others that Trump may be a Russian government asset, presenting the possibility as credible and worth keeping in mind, without stating it as a confirmed fact.",75,leans_for,assertion,focal_claim,False,0.9,might certainly be a foreign asset of the Russian government,"The post explicitly warns the audience to consider the possibility that the focal claim is true, indicating a supportive lean.",65,leans_for,assertion,focal_claim,False,0.85,Donald Trump might certainly be a foreign asset of the Russian government,Direct reminder phrasing endorses the focal claim with mild hedging.,70,leans_for,assertion,focal_claim,False,0.9,Donald Trump might certainly be a foreign asset of the Russian government.,"The post directly addresses the focal claim, asserting it as a possibility with the phrase 'might certainly be', which communicates suggestive support and urges the audience not to forget it.",True,70,leans_for,assertion,focal_claim,3.65,False,5,0
R_6Cy3vWdexVeOrko::pre,R_6Cy3vWdexVeOrko,pre,"Witches and male witches practice a lot of spiritual activities, and activities observed in the woods across the street are evidence of this. And i believe this is so true cause ive even had nightmares ect.",,5,88,argues_for,assertion,focal_claim,False,0.85,i believe this is so true cause ive even had nightmares ect.,"Post directly restates the focal claim and adds personal corroboration (nightmares, observed activities), strongly asserting the claim is true with no hedging or doubt.",90,argues_for,assertion,focal_claim,False,0.9,"""And i believe this is so true cause ive even had nightmares ect.""","The post directly states the focal claim and explicitly endorses it as true, citing personal experiences (woods activity and nightmares) as supporting evidence.",95,argues_for,assertion,focal_claim,False,1.0,And i believe this is so true cause ive even had nightmares ect.,"The participant explicitly repeats the focal claim and strongly endorses it, stating they believe it is 'so true' based on personal experiences.",90,argues_for,assertion,focal_claim,False,0.9,i believe this is so true cause ive even had nightmares ect.,Post copies focal claim verbatim then explicitly endorses it as true on personal evidence.,95,argues_for,assertion,focal_claim,False,0.95,i believe this is so true cause ive even had nightmares,The post directly quotes the focal claim and adds a personal endorsement ('i believe this is so true') with supporting anecdotal evidence.,True,90,argues_for,assertion,focal_claim,3.21,False,5,0
R_6GfUE9pwpWxEmNl::pre,R_6GfUE9pwpWxEmNl,pre,I feel like it's just as plausible that Epstein killed himself as it is he was murdered. Who knows?,,5,50,neutral_uncommitted,uncertainty_statement,focal_claim,False,0.88,it's just as plausible that Epstein killed himself as it is he was murdered. Who knows?,Post explicitly treats both possibilities as equally plausible and ends with genuine uncertainty. No lean toward either side; genuinely balanced uncommitted statement.,50,neutral_uncommitted,uncertainty_statement,focal_claim,False,0.9,it's just as plausible that Epstein killed himself as it is he was murdered. Who knows?,"The post frames suicide and murder as equally plausible and ends with ""Who knows?"" indicating no commitment either way on whether Epstein was murdered.",50,mixed_both_sides,uncertainty_statement,focal_claim,False,0.95,just as plausible that Epstein killed himself as it is he was murdered,The author explicitly states that both possibilities (suicide and murder) are equally plausible and expresses uncertainty.,50,mixed_both_sides,uncertainty_statement,focal_claim,False,0.9,it's just as plausible that Epstein killed himself as it is he was murdered,Directly addresses the focal claim by treating suicide and murder as equally plausible and expressing indecision.,50,neutral_uncommitted,uncertainty_statement,focal_claim,False,0.9,I feel like it's just as plausible that Epstein killed himself as it is he was murdered.,"The post directly addresses the focal claim, stating both possibilities are equally plausible. It expresses personal uncertainty and does not endorse or argue for either side.",True,50,neutral_uncommitted,uncertainty_statement,focal_claim,0.0,False,5,0
R_6I6UF4ITsy4WF9f::pre,R_6I6UF4ITsy4WF9f,pre,I can't accept the 2020 election results.  There is no way Biden received that many votes.,,5,85,argues_for,assertion,focal_claim,False,0.92,I can't accept the 2020 election results. There is no way Biden received that many votes.,"Directly rejects the legitimacy of the 2020 results and asserts Biden's vote total is implausible, strongly implying the election was stolen from Trump.",90,argues_for,assertion,focal_claim,False,0.86,I can't accept the 2020 election results. There is no way Biden received that many votes.,"The post rejects the legitimacy of the 2020 results and asserts implausibility of Biden’s vote total, implying the election was stolen from Trump.",95,argues_for,assertion,focal_claim,False,0.95,I can't accept the 2020 election results. There is no way Biden received that many votes.,"The author explicitly rejects the 2020 election results and asserts it is impossible Biden received the reported number of votes, strongly endorsing the focal claim.",90,argues_for,assertion,focal_claim,False,0.9,I can't accept the 2020 election results. There is no way Biden received that many votes.,"Direct assertion that results are unacceptable because Biden's vote total is impossible, endorsing the stolen-election claim.",95,argues_for,assertion,focal_claim,False,0.98,I can't accept the 2020 election results. There is no way Biden received that many votes.,"The post directly rejects the election results and asserts the impossibility of Biden's vote count, strongly endorsing the focal claim that the election was stolen.",True,90,argues_for,assertion,focal_claim,4.18,False,5,0
R_6YFjKg2IxDsgdUJ::pre,R_6YFjKg2IxDsgdUJ,pre,"hello friends and followers of my page , do you have any information about the government concealing information about the existence of extraterrestrial beings on another planet  ? share your opinions with me please",,5,65,leans_for,question_raising,focal_claim,False,0.7,the government concealing information about the existence of extraterrestrial beings on another planet,"The post frames government concealment as a premise in the question rather than an open possibility, implicitly accepting the conspiracy framing while soliciting opinions, leaning toward belief.",62,leans_for,question_raising,focal_claim,False,0.72,do you have any information about the government concealing information about the existence of extraterrestrial beings on another planet ?,"The post invites others to share info/opinions about government concealment of extraterrestrials, implicitly treating the concealment as plausible rather than challenging it, but it doesn’t assert it as fact.",50,neutral_uncommitted,question_raising,focal_claim,False,0.95,do you have any information about the government concealing information about the existence of extraterrestrial beings,"The post asks followers for information and opinions about the focal claim without endorsing or rejecting it, making it a neutral information request.",50,neutral_uncommitted,question_raising,focal_claim,False,0.85,do you have any information about the government concealing information about the existence of extraterrestrial beings on another planet,Pure information-seeking question with no directional premise or endorsement; invites audience input neutrally.,50,neutral_uncommitted,question_raising,focal_claim,False,0.9,do you have any information about the government concealing information about the existence of extraterrestrial beings on another planet,"The post directly asks the audience for information and opinions about the focal claim. It does not assert, endorse, or express doubt about the claim, presenting as a neutral information-seeking question.",True,50,neutral_uncommitted,question_raising,focal_claim,7.47,False,5,0
R_6YtYEkuvTfIxfw2::pre,R_6YtYEkuvTfIxfw2,pre,There are aliens among us and the president knows about them. Check it out all the ufo craft images and whistle blowers.,,5,85,argues_for,assertion,focal_claim,False,0.92,There are aliens among us and the president knows about them. Check it out all the ufo craft images and whistle blowers.,"Directly asserts both alien presence and presidential knowledge, and directs audience to supporting evidence (UFO images, whistleblowers), strongly endorsing the focal claim.",86,argues_for,assertion,focal_claim,False,0.84,There are aliens among us and the president knows about them. Check it out all the ufo craft images and whistle blowers.,"The post straightforwardly asserts aliens exist among us and that the president knows, pointing to UFO images and whistleblowers as support, with no hedging or skepticism.",95,argues_for,assertion,focal_claim,False,0.95,There are aliens among us and the president knows about them.,"The post directly asserts that aliens exist and that the president is aware of them, strongly endorsing the focal claim.",90,argues_for,assertion,focal_claim,False,0.9,There are aliens among us and the president knows about them.,"Direct assertion endorsing alien presence and presidential knowledge, with call to examine supporting UFO/whistleblower material.",95,argues_for,assertion,focal_claim,False,0.95,There are aliens among us and the president knows about them.,"The post directly asserts the focal claim that aliens exist and the president is aware of them, presenting it as fact and citing evidence (UFO images, whistleblowers) in support.",True,90,argues_for,assertion,focal_claim,4.76,False,5,0
R_6ZDFvSvJMd61wQx::pre,R_6ZDFvSvJMd61wQx,pre,"There was a project a young woman did that all but 1 or 2 president's are related. Also, she proved how The Rothswelds control most of the world and they have been in power for generations. The government is divided between left and right,  but they are still two wings of the same bird.",,5,82,argues_for,assertion,focal_claim,False,0.8,"all but 1 or 2 president's are related...the government is divided between left and right, but they are still two wings of the same bird","Post asserts presidents are related and controlled by a hidden elite (Rothschilds), supporting the focal claim that presidents are pre-selected figureheads connected to each other and a ruling class.",72,leans_for,assertion,focal_claim,False,0.73,"""all but 1 or 2 president's are related... she proved how The Rothswelds control most of the world... two wings of the same bird""","The post asserts presidents are (nearly all) related and invokes a powerful-family control narrative, concluding both parties are effectively one system—supporting the idea of connected leadership and a managed political process.",85,argues_for,assertion,focal_claim,False,0.9,"all but 1 or 2 president's are related. Also, she proved how The Rothswelds control most of the world","The post asserts key components of the focal claim, specifically that presidents are related and that a shadow power controls the world.",82,argues_for,assertion,focal_claim,False,0.8,all but 1 or 2 president's are related... two wings of the same bird,"Post asserts relatedness of nearly all presidents plus unified elite control behind partisan division, directly endorsing core elements of the focal claim.",65,leans_for,assertion,focal_claim,False,0.85,all but 1 or 2 president's are related. The government is divided... but they are still two wings of the same bird.,"The post asserts that nearly all presidents are related, which directly supports part of the focal claim. It also asserts a unified elite control (Rothschilds) and that political division is superficial ('two wings of the same bird'), implying a pre-decided, figurehead presidency. It does not explicitly question or express uncertainty.",True,82,argues_for,assertion,focal_claim,8.41,False,5,0
R_6fKkODDNIjytHQn::pre,R_6fKkODDNIjytHQn,pre,"I think the libs hid Biden's dementia for 4 years 
I think that our govt hides ufo proof from us
",,5,85,argues_for,assertion,focal_claim,False,0.92,"I think the libs hid Biden's dementia for 4 years
I think that our govt hides ufo proof from us",Directly asserts both components of the focal claim: Biden's dementia was hidden and the government conceals UFO proof. Clear endorsement of both conspiracy elements with minimal hedging.,86,argues_for,assertion,focal_claim,False,0.9,"I think the libs hid Biden's dementia for 4 years
I think that our govt hides ufo proof from us","The post directly states belief that Biden’s dementia was hidden for four years and that the government hides UFO proof, aligning with and endorsing the focal claim rather than questioning it.",95,argues_for,assertion,focal_claim,False,1.0,"I think the libs hid Biden's dementia for 4 years 
I think that our govt hides ufo proof","The post explicitly asserts belief in both components of the focal claim, stating that the government hides UFO proof and Biden's dementia.",90,argues_for,assertion,focal_claim,False,0.9,I think the libs hid Biden's dementia for 4 years I think that our govt hides ufo proof from us,Post directly asserts both halves of the focal claim with no distancing or hedging beyond the mild 'I think'.,95,argues_for,assertion,focal_claim,False,0.99,I think the libs hid Biden's dementia for 4 years I think that our govt hides ufo proof from us,"The post directly asserts both components of the focal claim using declarative 'I think' statements, expressing clear personal belief without any doubt or questioning.",True,90,argues_for,assertion,focal_claim,4.76,False,5,0
R_6kzi3trjkumgIKL::pre,R_6kzi3trjkumgIKL,pre,I would already have,,5,50,neutral_uncommitted,unclassifiable,focal_claim,False,0.35,I would already have,The post is too fragmentary to interpret. Only five words with no discernible stance or claim about V2K technology.,,not_applicable,unclassifiable,no_propositional_content,False,0.83,I would already have,"The post is an incomplete fragment and does not reference V2K/voice-to-skull, government targeting, or any related claim, so no stance can be inferred.",,not_applicable,unclassifiable,no_propositional_content,False,0.95,I would already have,The post is an incomplete fragment that conveys no clear meaning or propositional content regarding the topic.,,not_applicable,unclassifiable,no_propositional_content,False,0.9,I would already have,Fragmentary/incomplete text with zero propositional content on any topic.,,not_applicable,declines_to_post,no_propositional_content,False,0.9,I would already have,The post text is an incomplete sentence that appears to be the beginning of a refusal or a statement about not posting. It contains no propositional content about the focal claim.,False,,not_applicable,unclassifiable,no_propositional_content,,False,1,4
R_6wjGcjgyGVUhLjL::pre,R_6wjGcjgyGVUhLjL,pre,"I just wish i had sime proof,cant the government just share what they know?",,5,65,leans_for,question_raising,focal_claim,False,0.72,cant the government just share what they know?,"The question presupposes the government has hidden knowledge about extraterrestrial life, implying belief in its existence while expressing frustration at lack of disclosed proof.",67,leans_for,mixed_assertion_question,focal_claim,False,0.74,"""I just wish i had sime proof,cant the government just share what they know?""","Expresses wanting proof but implies the government already has hidden knowledge to reveal, which nudges readers toward believing extraterrestrial life exists rather than treating it as purely unknown.",70,leans_for,mixed_assertion_question,focal_claim,False,0.9,"I just wish i had sime proof,cant the government just share what they know?","The author expresses a desire for proof while implying that the government is withholding knowledge about extraterrestrial life, leaning toward the focal claim.",65,leans_for,question_raising,focal_claim,False,0.8,cant the government just share what they know?,"Question assumes government holds (and withholds) proof of extraterrestrial life, thereby endorsing the focal claim via premise acceptance.",65,leans_for,mixed_assertion_question,focal_claim,False,0.7,"I just wish i had sime proof,cant the government just share what they know?","The post expresses a desire for proof and questions government secrecy, implying belief that evidence exists and is being withheld, which supports the claim of extraterrestrial life.",True,65,leans_for,mixed_assertion_question,focal_claim,2.19,False,5,0
R_6zTlm5X4EmuHGuN::pre,R_6zTlm5X4EmuHGuN,pre,"Are aliens real,  unusual lights spotted in the sky.",,5,62,leans_for,question_raising,focal_claim,False,0.55,"Are aliens real, unusual lights spotted in the sky.","The question invites the audience to consider alien reality, while 'unusual lights spotted in the sky' implicitly references UFO sightings as supporting evidence, leaning toward the focal claim.",53,neutral_uncommitted,question_raising,focal_claim,False,0.72,"Are aliens real, unusual lights spotted in the sky.","The post mainly poses an open-ended question about alien reality and notes unusual lights, without clearly endorsing that these sightings are aliens or referencing documented YouTube evidence.",55,neutral_uncommitted,mixed_assertion_question,focal_claim,False,0.8,"Are aliens real,  unusual lights spotted in the sky.","The post raises a question about the existence of aliens based on the observation of unusual lights, remaining largely uncommitted but open to the possibility.",65,leans_for,question_raising,focal_claim,False,0.8,"Are aliens real, unusual lights spotted in the sky.","Public question directly links observed lights (UFOs) to possibility aliens are real, inviting audience to consider the claim without asserting it outright.",50,neutral_uncommitted,question_raising,focal_claim,False,0.85,"Are aliens real, unusual lights spotted in the sky.","The post poses a direct question about the existence of aliens and mentions 'unusual lights spotted in the sky', which obliquely references the focal claim's mention of UFO videos. It is a genuine, open-ended question without any suggestive framing or endorsement of the claim.",True,55,neutral_uncommitted,question_raising,focal_claim,6.28,False,5,0
R_7Bawu11x59osHzH::pre,R_7Bawu11x59osHzH,pre,They say Joe Biden was dead before he finished his mandate. How come his wife and kids and nobody else would say anything about it?,,5,65,leans_for,mixed_assertion_question,focal_claim,False,0.72,They say Joe Biden was dead before he finished his mandate. How come his wife and kids and nobody else would say anything about it?,"Post relays the claim as credible ('they say') and poses a premise-accepting question implying suspicious silence from family, lending support to the focal claim without fully asserting it.",66,leans_for,question_raising,focal_claim,False,0.72,They say Joe Biden was dead before he finished his mandate. How come his wife and kids and nobody else would say anything about it?,"The post amplifies the claim that Biden died and uses a rhetorical question about family silence to imply the story could be true, inviting suspicion rather than dismissing it.",30,leans_against,question_raising,focal_claim,False,0.9,How come his wife and kids and nobody else would say anything about it?,"The post raises a skeptical question that highlights a logical flaw in the conspiracy theory (the silence of his family), implying doubt.",65,leans_for,question_raising,focal_claim,False,0.8,How come his wife and kids and nobody else would say anything about it?,"Premise-accepting question that highlights family silence as suspicious, inviting audience to doubt official account of Biden being alive.",65,leans_for,question_raising,focal_claim,False,0.8,They say Joe Biden was dead before he finished his mandate. How come his wife and kids and nobody else would say anything about it?,"The post reports the claim ('They say...') and poses a premise-accepting question that challenges the plausibility of family silence, implying the conspiracy might be true.",True,65,leans_for,question_raising,focal_claim,15.77,True,5,0
R_7D1EYXA3GO9DdlL::pre,R_7D1EYXA3GO9DdlL,pre,I feel like Facebook is watching us1,,5,65,leans_for,assertion,focal_claim,False,0.72,Facebook is watching us,"The post implies Facebook surveils users, aligning with the focal claim. 'Watching us' suggests monitoring behavior for targeting, though it's vague and hedged with 'feel like'.",67,leans_for,assertion,focal_claim,False,0.72,I feel like Facebook is watching us,"The post expresses suspicion that Facebook is “watching us,” which implies Facebook monitors users (including their activity) in a way consistent with tracking search history for ad targeting, though it’s framed as a feeling rather than a firm claim.",75,leans_for,assertion,focal_claim,False,0.9,I feel like Facebook is watching us,"The post asserts a belief that Facebook is surveilling users, which provides suggestive support for the focal claim about monitoring search history.",80,argues_for,assertion,focal_claim,False,0.85,I feel like Facebook is watching us,"Directly asserts personal belief that Facebook monitors users, implying the focal claim.",70,leans_for,assertion,focal_claim,False,0.9,I feel like Facebook is watching us,"The post asserts a feeling that Facebook is surveilling users, directly supporting the focal claim about monitoring search history for ads.",True,70,leans_for,assertion,focal_claim,6.11,False,5,0
R_7GiVunWDF9JKOC2::pre,R_7GiVunWDF9JKOC2,pre,I would not post on social media.,,5,,not_applicable,declines_to_post,focal_claim,False,0.99,I would not post on social media.,Participant explicitly declines to write a social media post on this topic.,,not_applicable,declines_to_post,focal_claim,False,0.98,I would not post on social media.,"The participant explicitly refuses to make a social media post, so no stance toward the focal claim is communicated.",,not_applicable,declines_to_post,no_propositional_content,False,1.0,I would not post on social media.,The participant explicitly declines to write a social media post for the task.,,not_applicable,declines_to_post,no_propositional_content,False,0.95,I would not post on social media.,Explicit refusal to post about the topic.,,not_applicable,declines_to_post,no_propositional_content,False,0.99,I would not post on social media.,The participant explicitly declines to write or share a post about the topic.,False,,not_applicable,declines_to_post,no_propositional_content,,False,0,5
R_7M5NyDjKxECthbK::pre,R_7M5NyDjKxECthbK,pre,We will never know the truth!,,5,50,neutral_uncommitted,uncertainty_statement,focal_claim,False,0.72,We will never know the truth!,"The post expresses epistemic despair about ever knowing the truth regarding COVID's origins, without leaning toward or against the man-made claim. Pure uncertainty, no directional stance.",50,neutral_uncommitted,uncertainty_statement,focal_claim,False,0.66,We will never know the truth!,"The post expresses that the truth about Covid’s origin is unknowable, without indicating whether the author thinks it was man-made or naturally originated.",50,neutral_uncommitted,uncertainty_statement,focal_claim,False,0.95,We will never know the truth!,"The post explicitly states that the truth about the focal claim will never be known, expressing pure uncertainty without leaning toward either origin theory.",50,neutral_uncommitted,uncertainty_statement,focal_claim,False,0.85,We will never know the truth!,Post directly addresses inability to determine truth of focal claim's origin without endorsing or doubting either side.,50,neutral_uncommitted,assertion,focal_claim,False,0.8,We will never know the truth!,"The post directly addresses the focal claim by stating the truth about it is unknowable. It expresses a definitive conclusion about the impossibility of knowledge, not a question or a leaning toward either side of the claim.",True,50,neutral_uncommitted,uncertainty_statement,focal_claim,0.0,False,5,0
R_7MrK5L0twz20Ydr::pre,R_7MrK5L0twz20Ydr,pre,"The United States has acquired alien technology, but the government does not wish to make this information public.",,5,85,argues_for,assertion,focal_claim,False,0.9,"The United States has acquired alien technology, but the government does not wish to make this information public.","The post directly asserts the government possesses alien technology and is concealing it from the public, which aligns closely with the focal claim of hidden alien spacecraft remnants.",90,argues_for,assertion,focal_claim,False,0.84,"“The United States has acquired alien technology, but the government does not wish to make this information public.”","Directly asserts the U.S. has alien technology and that the government is keeping it secret, which strongly implies hidden remnants of alien spacecraft.",95,argues_for,assertion,focal_claim,False,1.0,"The United States has acquired alien technology, but the government does not wish to make this information public.","The post directly asserts the focal claim as a fact, stating that the US has acquired alien technology and the government is hiding it.",90,argues_for,assertion,focal_claim,False,0.9,"The United States has acquired alien technology, but the government does not wish to make this information public.","Post directly asserts government concealment of alien technology, matching the focal claim.",95,argues_for,assertion,focal_claim,False,0.95,The United States has acquired alien technology,The post directly asserts the core of the focal claim: that the US government possesses alien technology and is concealing it.,True,90,argues_for,assertion,focal_claim,4.18,False,5,0
R_7Oi7O6FzMIcrVJP::pre,R_7Oi7O6FzMIcrVJP,pre,I'm hoping with all my heart that Mrs Guthrie is alive and well,,5,65,leans_for,assertion,focal_claim,False,0.72,hoping with all my heart that Mrs Guthrie is alive and well,"Expresses strong personal hope that Mrs. Guthrie is alive, implicitly endorsing the focal claim without asserting it as fact. Emotional framing leans toward belief she is alive.",63,leans_for,uncertainty_statement,focal_claim,False,0.78,I'm hoping with all my heart that Mrs Guthrie is alive and well,"The post expresses strong personal hope that Mrs. Guthrie is alive, implying support for the idea she is not dead, but it does not assert it as a confirmed fact.",70,leans_for,assertion,focal_claim,False,0.9,I'm hoping with all my heart that Mrs Guthrie is alive and well,"The author expresses a strong hope that the subject is alive, suggesting emotional support for the focal claim without asserting it as absolute fact.",85,argues_for,assertion,focal_claim,False,0.9,I'm hoping with all my heart that Mrs Guthrie is alive and well,Direct expression of strong personal hope that the missing person is alive endorses the focal claim.,65,leans_for,assertion,focal_claim,False,0.8,I'm hoping with all my heart that Mrs Guthrie is alive and well,The post expresses a strong personal hope that directly aligns with the focal claim (Mrs. Guthrie is not dead). This is not a neutral statement; it communicates a leaning toward the claim being true.,True,65,leans_for,assertion,focal_claim,8.99,False,5,0
R_7P8aRfAWQ2XfWzE::pre,R_7P8aRfAWQ2XfWzE,pre,"The government is hiding secrets but I'm might be
Wrong about this conspiracy 
",,5,60,leans_for,uncertainty_statement,focal_claim,False,0.65,The government is hiding secrets but I'm might be Wrong about this conspiracy,Post asserts the government is hiding secrets (aligning with the focal claim) but immediately hedges with possible wrongness. Net impression leans for with notable uncertainty.,60,leans_for,uncertainty_statement,focal_claim,False,0.72,"""The government is hiding secrets but I'm might be Wrong about this conspiracy""","The post states the government is hiding secrets, which supports the conspiracy claim, but immediately hedges with the possibility of being wrong, signaling mild, uncertain endorsement overall.",50,neutral_uncommitted,uncertainty_statement,focal_claim,False,0.85,The government is hiding secrets but I'm might be Wrong about this conspiracy,"The author asserts the premise but immediately undercuts it with a strong statement of personal uncertainty, resulting in a balanced, uncommitted stance.",65,leans_for,assertion,focal_claim,False,0.8,The government is hiding secrets but I'm might be Wrong about this conspiracy,Directly asserts the focal claim then adds a personal hedge; net impression is suggestive support.,50,neutral_uncommitted,uncertainty_statement,focal_claim,False,0.9,The government is hiding secrets but I'm might be Wrong about this conspiracy,"The post directly references the focal claim, stating the government is hiding secrets, but immediately expresses personal uncertainty and the possibility of being wrong. This results in a balanced, uncommitted stance.",True,60,leans_for,uncertainty_statement,focal_claim,6.71,False,5,0
R_7QEj7ESdxDOtlw3::pre,R_7QEj7ESdxDOtlw3,pre,Birds are cams don't ya know?,,5,80,argues_for,assertion,focal_claim,False,0.7,Birds are cams don't ya know?,"The post directly asserts the focal claim that birds are cameras. The casual 'don't ya know?' implies this is obvious/established, lending confident endorsement without clear irony.",85,argues_for,assertion,focal_claim,False,0.78,Birds are cams don't ya know?,"Directly asserts the core idea that birds are cameras, with no hedging or counterpoint. The casual phrasing reads as confident endorsement of the focal conspiracy claim.",85,argues_for,assertion,focal_claim,False,0.9,Birds are cams don't ya know?,"The post directly asserts the focal claim that birds are cameras, using a colloquial rhetorical question to emphasize the point.",85,argues_for,assertion,focal_claim,False,0.8,Birds are cams don't ya know?,"Casual assertion that birds function as cameras, directly endorsing the focal claim.",95,argues_for,assertion,focal_claim,False,0.95,Birds are cams don't ya know?,"The post directly asserts the focal claim ('Birds are cams') in a declarative, matter-of-fact manner, with the tag 'don't ya know?' reinforcing the statement as accepted truth.",True,85,argues_for,assertion,focal_claim,5.48,False,5,0
R_7eIAqnakinKyL6I::pre,R_7eIAqnakinKyL6I,pre,we just dont know who to believe when it comes to jfk,,5,50,neutral_uncommitted,uncertainty_statement,focal_claim,False,0.82,we just dont know who to believe when it comes to jfk,Post expresses pure epistemic uncertainty about JFK without leaning toward or against the official account or the grassy knoll theory. No directional stance is implied.,50,neutral_uncommitted,uncertainty_statement,focal_claim,False,0.78,we just dont know who to believe when it comes to jfk,The post expresses uncertainty about competing accounts of the JFK shooting and does not indicate whether the author believes the book depository account over the grassy knoll idea.,50,neutral_uncommitted,uncertainty_statement,focal_claim,False,0.95,we just dont know who to believe when it comes to jfk,The post explicitly states uncertainty about the JFK assassination without leaning toward either the book depository or grassy knoll theories.,50,neutral_uncommitted,uncertainty_statement,focal_claim,False,0.8,we just dont know who to believe when it comes to jfk,Post states general uncertainty about JFK without direction or endorsement of either side of the focal claim.,50,neutral_uncommitted,uncertainty_statement,focal_claim,False,0.6,we just dont know who to believe when it comes to jfk,"The post directly references the JFK assassination and the central uncertainty about which account to believe, which is the core of the focal claim about the shooter's location.",True,50,neutral_uncommitted,uncertainty_statement,focal_claim,0.0,False,5,0
R_7gpYpiinKfPtFyl::pre,R_7gpYpiinKfPtFyl,pre,would not do that. Not ever.,,5,,not_applicable,declines_to_post,no_propositional_content,False,0.9,would not do that. Not ever.,Participant explicitly refuses to make a post on this topic. No propositional content about the focal claim is present.,,not_applicable,declines_to_post,other_topic,False,0.93,would not do that. Not ever.,"The post refuses to make a social media post and provides no content about JFK, Oswald, or uncertainty over the assassination circumstances.",,not_applicable,declines_to_post,focal_claim,False,1.0,would not do that. Not ever.,The participant explicitly refuses to write or share a social media post about the topic.,,not_applicable,declines_to_post,no_propositional_content,False,0.95,would not do that. Not ever.,Post is an explicit refusal to write or share anything on the topic.,,not_applicable,declines_to_post,other_topic,False,0.95,would not do that. Not ever.,"The post is a refusal to engage with the writing task, not about the JFK conspiracy claim.",False,,not_applicable,declines_to_post,other_topic,,False,0,5
R_7jcOnNEEnh5fxeN::pre,R_7jcOnNEEnh5fxeN,pre,Some people say Lyndon Johnson covered it up because it was really the communist that plotted to kill John f Kennedy and he didn't want to start a nuclear war with Russia,,5,52,mixed_both_sides,assertion,focal_claim,False,0.55,Lyndon Johnson covered it up because it was really the communist that plotted to kill John f Kennedy and he didn't want to start a nuclear war with Russia,"Post asserts LBJ covered up the JFK assassination but attributes the motive to avoiding nuclear war with communists, not personal involvement. Partial endorsement of cover-up but diverges from focal claim's specific conspiracy framing.",35,leans_against,assertion,related_conspiracy,False,0.62,Lyndon Johnson covered it up because it was really the communist that plotted to kill John f Kennedy,"The post suggests a coverup but attributes it to fear of nuclear war and communist responsibility, not to hiding Johnson’s own involvement as in the focal claim, implicitly undercutting that specific allegation.",35,leans_against,assertion,focal_claim,False,0.8,covered it up because it was really the communist... and he didn't want to start a nuclear war,"The post supports the idea of a cover-up by LBJ but offers an alternative motive, implicitly arguing against the focal claim's assertion of LBJ's personal involvement.",65,leans_for,assertion,focal_claim,False,0.75,Lyndon Johnson covered it up because it was really the communist that plotted to kill John f Kennedy,"Post relays a narrative of LBJ cover-up of a JFK assassination conspiracy (by communists), aligning with focal claim's core elements even with differing motive.",50,neutral_uncommitted,mixed_assertion_question,focal_claim,False,0.7,Some people say Lyndon Johnson covered it up because it was really the communist that plotted to kill John f Kennedy,"The post directly references the focal claim's core elements (LBJ cover-up, JFK assassination conspiracy) but attributes the claim to 'some people' and offers a specific alternative motive (communist plot). It does not assert the claim as true, but presents it as a premise for discussion.",True,50,leans_against,assertion,focal_claim,12.7,False,5,0
R_7laeiUSKtc34NRD::pre,R_7laeiUSKtc34NRD,pre,How serious can the government be about keeping aliens at area 51. Why is there no leaked photos or confirmed sightings of the aliens,,5,35,leans_against,question_raising,focal_claim,False,0.65,How serious can the government be about keeping aliens at area 51. Why is there no leaked photos or confirmed sightings,"The questions express skepticism by pointing to lack of evidence (no leaked photos, no confirmed sightings), implying the claim is implausible rather than inviting belief in it.",30,leans_against,question_raising,focal_claim,False,0.78,Why is there no leaked photos or confirmed sightings of the aliens,"The post questions how plausible it is that aliens are kept at Area 51, emphasizing the absence of leaked photos or confirmed sightings, which implicitly argues against the claim.",30,leans_against,question_raising,focal_claim,False,0.9,Why is there no leaked photos or confirmed sightings of the aliens,The post uses rhetorical questions highlighting the lack of evidence (no leaked photos or sightings) to express doubt about the focal claim.,30,leans_against,question_raising,focal_claim,False,0.75,Why is there no leaked photos or confirmed sightings of the aliens,"Questions premise-acceptingly highlight absence of expected leaks/sightings, implying the claim is implausible.",35,leans_against,question_raising,focal_claim,False,0.8,How serious can the government be about keeping aliens at area 51. Why is there no leaked photos or confirmed sightings,"The post poses questions that challenge the plausibility of the focal claim by pointing to the absence of evidence (leaked photos, confirmed sightings). This suggests doubt and leans against the claim being true.",True,30,leans_against,question_raising,focal_claim,2.74,False,5,0
R_7nT8qY1EDfJcJNb::pre,R_7nT8qY1EDfJcJNb,pre,Have you guys ever thought about if people are related all together from Adam and Eve or is evolution?🤔,,5,50,neutral_uncommitted,question_raising,focal_claim,False,0.82,Have you guys ever thought about if people are related all together from Adam and Eve or is evolution?,"The post poses an open question presenting both Adam and Eve and evolution as equal possibilities without favoring either side, making it genuinely neutral and uncommitted.",50,neutral_uncommitted,question_raising,focal_claim,False,0.77,"""Have you guys ever thought about if people are related all together from Adam and Eve or is evolution?""",The post frames Adam-and-Eve common ancestry versus evolution as an open question and invites discussion without signaling a preferred answer or providing supporting/doubting reasons.,50,neutral_uncommitted,question_raising,focal_claim,False,0.95,Have you guys ever thought about if people are related all together from Adam and Eve or is evolution?,"The post poses a direct question to the audience, presenting the focal claim and its alternative (evolution) neutrally without endorsing either side.",50,neutral_uncommitted,question_raising,focal_claim,False,0.9,if people are related all together from Adam and Eve or is evolution?,Pure neutral question contrasting focal claim with evolution; no endorsement or direction.,50,neutral_uncommitted,question_raising,focal_claim,False,0.9,Have you guys ever thought about if people are related all together from Adam and Eve or is evolution?,"The post poses a direct, open-ended question presenting the focal claim (Adam and Eve ancestry) and evolution as alternative possibilities. It invites the audience to think without endorsing either side.",True,50,neutral_uncommitted,question_raising,focal_claim,0.0,False,5,0
R_7nTa3NC2sGyRFkF::pre,R_7nTa3NC2sGyRFkF,pre,Oh my God guys I can't believe the moon landing was fake I knew it what is going on in this world why would they lie to us,,5,95,argues_for,assertion,focal_claim,False,0.95,I can't believe the moon landing was fake I knew it what is going on in this world why would they lie to us,"Participant flatly asserts the moon landing was fake, expresses prior belief confirmed, and frames it as a deliberate lie — strong, unambiguous endorsement of the focal claim.",92,argues_for,assertion,focal_claim,False,0.94,"""I can't believe the moon landing was fake I knew it""","The post explicitly states the moon landing was fake and conveys strong conviction (“I knew it”), adding outrage and a presumed motive (“why would they lie to us”).",95,argues_for,mixed_assertion_question,focal_claim,False,0.95,I can't believe the moon landing was fake I knew it,"The author explicitly asserts the moon landing was fake, expressing vindication ('I knew it') and questioning the motives for the lie.",90,argues_for,assertion,focal_claim,False,0.9,I can't believe the moon landing was fake I knew it,"Post directly asserts the focal claim is true and that the author 'knew it,' with rhetorical outrage implying endorsement.",95,argues_for,assertion,focal_claim,False,0.99,I can't believe the moon landing was fake I knew it,"The post directly asserts the focal claim is true with strong emotional endorsement ('I knew it'), communicating full belief.",True,95,argues_for,assertion,focal_claim,2.3,False,5,0
R_7peM0QrjmMJvLNv::pre,R_7peM0QrjmMJvLNv,pre,The government may have secrets about aliens how do we keep ourselves completely informed and protected from the government not having full transparency of the evidence of aliens.,,5,65,leans_for,mixed_assertion_question,focal_claim,False,0.72,The government may have secrets about aliens how do we keep ourselves completely informed and protected from the government not having full transparency,"Post assumes government has alien secrets and lacks transparency, framing it as a safety concern. The premise-accepting question implies the focal claim is likely true while calling for disclosure.",66,leans_for,question_raising,focal_claim,False,0.74,"""The government may have secrets about aliens... protected from the government not having full transparency of the evidence of aliens.""","The post presupposes the government may be withholding “evidence of aliens” and asks how the public can stay informed and protected, implying suspicion of a real hidden truth rather than dismissing it.",75,leans_for,mixed_assertion_question,focal_claim,False,0.9,The government may have secrets about aliens how do we keep ourselves completely informed and protected,"The post expresses suspicion that the government is hiding evidence of aliens and raises concerns about public protection and transparency, leaning towards the focal claim.",65,leans_for,question_raising,focal_claim,False,0.8,The government may have secrets about aliens ... not having full transparency of the evidence of aliens,"Question-raising post assumes possible hidden alien evidence and presses for transparency, implying the government may be withholding information.",65,leans_for,mixed_assertion_question,focal_claim,False,0.8,The government may have secrets about aliens,"The post asserts the premise that the government may have alien secrets, which supports the focal claim's core idea of government-held evidence. It then questions transparency and protection, implying a need for disclosure for safety, aligning with the claim's 'inform the public for safety' aspect. The net impression is suggestive support.",True,65,leans_for,mixed_assertion_question,focal_claim,4.38,False,5,0
R_7q9Hrbbrs5PZbcJ::pre,R_7q9Hrbbrs5PZbcJ,pre,"This YouTube link shows plausible proof that bigfoot may exist, I still remain skeptical tho...",,5,60,leans_for,mixed_assertion_question,focal_claim,False,0.62,"plausible proof that bigfoot may exist, I still remain skeptical tho","Post shares 'plausible proof' of Bigfoot's existence while hedging with skepticism. Net impression leans toward the claim being possible, though the skeptical caveat tempers full endorsement.",56,mixed_both_sides,uncertainty_statement,focal_claim,False,0.73,"""shows plausible proof that bigfoot may exist, I still remain skeptical tho""","The post highlights a source framed as plausible evidence that Bigfoot may exist, but explicitly maintains skepticism. It slightly nudges toward belief in existence without fully endorsing the stronger concealment claim.",50,mixed_both_sides,uncertainty_statement,focal_claim,False,0.9,"shows plausible proof that bigfoot may exist, I still remain skeptical tho","The author shares a link containing 'plausible proof' of Bigfoot's existence but explicitly notes their ongoing skepticism, presenting a balanced, mixed stance.",65,leans_for,assertion,related_conspiracy,False,0.75,This YouTube link shows plausible proof that bigfoot may exist,Post endorses plausible proof of Bigfoot's existence (core prerequisite of focal claim) while adding personal skepticism; no mention of government concealment.,65,leans_for,mixed_assertion_question,focal_claim,False,0.8,This YouTube link shows plausible proof that bigfoot may exist,"The post presents a link as showing 'plausible proof' for Bigfoot's existence, which is a key part of the focal claim, suggesting support. The final skeptical remark moderates but does not negate this endorsement.",True,60,leans_for,uncertainty_statement,focal_claim,6.38,False,5,0
R_7rHuSuz6D9M6GWA::pre,R_7rHuSuz6D9M6GWA,pre,I’ve seen this theory floating,,5,50,neutral_uncommitted,unclassifiable,focal_claim,False,0.5,I've seen this theory floating,"The post is a fragment with no completed thought. The only content is a neutral acknowledgment of having seen the theory, with no stance expressed.",50,neutral_uncommitted,assertion,focal_claim,False,0.62,I’ve seen this theory floating,"The post merely notes having seen the theory circulating, without endorsing it, challenging it, or asking follow-up questions. It communicates awareness but no directional stance on whether pharma suppresses a cancer cure.",50,neutral_uncommitted,assertion,focal_claim,False,0.85,I’ve seen this theory floating,"The post is a fragment that merely mentions the theory is circulating, without expressing any stance for or against it.",50,neutral_uncommitted,uncertainty_statement,focal_claim,False,0.7,I’ve seen this theory floating,"Post only acknowledges encountering the theory with no directional claim, question, or endorsement.",50,neutral_uncommitted,uncertainty_statement,focal_claim,False,0.6,I’ve seen this theory floating,"The post references 'this theory' in a context where the focal claim is the topic, making it obliquely about the claim.",True,50,neutral_uncommitted,assertion,focal_claim,0.0,False,5,0
R_7rPpG5xZQED9ifx::pre,R_7rPpG5xZQED9ifx,pre,The way those buildings came down it looked like they blew them up. That's really messed up it the damn government did it. And how did 11 terrorists with nothing but box cutters take over all those planes. They only had box cutters for gods sake,,5,68,leans_for,mixed_assertion_question,focal_claim,False,0.72,The way those buildings came down it looked like they blew them up. That's really messed up if the damn government did it.,"Post endorses the controlled demolition visual argument and expresses outrage at government involvement, while also raising skeptical questions about the official hijacker narrative, net leaning toward the conspiracy.",76,leans_for,mixed_assertion_question,focal_claim,False,0.78,“The way those buildings came down it looked like they blew them up… if the damn government did it. And how did 11 terrorists with nothing but box cutters…”,"Says the collapses looked like deliberate demolition and raises a premise-accepting question implying the official hijacking narrative is implausible. Though hedged with “if,” the overall thrust supports government-controlled demolition.",75,leans_for,mixed_assertion_question,focal_claim,False,0.9,The way those buildings came down it looked like they blew them up.,"The author asserts the buildings looked blown up and questions the official narrative, strongly leaning toward the controlled demolition conspiracy.",85,argues_for,assertion,focal_claim,False,0.85,That's really messed up it the damn government did it,Directly asserts government responsibility for controlled demolition via explosives and questions official account of hijackings to support the claim.,70,leans_for,assertion,focal_claim,False,0.9,The way those buildings came down it looked like they blew them up. That's really messed up it the damn government did it.,"The post asserts that the collapse looked like a demolition, strongly implying government responsibility. It also questions the official narrative about the hijackers, reinforcing doubt.",True,75,leans_for,mixed_assertion_question,focal_claim,6.61,False,5,0
R_7tnxwOtF3jd0MXP::pre,R_7tnxwOtF3jd0MXP,pre,"Many of us have been urged to function in wokeness, why? We believe that our true reality is been hidden in plain sight. The fact is knowing the truth doesn't make it better but it does afford the awareness to be fully functional in a matrix of deception.",,5,68,leans_for,assertion,focal_claim,False,0.62,our true reality is been hidden in plain sight... awareness to be fully functional in a matrix of deception,"Post asserts hidden truth and a 'matrix of deception,' implying the public is deceived about reality, aligning with the focal claim without explicitly naming secret societies or elections.",70,leans_for,assertion,focal_claim,False,0.67,"""our true reality is been hidden in plain sight... be fully functional in a matrix of deception""","Frames society/politics as a concealed “true reality” and a pervasive “matrix of deception,” implying the public is misled about how things really work. Doesn’t name secret societies directly, but the thrust supports the core deception premise.",85,argues_for,assertion,focal_claim,False,0.85,our true reality is been hidden in plain sight... fully functional in a matrix of deception,"The author asserts that reality is hidden and we live in a 'matrix of deception,' strongly endorsing the core premise of the focal claim.",70,leans_for,mixed_assertion_question,focal_claim,False,0.75,We believe that our true reality is been hidden in plain sight... matrix of deception.,"Post asserts belief in hidden reality and systemic deception, endorsing the core premise of public manipulation by hidden forces.",70,leans_for,assertion,focal_claim,False,0.8,We believe that our true reality is been hidden in plain sight... to be fully functional in a matrix of deception.,"The post asserts that reality is hidden and people live in a 'matrix of deception', which directly supports the focal claim of public deception about governance. It does not question or express uncertainty; it states a belief.",True,70,leans_for,assertion,focal_claim,6.99,False,5,0
R_7vEu3p3UFrYFrs5::pre,R_7vEu3p3UFrYFrs5,pre,Pay attention to what you hear and see regarding Jared Kushner. How influential is he in some of the things that are happening globally.,,5,63,leans_for,question_raising,focal_claim,False,0.7,Pay attention to what you hear and see regarding Jared Kushner. How influential is he in some of the things that are happening globally.,"The post urges audience vigilance about Kushner's influence and poses a premise-accepting question implying significant hidden power, leaning toward the focal claim without asserting it outright.",62,leans_for,question_raising,focal_claim,False,0.74,"""Pay attention to what you hear and see regarding Jared Kushner. How influential is he in some of the things that are happening globally.""","The post encourages suspicion and invites readers to scrutinize Kushner’s influence, implying he may be significantly behind events, but it doesn’t explicitly claim he is running the White House.",65,leans_for,question_raising,focal_claim,False,0.85,How influential is he in some of the things that are happening globally.,"The post invites the audience to question and observe Kushner's level of influence, suggesting there is more to his role than meets the eye.",65,leans_for,question_raising,related_conspiracy,False,0.7,How influential is he in some of the things that are happening globally.,"Invites public scrutiny of Kushner's global influence via premise-accepting question, implying hidden power without asserting the exact focal claim.",65,leans_for,question_raising,focal_claim,False,0.8,Pay attention to what you hear and see regarding Jared Kushner. How influential is he,"The post urges the audience to 'pay attention' to Kushner's role and asks a premise-accepting question about his global influence, implying he is a significant, behind-the-scenes actor. This suggests support for the idea he is running things, though not a direct assertion.",True,65,leans_for,question_raising,focal_claim,1.41,False,5,0
