ResponseId,gpt_orientation,claude_orientation,gemini_orientation,orientation_consensus,n_votes,canonical_claim,gpt_rationale,claude_rationale,gemini_rationale
R_10OPVbm2Q8lndkV,affirms,affirms,affirms,affirms,3,The government has marked street signs with symbols to direct where to take people if martial law is enacted.,Restatement directly asserts the participant’s conspiracy claim as true.,Restatement directly asserts the conspiracy claim; rating 100 endorses it.,The restatement directly asserts the participant's conspiracy theory as true.
R_10VedvbkiSSgJqA,affirms,affirms,affirms,affirms,3,"The government is secretly collaborating with Russia and lying about it, including through Donald Trump’s ongoing ties to Putin.","Restatement asserts secret government-Russia collaboration and lying, matching the participant’s conspiracy claim.",Restatement directly asserts the conspiracy: secret government-Russia collaboration and cover-up.,Rating the restatement 100 directly endorses the participant's belief that the government is secretly collaborating with Russia.
R_10hPPGHAB2TwvUm,affirms,affirms,affirms,affirms,3,The government truly has aliens in their possession.,Restatement asserts the government possesses aliens; rating 100 endorses the participant’s stated conspiracy claim.,Restatement directly states the conspiracy as true; 100 = believes it.,"Rating 100 endorses the conspiracy that the government possesses aliens, matching the participant's description."
R_10nMOojebhyQmCc,affirms,affirms,affirms,affirms,3,Bigfoot is real and people have taken pictures as evidence of its existence.,Restatement directly asserts Bigfoot exists and photos are evidence; 100 equals endorsing the conspiracy claim.,"Restatement directly asserts Bigfoot exists, matching the participant's conspiracy belief.","Rating 100 means believing Bigfoot is real, which directly affirms the participant's described conspiracy."
R_10qQP2Au1OeVz6w,affirms,affirms,affirms,affirms,3,The Loch Ness monster once ruled Scotland.,Restatement directly asserts the participant’s conspiracy as true; rating 100 endorses it.,Restatement directly asserts the conspiracy claim; rating 100 endorses it.,Rating 100 endorses the participant's exact conspiracy claim that the Loch Ness monster ruled Scotland.
R_10vJTRL61oumLmh,affirms,affirms,affirms,affirms,3,"Someone in government knows who is responsible for JFK's assassination, and there were multiple shooters or individuals responsible.","Restatement asserts government knowledge and multiple perpetrators, matching the participant’s conspiracy claim.",Rating 100 directly endorses the conspiracy: government cover-up with multiple shooters.,The restatement directly asserts the participant's conspiracy theory about government knowledge and multiple shooters.
R_11KlbM6hLj84AUN,affirms,affirms,affirms,affirms,3,"The COVID-19 vaccine is harmful to our bodies and is part of a larger agenda, with blood clots and manipulated COVID death statistics.","Restatement asserts vaccine harm and larger agenda, matching the participant’s conspiracy framing.","Restatement directly asserts the conspiracy: harmful vaccine, hidden agenda, manipulated statistics.",Rating the restatement 100 directly endorses the participant's described conspiracy that the COVID-19 vaccine is harmful.
R_11SqhtbKPRJSajB,affirms,affirms,affirms,affirms,3,John F Kennedy was assassinated by the U.S. government.,Restatement directly asserts the participant’s conspiracy that the U.S. government killed JFK.,Restatement directly states the conspiracy: government killed JFK.,Rating 100 endorses the participant's exact conspiracy theory that the US government assassinated JFK.
R_11TU6Hi6NmxZxqX,affirms,affirms,affirms,affirms,3,"Nelson Mandela died in prison, as remembered in the Mandela Effect.",Restatement asserts Mandela died in prison; rating 100 endorses participant’s described Mandela Effect claim.,Rating 100 affirms the Mandela Effect conspiracy that Mandela died in prison.,Rating 100 endorses the participant's specific description of the Mandela Effect conspiracy.
R_11bpnxieeTpA0fP,affirms,affirms,affirms,affirms,3,President Trump shows signs of dementia and has had a stroke.,Restatement asserts the conspiracy claim as true; rating 100 endorses dementia and stroke allegation.,Restatement directly asserts the conspiracy claim; rating 100 endorses it.,The restatement directly asserts the participant's conspiracy theory that Trump has dementia and had a stroke.
R_11vHU3oKjQVMKZf,affirms,affirms,affirms,affirms,3,"Bigfoot exists and has been spotted, with evidence including footprints, pictures, and video footage.",Restatement asserts Bigfoot’s existence and evidence; rating 100 endorses the described belief.,"Rating 100 means believing Bigfoot is real, matching the conspiracy described.","The restatement explicitly claims Bigfoot exists, so a 100 rating directly affirms the participant's conspiracy."
R_11zvQx3U5aI4Nal,affirms,affirms,affirms,affirms,3,The 9/11 attacks involved U.S. government involvement and were used to control the general population.,"Restatement asserts government involvement and population control, matching the participant’s conspiracy claim.",Restatement directly asserts the conspiracy: government involvement and population control.,The restatement directly asserts the participant's conspiracy theory that the government was involved in 9/11 for population control.
R_123MtQ3Wozvr6g3,affirms,affirms,affirms,affirms,3,Donald Trump and Elon Musk manipulated the outcome to win the last election.,"Restatement asserts the alleged election manipulation as true, matching the participant’s described conspiracy.",Restatement directly asserts the conspiracy that Trump and Musk cheated to win.,"Rating 100 means agreeing they manipulated the election, which directly affirms the participant's conspiracy theory."
R_12458jByXPrSUvr,affirms,affirms,affirms,affirms,3,There is a hidden society beyond the Ice wall in Antarctica that only higher government officials know about.,Restatement directly asserts the described conspiracy; rating 100 means fully endorsing it.,Restatement directly asserts the conspiracy as true; 100 = full belief.,The restatement directly asserts the participant's conspiracy theory about a hidden society beyond the Antarctic ice wall.
R_124Kp07psZkIcSH,affirms,affirms,affirms,affirms,3,The World Trade Center Twin Towers on 9/11 were brought down by controlled demolitions to initiate a new era of American imperialism.,Restatement directly asserts the controlled-demolition conspiracy; rating 100 means endorsing that conspiracy.,"Rating 100 means believing controlled demolition conspiracy, matching participant's described theory.",The restatement directly asserts the conspiracy theory as true.
R_12J1EQKq2JswiSq,affirms,affirms,affirms,affirms,3,The government is hiding evidence of extraterrestrial contact and has recovered alien technology.,Restatement directly asserts the described conspiracy; rating 100 indicates full belief in it.,Restatement directly matches the conspiracy claim verbatim.,"The restatement directly asserts the participant's conspiracy theory, so a 100 rating means fully believing it."
R_12UNIa6s9RebkcN,affirms,affirms,affirms,affirms,3,"The coronavirus was created in a lab, along with its antibody, by a group that profits from selling them.",Restatement directly asserts the participant’s lab-creation and profiteering conspiracy as true.,Restatement directly states the conspiracy: lab-created virus and antibody sold for profit.,The restatement directly asserts the participant's conspiracy theory that the virus and antibody were created for profit.
R_12VrtqW5pdD20k9,affirms,affirms,affirms,affirms,3,"More than one person was involved in JFK's murder, and Lee Harvey Oswald did not act alone.","Restatement matches participant’s conspiracy claim that JFK was killed by multiple people, not Oswald alone.","Restatement directly asserts the conspiracy: multiple people involved, Oswald not alone.",The restatement directly asserts the participant's belief that multiple people were involved in JFK's assassination.
R_12VuoNNrNqO7CiC,affirms,affirms,affirms,affirms,3,A group known as The Illuminates controls everything around the world.,Restatement directly asserts the described conspiracy as true; rating 100 endorses it.,Restatement directly asserts the Illuminati conspiracy as true; 100 = full belief.,"The restatement directly asserts the existence and global control of the Illuminati, matching the participant's conspiracy."
R_12WvD5AeURpKa97,affirms,affirms,affirms,affirms,3,"Cloning people has been attempted, and the results of these experiments exist but are not fully disclosed.","Restatement asserts secret human cloning attempts and undisclosed results, matching participant’s described conspiracy.",Restatement directly affirms secret human cloning experiments with hidden results.,Rating 100 endorses the participant's belief that human cloning has been attempted and the results are being hidden.
R_12sh87V4qs4O2MO,affirms,affirms,affirms,affirms,3,"Jeffrey Epstein's death was a coverup, and he is still alive in hiding due to having powerful knowledge and potentially making a deal.","Restatement asserts coverup and Epstein still alive, matching the participant’s conspiracy framing.",Restatement directly asserts the conspiracy: Epstein faked death and is alive.,Rating 100 endorses the participant's theory that Epstein's death was a coverup and he is alive in hiding.
R_12shHZKGrvr4DZz,affirms,affirms,affirms,affirms,3,Trump conspired with the Russians.,Restatement directly asserts the participant’s conspiracy; rating 100 means believing Trump conspired with Russia.,Restatement directly states the conspiracy as true; 100 = believes it.,"Rating 100 means believing Trump conspired with Russia, which directly affirms the participant's conspiracy theory."
R_12t9W3ES9QF5FaN,affirms,affirms,affirms,affirms,3,"The government is hiding evidence of extraterrestrial contact and has recovered alien technology, supported by testimonies and evidence from retired engineers and a dying scientist.",Restatement asserts the conspiracy claims as true; a 100 rating endorses government alien cover-up.,Restatement directly asserts the conspiracy claim; rating 100 endorses it fully.,The restatement directly asserts the participant's belief that the government is hiding extraterrestrial contact and technology.
R_12zlkE6YjXnyCC6,affirms,affirms,affirms,affirms,3,Epstein is still alive and hiding from the world.,Restatement matches the described conspiracy; rating 100 means believing Epstein faked his death and is alive.,Restatement directly states the conspiracy: Epstein faked his death and is alive.,"Rating 100 means believing Epstein is alive, which directly affirms the participant's conspiracy theory."
R_138hSlcQenL5Gf6,affirms,affirms,affirms,affirms,3,Jeffrey Epstein was murdered by the government.,Restatement asserts the conspiracy as true; 100 rating endorses government murder claim.,Restatement directly asserts government murdered Epstein; 100 = fully believes conspiracy.,The restatement directly asserts the participant's conspiracy theory as true.
R_13c71wu8TVrbw8F,affirms,affirms,affirms,affirms,3,Reptilian leaders are shape-shifting reptiles disguised as humans.,Restatement directly asserts the participant’s reptilian shapeshifter conspiracy as true.,"Rating 100 means believing leaders are reptilian shapeshifters, endorsing the conspiracy.",Rating the statement 100 directly endorses the participant's conspiracy theory about shape-shifting reptilian leaders.
R_13ee2baYeNfNezx,affirms,affirms,affirms,affirms,3,COVID-19 was deliberately created and released from a Chinese lab to control the population and ruin businesses.,"Restatement asserts the conspiracy claim (deliberate lab creation/release for control), so 100 endorses it.",Restatement directly states the conspiracy as true; 100 = full belief.,The restatement directly asserts the participant's conspiracy theory that COVID-19 was deliberately created to control the population.
R_13nBbOY2s1O6UEN,affirms,affirms,affirms,affirms,3,COVID was developed as a biological weapon.,Restatement directly asserts the participant’s conspiracy claim; rating 100 means fully endorsing it.,Restatement directly states the conspiracy as true; 100 = believes it.,Rating 100 directly endorses the participant's theory that COVID was created as a biological weapon.
R_13rzqVQrpnIz0VX,affirms,affirms,affirms,affirms,3,"Advanced technologies developed after World War II, such as lasers and digital innovations, came from or were influenced by alien/extraterrestrial involvement.",Restatement asserts post-WWII tech was influenced by aliens; rating 100 endorses the conspiracy claim.,"Rating 100 means believing post-WWII technology came from alien influence, endorsing the conspiracy.",Rating 100 endorses the core conspiracy claim that post-WW2 technology was influenced by aliens.
R_1433yBa6x2x2gq2,affirms,affirms,affirms,affirms,3,The government is hiding evidence of extraterrestrial life and has recovered technology from alien beings in incidents like the Roswell crash.,Restatement directly asserts the participant’s described conspiracy as true; rating 100 endorses it.,Restatement directly mirrors the conspiracy claim; rating 100 endorses it.,"The restatement directly asserts the conspiracy theory, so a 100 rating means fully endorsing the cover-up."
R_148BJatgavEKYaY,affirms,affirms,affirms,affirms,3,Area 51 is holding information about aliens that we should know about.,Restatement directly asserts the participant’s conspiracy claim; rating 100 endorses it.,Restatement directly mirrors the conspiracy claim verbatim; 100 = believes it.,"Rating 100 means agreeing Area 51 hides alien information, which directly affirms the participant's conspiracy."
R_14AuylaH1ue57QL,affirms,affirms,affirms,affirms,3,"The Government is hiding evidence of extraterrestrial creatures living on Earth, which are beginning to be exposed in 2026.",Restatement directly asserts government cover-up of extraterrestrials on Earth; 100 equals full endorsement.,"Restatement directly asserts the government is hiding alien evidence, matching the conspiracy.",The restatement directly asserts the participant's conspiracy theory that the government is hiding evidence of extraterrestrials.
R_14DfwOwKDEpkyOK,affirms,affirms,affirms,affirms,3,There is an underground city built beneath the Denver International Airport.,Restatement directly asserts the alleged underground city under DIA as true.,Restatement directly asserts the conspiracy claim as true.,"Rating 100 means believing the underground city exists, which is the conspiracy."
R_14Obhe1ZuPmtE24,affirms,affirms,affirms,affirms,3,Reptile people exist.,"A 100 rating asserts reptile people are real, directly endorsing the described conspiracy claim.","Rating 100 means believing reptile people exist, endorsing the conspiracy.","Rating the statement 100 directly endorses the existence of reptile people, which is the core conspiracy."
R_14VXHh7nRfqO7Dj,affirms,affirms,affirms,affirms,3,9/11 was orchestrated by the US government as a pretext to invade Iraq.,Restatement asserts government orchestration; rating 100 endorses participant’s described conspiracy.,Restatement directly states the conspiracy: US government orchestrated 9/11 to justify Iraq invasion.,The restatement directly asserts the participant's conspiracy theory that the US government orchestrated 9/11 to invade Iraq.
R_14cNhqYDcoyGJ6z,affirms,affirms,affirms,affirms,3,"Aliens are real, and they are being hidden from the public, with those who claim to have seen them mysteriously disappearing.","Restatement asserts aliens exist and are being concealed, matching participant’s described conspiracy narrative.","Restatement directly asserts the conspiracy: aliens exist, are hidden, and witnesses disappear.",The restatement directly asserts the participant's conspiracy theory as true.
R_14pEqAEItyUV7Ti,affirms,affirms,affirms,affirms,3,Major space agencies are concealing evidence of advanced extraterrestrial technology discovered in deep space to prevent disruption of global power structures and scientific norms.,Restatement directly asserts the described concealment conspiracy; rating 100 endorses that conspiracy as true.,Restatement directly asserts the conspiracy; rating 100 endorses it fully.,The restatement directly asserts the participant's conspiracy theory that space agencies are hiding extraterrestrial technology.
R_14x68tyZcEjPTLX,affirms,affirms,affirms,affirms,3,There is other life in outer space.,Restatement directly asserts the participant’s claim; rating 100 indicates full belief in extraterrestrial life.,Restatement directly affirms the conspiracy that extraterrestrial life exists.,Rating the restatement 100 directly endorses the participant's belief that extraterrestrial life exists.
R_14x6YUK7z8nBv5v,affirms,affirms,affirms,affirms,3,The government is in collusion with aliens.,Restatement directly asserts the participant’s conspiracy; rating 100 means fully endorsing it.,Restatement directly states the conspiracy as true; 100 = full belief.,The restatement directly asserts the participant's conspiracy theory as true.
R_14xkleAaXYYq0Xn,affirms,affirms,affirms,affirms,3,McDonald's uses human bodies as meat in their hamburgers.,Restatement asserts the conspiracy claim as true; a 100 rating endorses human meat in McDonald’s burgers.,Restatement directly asserts the conspiracy that McDonald's uses human meat.,"Rating 100 means agreeing that McDonald's uses human meat, which directly affirms the participant's conspiracy."
R_15LxdxegeueXcmS,affirms,affirms,affirms,affirms,3,The moon landing was fake and staged.,Restatement matches participant’s conspiracy; rating 100 endorses the staged/fake moon landing claim.,Restatement directly asserts the conspiracy; rating 100 means believing it was faked.,The restatement directly asserts the participant's conspiracy theory as true.
R_15TQ5FbRzFHdZSH,affirms,affirms,affirms,affirms,3,The government is hiding evidence about aliens.,Restatement directly asserts the participant’s conspiracy; rating 100 means fully endorsing it.,Restatement directly states the conspiracy as true; 100 = believes it.,Rating 100 directly endorses the participant's belief that the government is hiding evidence about aliens.
R_15YI2rnSmfyB4g9,affirms,affirms,affirms,affirms,3,Elon Musk is planning to become the world president.,Restatement directly asserts the participant’s conspiracy; rating 100 means fully endorsing it.,Restatement directly states the conspiracy as true; 100 = full belief.,Rating 100 directly endorses the participant's conspiracy that Elon Musk plans to become world president.
R_15ZSJEqroaQICfA,affirms,affirms,affirms,affirms,3,The Kennedys had Marilyn Monroe killed and staged it to look like a suicide or overdose.,Restatement directly asserts the participant’s conspiracy; rating 100 endorses that claim.,Restatement directly states the conspiracy as true; 100 = believes Kennedys killed Monroe.,The restatement directly asserts the participant's conspiracy theory that the Kennedys murdered Marilyn Monroe.
R_163H1pkG7ZqtfTZ,affirms,affirms,affirms,affirms,3,"The United States government was involved in the collapse of the Twin Towers on September 11, 2001.",Restatement directly asserts the participant’s conspiracy that the government had something to do with the Twin Towers falling.,"Restatement directly asserts government involvement in 9/11, matching the conspiracy.","Rating 100 means believing the government was involved, matching the participant's conspiracy description."
R_16MTNXH6ITsYGkh,affirms,affirms,affirms,affirms,3,Gas prices are being artificially raised by falsely claiming a shortage despite abundant available resources.,"Restatement asserts no real shortage and prices are artificially raised, matching the participant’s conspiracy claim.","Restatement directly endorses the conspiracy: prices are artificially inflated, no real shortage.",Rating 100 endorses the participant's belief that gas prices are artificially inflated despite abundant resources.
R_16TAsvmMQwLgzPX,affirms,affirms,affirms,affirms,3,The Government invented the Covid virus and released it on the public as a form of population control.,Restatement directly asserts the described conspiracy; rating 100 indicates full endorsement.,Restatement is verbatim the conspiracy claim; 100 = full belief.,The restatement directly asserts the participant's conspiracy theory as true.
R_16xpaHOikjkgU9z,affirms,affirms,affirms,affirms,3,The government is hiding evidence that the COVID-19 vaccine has dangerous side effects.,Restatement directly asserts the participant’s conspiracy claim; rating 100 endorses the conspiracy.,Restatement directly mirrors the conspiracy claim verbatim.,Rating 100 endorses the participant's exact claim that the government is hiding dangerous vaccine side effects.
R_177nW41s8YBcgmY,affirms,affirms,affirms,affirms,3,The 2020 presidential election was rigged.,Restatement directly asserts the participant’s described conspiracy; rating 100 indicates full belief it was rigged.,Restatement directly asserts the conspiracy; rating 100 means believing it was rigged.,Rating the statement 100 directly endorses the conspiracy that the 2020 election was rigged.
R_17DQNIVHWT5i77y,affirms,affirms,affirms,affirms,3,Jeffrey Epstein is still alive and in hiding.,Restatement directly asserts the participant’s conspiracy; rating 100 means fully believing Epstein survived and is hiding.,Restatement directly states the conspiracy claim that Epstein faked his death.,"Rating 100 means believing Epstein is alive, which directly endorses the participant's conspiracy theory."
R_17WjDLn8AadYL9p,affirms,affirms,affirms,affirms,3,The Bermuda Triangle is a mysterious area where people and objects go missing because of unusual conditions there.,"Restatement asserts the Triangle’s mystery and causally explains disappearances, matching the participant’s conspiracy claim.",Rating 100 endorses the Bermuda Triangle mystery/conspiracy as real and causally explained.,Rating 100 means endorsing the mystery of the Bermuda Triangle as described by the participant.
R_17lY1KPP2dfbtO9,affirms,affirms,affirms,affirms,3,The government has perfected the ability to influence reality and has experimented with supernatural powers such as precognition and telekinesis.,Restatement directly asserts the participant’s conspiracy claim as true.,Restatement directly mirrors the conspiracy claim; rating 100 endorses it.,The restatement directly asserts the participant's conspiracy theory about government supernatural experiments as true.
R_185DQ9l7Kj8SHHb,affirms,affirms,affirms,affirms,3,John F. Kennedy was not killed by the officially stated perpetrator.,"Restatement rejects the official lone-perpetrator account, matching participant’s stated doubt about the official story.",Rating 100 endorses the conspiracy that Oswald/official account is wrong.,"Rating 100 means agreeing the official story is false, which directly affirms the participant's conspiracy theory."
R_187xAtygioKtgIN,affirms,affirms,affirms,affirms,3,"MAGA Republicans are rigging elections and stealing seats, thereby being unfair to the people.",Restatement directly asserts the participant’s conspiracy; rating 100 means fully endorsing that claim.,Restatement directly asserts the conspiracy; rating 100 endorses it.,The restatement directly asserts the participant's conspiracy theory that MAGA Republicans are rigging elections.
R_18cgwRpbDCEt6i5,affirms,affirms,affirms,affirms,3,"Jeffrey Epstein is still alive and is being protected by governments because the body found in prison was a body double, with the real Epstein having been replaced to prevent him from implicating high-profile individuals, including former President Trump, who have associations with his island activities.","Restatement asserts Epstein is alive, body double used, and governments protect him—matching the participant’s conspiracy.",Rating 100 directly endorses the conspiracy that Epstein faked death via body double.,The restatement directly asserts the participant's conspiracy theory as true.
R_190oGF6bdmSMqvz,affirms,affirms,affirms,affirms,3,The nation of Islam is hiding information about Malcolm X's death from the public.,Restatement directly asserts the participant’s conspiracy claim; rating 100 endorses the cover-up allegation.,Restatement directly matches participant's belief that NOI concealed information about Malcolm X's death.,The restatement directly asserts the participant's conspiracy theory that the Nation of Islam is hiding information.
R_193Nje7ZhZo2qSa,affirms,affirms,affirms,affirms,3,The 9/11 attacks were orchestrated and carried out by the United States government.,Restatement directly asserts the participant’s inside-job conspiracy; rating 100 means full endorsement.,Restatement directly states the conspiracy: US government planned and executed 9/11.,The restatement directly asserts the participant's conspiracy theory that the US government planned 9/11.
R_193l8KasL1r429H,affirms,affirms,affirms,affirms,3,Governments use satellites to control weather patterns across the world.,Restatement directly asserts the participant’s conspiracy; 100 means fully endorsing that claim.,Restatement is verbatim the conspiracy claim; 100 = full belief.,The restatement directly asserts the participant's conspiracy theory as true.
R_19dngMJc5JiWxa5,affirms,affirms,affirms,affirms,3,The doomsday clock indicates that the world will end when it reaches a certain time.,Restatement asserts doomsday clock predicts literal world end; endorsing it affirms participant’s described conspiracy.,Rating 100 endorses the conspiracy that the doomsday clock literally predicts world's end.,The restatement directly asserts the participant's conspiracy theory as true.
R_1BWAkiDfMc8etPn,affirms,affirms,affirms,affirms,3,The assassination of Abraham Lincoln was orchestrated by government officials.,"Restatement directly claims government officials orchestrated Lincoln’s assassination, matching the participant’s conspiracy.","Restatement directly states government officials planned Lincoln's assassination, matching the conspiracy.",The restatement directly asserts the participant's conspiracy theory that government officials planned Lincoln's assassination.
R_1BsrNJSV1pIABvX,affirms,affirms,affirms,affirms,3,The government created Covid-19 and has the ability to cure it and similar diseases but chooses not to provide these cures.,Restatement directly asserts the participant’s conspiracy claim; rating 100 would endorse it.,Restatement directly asserts the conspiracy: government created COVID and withholds cures.,The restatement directly asserts the participant's conspiracy theory that the government created COVID-19 and hides cures.
R_1By9BU8Bxkh4t9Q,affirms,affirms,affirms,affirms,3,The moon landing was a hoax and was faked by Americans.,Restatement asserts the hoax; rating 100 means fully endorsing the moon-landing-faked conspiracy.,"Rating 100 means believing the moon landing was faked, endorsing the conspiracy.",Rating the restatement 100 means endorsing the conspiracy that the moon landing was faked.
R_1CKKGWkbVGZQjrb,affirms,affirms,affirms,affirms,3,The COVID vaccines are poisonous and untested.,Restatement directly asserts the participant’s conspiracy claim; rating 100 would fully endorse it.,Restatement directly mirrors the conspiracy claim; rating 100 endorses it.,Rating the statement 100 directly endorses the participant's belief that the vaccines are poisonous and untested.
R_1CN7jvWjJJvufsI,affirms,affirms,affirms,affirms,3,"In the 1800s, a mud flood occurred to conceal an advanced civilization, as evidenced by architecture from that era that surpasses the technological capabilities of the time.",Restatement asserts mud flood hid advanced civilization; 100 means endorsing the conspiracy claim.,Restatement directly asserts the conspiracy: mud flood hid advanced civilization with architectural evidence.,The restatement directly asserts the participant's mud flood conspiracy as a factual event.
R_1COsRlxYBViMydJ,affirms,affirms,affirms,affirms,3,The Mothman exists in West Virginia and southern Ohio.,Restatement directly asserts the participant’s conspiracy claim; rating 100 endorses Mothman’s existence there.,Restatement directly asserts the conspiracy claim; 100 = believes Mothman exists.,"The restatement directly asserts the existence of the Mothman, perfectly matching the participant's conspiracy description."
R_1Cje4mjZOSjYuim,affirms,affirms,affirms,affirms,3,The 9/11 attacks were a controlled demolition orchestrated by elements of the U.S. government to justify war and expand surveillance powers.,Restatement directly asserts the described 9/11 government-controlled demolition conspiracy as true.,Restatement directly asserts the conspiracy; rating 100 means fully believing it.,The restatement directly asserts the participant's conspiracy theory that 9/11 was an inside job.
R_1Cpx43HAdZPlKXT,unclear,unclear,unclear,unclear,3,The participant’s theory about how the world works is true.,Participant didn’t specify any concrete conspiracy; restatement is generic and not clearly pro- or anti-conspiracy.,Description is too vague to identify a specific conspiracy; restatement is a topic label.,The restatement describes the participant's belief state rather than asserting a specific conspiracy theory as true.
R_1DTF0T6JYAXfOFN,affirms,affirms,affirms,affirms,3,The turmoil with the U.S. president and other leaders is a calculated distraction to divert attention from an undisclosed domestic issue the U.S. leadership wants to conceal.,Restatement directly asserts the participant’s conspiracy that political turmoil is intentionally staged to hide a domestic issue.,Restatement directly mirrors the conspiracy: presidential turmoil is deliberate distraction from hidden domestic issue.,The restatement directly asserts the participant's conspiracy theory that political turmoil is a deliberate distraction.
R_1DTsVQ5PcjRNsHP,affirms,affirms,affirms,affirms,3,The moon is made of plasma.,Restatement directly asserts the participant’s conspiracy claim as true; 100 means endorsing it.,Restatement directly states the conspiracy claim as true.,The restatement directly asserts the participant's conspiracy theory that the moon is made of plasma.
R_1DYWV516viQIgA1,affirms,affirms,affirms,affirms,3,The moon landing was faked.,Restatement asserts the core conspiracy claim that the moon landing was staged/fake.,Restatement directly asserts the conspiracy; rating 100 endorses it.,"Rating 100 means believing the moon landing was faked, which is the conspiracy."
R_1DZl4aUe0MjBCKg,denies,affirms,affirms,affirms,3,Lee Harvey Oswald did not murder JFK because it was impossible for him to fire that many shots from his angle.,Restatement asserts Oswald did NOT murder JFK; 100 agrees with the opposite of participant’s described claim.,"Participant doubts Oswald acted alone; restatement affirms that doubt, so 100 = conspiracy belief.","Rating 100 means agreeing Oswald didn't do it, which aligns with the participant's conspiracy belief."
R_1DwoFHJ8HFeSH5a,affirms,affirms,affirms,affirms,3,"Alien spaceships are kept at Area 51, where their technology is being reverse-engineered by the military.",Restatement directly asserts the participant’s described conspiracy as true.,Restatement directly asserts the conspiracy; rating 100 means fully believing it.,Rating 100 endorses the participant's exact claim about alien spaceships and reverse engineering at Area 51.
R_1Dy7IznFcxDghRD,affirms,affirms,affirms,affirms,3,"The earth is flat, and this information is only known by certain people.",Restatement directly asserts participant’s flat-earth conspiracy; rating 100 indicates full endorsement.,Restatement directly asserts the flat earth conspiracy as true.,Rating 100 directly endorses the participant's flat earth conspiracy theory.
R_1EAarwXPntc8iST,affirms,affirms,affirms,affirms,3,Area 51 is a location where aliens and their ships are being concealed.,Restatement asserts the conspiracy claim directly; rating 100 means believing aliens and ships are hidden at Area 51.,Restatement directly asserts the conspiracy: aliens hidden at Area 51.,"Rating 100 means agreeing that Area 51 conceals aliens, directly affirming the participant's conspiracy."
R_1EbqGSNQ5KnlNoW,affirms,affirms,affirms,affirms,3,JFK's assassination was planned by the USA government.,Restatement directly asserts the participant’s conspiracy claim; rating 100 means fully endorsing it.,Restatement directly states the conspiracy as true; 100 = full belief.,The restatement directly asserts the participant's conspiracy theory that the US government planned JFK's assassination.
R_1EfWMLMgcrgZkwJ,affirms,affirms,affirms,affirms,3,"Martin Luther King Jr. was killed by the government, and they are hiding their involvement.",Restatement directly asserts the participant’s conspiracy: government killed MLK and is covering it up.,Restatement directly asserts government killed MLK and covered it up.,The restatement directly asserts the participant's conspiracy theory that the government killed MLK and covered it up.
R_1EhtLlpP8CifVv6,affirms,affirms,affirms,affirms,3,"Water is being added to our gasoline, making us refuel more frequently and spend more money due to high fuel prices.",Restatement directly asserts the conspiracy claim that water is added to gasoline to force more refueling.,Restatement directly asserts the conspiracy claim verbatim; 100 = believes it.,The restatement directly asserts the participant's conspiracy theory as true.
R_1EmpxG6sPuOzRzA,affirms,affirms,affirms,affirms,3,The US Government orchestrated the 9/11 attacks on the World Trade Center to steal a large amount of money stored in one of the buildings and used controlled explosions to bring the buildings down.,Restatement directly asserts the described conspiracy claims; rating 100 means fully endorsing government-orchestrated 9/11 with controlled demolition,"Restatement directly asserts the conspiracy: government orchestrated attacks, stole money, used controlled demolition.",The restatement directly asserts the participant's conspiracy theory as true.
R_1EuaXnQwQG285hI,affirms,affirms,affirms,affirms,3,The government has an underground bunker for the president to use in case of a bombing.,Restatement directly asserts the participant’s claimed conspiracy; 100 means endorsing that claim.,Restatement directly states the participant's belief; 100 = endorsing the conspiracy.,The restatement directly asserts the participant's belief about a secret presidential bunker as true.
R_1F2R22jd7mA7J2k,affirms,affirms,affirms,affirms,3,Aliens are real and people have seen them.,"Restatement asserts aliens exist and have been seen, matching the participant’s described conspiracy claim.",Rating 100 means believing aliens exist and have been witnessed.,"Rating 100 means believing aliens exist and have been seen, which directly affirms the described conspiracy."
R_1FKeiLfVgDS7u1c,affirms,affirms,affirms,affirms,3,The first manned moon landing was staged in a studio to appear as if it happened on the moon.,"Restatement asserts the moon landing was faked in a studio, matching the participant’s conspiracy claim.",Restatement directly asserts the conspiracy: moon landing was faked in a studio.,"Rating 100 means agreeing the moon landing was staged, which directly affirms the participant's conspiracy theory."
R_1FSaiNMD6ayJqnV,affirms,affirms,affirms,affirms,3,The government is run by shadowy figures who have contact with aliens.,Restatement directly asserts the participant’s conspiracy; rating 100 equals endorsing that claim as true.,Restatement directly restates the conspiracy as true; 100 = full belief.,The restatement directly asserts the participant's conspiracy theory about shadowy figures and aliens as true.
R_1FVx0rnHskjeFus,affirms,affirms,affirms,affirms,3,Covid was produced in a laboratory in China.,Restatement directly asserts the described conspiracy; rating 100 endorses lab-origin claim.,Restatement directly states the conspiracy as true.,Rating the restatement 100 directly endorses the participant's conspiracy theory that Covid was lab-created.
R_1Fjd6qeJ5DbBU9r,affirms,affirms,affirms,affirms,3,"We are all living in someone else's virtual reality, controlled by a puppet master.",Restatement directly asserts the participant’s simulation/puppet-master conspiracy as true.,Restatement directly mirrors the conspiracy: simulated reality controlled by a hidden puppet master.,Rating 100 endorses the participant's exact claim that we live in a controlled virtual reality.
R_1G618NDqKi4yb85,affirms,affirms,affirms,affirms,3,"Certain governments are hiding evidence of extraterrestrial life and have recovered advanced alien technology, which they have chosen not to reveal to the public.",Restatement directly asserts the described conspiracy; rating 100 means fully endorsing it.,Restatement directly asserts the conspiracy; rating 100 means fully believing it.,The restatement directly asserts the participant's conspiracy theory as true.
R_1GB5kf56UwDbde3,affirms,affirms,affirms,affirms,3,There is a worldwide group of elites that secretly runs the world and determines global events through exclusive meetings.,Restatement directly asserts the participant’s elite cabal controls world events; 100 equals full endorsement.,Restatement directly asserts the conspiracy; rating 100 endorses it.,The restatement directly asserts the participant's belief in a secret elite group controlling world events.
R_1GWar0hz2eHBGd5,affirms,affirms,affirms,affirms,3,"A Washington, D.C.-based sex trafficking ring exists, known as Pizzagate.","Restatement asserts Pizzagate is a real D.C.-based sex trafficking ring, matching the conspiracy claim.",Restatement directly asserts the Pizzagate conspiracy as true; 100 = believes it.,Rating the statement 100 directly endorses the existence of the Pizzagate sex trafficking ring.
R_1GYrkSmMb0Bt9Ch,affirms,affirms,affirms,affirms,3,"There is evidence of life and possible ruins on Mars, and this evidence has been long suppressed.","Restatement asserts suppressed evidence of life/ruins on Mars, matching the participant’s described conspiracy.","Rating 100 endorses suppressed evidence of extraterrestrial life, matching the conspiracy.",Rating 100 affirms the participant's belief that evidence of life and ruins on Mars has been suppressed.
R_1Gp3qlInGLFw6GH,affirms,affirms,affirms,affirms,3,"The moon landing was staged, and everything the public saw was filmed in a studio.",Restatement directly asserts the participant’s conspiracy; rating it 100 fully endorses the hoax claim.,Restatement directly asserts the conspiracy: moon landing was faked in a studio.,Rating 100 directly endorses the participant's conspiracy theory that the moon landing was faked in a studio.
R_1Grjr9o2vQZJCpb,affirms,affirms,affirms,affirms,3,"The moon landing in 1969 was staged by the U.S. government, with footage filmed on Earth to win the space race against the Soviet Union.",Restatement directly asserts the described conspiracy; rating 100 means fully endorsing it.,Restatement directly asserts the conspiracy; rating 100 means believing it was faked.,"Rating 100 means endorsing the claim that the moon landing was staged, which affirms the conspiracy."
R_1H2yU6uCvId6xAZ,affirms,affirms,affirms,affirms,3,Extraterrestrial beings have made contact with us and there are some among us to this day.,Restatement directly asserts the participant’s conspiracy claim; rating 100 means fully believing alien contact and presence.,Restatement directly states the conspiracy as true; 100 = full belief.,The restatement directly asserts the participant's conspiracy theory about extraterrestrial contact and presence on Earth.
R_1H83aBQs5B7oNHJ,affirms,affirms,affirms,affirms,3,"Black people were the original inhabitants and the real Jews, rather than white people.",Restatement directly asserts the participant’s described claim; rating 100 endorses the conspiracy.,Restatement directly asserts the participant's conspiracy as true.,The restatement directly asserts the participant's conspiracy theory as true.
R_1HByNizXOZ0wgpC,affirms,affirms,affirms,affirms,3,Jeffrey Epstein was killed and did not commit suicide.,Restatement matches the participant’s conspiracy claim; 100 would endorse murder rather than suicide.,"Restatement directly states the conspiracy: Epstein was murdered, not suicide.",The restatement directly asserts the participant's conspiracy theory that Epstein was murdered.
R_1HTV9przTRrnqPn,affirms,affirms,affirms,affirms,3,The government is run by non-human intelligence or some other being.,Restatement directly asserts the participant’s conspiracy; rating it 100 means fully endorsing that claim.,Restatement directly asserts the conspiracy; rating 100 endorses it.,Rating 100 means endorsing the conspiracy that non-human intelligence runs the government.
R_1HY2kEHqP6amdqx,affirms,affirms,affirms,affirms,3,Area 51 hides extraterrestrials and components of terrestrial life from the public.,"Restatement asserts Area 51 conceals extraterrestrials/life components, matching participant’s described conspiracy claim.","Rating 100 means believing Area 51 conceals extraterrestrials, matching the conspiracy described.",The restatement directly asserts the participant's conspiracy theory as true.
R_1HdB6ZsOgS1eHJ8,affirms,affirms,affirms,affirms,3,The government is concealing the true reasons behind the 9/11 attacks.,"Restatement asserts the government is hiding the truth about 9/11, matching the participant’s conspiracy claim.",Restatement directly mirrors the conspiracy: government hiding 9/11 truth.,Rating 100 endorses the participant's belief that the government is hiding the truth about 9/11.
R_1Hi4qL18d2phVUm,affirms,affirms,affirms,affirms,3,Major tech companies secretly manipulate social media algorithms to influence elections and public opinion without users knowing.,Restatement directly asserts the described conspiracy as true; a 100 rating endorses it.,Restatement directly states the conspiracy as true; 100 = full belief.,"The restatement directly asserts the conspiracy theory, so a 100 rating means fully endorsing the conspiracy."
R_1HiNTzGZFJW2nnK,affirms,affirms,affirms,affirms,3,"Aliens are walking among us as doctors and parents, and the government is hiding this from Americans.",Restatement directly asserts the participant’s alien-infiltration conspiracy; rating 100 endorses it.,Restatement directly mirrors the participant's conspiracy claim verbatim.,"The restatement directly asserts the participant's conspiracy theory, so a 100 rating means fully endorsing it."
R_1HidUUAIMrXxx88,affirms,affirms,affirms,affirms,3,"The government is hiding information, including details about extraterrestrial life, and has ultimate control over the country.","Restatement asserts government cover-up about extraterrestrials and ultimate control, matching participant’s conspiracy.","Restatement directly asserts government concealment of extraterrestrial info, matching the conspiracy.",The restatement directly asserts the participant's belief that the government is hiding information about extraterrestrials.
R_1HjKJM8H9cToKYw,affirms,affirms,affirms,affirms,3,The government is hiding information from the public.,Restatement directly asserts the participant’s conspiracy claim as true.,Restatement directly states the conspiracy claim; rating 100 endorses it.,Rating 100 endorses the participant's exact claim that the government hides information from the public.
R_1How6e5IkQtZrGU,affirms,affirms,affirms,affirms,3,There is an ongoing global cyber war that governments are hiding by diverting attention to other events.,Restatement matches participant’s conspiracy; 100 means believing governments conceal a global cyber war.,Restatement directly states the conspiracy as true; 100 = full belief.,The restatement directly asserts the participant's conspiracy theory as true.
R_1Hw89IAOM872zP2,affirms,affirms,affirms,affirms,3,"We are not alone in space, and encounters with nonhuman artificial intelligence and aircraft are being covered up from the public.","Restatement asserts extraterrestrial/AI encounters and a deliberate cover-up, matching the participant’s conspiracy claim.",Restatement directly affirms the conspiracy: aliens exist and evidence is hidden.,Rating 100 endorses the participant's belief in extraterrestrial life and a cover-up of related evidence.
R_1Hz6uX5pnelwg7Y,affirms,affirms,affirms,affirms,3,Aliens have visited Earth and the government is keeping it a secret.,"Restatement asserts alien visitation and government cover-up, matching participant’s described conspiracy.",Restatement directly asserts the conspiracy: alien visits and government cover-up.,The restatement directly asserts the participant's conspiracy theory as true.
R_1IJW3g4ImOxgZV9,affirms,affirms,affirms,affirms,3,"Aliens are living among us disguised with different skin colors, and some people on Earth possess superpowers that cannot be explained by scientists or doctors.","Restatement asserts aliens among humans and unexplained superpowers as true, matching the participant’s conspiracy claim.",Restatement directly asserts the participant's conspiracy as true.,The restatement directly asserts the participant's belief that aliens live among us and possess unexplained superpowers.
R_1IQxIAYL25edR73,affirms,affirms,affirms,affirms,3,"Major fast-food chains, including McDonald's, use human meat in their products, sourced through contracts with funeral homes.",Restatement directly asserts the described conspiracy; a 100 rating would endorse it as true.,Restatement directly asserts the conspiracy that fast-food chains use human meat.,The restatement directly asserts the participant's conspiracy theory as true.
R_1IUowqYTeTJpK2R,affirms,affirms,affirms,affirms,3,"The government caused the September 11th attacks and killed 3,000 people.",Restatement directly asserts participant’s conspiracy; rating 100 indicates full endorsement.,Restatement directly asserts the conspiracy; rating 100 means fully believing it.,The restatement directly asserts the participant's conspiracy theory as true.
R_1IXjFD1aecbtFws,affirms,affirms,affirms,affirms,3,Alien technology is being kept and studied at Wright Patterson Air Force Base.,Restatement directly asserts the participant’s conspiracy claim; 100 means fully endorsing it.,Restatement directly mirrors the conspiracy claim verbatim.,The restatement directly asserts the participant's conspiracy theory about alien technology at the base as true.
R_1Ic3JnCa5HGXSFz,affirms,affirms,affirms,affirms,3,Sandy Hook didn't happen and was created on a movie set.,Restatement directly asserts the hoax claim the participant described; 100 means endorsing the conspiracy.,Restatement directly asserts the conspiracy; rating 100 endorses it.,The restatement directly asserts the conspiracy theory described by the participant.
R_1ImBhL49Yan2xgz,affirms,affirms,affirms,affirms,3,The United States faked the moon landing.,Restatement directly asserts the participant’s conspiracy; rating 100 means fully endorsing the faked moon landing claim.,Restatement directly states the conspiracy as true; 100 = believes it was faked.,The restatement directly asserts the conspiracy theory described by the participant.
R_1Iuxx3yGZ86vzX4,affirms,affirms,affirms,affirms,3,Lee Harvey Oswald was not the person who assassinated JFK.,"Restatement asserts Oswald did not kill JFK, matching the participant’s implied conspiracy suspicion.",Rating 100 endorses the conspiracy that Oswald was not the real assassin.,"Rating 100 means agreeing Oswald was not the assassin, which directly affirms the participant's conspiracy theory."
R_1J8XL9InOXsC1OO,affirms,affirms,affirms,affirms,3,The government has been involved in assassination attempts on American public figures.,Restatement directly asserts the participant’s claimed conspiracy; rating 100 endorses government involvement.,Restatement directly mirrors the conspiracy claim; rating 100 endorses it.,Rating 100 endorses the participant's exact claim that the government is involved in assassinating public figures.
R_1JK2BOyMgqQ7YWx,affirms,affirms,affirms,affirms,3,Artificial intelligence was discovered due to extraterrestrial aliens.,"Restatement directly asserts aliens caused the discovery of AI, matching the participant’s conspiracy claim.",Restatement directly states the conspiracy: AI originated from alien extraterrestrials.,The restatement directly asserts the participant's conspiracy theory as true.
R_1JT5MaAQutOWQLL,affirms,affirms,affirms,affirms,3,There is a real concern for voter fraud in the United States.,Restatement asserts meaningful voter fraud concern; rating 100 endorses that claim rather than dismissing it.,Restatement directly asserts the conspiracy claim; rating 100 endorses it.,Rating 100 endorses the participant's described belief that voter fraud is a real concern.
R_1JfTIVId3fK1KMY,affirms,affirms,affirms,affirms,3,"For decades, a covert network within global intelligence agencies has been recovering and reverse-engineering non-human craft and biological evidence in ultra-classified black sites, hiding it to maintain power.",Restatement asserts the claimed secret UAP crash-retrieval and reverse-engineering program as real and ongoing.,Restatement directly asserts the conspiracy as true; rating 100 endorses it fully.,Rating 100 means endorsing the conspiracy that a covert network is hiding and reverse-engineering non-human craft.
R_1Jm9jM0yziuHMFL,affirms,affirms,affirms,affirms,3,There is an alien already on Earth that is hiding from people.,Restatement asserts the participant’s conspiracy claim; rating 100 indicates full belief in that claim.,Restatement directly states the conspiracy as true; 100 = believes it.,Rating 100 directly endorses the participant's belief that aliens are currently hiding on Earth.
R_1JnmvqacPjSOf0C,affirms,affirms,affirms,affirms,3,Rich individuals control all of the world's governments.,Restatement directly asserts the participant’s conspiracy; rating it 100 fully endorses that claim.,Restatement directly states the conspiracy as true; 100 = full belief.,The restatement directly asserts the conspiracy theory described by the participant.
R_1JsVnwEG5AxDjFI,affirms,affirms,affirms,affirms,3,Jeffrey Epstein faked his death and is currently living in Israel.,Restatement matches participant’s conspiracy claim; rating 100 endorses that Epstein is alive in Israel.,Restatement directly states the conspiracy as true; 100 = believes conspiracy.,The restatement directly asserts the participant's conspiracy theory that Epstein faked his death and is in Israel.
R_1JvFrC8EKXDrb6V,affirms,affirms,affirms,affirms,3,"The earth is flat, and space isn't real; it is just a firmament, with us living in a globe-like structure.",Restatement directly asserts the participant’s flat-earth/firmament claim as true.,Restatement directly asserts the flat earth/firmament conspiracy as true.,The restatement directly asserts the participant's flat earth and firmament conspiracy theory as true.
R_1JwuxJiuCtulmgh,affirms,affirms,affirms,affirms,3,"The government is hiding UFO discoveries, evidenced by inexplicable materials and videos.",Restatement asserts the government hides UFO discoveries; rating 100 endorses the described conspiracy.,Restatement directly asserts the conspiracy: government concealing UFO evidence.,Rating 100 endorses the participant's belief that the government is actively hiding UFO evidence.
R_1K2AShWiVneNdJr,affirms,affirms,affirms,affirms,3,"Aliens are stationed in the ocean, which is why NASA stopped exploring it.",Restatement directly asserts the participant’s alien-ocean conspiracy and NASA’s motive for stopping exploration.,Restatement directly asserts the conspiracy; rating 100 means fully believing it.,The restatement directly asserts the participant's conspiracy theory about aliens in the ocean as a fact.
R_1K3USjxCGI8ARvu,affirms,affirms,affirms,affirms,3,Elites are being replaced with clones.,Restatement directly asserts the participant’s conspiracy claim; rating 100 equals endorsing the clone-replacement idea.,Restatement directly states the conspiracy as true; 100 = full belief.,Rating the restatement 100 directly endorses the participant's conspiracy theory that elites are being replaced with clones.
R_1KDFAx4WgcXYFvr,affirms,affirms,affirms,affirms,3,"The government possesses evidence proving the existence of aliens, including a recovered alien craft and records of interviews and reports about it, despite official denials.",Restatement asserts government has alien proof and recovered craft; a 100 rating endorses the conspiracy claim.,"Rating 100 means believing the government has hidden alien evidence, endorsing the conspiracy.",Rating 100 means endorsing the conspiracy that the government has proof of aliens and covered it up.
R_1KGZBFTCgKRSMnT,affirms,affirms,affirms,affirms,3,There is another life form that we are not supposed to know about.,Restatement directly asserts the hidden life form claim; rating 100 endorses the participant’s conspiracy.,Restatement directly mirrors participant's conspiracy belief verbatim.,Rating the restatement 100 directly endorses the participant's belief in a hidden extraterrestrial life form.
R_1KSKQkYMcSD7A6l,affirms,affirms,affirms,affirms,3,Area 51 is holding aliens and conducting tests on them.,Restatement directly asserts the conspiracy claim; rating 100 means believing aliens are held and tested at Area 51.,Restatement directly mirrors the conspiracy claim; 100 = believes it.,Rating the restatement 100 directly endorses the participant's conspiracy theory about aliens at Area 51.
R_1KjqChUe8W5p4OD,affirms,affirms,affirms,affirms,3,"Aliens once inhabited the earth, assisting in the construction of ancient temples and pyramids and teaching early civilizations about math, science, and technology.",Restatement directly asserts the participant’s alien-ancient assistance conspiracy as true.,Restatement directly asserts the alien intervention conspiracy as true.,The restatement directly asserts the participant's conspiracy theory about ancient aliens as a true fact.
R_1KkSpaRpSgacubL,affirms,affirms,affirms,affirms,3,"The president is secretly working with Israel to control them in order to gain access to oil, with involvement related to the Epstein files.","Restatement asserts the alleged secret collusion and Epstein-file involvement as true, matching the participant’s conspiracy claim.",Restatement directly mirrors the participant's conspiracy claim verbatim.,"The restatement directly asserts the participant's conspiracy theory about the president, Israel, oil, and the Epstein files."
R_1KpVO3lyVMNmYfu,affirms,affirms,affirms,affirms,3,AI will give the government access to every citizen's actions.,Restatement directly asserts the conspiracy that AI enables government access to all citizens’ actions.,Restatement directly states the conspiracy claim; rating 100 endorses it.,The restatement directly asserts the participant's conspiracy theory as true.
R_1LSBNkTPdjFmPPR,affirms,affirms,affirms,affirms,3,Bill and Hillary Clinton were behind the murder of Epstein.,Restatement directly asserts the conspiracy that the Clintons murdered Epstein; 100 means endorsing it.,Restatement directly asserts the conspiracy; rating 100 means believing the Clintons murdered Epstein.,Rating 100 directly endorses the participant's conspiracy theory that the Clintons murdered Epstein.
R_1LYCuPG1eLjAYSs,affirms,affirms,affirms,affirms,3,A large meteor will impact the earth in 2035 and destroy all life.,Restatement directly asserts the participant’s meteor-impact conspiracy; rating 100 endorses it.,Restatement directly states the conspiracy claim as true.,"Rating 100 means believing the meteor will hit in 2035, which directly affirms the participant's conspiracy."
R_1LvYlbok45Bp5A8,affirms,affirms,affirms,affirms,3,The weather conditions worldwide are changing in a negative way such that eventually humans will not survive.,Restatement exactly matches participant’s claim; rating 100 endorses that catastrophic outcome as true.,Restatement is verbatim the participant's conspiracy claim; 100 = full belief.,The restatement exactly matches the participant's description of their belief.
R_1LwlLTUwLawn4k3,affirms,affirms,affirms,affirms,3,Governments use airplanes to spread chemicals and drugs into the atmosphere to modify behavior or control populations.,Restatement directly asserts the chemtrails conspiracy claim as true.,Restatement directly asserts the conspiracy claim; rating 100 endorses it.,The restatement directly asserts the participant's conspiracy theory as true.
R_1LwmP1LHFOiHRdL,affirms,affirms,affirms,affirms,3,"Aliens landed in Roswell, New Mexico, and their existence was intentionally revealed in a way that made people doubt it, coinciding with technological advances.","Restatement asserts aliens landed at Roswell and a deliberate cover-up/disbelief strategy, matching participant’s conspiracy.","Restatement directly affirms the conspiracy: alien landing, cover-up, and tech leaps.",The restatement directly asserts the participant's conspiracy theory as true.
R_1MDm9IG9bGge3xh,affirms,affirms,affirms,affirms,3,"There are several clones of Trump, and when his skin begins to deteriorate they create a new clone, with the most recent clones having very little likeness to the original, and when Trump was hospitalized for COVID, he actually died.",Restatement directly asserts the cloning-and-death conspiracy as true; 100 would endorse it.,Restatement directly asserts the conspiracy: Trump cloned and died of COVID.,The restatement directly asserts the participant's conspiracy theory about Trump being cloned and dying from COVID.
R_1MG47owstGyLuRF,unclear,denies,unclear,unclear,3,"Facebook frequently spreads false reports that actors have died, using pictures and dates to make them seem real.",Restatement only says Facebook reports actor deaths; it doesn’t state the implied falsity/deception central to the conspiracy.,Restatement treats Facebook reports as legitimate; participant doubts their accuracy.,"Restatement only describes Facebook's actions, missing the core conspiracy that these death reports are fake."
R_1MHEqcmBMaTJufL,affirms,affirms,affirms,affirms,3,"Jesus rose from his tomb, confirming the authenticity of the book that documents his life, despite a lack of tangible evidence from that time period.",Restatement asserts Jesus’ resurrection and the book’s authenticity; 100 means endorsing the participant’s claim.,"Rating 100 affirms Jesus's resurrection and the Bible's authenticity, matching the conspiracy belief.",The restatement directly asserts the participant's described belief as true.
R_1MKXywA38vMn1Lr,affirms,affirms,affirms,affirms,3,"Three high-powered individuals are controlling the majority of our food supply and are attempting to gain control over agriculture, but the U.S.A. has been difficult to subdue.",Restatement asserts the participant’s conspiracy claim as true (three individuals control food and seek agriculture control).,Restatement directly states the conspiracy as true; 100 = full belief.,The restatement directly asserts the participant's conspiracy theory about three individuals controlling the food supply.
R_1MwQxf5giJBR5kt,affirms,affirms,affirms,affirms,3,The government possesses proof of alien life and should reveal all their findings to the public.,"It asserts the government has proof of aliens and is withholding it, matching the participant’s conspiracy.","Rating 100 endorses government hiding alien proof, matching participant's conspiracy belief.","Rating 100 means believing the government has proof of alien life, which affirms the participant's conspiracy."
R_1Nlex1inpfw5IrF,affirms,affirms,affirms,affirms,3,The government is hiding alien technology.,Restatement asserts the government is hiding alien tech; rating 100 endorses that conspiracy claim.,Rating 100 endorses both hidden alien tech and suppressed cancer cure conspiracies.,Rating 100 means endorsing the claims about hidden alien tech and a concealed cancer cure.
R_1NmDge9T4RCck8V,affirms,affirms,affirms,affirms,3,The government is hiding experiments at Area 51.,Restatement directly asserts the participant’s conspiracy; rating 100 means fully endorsing it.,Restatement directly states the conspiracy as true; 100 = full belief.,Rating 100 endorses the exact conspiracy described by the participant.
R_1NnysmIkoYhsRr0,affirms,affirms,affirms,affirms,3,Paranormal activity has been caught on camera.,"Restatement asserts paranormal activity was captured on camera, matching the participant’s conspiracy claim.",Rating 100 means believing paranormal activity is real and documented on camera.,Rating 100 endorses the core conspiracy claim that paranormal activity is real and captured on video.
R_1NyqN36IV871zF5,affirms,affirms,affirms,affirms,3,"Car manufacturers design engines and exhaust systems deliberately to make drivers feel addicted to their cars, encouraging them to purchase the next model.","Restatement asserts manufacturers intentionally engineer addiction to drive repeat purchases, matching participant’s conspiracy.",Restatement directly states the conspiracy as true; 100 = full belief.,The restatement directly asserts the participant's conspiracy theory that car makers intentionally design addictive cars.
R_1OfJOLKtWcIfP8d,affirms,affirms,affirms,affirms,3,The food industry deliberately adds chemicals to our food to make us sick and unhealthy.,Restatement directly asserts the participant’s conspiracy; rating 100 means fully endorsing it.,Restatement directly asserts the conspiracy; 100 = fully believes it.,Rating 100 endorses the participant's exact claim that the food industry intentionally poisons food with chemicals.
R_1P4KAvfDakVzAI8,affirms,affirms,affirms,affirms,3,Jeffrey Epstein was murdered rather than committing suicide.,Restatement asserts the murder claim over suicide; rating 100 endorses the participant’s conspiracy.,Restatement directly states the conspiracy claim that Epstein was murdered.,Rating the restatement 100 directly endorses the participant's conspiracy theory that Epstein was murdered.
R_1PDRkDwfScJf6Uh,affirms,affirms,affirms,affirms,3,There was more than one shooter involved in the JFK assassination.,"Restatement directly asserts multiple shooters, matching participant’s described conspiracy.","Restatement directly asserts the conspiracy: multiple shooters, Oswald didn't act alone.","Rating 100 means believing there were multiple shooters, which directly affirms the participant's conspiracy theory."
R_1PENyjjf1MRnTrT,affirms,affirms,affirms,affirms,3,"Bigfoot exists, supported by numerous videos and photo evidence.",Restatement asserts Bigfoot exists; rating 100 indicates endorsing the participant’s conspiracy belief.,"Restatement directly asserts Bigfoot's existence, matching the conspiracy belief.",The restatement directly asserts the participant's belief that Bigfoot exists.
R_1PYtzJfhk9iPjfM,affirms,affirms,affirms,affirms,3,"A group of interconnected bloodlines deliberately cultivates its members to become influential leaders who control the physical world, with power transferred within close kinship lines.","Restatement asserts secret bloodlines groom members to control the world, matching the participant’s conspiracy claim.",Restatement directly affirms the conspiracy: elite bloodlines control the world.,The restatement directly asserts the participant's conspiracy theory about controlling bloodlines as a true fact.
R_1PZSXeMFqKQoTkt,affirms,denies,affirms,affirms,3,Lee Harvey Oswald acted alone in the assassination of John F. Kennedy.,The restatement matches the participant’s described claim; endorsing it affirms their stated theory.,Participant describes the conspiracy as Oswald NOT acting alone; restatement affirms official account.,The restatement directly affirms the participant's description that Oswald acted alone.
R_1PbmRz46KAHxqod,affirms,affirms,affirms,affirms,3,Benjamin Netanyahu knew about the attack on October 7th and allowed it to happen as a pretense to attack and level Gaza.,Restatement directly asserts the conspiracy claim; rating 100 means endorsing it as true.,Restatement directly states the conspiracy as true; 100 = full belief.,The restatement directly asserts the participant's conspiracy theory as true.
R_1PbshjsL2HcEJls,affirms,affirms,affirms,affirms,3,The deaths of people connected to the Clintons have been orchestrated by hired assassins employed by the Clinton organization.,Restatement asserts Clinton organization hired assassins for connected deaths; rating 100 endorses the conspiracy.,Restatement directly asserts the conspiracy; rating 100 means fully believing it.,Rating the restatement 100 directly endorses the participant's conspiracy theory that the Clintons hired assassins.
R_1Pcj1U5jrVhr98B,affirms,affirms,affirms,affirms,3,"The development of AI is intended to make the public dependent on and trust AI, while its true purpose is to spy on people and collect their information.",Restatement directly asserts AI was developed to induce dependence as cover for spying and data collection.,Restatement directly mirrors the participant's conspiracy claim verbatim.,The restatement directly asserts the participant's conspiracy theory about AI being a tool for spying.
R_1Ph8RnrpI5RBwK7,affirms,affirms,affirms,affirms,3,The moon landing in 1969 was faked by the U.S. government and filmed on a secret set to win the space race against the Soviet Union.,Restatement directly asserts the described conspiracy; rating 100 indicates full belief in faked moon landing.,Restatement directly asserts the conspiracy; rating 100 means believing it.,The restatement directly asserts the participant's conspiracy theory that the moon landing was faked.
R_1PtGjd6SywnxgNW,affirms,affirms,affirms,affirms,3,There are secret labs in Area 51 that are used to clone things.,Restatement directly asserts the participant’s cloning-labs-in-Area-51 conspiracy as true.,Restatement directly asserts the conspiracy claim; 100 = full belief.,The restatement directly asserts the participant's conspiracy theory about cloning labs in Area 51 as true.
R_1PtdgsowKlild4U,affirms,affirms,affirms,affirms,3,"On 9/11, the Pentagon was hit by a missile rather than an airplane, and the real planners of the attacks were not the publicly identified perpetrators.","Restatement asserts missile-not-plane and hidden/uncertain planners, aligning with participant’s conspiracy doubts about 9/11.",Rating 100 endorses both the missile claim and hidden planners conspiracy.,"The restatement explicitly claims a missile hit the Pentagon, directly affirming the participant's conspiracy theory."
R_1Pw77PUGUFRCkNq,affirms,affirms,affirms,affirms,3,Donald Trump is involved in the Epstein files despite his claims of never being involved.,Restatement asserts Trump is involved in Epstein files; 100 means endorsing the described conspiracy.,"Restatement directly asserts Trump's involvement in Epstein files, matching the conspiracy.","Rating 100 means agreeing Trump is involved in the Epstein files, directly affirming the participant's conspiracy."
R_1Pwc3aAlAv0meTo,affirms,affirms,affirms,affirms,3,"We are souls inhabiting physical bodies to have a life experience on Earth, and we are all part of a collective consciousness.",Restatement directly asserts participant’s spiritual claim; rating 100 means fully endorsing it.,Restatement directly mirrors the participant's belief about souls and collective consciousness.,The restatement directly asserts the participant's belief about souls and collective consciousness as true.
R_1PxB55xGcfSE5SF,affirms,affirms,affirms,affirms,3,Visitors from other planets communicate with us through satellite.,"The restatement asserts extraterrestrial visitors communicate with humans via satellite, matching the participant’s conspiracy claim.","Rating 100 confirms alien visitors communicate via satellite, endorsing the conspiracy.",The restatement directly asserts the participant's conspiracy theory about extraterrestrial visitors communicating via satellite.
R_1QDQTtSWcyU3r26,affirms,affirms,affirms,affirms,3,Drones in the sky were being used to count the population.,Restatement directly asserts the participant’s conspiracy claim that drones were counting the population.,Restatement directly states the conspiracy claim as true.,"Rating 100 means believing the drones were counting the population, which is the conspiracy described."
R_1QFA2ev70VGsHMC,affirms,affirms,affirms,affirms,3,"The government intended to reduce the global population by half using COVID-19, which may have originated in China.",Restatement asserts the alleged government plot to halve population with COVID; 100 implies endorsing the conspiracy.,Restatement directly asserts the conspiracy: government used COVID to depopulate.,Rating 100 endorses the participant's theory that the government intentionally used COVID-19 to reduce the global population.
R_1QL9dHD8fSE5UuT,affirms,affirms,affirms,affirms,3,There was a conspiracy to ensure that Donald Trump would not be reelected in 2020.,Restatement asserts the alleged anti-Trump 2020 conspiracy; rating 100 endorses that conspiracy as true.,Restatement directly asserts the conspiracy; rating 100 means fully believing it.,The restatement directly asserts the conspiracy theory described by the participant.
R_1QRDJqMITrBLBMT,affirms,affirms,affirms,affirms,3,President Robert Kennedy was shot at by more than one person.,Restatement directly asserts the participant’s conspiracy claim; 100 means endorsing multiple shooters.,Restatement directly states the conspiracy as true; 100 = believes multiple shooters.,The restatement directly asserts the participant's conspiracy theory that multiple shooters were involved in RFK's assassination.
R_1QWpg1KYfKPYr53,affirms,affirms,affirms,affirms,3,The government secretly hides evidence.,"Restatement asserts the government hides evidence, matching the participant’s described conspiracy claim.",Restatement directly states the conspiracy claim; rating 100 endorses it.,"Rating 100 means believing the government hides evidence, which directly affirms the participant's described conspiracy."
R_1Qdrq4Q0689F237,unclear,unclear,unclear,unclear,3,Donald Trump lost the 2020 election and continued claiming it was rigged in order to convince people he actually won.,Restatement only reports Trump’s claim; a 100 rating doesn’t endorse or reject the rigging conspiracy.,"Restatement only describes Trump's claims, not whether they are true.","Rating 100 only affirms that Trump made the claim, not that the election was actually rigged."
R_1Qn78jMsEHT764d,affirms,affirms,affirms,affirms,3,"The US government has aliens working in its bureaus, unknown to the public.",Restatement directly asserts the participant’s conspiracy as true; rating 100 endorses it.,Restatement directly asserts the conspiracy; rating 100 means believing it.,The restatement directly asserts the participant's conspiracy theory about aliens working in US government bureaus.
R_1RHEFTN7rvVOqjL,affirms,affirms,affirms,affirms,3,"The government plans to use drones to project imagery in the sky to deceive people into believing that God has returned, in order to advance their agenda of a one-world religion.",Restatement asserts the alleged drone deception and one-world religion agenda as true.,Restatement directly states the conspiracy as true; 100 = full belief.,The restatement directly asserts the participant's conspiracy theory about government drones faking God's return.
R_1Rec372nPWPgBIy,affirms,affirms,affirms,affirms,3,The Mafia was complicit in the assassination of JFK due to many players having mob ties and motives to remove him.,"Restatement asserts Mafia involvement in JFK assassination, matching participant’s described conspiracy.","Restatement directly asserts Mafia complicity in JFK assassination, matching the conspiracy.",The restatement directly asserts the participant's conspiracy theory that the Mafia was involved in JFK's assassination.
R_1RjZpqWcBty2XUk,affirms,affirms,affirms,affirms,3,Major social media platforms are secretly colluding to censor certain political viewpoints and manipulate public opinion ahead of elections.,Restatement asserts the described collusion/censorship conspiracy; rating 100 indicates full endorsement of that claim.,Restatement is verbatim the conspiracy claim; rating 100 endorses it fully.,The restatement directly asserts the conspiracy theory as described by the participant.
R_1RmiQH561IeAWdd,affirms,affirms,affirms,affirms,3,"The Illuminati is a real, powerful secret organization that controls world events.","Restatement asserts the Illuminati exists and secretly controls world events, matching the described conspiracy.","Rating 100 confirms Illuminati exists and controls world events, endorsing the conspiracy.","Rating 100 endorses the existence and secret control of the Illuminati, affirming the conspiracy theory."
R_1RppkbpcsCCZVZL,denies,unclear,affirms,disagree,3,Nobody really knows whether God is real or fake.,"Participant’s claim is uncertainty; restatement asserts certainty that God is real, contradicting it.","Participant describes uncertainty about God's existence, not a conspiracy theory with clear direction.",The restatement affirms the specific side of the theological debate (that God is real) the participant supports.
R_1Rq4pTTSzw4eeuY,affirms,affirms,affirms,affirms,3,Elon Musk is planning to develop land in outer space to transport the leading minds and leave behind the less productive individuals on Earth.,Restatement directly asserts the participant’s conspiracy claim; rating 100 would fully endorse it.,Restatement directly states the conspiracy as true; 100 = full belief.,The restatement directly asserts the participant's conspiracy theory about Elon Musk colonizing space for elites.
R_1RvjR806Yv9U36x,affirms,affirms,affirms,affirms,3,The first moon landing was staged and no one actually went to the moon.,Restatement directly asserts the participant’s conspiracy; rating 100 endorses the staged-landing claim.,Restatement directly states the conspiracy as true; 100 = believes it.,Rating the statement 100 directly endorses the participant's belief that the moon landing was staged.
R_1S8fZBvzQ6HcCdD,affirms,affirms,affirms,affirms,3,The government killed President JFK to create a pretext for war and profit from military spending.,Restatement directly asserts the participant’s conspiracy; rating 100 means endorsing government assassination for war profits.,Restatement directly states the conspiracy: government killed JFK for war profit.,The restatement directly asserts the participant's conspiracy theory that the government killed JFK for war profits.
R_1SBvUZkF1vLDXzg,affirms,affirms,affirms,affirms,3,There is an Illuminati group that operates secretly.,Restatement asserts the secret Illuminati exists; rating it 100 fully endorses the described conspiracy.,Rating 100 means believing the Illuminati exists and operates in secret.,"Rating 100 endorses the existence of the secret Illuminati group, which is the core conspiracy."
R_1SH9ARRwyiH5lVI,affirms,affirms,affirms,affirms,3,The government is hiding evidence that JFK was assassinated by more than one assassin.,Restatement directly asserts the participant’s conspiracy claim; rating 100 means endorsing it as true.,Restatement directly states the conspiracy; rating 100 endorses it.,The restatement directly asserts the participant's conspiracy theory that the government is hiding evidence of multiple assassins.
R_1SOBn56MgJM8jK1,affirms,affirms,affirms,affirms,3,The events of 9/11 were an inside job orchestrated by neocons to create a Pearl Harbor type event.,Restatement matches the participant’s described conspiracy; rating 100 endorses the inside-job claim.,Restatement directly mirrors participant's conspiracy claim verbatim.,Rating 100 endorses the participant's exact conspiracy theory that 9/11 was an inside job orchestrated by neocons.
R_1Sq73NaIP8EDhV5,affirms,affirms,affirms,affirms,3,"Covid was orchestrated by the government to reduce population, specifically targeting the poor, and was highly visible and harmful in a short period.","Restatement asserts government orchestrated Covid to reduce population, matching participant’s conspiracy; 100 means endorsing it.",Restatement directly asserts the conspiracy as true; 100 = full belief.,The restatement directly asserts the participant's conspiracy theory that the government orchestrated Covid to reduce the population.
R_1TOfORRKi6WIcPx,affirms,affirms,affirms,affirms,3,There is undiscovered land in Antarctica buried under the snow.,Restatement asserts the participant’s claim as true; 100 means endorsing the conspiracy.,Restatement directly asserts the conspiracy claim; rating 100 means believing it.,Rating 100 directly endorses the participant's belief that undiscovered land exists under the snow in Antarctica.
R_1TZV8hPk7bjS5Ud,affirms,affirms,affirms,affirms,3,The government is hiding all evidence about everything we have been wanting to know about since the beginning of time.,"Restatement asserts the government is hiding evidence, matching the participant’s conspiracy claim.",Restatement directly mirrors the participant's conspiracy claim verbatim.,"Rating 100 means agreeing the government is hiding evidence, which directly affirms the participant's conspiracy theory."
R_1TzV2FpIjTtxGe8,affirms,affirms,affirms,affirms,3,"People can clone individuals, including celebrities.",Restatement directly asserts the cloning-people conspiracy as true; 100 rating endorses that belief.,Rating 100 means believing human cloning of celebrities is real.,Rating the statement 100 directly endorses the participant's belief that human cloning of celebrities is possible.
R_1U4UXctdoomcHmh,affirms,affirms,affirms,affirms,3,Melania Trump was a sex trafficking victim from Eastern Europe.,Restatement directly asserts the participant’s conspiracy; rating it 100 means fully endorsing that claim.,Rating 100 directly endorses the conspiracy that Melania was trafficked.,Rating the statement 100 directly endorses the participant's conspiracy theory that Melania Trump was trafficked.
R_1UGPlvfKNc2eNdT,affirms,affirms,affirms,affirms,3,"Space is located in the sea, and alien life can be found in the ocean.",Restatement directly asserts the participant’s described belief; 100 means fully endorsing it.,Restatement directly asserts the conspiracy claim as true.,Rating the restatement 100 directly endorses the participant's described conspiracy about space and aliens in the ocean.
R_1VMz29TxKMCXAmB,affirms,affirms,affirms,affirms,3,The earth is flat.,Restatement directly asserts the participant’s conspiracy; rating 100 means fully endorsing flat-earth.,Restatement directly states the conspiracy claim; rating 100 means believing flat earth.,Rating the statement 100 directly endorses the participant's described conspiracy that the earth is flat.
R_1VYF7WCeF2fNWKt,affirms,affirms,affirms,affirms,3,Jeffrey Epstein is still alive.,Restatement directly asserts the participant’s conspiracy; rating 100 means fully believing he is alive.,Rating 100 directly endorses the conspiracy that Epstein faked his death.,"Rating 100 means believing Epstein is alive, which is the conspiracy theory described."
R_1VhCiMxBxIz4rAt,affirms,unclear,affirms,affirms,3,The Trump elections were rigged against Joe Biden.,"A 100 rating asserts the election was rigged against Biden, matching the conspiracy claim described.","Restatement inverts the conspiracy; participant believes election was rigged against Trump, not Biden.",The restatement directly asserts the conspiracy theory exactly as the participant described it.
R_1VjgyLiqCE1Tk9X,affirms,affirms,affirms,affirms,3,Israel owns the U.S. federal revenue rather than the United States itself.,Restatement directly asserts the participant’s conspiracy claim; endorsing it means believing Israel owns U.S. federal revenue.,Restatement directly states the conspiracy claim; rating 100 endorses it.,The restatement directly asserts the participant's conspiracy theory that Israel owns the US federal revenue.
R_1Vms8eOj1pmYD6F,affirms,affirms,affirms,affirms,3,"Countries around the world are using ""kim trails"" to poison the population.",Restatement directly asserts the participant’s conspiracy claim; rating 100 means endorsing it.,Restatement directly mirrors the conspiracy claim; rating 100 endorses it.,The restatement directly asserts the participant's conspiracy theory about chemtrails poisoning the population.
R_1VvFFwS3Vg8iU7v,affirms,affirms,affirms,affirms,3,The U.S. government knew about the 9/11 attacks in advance and allowed them to happen to create a war.,"Restatement explicitly claims government foreknowledge and deliberate inaction, matching the described 9/11 inside-job conspiracy.",Restatement directly states the conspiracy: government foreknowledge and deliberate inaction.,Rating the restatement 100 directly endorses the participant's conspiracy that the government allowed 9/11 to happen.
R_1WBAiBlS9GximKa,affirms,affirms,affirms,affirms,3,Israeli and U.S. intelligence were involved in JFK's death.,"Restatement asserts Israeli and U.S. intelligence involvement in JFK’s death, matching the participant’s proposed conspiracy.",Restatement directly asserts the conspiracy; rating 100 endorses it.,The restatement directly asserts the participant's theory that Israeli and US intelligence were involved in JFK's assassination.
R_1WJB3M5HCDmh4pO,affirms,affirms,affirms,affirms,3,"The government is hiding aliens at Area 51, and mysterious disappearances and unaccounted events are related to alien activity.",Restatement asserts Area 51 alien cover-up and links disappearances to aliens; 100 means endorsing conspiracy.,"Restatement directly asserts the conspiracy: government hiding aliens, linked to disappearances.",The restatement directly asserts the participant's conspiracy theory that the government is hiding aliens at Area 51.
R_1WREFxvzs2zb1mx,affirms,affirms,affirms,affirms,3,Princess Diana's death was a staged murder attempt orchestrated to remove her from the limelight.,"Restatement asserts Diana was murdered as part of a plot, matching the conspiracy claim.","Rating 100 means believing Diana was deliberately killed, endorsing the conspiracy.",Rating 100 endorses the conspiracy that Diana's death was a staged murder rather than an accident.
R_1WmesFOv9hQOg49,affirms,affirms,affirms,affirms,3,The earth is flat.,"A 100 rating endorses the flat-earth claim, matching the participant’s stated conspiracy.",Rating 100 directly endorses the flat earth conspiracy claim.,Rating the statement 100 directly endorses the participant's core conspiracy claim that the earth is flat.
R_1X6HniB6ND1W5AB,affirms,affirms,affirms,affirms,3,"The election was rigged to favor Biden, and Democrats covered it up.",Restatement asserts the described conspiracy; rating 100 means endorsing a rigged election and cover-up.,"Rating 100 means believing the election was rigged for Biden, endorsing the conspiracy.",Rating 100 directly endorses the participant's belief that the election was rigged for Biden and covered up.
R_1XORtJeNLloiqLT,affirms,affirms,affirms,affirms,3,The moon landing was faked to deceive the public.,Restatement asserts the conspiracy claim directly; rating 100 means fully believing the moon landing was faked.,Restatement directly asserts the conspiracy; rating 100 means believing it was faked.,"Rating 100 means believing the moon landing was faked, which directly affirms the described conspiracy."
R_1XdvhZFFidNGbdv,affirms,affirms,affirms,affirms,3,President Kennedy was not killed by Lee Harvey Oswald; other actors were involved and the government covered it up.,Restatement asserts Oswald did not kill JFK and cites grassy knoll and cover-up evidence.,Restatement directly asserts the conspiracy: Oswald did not act alone/kill JFK.,Rating 100 endorses the conspiracy that Oswald did not kill JFK and there was a government cover-up.
R_1Xeilqor3R5tBJf,affirms,affirms,affirms,affirms,3,"Aliens created human beings and have been genetically modifying us since the beginning of our time, potentially explaining events like the resurrection of Jesus Christ and the Immaculate Conception.",Restatement directly asserts the participant’s alien-creation/genetic-modification conspiracy as true.,Restatement directly asserts the alien creation/modification conspiracy as true.,The restatement directly asserts the participant's theory that aliens created and genetically modified humans.
R_1Xn8Cc5MugSOR03,affirms,affirms,affirms,affirms,3,"John F. Kennedy was not killed in Dallas but was seriously injured, suffering severe brain damage, and lived in a hidden vegetative state for several years.",Restatement directly asserts the participant’s conspiracy claim as true; 100 equals endorsing the conspiracy.,Restatement directly asserts the conspiracy: JFK survived Dallas in a hidden vegetative state.,The restatement directly asserts the participant's conspiracy theory as true.
R_1YPoAiAEeJBhiwc,affirms,affirms,affirms,affirms,3,"Aliens have been hiding right beside us all along, and we have not noticed their presence because we are trapped in an illusion that obscures them from us.",Restatement asserts aliens are present and hidden by an illusion; 100 means endorsing the conspiracy claim.,Restatement directly asserts the conspiracy: hidden aliens unnoticed due to illusion.,The restatement directly asserts the participant's belief that aliens are hiding among us obscured by an illusion.
R_1YXIuxO0welCwQp,affirms,affirms,affirms,affirms,3,"American blacks are the true children of Israel; their identities were stolen via Islam and non-Judean Africans, and Israel bans DNA testing because current Jews aren’t truly Jews.","Restatement directly asserts participant’s conspiracy claims as factual, including identity theft and Israel DNA-testing illegality.",Restatement directly mirrors the participant's conspiracy claims verbatim.,The restatement directly asserts the participant's conspiracy theory as true.
R_1YYKoEpgqYyFFFD,affirms,affirms,affirms,affirms,3,There are five families that rule the world and they control the Illuminati.,Restatement directly asserts participant’s conspiracy; rating 100 means fully endorsing it.,Restatement directly restates the conspiracy as true; 100 = full belief.,"The restatement directly asserts the participant's conspiracy theory, so a 100 rating means endorsing it."
R_1YfytjSmIQL77Ka,affirms,affirms,affirms,affirms,3,Aliens exist and are hidden among us.,Restatement asserts the conspiracy claim that aliens exist and are secretly among humans.,Restatement directly asserts the conspiracy: aliens exist and are concealed among humans.,The restatement directly asserts the participant's conspiracy theory that aliens exist and are hiding on Earth.
R_1YnOiRB77la0Dy7,affirms,affirms,affirms,affirms,3,The moon landing was staged and filmed in a studio.,"Restatement explicitly claims the moon landing was faked, matching the participant’s conspiracy.",Restatement directly asserts the conspiracy: moon landing was faked in a studio.,"Rating 100 means believing the moon landing was staged, which directly affirms the participant's conspiracy."
R_1YzFyv6IItmkO5G,affirms,affirms,affirms,affirms,3,Humans are not the only intelligent species in the universe.,"Restatement asserts extraterrestrial counterparts exist, matching participant’s belief that humans aren’t alone.",Restatement directly affirms the conspiracy that other similar species exist.,Rating 100 endorses the participant's belief that other human-like species exist in the universe.
R_1ZK6tQ0oBfN9K6Z,affirms,affirms,affirms,affirms,3,"The world is ruled by demonic entities who shape shift, travel through dimensions, and feed on people's negative emotions.",Restatement directly asserts the participant’s conspiracy as true; rating 100 would fully endorse it.,Restatement directly asserts the conspiracy as true; 100 = full belief.,The restatement directly asserts the participant's conspiracy theory about shape-shifting demonic entities ruling the world.
R_1ZK8GmfPkb5twVf,affirms,affirms,affirms,affirms,3,Aliens are present in Area 51.,Restatement asserts aliens at Area 51; rating 100 endorses that conspiracy claim.,Rating 100 directly endorses the conspiracy that aliens exist in Area 51.,Rating the statement 100 directly endorses the conspiracy theory that aliens are kept at Area 51.
R_1ZOGjHrIY9b2JO0,affirms,affirms,affirms,affirms,3,The government is hiding evidence of alien contact and created Area 51 to cover it up.,Restatement directly asserts the participant’s described conspiracy as true.,Restatement directly asserts the conspiracy; rating 100 endorses it.,The restatement directly asserts the participant's conspiracy theory about the government hiding alien contact at Area 51.
R_1ZPPGXSeBvoivAe,affirms,affirms,affirms,affirms,3,Multiple celebrities have been killed due to their knowledge of the identity of people in eastern files.,Restatement directly asserts the participant’s conspiracy claim; rating 100 means endorsing it as true.,Restatement directly states the conspiracy as true; 100 = full belief.,The restatement directly asserts the participant's conspiracy theory that celebrities were killed over the Epstein files.
R_1a9XmvR2YuVYNla,affirms,affirms,affirms,affirms,3,Major world governments are secretly using artificial intelligence to control what people see online and influence their opinions without them knowing.,Restatement directly asserts the described conspiracy; rating 100 would fully endorse that claim.,Restatement directly asserts the conspiracy claim; rating 100 endorses it.,The restatement directly asserts the conspiracy theory as true.
R_1aQ8SxI0bOvn0Ax,affirms,affirms,affirms,affirms,3,UFOs are from outside Earth.,"Restatement asserts extraterrestrial origin of UFOs, matching participant’s implied belief based on Hynek’s uncertainty.",Rating 100 directly endorses the extraterrestrial origin conspiracy the participant described.,Rating 100 endorses the participant's belief that UFOs are extraterrestrial in origin.
R_1aQwX1sgyYUvYFH,affirms,affirms,affirms,affirms,3,The government has tampered with elections for decades.,Restatement directly asserts the participant’s conspiracy; rating 100 means fully endorsing it.,Restatement directly mirrors the conspiracy claim; rating 100 endorses it.,Rating 100 directly endorses the participant's claim that the government tampers with elections.
R_1aUYD9vU9eSf25T,affirms,affirms,affirms,affirms,3,Aliens are being kept from our knowledge base.,Restatement directly asserts the participant’s conspiracy claim; rating 100 means fully endorsing it.,Restatement directly mirrors the conspiracy claim; rating 100 endorses it.,The restatement directly asserts the participant's conspiracy theory that information about aliens is being hidden.
R_1aejDRpJL9UYl69,affirms,affirms,affirms,affirms,3,Aliens are living among us on Earth.,Restatement directly asserts the participant’s conspiracy claim; rating 100 endorses aliens living among us.,Restatement directly asserts the conspiracy claim; rating 100 endorses alien presence.,The restatement directly asserts the participant's conspiracy theory that aliens are living on Earth.
R_1ahLrVwPlajt8Ir,affirms,affirms,affirms,affirms,3,People in power speak the truth at first but then lie and hide the truth from others.,Restatement repeats participant’s claim about “they” lying and hiding truth; 100 endorses that concealment.,Restatement directly mirrors participant's claim about truth-hiding; 100 endorses it.,The restatement directly affirms the participant's exact claim about people lying and hiding the truth.
R_1amwhPWFuW4pkJz,affirms,affirms,affirms,affirms,3,"A secret society controls world governments, media, and financial systems.",Restatement directly asserts the described conspiracy; rating it 100 endorses that secret society control claim.,Restatement directly asserts the conspiracy as true; rating 100 endorses it.,Rating the statement 100 directly endorses the participant's belief in a controlling secret society.
R_1arGE26VoJJbLqN,affirms,affirms,affirms,affirms,3,"NASA faked the 1969-1972 Apollo moon landings to win the Space Race, as indicated by the lack of stars and evidence, along with signs of studio filming lighting.",Restatement directly asserts the described conspiracy is true; 100 equals endorsing the moon-landing-hoax claim.,Restatement directly asserts the conspiracy; rating 100 means believing NASA faked landings.,Rating the restatement 100 directly endorses the conspiracy that NASA faked the Apollo moon landings.
R_1awTZGuz7dot6Ce,affirms,affirms,affirms,affirms,3,"The driver of JFK's car was responsible for his assassination, and this fact has been covered up for years.","Restatement asserts the driver killed JFK and a long-term coverup, matching participant’s conspiracy claim.",Restatement directly asserts the conspiracy: driver did it and was covered up.,The restatement directly asserts the participant's conspiracy theory that the driver killed JFK and it was covered up.
R_1b1bs4WvQjGzpHr,affirms,affirms,affirms,affirms,3,The moon and space are not real; they are hoaxes.,Restatement directly asserts the participant’s conspiracy claim; rating 100 means fully endorsing it.,Restatement directly asserts the conspiracy: moon and space are fake hoaxes.,"Rating 100 means believing the moon and space are hoaxes, which directly affirms the participant's conspiracy."
R_1bZ6Me02CpMmwta,affirms,affirms,affirms,affirms,3,The Earth is a flat floating plane rather than a round rotating sphere.,Restatement asserts flat Earth over spherical Earth; rating 100 endorses the conspiracy claim.,Restatement directly asserts the flat earth conspiracy as true.,Rating the restatement 100 directly endorses the participant's description of the flat earth conspiracy.
R_1bb3LRIIY8o1MGJ,affirms,affirms,affirms,affirms,3,The government is hiding evidence of aliens.,Restatement directly asserts the participant’s conspiracy; 100 means fully endorsing it.,Restatement directly states the conspiracy; rating 100 means fully believing it.,"Rating 100 means believing the government hides alien evidence, which directly affirms the participant's conspiracy."
R_1c8IsmlBPnt9iP8,affirms,affirms,affirms,affirms,3,"The government is taking taxpayers' money and putting it into their own pockets, enriching themselves while the state struggles financially.",Restatement asserts the described corruption conspiracy as true; a 100 rating endorses it.,Restatement directly asserts the conspiracy: officials stealing tax dollars for personal enrichment.,The restatement directly asserts the participant's conspiracy theory that the government is pocketing tax dollars.
R_1cZmnqimwSmRPue,affirms,affirms,affirms,affirms,3,The U.S. government orchestrated the 9/11 attacks on the Twin Towers.,Restatement claims the U.S. government carried out 9/11; rating 100 endorses the described conspiracy.,Restatement directly asserts the conspiracy: government orchestrated 9/11.,Rating the restatement 100 directly endorses the participant's described conspiracy that the US government orchestrated 9/11.
R_1cqIZudIOeOucLf,affirms,affirms,affirms,affirms,3,The Malaysia airline that disappeared around a decade ago was shot down.,Restatement directly asserts the participant’s conspiracy claim; rating 100 indicates full endorsement.,Restatement directly states the conspiracy claim verbatim.,"The restatement exactly matches the participant's conspiracy claim, so a 100 rating affirms the conspiracy."
R_1czKRIHFQumAfcR,affirms,affirms,affirms,affirms,3,Bigfoot exists.,"A 100 rating endorses Bigfoot’s existence, matching the participant’s stated conspiracy topic.","Rating 100 confirms Bigfoot's existence, directly endorsing the conspiracy belief.","Rating 100 means believing Bigfoot exists, which matches the participant's conspiracy."
R_1d8UufnuZ8fUgVj,affirms,affirms,affirms,affirms,3,The government is deliberately withholding information about events occurring in outer space.,Restatement asserts the same claim: government intentionally hides information about outer space events.,"Restatement directly states government concealment of space information, matching the conspiracy.",The restatement directly asserts the participant's conspiracy theory that the government is hiding information about outer space.
R_1dFRp6VuFqNYdUX,affirms,affirms,affirms,affirms,3,Extraterrestrial aliens exist.,"A 100 rating endorses that extraterrestrial aliens exist, matching the participant’s described conspiracy belief.","Rating 100 means believing aliens exist, matching the conspiracy side described.","Rating 100 endorses the existence of aliens, which is the core of the described controversy."
R_1dFjVzwee0NBm1F,affirms,affirms,affirms,affirms,3,"Covid-19 strains existed before 2020 and were present as early as 2019, including in Italy before the pandemic officially began.","Restatement asserts pre-2020 Covid presence, matching participant’s described conspiracy claim.",Restatement directly asserts the conspiracy claim; rating 100 endorses it.,The restatement directly asserts the participant's conspiracy theory as true.
R_1dJQIL54pa4B8jb,affirms,affirms,affirms,affirms,3,The moon landing never happened due to inadequate technology at the time.,"Restatement asserts the moon landing never happened, matching the participant’s conspiracy claim.",Restatement directly asserts the conspiracy: moon landing was faked due to poor technology.,"Rating 100 means agreeing the moon landing never happened, which directly affirms the participant's conspiracy."
R_1dXntKibQnH0QHh,affirms,affirms,affirms,affirms,3,"Certain advanced technologies, such as free energy or anti-gravity devices, have been developed in secret and are being deliberately suppressed by governments or corporations to protect existing industries and maintain economic control.",Restatement directly asserts the alleged secret tech exists and is being suppressed; 100 equals endorsing conspiracy.,Restatement directly asserts the conspiracy as true; 100 = fully believes it.,The restatement directly asserts the participant's described conspiracy theory as true.
R_1dgH7meOTc2dacU,affirms,affirms,affirms,affirms,3,"There are other continents beyond the ice wall that governments are hiding, and countries agreed to keep people from going there.",Restatement asserts hidden continents beyond an ice wall and a global agreement blocking access—matches participant’s conspiracy claim.,"Restatement directly endorses the conspiracy: hidden lands beyond ice wall, global cover-up.",Rating 100 means endorsing the existence of hidden continents beyond the ice wall.
R_1e2Drcngzl787Qa,affirms,affirms,affirms,affirms,3,"The government is hiding evidence of alien contact, as demonstrated by pictures of alien ships creating cloud cover to avoid detection.",Restatement asserts government hides alien contact evidence; 100 means fully endorsing participant’s alien-contact conspiracy.,Restatement directly asserts the conspiracy: government hiding alien contact with UFO evidence.,The restatement directly asserts the participant's belief that the government is hiding evidence of alien contact.
R_1e2oKfC2EYmXoIf,affirms,affirms,affirms,affirms,3,The government is concealing evidence of extraterrestrial contact and has recovered alien technology.,Restatement directly asserts the participant’s conspiracy; a 100 rating endorses government alien-contact coverup.,Restatement directly asserts the conspiracy; rating 100 means fully believing it.,Rating the restatement 100 directly endorses the participant's conspiracy that the government is hiding alien technology.
R_1e3qxQCPum6fqNJ,affirms,affirms,affirms,affirms,3,Russia infiltrated the 2016 election and Elon Musk hacked the 2024 election.,Restatement directly asserts the participant’s conspiracy claims; rating 100 endorses them as true.,Restatement directly asserts both conspiracy claims as true.,The restatement directly asserts the participant's conspiracy theory as true.
R_1e9TCm5D79E5Du1,affirms,affirms,affirms,affirms,3,The White House contains many pedophiles.,Restatement directly asserts the participant’s conspiracy claim as true; 100 means endorsing it.,Restatement directly asserts the conspiracy; rating 100 endorses it.,Rating 100 directly endorses the participant's conspiracy theory that pedophiles are in the White House.
R_1eOWJa5AY9WYZee,affirms,affirms,affirms,affirms,3,Bigfoot is a real creature living in the forest that leaves gigantic footprints.,Restatement asserts Bigfoot exists and cites sightings/footprints as evidence; 100 endorses the conspiracy.,"Rating 100 endorses Bigfoot's existence, matching the participant's belief.","Rating 100 endorses the existence of Bigfoot, directly aligning with the participant's conspiracy theory."
R_1eUxPAr5rC8IrV3,affirms,affirms,affirms,affirms,3,The moon landing was faked in a studio by the U.S. government.,Restatement directly asserts the participant’s conspiracy claim; rating 100 means fully endorsing it.,Restatement directly asserts the conspiracy; rating 100 means fully believing it.,"Rating 100 means endorsing the conspiracy that the moon landing was faked, matching the participant's description."
R_1eotvoNyyYVZF17,affirms,affirms,affirms,affirms,3,The government has proof of aliens and has some captured for study.,"Restatement asserts government possesses proof of aliens and holds captured aliens, matching the described conspiracy.",Restatement directly mirrors the conspiracy claim; rating 100 endorses it.,Rating 100 directly endorses the participant's claim that the government is hiding captured aliens.
R_1f0DxYrlogFT80P,affirms,affirms,affirms,affirms,3,The Earth is flat.,Restatement directly asserts the participant’s flat-Earth conspiracy; rating 100 fully endorses it.,Rating 100 directly endorses the flat Earth conspiracy theory.,Rating the statement 100 directly endorses the participant's described conspiracy that the Earth is flat.
R_1f6zE9LBpkotO37,affirms,affirms,affirms,affirms,3,The Apollo moon landing was staged.,Restatement asserts the landing could have been staged; rating 100 endorses the fake/staged moon landing conspiracy.,"Restatement directly states the moon landing was staged, matching the conspiracy.","Rating 100 means agreeing the moon landing was staged, which affirms the participant's conspiracy theory."
R_1f8W6i8EdemDIID,affirms,affirms,affirms,affirms,3,"Lizard people, including Queen Elizabeth and other high-ranking officials, exist and can be identified by the distinct shape of their eyes.",Restatement asserts lizard people exist among elites and are identifiable by eye shape—core conspiracy claim.,Rating 100 endorses lizard people existing and being identifiable by eye shape.,Rating 100 affirms the conspiracy that high-ranking officials are lizard people identifiable by their eyes.
R_1fJlMPk6bkVLDdl,affirms,affirms,affirms,affirms,3,"Certain individuals' deaths have been faked, possibly due to their belonging to an alien race.","Restatement asserts deaths were faked (with alien-race motive), matching participant’s described conspiracy.",Restatement directly asserts the conspiracy: faked deaths linked to alien race membership.,"Rating 100 endorses the conspiracy that deaths were faked, matching the participant's description."
R_1fblVk3mWKzamYh,affirms,affirms,affirms,affirms,3,A lot of what we see is intentionally manipulated to influence how we feel.,Restatement matches participant’s claim that information is shaped to sway emotions; 100 endorses that manipulation exists.,Restatement directly mirrors participant's belief that information is shaped to sway feelings.,The restatement directly asserts the participant's belief that information is manipulated to influence emotions.
R_1ffmnxxCVcQUyec,affirms,affirms,affirms,affirms,3,The government is using technology to control the weather.,Restatement directly asserts the participant’s conspiracy; rating 100 means fully endorsing it.,Restatement directly asserts the conspiracy claim verbatim.,The restatement directly asserts the participant's conspiracy theory as true.
R_1g4LvO22qZf71Rv,affirms,affirms,affirms,affirms,3,"The moon landing was faked, as indicated by the flag waving in a way it shouldn't have in a vacuum.",Restatement asserts moon landing was faked; 100 rating endorses the participant’s conspiracy claim.,Restatement directly asserts the conspiracy; rating 100 means believing it was faked.,"Rating the statement 100 means agreeing the moon landing was faked, directly affirming the participant's conspiracy."
R_1g4WDgwitCLgSJT,affirms,affirms,affirms,affirms,3,AIDS was intentionally created and spread by the government to eliminate the homosexual community.,"Restatement asserts the government created/spread AIDS to target homosexuals, matching the participant’s conspiracy.",Restatement directly asserts the conspiracy as true; 100 = believes it.,The restatement directly asserts the participant's conspiracy theory that the government created AIDS to target homosexuals.
R_1g7Nuw3qb4MtTdf,affirms,affirms,affirms,affirms,3,The government is hiding the existence of beings at Area 51 in a secret base where no one is allowed entry.,"Restatement asserts government is concealing beings at Area 51, matching the participant’s conspiracy claim.",Restatement directly asserts the conspiracy: government hiding beings at Area 51.,The restatement directly asserts the participant's conspiracy theory as true.
R_1gK5yYSBWsVVtZf,affirms,affirms,affirms,affirms,3,"Anne’s reported fatal car accident was staged to cover up her investigation into a pedophile ring, and she was kidnapped or otherwise disappeared while alive.","Restatement asserts the cover-up, survival, and suspicious disappearance, matching the participant’s conspiracy narrative.","Restatement directly asserts the conspiracy: faked death, pedo ring cover-up, foul play.",The restatement directly asserts the participant's conspiracy theory about Anne's faked death and kidnapping.
R_1gLuGHRO0otH3px,affirms,affirms,affirms,affirms,3,The government is hiding information about aliens and the Epstein files from the public.,A 100 rating endorses the claim that the government is concealing alien information and Epstein files.,Restatement directly asserts the conspiracy: government concealing aliens and Epstein files.,Rating 100 endorses the participant's belief that the government is hiding information about aliens and Epstein.
R_1gR5y812Tp61nMX,affirms,affirms,affirms,affirms,3,Certain governments have recovered unidentified flying objects and are secretly studying alien technology while hiding the evidence from the public.,Restatement asserts the concealed UFO recovery and alien tech study claim as true.,Restatement directly asserts the conspiracy claim; rating 100 endorses it.,The restatement directly asserts the conspiracy theory described by the participant.
R_1gSVN4l2oiD8ixz,affirms,affirms,affirms,affirms,3,"There are escape routes and nuclear fallout shelters under Denver International Airport in Denver, Colorado.",Restatement directly asserts the participant’s conspiracy claim; rating 100 means fully endorsing it.,Restatement directly states the conspiracy as true; 100 = full belief.,The restatement directly asserts the participant's conspiracy theory as true.
R_1guVSHHqZh4vkWN,affirms,affirms,affirms,affirms,3,"Aliens are real and they are in Area 51, and 2pac never died but moved to Cuba.",Restatement directly asserts both conspiratorial claims as true; a 100 rating endorses them.,Restatement directly mirrors the participant's conspiracy claims verbatim.,The restatement directly asserts the participant's claims about aliens in Area 51 and Tupac living in Cuba.
R_1h09epg1bJRQFjK,affirms,affirms,affirms,affirms,3,9/11 was orchestrated by the United States government.,Restatement directly asserts the participant’s conspiracy claim that the U.S. government orchestrated 9/11.,Restatement directly asserts the conspiracy; rating 100 means believing it.,Rating the restatement 100 directly endorses the participant's conspiracy that the US government orchestrated 9/11.
R_1hPVeZEDUqkdU1P,affirms,affirms,affirms,affirms,3,The government is hiding evidence of extraterrestrial contact and has recovered alien technology.,Restatement directly asserts the described conspiracy; rating 100 indicates full belief in hidden alien contact/tech.,Restatement directly mirrors the conspiracy claim; rating 100 endorses it.,Rating the restatement 100 directly endorses the participant's belief that the government is hiding alien technology.
R_1hWH4QlmUK8VKcI,affirms,affirms,affirms,affirms,3,The government is hiding information about life from outer space.,Restatement directly asserts the participant’s conspiracy; rating 100 means fully endorsing that claim.,Restatement matches conspiracy exactly; rating 100 endorses the cover-up belief.,"Rating 100 means believing the government hides extraterrestrial information, which directly affirms the participant's conspiracy."
R_1hcm9nOg0Y8mKUQ,affirms,affirms,affirms,affirms,3,The government is covering up details about the assassination of JFK.,"Restatement asserts government cover-up about JFK assassination, matching participant’s described conspiracy.","Rating 100 endorses government cover-up of JFK assassination, matching the conspiracy.",Rating 100 endorses the participant's belief that the government is covering up the JFK assassination.
R_1hguGd4gGaPgQK1,affirms,affirms,affirms,affirms,3,The government is hiding evidence of extraterrestrial contact and has recovered alien technology.,Restatement directly asserts the participant’s conspiracy as true; rating 100 endorses it.,Restatement directly matches the conspiracy claim verbatim; 100 = believes it.,The restatement directly asserts the participant's conspiracy theory about the government hiding alien technology.
R_1hhOW0cvZ4Xnsop,affirms,affirms,affirms,affirms,3,The moon landing was faked by the United States to win the space race.,Restatement asserts the conspiracy claim (moon landing faked); rating 100 endorses that conspiracy.,"Rating 100 means believing the moon landing was staged, endorsing the conspiracy.",Rating the restatement 100 means endorsing the conspiracy that the moon landing was faked.
R_1hrLACj8fuZXcvq,affirms,affirms,affirms,affirms,3,NASA is going to send extraterrestrials into space to observe their behavior.,Restatement directly asserts the participant’s claim; rating it 100 means fully endorsing the conspiracy.,Restatement directly mirrors participant's claim; rating 100 endorses the conspiracy.,The restatement directly asserts the participant's claim about NASA sending extraterrestrials into space as true.
R_1iDjfZjxDXJNFYZ,affirms,affirms,affirms,affirms,3,Brittney Spears and Jim Carey were replaced with stunt doubles who took over their places.,Restatement asserts the replacement-with-stunt-doubles conspiracy as true.,Restatement directly asserts the conspiracy that doubles replaced the celebrities.,Rating 100 means endorsing the conspiracy that the celebrities were replaced by stunt doubles.
R_1iNXk8LVfd1YApz,affirms,affirms,affirms,affirms,3,The collapse of the Twin Towers on 9/11 was the result of an inside job rather than the impact of the planes.,"Restatement asserts 9/11 was an inside job, aligning with the participant’s conspiracy question.","Restatement directly asserts 9/11 was an inside job, matching the conspiracy belief.","Rating 100 endorses the participant's belief that 9/11 was an inside job, affirming the conspiracy."
R_1iUnicvNaRhXIjj,affirms,affirms,affirms,affirms,3,Nobody has ever landed on the moon.,Restatement directly asserts the participant’s conspiracy claim that moon landings never happened.,Restatement directly states the conspiracy claim; 100 = believes no moon landing.,Rating the restatement 100 directly endorses the participant's belief that the moon landing never happened.
R_1iapL6NAZCkTDJ0,affirms,affirms,affirms,affirms,3,The government is poisoning the food supply and causing people to die sooner by controlling and altering the sources and quality of food.,Restatement directly asserts the participant’s conspiracy that government-controlled food is intentionally poisoning people.,Restatement directly asserts the conspiracy: government poisoning food supply causing premature death.,The restatement directly asserts the participant's conspiracy theory that the government is intentionally poisoning the food supply.
R_1ihZmI42L1l1Y77,affirms,affirms,affirms,affirms,3,Bigfoot is real.,Restatement directly asserts the participant’s conspiracy; rating 100 means fully believing Bigfoot exists.,"Rating 100 directly endorses Bigfoot's existence, matching the conspiracy.",Rating the statement 100 directly endorses the participant's conspiracy theory that Bigfoot exists.
R_1ikPwYKDqneUZ1N,affirms,affirms,affirms,affirms,3,"The government deliberately released COVID-19 to control the population, mainly harming the lower class while the upper class mostly lost money.","Restatement asserts deliberate government release of COVID-19 for crowd control, matching the participant’s conspiracy.",Restatement directly asserts government deliberately released COVID for population control.,The restatement directly asserts the participant's conspiracy theory that the government deliberately released COVID-19 for population control.
R_1im0deUVkSQaeR6,affirms,affirms,affirms,affirms,3,"A group of elites secretly controls everything, possibly through an organization like the Illuminati.",Restatement directly asserts the elite/Illuminati secret-control conspiracy as true.,Restatement directly asserts the conspiracy; rating 100 means fully believing it.,The restatement directly asserts the participant's conspiracy theory that a secret elite group controls the world.
R_1iwhynG1GI5NI5a,affirms,affirms,affirms,affirms,3,Aliens are real.,"Restatement asserts aliens exist, matching participant’s belief based on internet pictures; 100 endorses the conspiracy claim.","Rating 100 confirms aliens exist, directly endorsing the participant's conspiracy belief.","Rating 100 means believing aliens exist, which directly affirms the participant's described conspiracy."
R_1j6yDO9CirTZJWX,affirms,affirms,affirms,affirms,3,The government is hiding extraterrestrial life from us.,Restatement directly asserts the described conspiracy; a 100 rating endorses government concealment of extraterrestrial life.,Restatement matches conspiracy verbatim; rating 100 endorses the conspiracy.,"Rating 100 means believing the government hides aliens, which directly affirms the participant's conspiracy."
R_1jSvyHZWsZbfFnD,affirms,affirms,affirms,affirms,3,Our existence is a simulation controlled by an entity similar to a video game.,Restatement asserts the simulation hypothesis; rating 100 means fully endorsing the described conspiracy.,Restatement directly asserts the simulation conspiracy as true.,"Rating 100 means believing we are in a simulation, which directly affirms the participant's conspiracy theory."
R_1jfdYhpKy36hGh6,affirms,affirms,affirms,affirms,3,The government controls the weather.,Restatement directly asserts the participant’s conspiracy; rating 100 endorses government weather control.,Restatement directly states the conspiracy; rating 100 means fully believing it.,Rating the restatement 100 directly endorses the participant's conspiracy that the government controls the weather.
R_1jqDiNCreyjizit,affirms,affirms,affirms,affirms,3,"The government is hiding things from the US public, including the fact that the earth is flat.",Restatement asserts government cover-up and flat earth as true; 100 equals endorsing participant’s conspiracy.,Rating 100 endorses both government concealment and flat earth conspiracy.,Rating 100 endorses the participant's exact claim that the government is hiding the truth about a flat earth.
R_1k22YEHKcmmuygE,affirms,affirms,affirms,affirms,3,The 9/11 attacks were planned and carried out by the US.,Restatement directly asserts the participant’s conspiracy; rating 100 means fully endorsing it.,Restatement directly states the conspiracy as true; 100 = full belief.,The restatement directly asserts the participant's conspiracy theory that the US orchestrated the 9/11 attacks.
R_1k24ExE1LRML6sv,affirms,affirms,affirms,affirms,3,Donald Trump started the war to control the world's oil.,Restatement directly asserts the participant’s conspiracy claim; rating 100 means fully endorsing it.,Restatement directly states the conspiracy as true; 100 = full belief.,The restatement directly asserts the participant's conspiracy theory as true.
R_1k82YfUgVcBdWRI,affirms,affirms,affirms,affirms,3,The government is hiding things in Antarctica and behind the ice wall.,Restatement directly asserts the described conspiracy as true; 100 endorses government concealment in Antarctica/ice wall.,Restatement directly states the conspiracy as true; 100 = full belief.,Rating 100 directly endorses the participant's belief that the government is hiding things in Antarctica.
R_1kBagTpXgXTl1Yt,affirms,affirms,affirms,affirms,3,"The government is hiding the truth about a UFO crash in Roswell, New Mexico in 1947.","Restatement asserts a UFO crash occurred and government is concealing it, matching the participant’s conspiracy claim.","Restatement directly asserts government cover-up of UFO crash, matching the conspiracy.",The restatement directly asserts the participant's conspiracy theory that the government is hiding a UFO crash at Roswell.
R_1kFmGhCb9pUN5H0,affirms,affirms,affirms,affirms,3,The government is hiding the existence of aliens.,Restatement asserts the conspiracy claim that aliens exist and the government is concealing it.,Restatement directly states the conspiracy: government concealing alien existence. 100 = believes conspiracy.,Rating 100 endorses the participant's exact conspiracy theory that the government is hiding aliens.
R_1kGPlaULexlKBwI,affirms,affirms,affirms,affirms,3,Aliens are living among us and we don’t know it yet.,Restatement directly asserts the participant’s conspiracy claim; rating 100 endorses aliens living among us.,Restatement directly mirrors the conspiracy claim verbatim.,The restatement directly asserts the participant's conspiracy theory that aliens are secretly living among us.
R_1koaOX0nMd9YV11,affirms,affirms,affirms,affirms,3,The Epstein files provide details on a widespread elite network involved in illegal activities.,"Restatement asserts the files reveal an elite criminal network, aligning with the implied conspiracy claim.",Rating 100 endorses the conspiracy that elites were involved in Epstein's illegal network.,Rating 100 endorses the core conspiracy claim that the Epstein files implicate a widespread elite network.
R_1ks6dH5TuvZxbep,affirms,affirms,affirms,affirms,3,People who received Covid shots were injected with nanobots to control them.,Restatement directly asserts the participant’s nanobots-in-vaccines mind-control conspiracy as true.,Restatement directly states the conspiracy as true; 100 = believes it.,The restatement directly asserts the participant's conspiracy theory as true.
R_1ku0vwbbo6rOb6i,affirms,affirms,affirms,affirms,3,The government orchestrated the assassination of JFK to install someone else in the White House.,Restatement asserts the government killed JFK; rating 100 endorses the participant’s conspiracy claim.,Restatement directly asserts government killed JFK; 100 = believes conspiracy.,Rating 100 endorses the participant's exact claim that the government killed JFK to replace him.
R_1kv5oMl5zEsZfe8,affirms,affirms,affirms,affirms,3,The earth is flat or there is a dome covering it.,Restatement asserts the flat Earth/dome claim; rating 100 indicates believing the described conspiracy.,Restatement directly asserts the conspiracy claim; rating 100 endorses it.,The restatement directly asserts the participant's conspiracy theory about a flat earth or dome as true.
R_1l42SmqmxrUgz4J,affirms,affirms,affirms,affirms,3,The earth is flat.,Restatement asserts the flat-earth conspiracy; rating 100 means fully endorsing it.,"Rating 100 commits to flat earth belief, matching the conspiracy described.",Rating the statement 100 directly endorses the participant's described conspiracy theory that the earth is flat.
R_1lDrvopx48HsJdm,affirms,affirms,affirms,affirms,3,The Apollo moon landings never happened and were staged because it was physically impossible for humans to land on the moon with the technology available at that time.,Restatement directly claims the moon landings were faked; rating 100 endorses the described conspiracy.,Restatement directly asserts the conspiracy: moon landings were faked due to technological impossibility.,"The restatement explicitly claims the moon landings were staged, directly affirming the participant's described conspiracy theory."
R_1lJlKYTDrAYqxwP,affirms,affirms,affirms,affirms,3,Jeffrey Epstein was murdered in prison to protect other people and their crimes.,"Restatement asserts the conspiracy claim (Epstein murdered, not suicide); 100 rating endorses it.",Restatement directly states the conspiracy: Epstein was murdered to silence him.,The restatement directly asserts the participant's conspiracy theory that Epstein was murdered.
R_1lKxYFS7rvkURbP,affirms,affirms,affirms,affirms,3,Governments and major tech companies collaborate secretly in a global surveillance program to monitor and store all private communications without public knowledge or consent.,Restatement directly asserts the described secret global surveillance conspiracy as true.,Restatement directly asserts the conspiracy; rating 100 means fully believing it.,The restatement directly asserts the existence of the secret global surveillance program described by the participant.
R_1lXIwy7tCI0C8GU,affirms,affirms,affirms,affirms,3,Jeffrey Epstein is still alive and posting online to mock us all.,Restatement directly asserts the participant’s conspiracy; a 100 rating endorses it as true.,Restatement directly states the conspiracy as true; 100 = believes it.,"Rating 100 means believing Epstein is alive, which directly affirms the participant's conspiracy theory."
R_1lacQZUJSOG6AcA,affirms,unclear,affirms,affirms,3,The Epstein files exist and contain information about Jeffrey Epstein’s activities.,"A 100 rating asserts the files exist and include details about Epstein’s wrongdoing, matching the implied conspiracy claim.","Restatement is neutral/factual; participant's concern is about unverified assumptions, not file existence.","Rating 100 endorses the existence of the Epstein files, aligning with the conspiracy theory described."
R_1lgm8e3QFar11Px,affirms,affirms,affirms,affirms,3,Some animals that have gone extinct are still around but have evolved to hide from and avoid humans.,Restatement directly asserts the participant’s conspiracy claim; 100 means believing extinct animals still survive hidden.,Restatement directly states the conspiracy as true; 100 = believes it.,"Rating 100 means believing extinct animals are still alive and hiding, matching the participant's conspiracy."
R_1liB0EvZAQ64vy6,affirms,affirms,affirms,affirms,3,The government has hidden secret gas storage areas.,"Restatement asserts the government hides secret gas storage, matching the participant’s described conspiracy.",Restatement directly asserts the conspiracy: government hiding secret gas storage.,The restatement directly asserts the participant's conspiracy theory that the government hides secret gas storage areas.
R_1lk0H3VfO8yIKcN,affirms,affirms,affirms,affirms,3,The earth is flat and the government doesn’t want us to know this.,Restatement directly asserts the participant’s flat-earth conspiracy as true.,Restatement directly states the conspiracy as true; 100 = full belief.,The restatement directly asserts the participant's flat earth conspiracy theory as true.
R_1llNIK1FMCI97js,affirms,affirms,affirms,affirms,3,Alien life exists and has been on Earth for an unspecified period of time.,"Restatement asserts aliens exist and have been here, matching the participant’s described conspiracy claim.","Rating 100 confirms alien life exists on Earth, matching the conspiracy belief.","Rating 100 means believing aliens exist and are on Earth, matching the participant's conspiracy."
R_1lm927VPAhYHKJH,affirms,affirms,affirms,affirms,3,Aliens have been spotted flying near Earth in spaceships.,"A 100 rating asserts aliens in spaceships have been spotted near Earth, matching the described suspected sighting claim.","Rating 100 endorses alien spacecraft sightings near Earth, matching participant's wonder.",Rating 100 means believing the participant's specific theory that alien spaceships have been spotted near Earth.
R_1lncETGCOzNe1QR,affirms,affirms,affirms,affirms,3,The government is run by a secret group.,Restatement directly asserts the participant’s conspiracy; rating 100 indicates full endorsement of that claim.,Restatement directly states the conspiracy as true; rating 100 endorses it.,The restatement directly asserts the participant's conspiracy theory as true.
R_1ltmayKDeUwfjrP,affirms,affirms,affirms,affirms,3,The government uses distractions in the news to prevent people from knowing what is really happening.,Restatement directly asserts the participant’s conspiracy; 100 means fully endorsing it.,Restatement directly mirrors the conspiracy: government uses news distractions to hide truth.,"Rating 100 means agreeing that the government uses news distractions, which directly affirms the participant's conspiracy."
R_1m4SeORWFNkxjk6,affirms,affirms,affirms,affirms,3,China has hidden locations in America to spy on us.,Restatement directly asserts the participant’s conspiracy; rating 100 means fully endorsing it.,Restatement directly asserts the conspiracy; rating 100 means fully believing it.,Rating 100 directly endorses the participant's belief that China has hidden spy locations in America.
R_1mCSneAoHey6LLW,affirms,affirms,affirms,affirms,3,The patterns seen in the sky from plane trails are part of a weather control initiative.,"Restatement asserts chemtrails are for weather control, matching the participant’s conspiracy topic.",Rating 100 endorses the conspiracy that chemtrails are weather control.,The restatement asserts the weather control conspiracy theory described by the participant.
R_1mf6fqDWD4QQPst,affirms,affirms,affirms,affirms,3,The Epstein files contain credible evidence of illicit activities and involvement by high-profile individuals.,"Restatement asserts the files credibly implicate illicit acts and elites, aligning with the participant’s conspiracy topic.",Rating 100 endorses the conspiracy that Epstein files reveal illicit high-profile activities.,Rating 100 endorses the conspiracy claim that the Epstein files contain credible evidence of high-profile illicit activities.
R_1n5GlIRGcDPoxmF,affirms,affirms,affirms,affirms,3,Drones sent from Iran were spotted hovering over the houses of two different senators.,"Restatement asserts the drones came from Iran, matching the participant’s conspiracy claim.",Restatement directly asserts the conspiracy claim as true.,Rating 100 endorses the participant's theory that the drones over the senators' houses were sent from Iran.
R_1n6Baf0CU574m86,affirms,affirms,affirms,affirms,3,"Aliens are real, and their existence is supported by unexplainable events like those depicted in the movie ""The Fourth Kind.""",Restatement asserts aliens are real; rating 100 endorses the participant’s conspiracy belief.,"Restatement directly asserts aliens are real, matching the participant's conspiracy belief.",Rating the statement 100 directly endorses the participant's belief that aliens are real.
R_1n6KLNhdekPWRAm,affirms,affirms,affirms,affirms,3,Over half of the Internet is populated by bots that are used to sow distrust in local governments and train AI models.,Restatement directly asserts dead Internet theory claim; 100 rating endorses the conspiracy described.,Restatement directly states the conspiracy as true; 100 = believes it.,The restatement directly asserts the participant's conspiracy theory as true.
R_1n6nQJPkOcxICZB,affirms,affirms,affirms,affirms,3,Powerful organizations are hiding the fact that the Earth is flat.,Restatement asserts Earth is flat and being concealed; 100 equals full endorsement of the conspiracy.,Restatement directly asserts the conspiracy: Earth is flat and hidden by organizations.,"Rating 100 means believing the Earth is flat and organizations hide it, affirming the described conspiracy."
R_1nOFYe33RrS8zDB,affirms,affirms,affirms,affirms,3,"Humans exist in space, and the government and scientists are keeping it a secret to prevent public panic.",Restatement directly asserts the participant’s claimed cover-up; rating 100 endorses the conspiracy as true.,"Restatement directly states the conspiracy: secret humans in space, government cover-up.",The restatement directly asserts the participant's conspiracy theory that the government is hiding humans in space.
R_1o1lwaUGpGVXa2C,affirms,affirms,affirms,affirms,3,Christmas City was using pictures from schools for Epstein.,Restatement asserts the alleged misuse of school pictures; rating 100 endorses that conspiracy claim.,Rating 100 directly endorses the conspiracy that school pictures were used for Epstein.,Rating 100 means endorsing the conspiracy that Christmas City used school pictures for Epstein.
R_1oAWz4IVcNT2uFy,affirms,affirms,affirms,affirms,3,AI is going to replace humans and take over the world.,Restatement directly asserts the participant’s conspiracy; rating it 100 endorses that takeover scenario.,Restatement is verbatim the conspiracy claim; 100 = full belief.,"The restatement directly asserts the participant's conspiracy theory, so a 100 rating means fully believing it."
R_1oMBZ6A9bc9JD5a,affirms,affirms,affirms,affirms,3,The FBI killed JFK instead of the accused assassin.,Restatement directly asserts the participant’s conspiracy claim; rating 100 means endorsing it as true.,Restatement directly states the conspiracy as true; 100 = believes FBI killed JFK.,Rating the restatement 100 directly endorses the participant's conspiracy theory that the FBI killed JFK.
R_1ogMOHbPBCo9IJ6,affirms,affirms,affirms,affirms,3,Major tech companies secretly manipulate search results and social media feeds to influence public opinion and elections.,Restatement directly asserts the described conspiracy; rating 100 endorses it as true.,Restatement directly asserts the conspiracy; rating 100 means fully believing it.,The restatement directly asserts the conspiracy theory described by the participant.
R_1osuByVwwv2BSM1,affirms,affirms,affirms,affirms,3,Climate change is not actually happening now.,Restatement repeats the participant’s climate-change-denial claim; rating 100 fully endorses that conspiracy.,Restatement directly states the conspiracy claim; rating 100 endorses it.,"Rating 100 endorses the conspiracy that climate change is not happening, matching the participant's description."
R_1p2PtioXMJ0RoT7,affirms,affirms,affirms,affirms,3,MRNA vaccines are used by Bill Gates to inject microchips into people to control their lives.,Restatement directly asserts the microchip-control conspiracy as true; 100 rating endorses it.,Restatement directly states the conspiracy as true; 100 = full belief.,Rating the restatement 100 directly endorses the participant's conspiracy theory about Bill Gates and microchips.
R_1p3G1gpUX3fcXmw,affirms,affirms,affirms,affirms,3,There was a second gunman on the grassy knoll involved in the 1963 Kennedy assassination.,Restatement asserts second gunman; rating 100 endorses conspiracy over Oswald-acted-alone account.,"Rating 100 endorses the conspiracy: multiple shooters, not Oswald alone.",Rating 100 endorses the participant's conspiracy theory that a second gunman was involved in the Kennedy assassination.
R_1p5djUPtad152fR,affirms,affirms,affirms,affirms,3,9/11 was an inside job performed by the Bush administration.,Restatement asserts the conspiracy claim; rating 100 indicates full belief that Bush administration orchestrated 9/11.,Restatement directly asserts the conspiracy; rating 100 means believing it.,The restatement directly asserts the participant's conspiracy theory that 9/11 was an inside job.
R_1pA0ptW98beQLip,affirms,affirms,affirms,affirms,3,The government is hiding evidence of extraterrestrial contact and has recovered alien technology.,Restatement directly asserts the participant’s conspiracy; rating it 100 means fully endorsing the cover-up claim.,Restatement directly matches the conspiracy claim verbatim.,Rating 100 directly endorses the participant's conspiracy theory that the government is hiding alien technology.
R_1pul1kiUOhaErKG,affirms,affirms,affirms,affirms,3,There are aliens at Area 51.,"Restatement directly asserts aliens are present at Area 51, matching the participant’s conspiracy claim.","Rating 100 means believing aliens exist at Area 51, matching the conspiracy.","Rating 100 means believing aliens are at Area 51, which directly affirms the participant's described conspiracy."
R_1pumnqgAWQE7Bsf,affirms,affirms,affirms,affirms,3,The government is suppressing knowledge about the third eye to prevent people from becoming superhumans.,Restatement directly asserts the described conspiracy as true; rating 100 equals full endorsement.,Restatement directly mirrors the participant's conspiracy claim verbatim.,Rating the restatement 100 directly endorses the participant's belief about the government suppressing third eye knowledge.
R_1q9jYvzpXqd6Di3,affirms,affirms,affirms,affirms,3,The Simpsons show contains premeditated predictions of future world events.,Restatement asserts the conspiracy claim that the show intentionally predicts future events.,Restatement directly asserts the conspiracy that Simpsons predicts future events.,"Rating 100 endorses the participant's belief that The Simpsons predicts the future, affirming the conspiracy."
R_1q9vA1Liqii6zJO,affirms,affirms,affirms,affirms,3,The U.S. government was involved in orchestrating or facilitating the 9/11 attacks.,Restatement asserts government involvement in 9/11; rating 100 endorses the described conspiracy.,"Rating 100 directly endorses government involvement in 9/11, affirming the conspiracy.",Rating 100 endorses the participant's belief that the government played a role in the 9/11 attacks.
R_1qJ5FYB2izUz45f,affirms,affirms,affirms,affirms,3,World leaders are worshippers of the devil.,Restatement directly asserts the participant’s conspiracy claim; rating 100 means fully endorsing it.,Restatement directly states the conspiracy claim; rating 100 endorses it.,Rating 100 directly endorses the participant's conspiracy that world leaders worship the devil.
R_1qJc2Cz5xqa1LYR,affirms,affirms,affirms,affirms,3,"AI-generated videos, voices, and social media posts are being used to sway voters without them realizing it.",Restatement directly asserts the participant’s described conspiracy as true; 100 means endorsing that covert AI manipulation occurs.,Restatement directly mirrors the conspiracy claim; rating 100 endorses it.,The restatement directly asserts the participant's conspiracy theory about AI being used to secretly sway voters.
R_1qQg4bbe1cuj5Vb,affirms,affirms,affirms,affirms,3,The government faked the Apollo moon landing.,Restatement asserts the moon landing was faked; rating 100 endorses the participant’s conspiracy claim.,Restatement directly asserts the conspiracy is true; rating 100 endorses it.,"The restatement explicitly claims the moon landing was faked, matching the participant's conspiracy."
R_1qyvgkbDnzwRCwr,affirms,affirms,affirms,affirms,3,The government is hiding aliens from us.,Restatement directly asserts the described conspiracy; rating 100 means endorsing government alien cover-up.,Restatement directly states the conspiracy; rating 100 means believing it.,Rating 100 directly endorses the participant's described conspiracy that the government is hiding aliens.
R_1rH4Jx3HLqJd54t,affirms,affirms,affirms,affirms,3,"Lee Harvey Oswald was a convenient scapegoat, and the US government was actually responsible for the JFK assassination due to discontent with his policies.","Restatement asserts government killed JFK and Oswald was scapegoat, matching the participant’s conspiracy framing.","Restatement directly endorses the conspiracy: government killed JFK, Oswald was framed.",The restatement explicitly asserts the conspiracy theory that the US government assassinated JFK and Oswald was a scapegoat.
R_1robHsdg0JaIXxO,affirms,affirms,affirms,affirms,3,"Aliens have been circling our planet recently, monitoring us, and will make contact soon, causing discomfort for some people.",Restatement asserts the described alien-monitoring and imminent-contact conspiracy as true.,Restatement directly asserts the conspiracy claim; rating 100 means fully believing it.,The restatement directly asserts the participant's conspiracy theory about aliens monitoring Earth and making contact.
R_1s0IRU8kUzrfIll,affirms,affirms,affirms,affirms,3,"We are living in a computer-generated dome, where nothing can enter or leave the borders.",Restatement directly asserts the participant’s dome/simulation conspiracy as true.,Restatement directly mirrors the participant's conspiracy claim verbatim.,Rating the restatement 100 directly endorses the participant's belief that we live in a computer-generated dome.
R_1s7elLBdgpslgw6,affirms,affirms,affirms,affirms,3,"Prior to the 2024 election, there was an orchestrated attempt on Trump's life by individuals within or supporting the Republican party, designed to pose no real threat to him and instead boost his political momentum.","It states the attempt was orchestrated by pro-Trump Republicans and posed no real danger, matching the described conspiracy.","Rating 100 means believing the shooting was staged by pro-Trump forces, matching the conspiracy.",The restatement directly asserts the participant's conspiracy theory that the assassination attempt was staged.
R_1sB0gAgrhpVnhIu,affirms,affirms,affirms,affirms,3,Antarctica and the moon landing involve significant hidden truths that authorities have not fully disclosed to the public.,"Restatement asserts undisclosed hidden truths about Antarctica and moon landing, aligning with the implied conspiracy claim.","Rating 100 endorses hidden truths about Antarctica and moon landing, affirming the conspiracy.","The restatement explicitly claims there are hidden truths about Antarctica and the moon landing, affirming the conspiracy."
R_1sRwy0Bwcs4IqAH,affirms,affirms,affirms,affirms,3,Vice President Johnson was involved in the conspiracy to assassinate President Kennedy.,Restatement directly asserts the participant’s described conspiracy; 100 means fully endorsing Johnson’s involvement.,Restatement directly states the conspiracy as true; 100 = believing it.,"The restatement directly asserts the participant's conspiracy theory, so a 100 rating means fully endorsing it."
R_1sbpI7Poaro1FWx,affirms,affirms,affirms,affirms,3,McDonald's uses human meat in their food products.,Restatement directly asserts the described conspiracy as true; rating 100 endorses that belief.,Rating 100 directly endorses the conspiracy that McDonald's uses human meat.,Rating the restatement 100 directly endorses the participant's conspiracy theory that McDonald's uses human meat.
R_1sc4G4Uq5phaYvE,affirms,affirms,affirms,affirms,3,The government is concealing evidence of extraterrestrial beings found in classified files and preventing the public from accessing these facts.,"Restatement directly asserts the government is hiding classified alien evidence, matching the described conspiracy.",Restatement directly asserts the conspiracy: government hiding alien evidence in classified files.,Rating 100 endorses the participant's belief that the government is actively hiding evidence of extraterrestrials.
R_1tb76jUe2oKCEA9,affirms,affirms,affirms,affirms,3,The government is hiding the fact that Antarctica is a portal to another world.,Restatement directly asserts the participant’s described conspiracy as true.,Restatement matches conspiracy verbatim; rating 100 endorses the conspiracy.,The restatement directly asserts the participant's conspiracy theory about Antarctica being a hidden portal.
R_1tnuApDnlcmbmgh,affirms,affirms,affirms,affirms,3,Actress Marilyn Monroe was murdered.,Restatement directly asserts the conspiracy claim; rating 100 means fully endorsing she was murdered.,Restatement directly states the conspiracy claim that Monroe was murdered.,Rating 100 directly endorses the participant's conspiracy theory that Marilyn Monroe was murdered.
R_1tolvQgBcsd0EmN,affirms,affirms,affirms,affirms,3,Elon Musk and Donald Trump collaborated to successfully steal the election in all seven swing states.,Restatement directly asserts the participant’s claimed conspiracy; 100 means endorsing election theft collaboration.,Restatement directly asserts the conspiracy; rating 100 endorses it.,The restatement directly asserts the participant's conspiracy theory that Musk and Trump stole the election.
R_1tqZmXgltY4CCXe,affirms,affirms,affirms,affirms,3,The government is hiding evidence of extraterrestrial contact and has recovered alien technology.,Restatement directly asserts the conspiracy claim; rating it 100 means fully endorsing that claim.,Restatement matches conspiracy description exactly; 100 = believes the conspiracy.,The restatement directly asserts the participant's conspiracy theory about hidden alien technology as true.
R_1tsPIVczzaT9TeG,affirms,affirms,affirms,affirms,3,The cure for cancer is being kept hidden to benefit pharmaceutical companies and their affiliates financially.,Restatement directly asserts the conspiracy claim that a cancer cure is concealed for pharma profit.,Restatement directly states the conspiracy: cure hidden for pharma profit.,The restatement directly asserts the participant's conspiracy theory that the cancer cure is hidden for profit.
R_1tvkE0KWCeCHdvj,affirms,affirms,affirms,affirms,3,"Michelle Obama is secretly a man, Joe Biden was replaced by a robot after his death, and Charlie Kirk's death was faked.",Restatement directly asserts the participant’s conspiratorial claims as true.,Restatement directly asserts all three conspiracies as true; 100 = full belief.,The restatement directly asserts the participant's conspiracy theories as true.
R_1uO0hEFuoh3PKi5,affirms,affirms,affirms,affirms,3,The young lady the participant and their sister saw in the mirror was the spirit of a recently deceased woman their mother described.,"Restatement asserts the mirror figure was a deceased woman’s spirit, matching the participant’s claimed paranormal explanation.","Rating 100 affirms the ghost/spirit sighting as real, matching the participant's belief.","Rating 100 means believing the apparition was the deceased woman's spirit, affirming the participant's belief."
R_1uYT1Rpw1z9r6wx,affirms,affirms,affirms,affirms,3,"The government has knowledge of cryptids like Bigfoot and is hiding the truth about their existence, which could explain why many people go missing in the wilderness.",Restatement asserts government hides Bigfoot’s existence; 100 rating endorses the participant’s conspiracy claim.,Restatement directly mirrors the conspiracy: government conceals cryptid existence and missing persons link.,The restatement directly asserts the participant's conspiracy theory as true.
R_1uZGWMp97YNspyb,affirms,affirms,affirms,affirms,3,Furbies were an early design for AI toys that could respond to human interaction and did not turn off unless the battery died.,The restatement matches the participant’s claim; rating 100 fully endorses it.,Restatement directly affirms the participant's conspiracy claim about Furbies being early AI toys.,Rating 100 affirms the participant's belief that Furbies were early AI toys.
R_1v8EATQOC41WoiP,affirms,affirms,affirms,affirms,3,Bigfoot exists and is most likely located in the Appalachian Mountains.,"A 100 rating affirms Bigfoot’s existence and places it in Appalachians, matching the described claim.","Rating 100 affirms Bigfoot exists and lives in the Appalachians, matching participant's belief.",Rating 100 endorses the participant's specific theory that Bigfoot is located in the Appalachian Mountains.
R_1vkt8gZWJbJIg7v,affirms,affirms,affirms,affirms,3,"The government and pharmaceutical companies have cures for many major diseases, which they withhold to maintain profits from ongoing medication sales.",Restatement directly asserts the alleged withheld cures-for-profit conspiracy as true.,Restatement directly states the conspiracy: cures exist but are withheld for profit.,Rating the restatement 100 directly endorses the participant's belief that cures are withheld for profit.
R_1w3kwlpZb1MPcwp,affirms,affirms,affirms,affirms,3,The Apollo 11 Moon Landing was staged on Earth in a TV studio rather than actually occurring on the moon.,Restatement directly asserts the participant’s described conspiracy as true; 100 equals endorsing the hoax claim.,Restatement directly asserts the conspiracy; rating 100 means believing it was faked.,"Rating 100 endorses the idea that the moon landing was staged, which is the conspiracy."
R_1wBsgQsuSfzloDR,affirms,affirms,affirms,affirms,3,"The moon landing in July 1969 was a hoax carried out on a soundstage, and humans did not genuinely land on the moon.","Restatement asserts the moon landing was faked, matching participant’s conspiracy; 100 equals full endorsement.",Restatement directly asserts the conspiracy; rating 100 means believing the hoax.,"Rating 100 endorses the hoax theory, directly affirming the participant's conspiracy."
R_1wda1q7wIJ0d7Mw,affirms,affirms,affirms,affirms,3,The government is hiding aliens at Area 51.,Restatement asserts the conspiracy claim directly; rating 100 means fully believing government hides aliens at Area 51.,Restatement directly asserts the conspiracy; rating 100 means believing it.,"Rating 100 means believing the government hides aliens, which affirms the participant's described conspiracy."
R_1webu6FmutFkomd,affirms,affirms,affirms,affirms,3,Michael Jackson assaulted young kids.,Restatement directly asserts the participant’s described conspiracy; rating 100 means fully endorsing it.,Restatement directly states the conspiracy claim as true.,Rating 100 directly endorses the participant's conspiracy theory.
R_1wi7tv10aAktV2B,affirms,affirms,affirms,affirms,3,Bigfoot exists in the woods.,"Restatement asserts Bigfoot’s existence, matching the participant’s conspiracy topic.","Rating 100 means believing Bigfoot is real, endorsing the conspiracy.","Rating 100 means believing Bigfoot exists, which directly affirms the participant's conspiracy theory."
R_1wnVGfStZ3evuEx,affirms,affirms,affirms,affirms,3,"The government is withholding information from the public, such as the Epstein files.",Restatement asserts the same claim: government hides Epstein-related information from the public.,Restatement directly affirms the conspiracy that government hides Epstein files.,The restatement directly asserts the participant's conspiracy theory as true.
R_1xEJzRVzXJJK0Sr,affirms,affirms,affirms,affirms,3,"The CIA assassinated President John F. Kennedy using Lee Harvey Oswald as a cover, orchestrating the plot in Texas to benefit Vice President Lyndon B. Johnson.","Restatement asserts CIA killed JFK with Oswald as cover to benefit LBJ, matching participant’s conspiracy.",Restatement directly asserts the CIA conspiracy; rating 100 means fully believing it.,The restatement directly asserts the participant's conspiracy theory as true.
R_1xMdvh4Vs4Q6SPn,affirms,affirms,affirms,affirms,3,"Russian forces are causing brain sickness in FBI and other agents using a new microwave weapon that inflicts pain, flashes of light, and damage.",Restatement directly asserts participant’s conspiracy claim; 100 equals full endorsement of Russian microwave-weapon cause.,Restatement directly asserts Russia is using microwave weapons to harm agents.,The restatement directly asserts the participant's conspiracy theory as true.
R_1xWptZYG66E7Lbz,affirms,affirms,affirms,affirms,3,John F. Kennedy's assassination was orchestrated by the CIA.,Restatement asserts CIA planned JFK assassination; rating 100 endorses that conspiracy claim.,"Rating 100 endorses CIA conspiracy, aligning with participant's conspiracy suspicion.",Rating 100 endorses the participant's conspiracy theory that the CIA orchestrated JFK's assassination.
R_1xXePSFyJ6agvsG,affirms,affirms,affirms,affirms,3,The moon landing was not real and was filmed in a studio.,Restatement directly asserts the participant’s conspiracy; rating 100 means fully endorsing it.,Restatement directly asserts the conspiracy; rating 100 means believing it.,"Rating 100 means believing the moon landing was faked, which directly affirms the participant's conspiracy."
R_1yYHpGBRA7XxLvb,affirms,affirms,affirms,affirms,3,The government faked the 1969 moon landing and is hiding the truth from the public.,Restatement directly asserts the described conspiracy; rating 100 means fully endorsing it.,Restatement directly states the conspiracy as true; 100 = full belief.,The restatement directly asserts the conspiracy theory that the moon landing was faked by the government.
R_1ydByNm2rF7uqRP,affirms,affirms,affirms,affirms,3,The Apollo 11 Moon Landing was staged and was filmed in a TV studio.,Restatement asserts the moon landing was staged; rating 100 endorses the described conspiracy.,Restatement directly asserts the conspiracy; rating 100 means believing it was faked.,Rating 100 means endorsing the conspiracy that the moon landing was staged.
R_1ymaLfDtZuhaUwy,affirms,affirms,affirms,affirms,3,The United States government used a natural disaster weapon from a facility in Alaska to cause the earthquake in Haiti.,"Restatement asserts the government caused Haiti’s earthquake using an Alaska-based weapon, matching the participant’s conspiracy.",Restatement directly asserts the conspiracy; rating 100 means believing it.,The restatement directly asserts the participant's conspiracy theory that the US government caused the Haiti earthquake using a weapon.
R_1ymmL0sxz1zaoBX,affirms,affirms,affirms,affirms,3,The government is hiding evidence of alien life and contact.,Restatement matches the described conspiracy; rating 100 indicates full belief in government alien evidence cover-up.,Restatement directly states the conspiracy as true; 100 = believes it.,Rating the restatement 100 directly endorses the participant's belief that the government is hiding alien evidence.
R_1zRQyRwNcCatNKN,affirms,affirms,affirms,affirms,3,The government knew about the Pearl Harbor attack in advance and deliberately did nothing to prevent it to gain public support for declaring war on Japan.,Restatement asserts prior knowledge and intentional inaction for war support—the described conspiracy claim.,Restatement directly matches the conspiracy: government foreknowledge and deliberate inaction.,The restatement directly asserts the participant's conspiracy theory that the government intentionally allowed Pearl Harbor to happen.
R_1zdX7UbUW8xz0Rz,affirms,affirms,affirms,affirms,3,"Aliens are real, and Area 51 is evidence of their existence.","Restatement asserts aliens exist and cites Area 51 as evidence, matching the participant’s conspiracy-leaning claim.","Rating 100 means believing aliens exist, matching the conspiracy described.",The restatement directly asserts the participant's conspiracy theory that aliens are real.
R_2U5yBt3BIW2nIiw,affirms,affirms,affirms,affirms,3,The Illuminati is a powerful secret organization that covertly influences world events and decisions.,"Restatement asserts the Illuminati secretly controls world events, matching the participant’s conspiracy topic.",Rating 100 endorses the Illuminati conspiracy as real and influential.,"Rating 100 endorses the existence and power of the Illuminati, affirming the participant's conspiracy theory."
R_30kGM0WYmLninjB,affirms,affirms,affirms,affirms,3,"The U.S. government destroyed the Twin Towers on September 11, 2001, using a controlled demolition.",Restatement directly asserts the participant’s conspiracy claim as true; 100 equals full endorsement.,Restatement directly asserts the government caused 9/11 via demolition.,Rating the restatement 100 directly endorses the participant's conspiracy that the government destroyed the Twin Towers.
R_30kRuIgKx4pSD6R,affirms,affirms,affirms,affirms,3,The moon landing was faked and filmed in a studio by the U.S. government to gain an advantage in the space race.,Restatement asserts the moon landing was faked; rating 100 endorses the participant’s conspiracy claim.,"Rating 100 means believing the moon landing was staged, endorsing the conspiracy.",The restatement directly asserts the conspiracy theory as true.
R_30oYRmkWzKNt6nY,affirms,affirms,affirms,affirms,3,The COVID-19 vaccine does not prevent people from getting sick or passing away from the virus.,Restatement matches participant’s claim that vaccines don’t protect against illness or death; 100 endorses it.,Rating 100 endorses the conspiracy that the vaccine is ineffective.,"Rating 100 means believing the vaccine doesn't work, matching the participant's conspiracy claim."
R_30oxD8L58MOG8wA,affirms,affirms,affirms,affirms,3,The government is attempting to control people by implanting chips in their hands.,Restatement directly asserts the participant’s chip-implant control conspiracy as true.,Restatement directly asserts the conspiracy; rating 100 endorses it.,The restatement directly asserts the participant's conspiracy theory as true.
R_30qab9cQzGsdxwj,affirms,affirms,affirms,affirms,3,The government is hiding the truth about Area 51 and is not being completely transparent with the public about what is happening there.,Restatement matches participant’s claim that the government is lying and withholding the full truth about Area 51.,"Restatement directly asserts government deception at Area 51, matching participant's conspiracy.",The restatement directly asserts the participant's belief that the government is hiding the truth about Area 51.
R_30vmL6bJH6eUIuM,affirms,affirms,affirms,affirms,3,"A cure for many diseases, including the vaccine for COVID, has been hidden from people.",Restatement asserts the hidden-cure conspiracy claim; rating 100 would endorse the conspiracy.,Restatement directly asserts the conspiracy that cures are hidden from people.,The restatement directly asserts the participant's conspiracy theory that cures for diseases are being hidden from the public.
R_311iz73agEdDcL5,affirms,affirms,affirms,affirms,3,Alien UFOs appear at regular intervals in the USA.,Restatement directly asserts the participant’s conspiracy claim; 100 means fully endorsing alien UFO appearances.,Restatement directly asserts the conspiracy claim; 100 = believes alien UFOs visit regularly.,Rating 100 directly endorses the participant's belief that alien UFOs regularly visit the USA.
R_316Mtp0mROTkY18,affirms,affirms,affirms,affirms,3,The moon landing was faked in 1969.,Restatement directly asserts the described conspiracy; rating 100 endorses the moon-landing-hoax claim.,Restatement directly states the conspiracy as true; 100 = believes it was faked.,Rating the restatement 100 directly endorses the participant's described conspiracy that the moon landing was faked.
R_3175ppdiPdF3aHm,affirms,affirms,affirms,affirms,3,The moon landing was a production of Hollywood.,Restatement directly asserts the participant’s conspiracy; rating 100 means fully endorsing it.,Restatement directly states the conspiracy as true; 100 = believes it was faked.,The restatement directly asserts the participant's conspiracy theory that the moon landing was faked by Hollywood.
R_31773aydKNu7mw3,affirms,affirms,affirms,affirms,3,"Hitler survived World War II and fled to Brazil, possibly after being taken to Russia by the Soviets.",Restatement asserts Hitler survived and escaped; a 100 rating endorses the conspiracy claim.,"Restatement directly asserts Hitler survived and escaped, matching the conspiracy.","Rating 100 means believing Hitler survived and fled, which directly affirms the participant's conspiracy theory."
R_31AtTKQCaN0Omin,affirms,affirms,affirms,affirms,3,The U.S. government knew about the Pearl Harbor attack in advance but hid the information to justify entering World War II.,Restatement directly asserts the participant’s conspiracy claim; rating 100 would endorse that conspiracy.,Restatement directly states the conspiracy as true; 100 = full belief.,The restatement directly asserts the conspiracy theory described by the participant.
R_31RZzwNXPtz0qLy,affirms,affirms,affirms,affirms,3,"There are aliens living among us who abduct and clone people, and the government is aware of this but keeps it hidden from the public.",Restatement directly asserts the participant’s alien-abduction/cloning cover-up conspiracy as true.,"Restatement directly asserts the conspiracy: aliens among us, abductions, cloning, government cover-up.",The restatement directly asserts the participant's conspiracy theory about aliens and government cover-up.
R_31SorwzLFlxoLtL,affirms,affirms,affirms,affirms,3,The government is hiding aliens and has contacted them to gain access to their technology.,Restatement directly asserts the participant’s conspiracy claim; rating 100 indicates full belief in it.,Restatement directly mirrors the participant's conspiracy claim verbatim.,The restatement directly asserts the participant's conspiracy theory about the government hiding aliens and their technology.
R_31dhfK5qdzKAHH6,affirms,affirms,affirms,affirms,3,Trump participated in the Jeffrey Epstein scandal with Prince Edward.,Restatement directly asserts the participant’s conspiracy claim; rating 100 endorses Trump’s involvement.,Restatement directly asserts the conspiracy as true; 100 = believes it.,The restatement directly asserts the participant's conspiracy theory that Trump was involved in the Epstein scandal.
R_31iqaYKZQeQI2Ah,affirms,affirms,affirms,affirms,3,The American government has structured capitalism specifically to make some people richer due to their relationship connections.,Restatement directly asserts the participant’s conspiracy claim; rating 100 indicates full endorsement of it.,Restatement directly mirrors the participant's conspiracy claim verbatim.,The restatement exactly matches the participant's conspiracy description.
R_31iw3tyfVhW875U,affirms,affirms,affirms,affirms,3,"Over two thirds of the United States government, including both democrats and republicans, collaborate for their own benefits rather than for the welfare of the people.",Restatement directly asserts the participant’s claim that most of government colludes for self-interest over public welfare.,Restatement directly mirrors the conspiracy: bipartisan government self-dealing over public welfare.,The restatement directly asserts the participant's conspiracy theory that politicians secretly collaborate for their own benefit.
R_31t5Lvn9R9RNCrx,affirms,affirms,affirms,affirms,3,"In 1947, an extraterrestrial spacecraft crashed in Roswell, New Mexico, and the U.S. military recovered alien bodies and advanced technology, which it subsequently concealed through a coordinated cover-up.",Restatement directly asserts the alien-crash-and-coverup claim; rating 100 would fully endorse the conspiracy.,Restatement directly asserts the conspiracy; rating 100 means fully believing it.,The restatement directly asserts the conspiracy theory as described by the participant.
R_31tEYPnzzrpdUUT,affirms,affirms,affirms,affirms,3,"The war in Iran is not genuinely about nuclear weapons, but rather an influence from Israel on the US to launch the attack on its behalf.","Restatement asserts the war isn’t about nukes but Israeli influence driving US action, matching the participant’s conspiracy.","Restatement directly states the conspiracy: war is Israel-influenced, not about nuclear weapons.",The restatement directly asserts the participant's conspiracy theory that Israel influenced the US to attack Iran.
R_31uEnyLKkTWlSBf,affirms,affirms,affirms,affirms,3,Covid-19 originated in China with the purpose of weakening the US economy and its resources.,Restatement asserts the participant’s conspiracy claim as true; rating 100 endorses it.,Restatement directly states the conspiracy: China deliberately spread Covid-19 to weaken the US.,The restatement directly asserts the participant's conspiracy theory that China intentionally created Covid-19 to weaken the US economy.
R_325acblN25kK7t7,affirms,affirms,affirms,affirms,3,The moon landing was faked.,Restatement directly asserts the participant’s described conspiracy that the moon landing was fake.,"Rating 100 means believing the moon landing was faked, endorsing the conspiracy.",Rating the restatement 100 directly endorses the participant's belief that the moon landing was faked.
R_32Dy6i8oMserjAD,affirms,affirms,affirms,affirms,3,"Secret groups are controlling major world events to establish a single global government, eroding national sovereignty and individual freedoms.",Restatement directly asserts the participant’s described global-government control conspiracy as true.,Restatement directly states the conspiracy as true; 100 = full belief.,"The restatement exactly matches the participant's description of the conspiracy, so a 100 rating affirms it."
R_32FEv4Tsbkg05dn,affirms,affirms,affirms,affirms,3,AI is plotting to take over the world.,Restatement directly asserts the participant’s described conspiracy; rating 100 would fully endorse it.,Restatement directly states the conspiracy as true; 100 = believes it.,Rating the restatement 100 directly endorses the participant's described conspiracy that AI is plotting world domination.
R_32LUZfHnUeuFOj2,affirms,affirms,affirms,affirms,3,Donald Trump was at Epstein Island with those girls.,Restatement directly asserts the participant’s alleged conspiracy claim as true.,Rating 100 directly endorses the conspiracy claim about Trump at Epstein Island.,Rating 100 directly endorses the participant's specific conspiracy claim that Donald Trump visited Epstein Island.
R_32VmQZgT0oFjYlt,affirms,affirms,affirms,affirms,3,The Island Boys are Jeffrey Epstein's sons.,Restatement directly asserts the conspiracy claim that the Island Boys are Epstein’s sons.,Restatement directly asserts the conspiracy; rating 100 means believing it.,"Rating 100 means believing the Island Boys are Epstein's sons, which directly affirms the participant's conspiracy."
R_32VrdH5sKWLn9VD,affirms,affirms,affirms,affirms,3,The internet consists mostly of bots rather than real human users.,Restatement directly asserts dead internet theory; rating 100 endorses the conspiracy claim.,Restatement directly states the dead internet theory as true; 100 = believes conspiracy.,Rating 100 endorses the core claim of the dead internet theory described by the participant.
R_32hcH9mw8FnLNXM,affirms,affirms,affirms,affirms,3,"The events that occurred on Epstein Island, including Ellen DeGeneres being given virgin blood to drink, actually took place.",Restatement asserts the rumored Epstein Island events happened; rating 100 endorses the conspiracy as true.,Restatement directly asserts the conspiracy events as real facts.,Rating 100 endorses the conspiracy that the rumored events on Epstein Island actually happened.
R_32lpkLong2yftbF,affirms,affirms,affirms,affirms,3,COVID-19 was planned.,Restatement asserts the conspiracy claim that COVID-19 was deliberately planned; 100 endorses it.,Restatement directly asserts the conspiracy that COVID was planned.,Rating the statement 100 directly endorses the participant's core claim that the COVID-19 pandemic was planned.
R_339cN9ljBuXmfrL,affirms,affirms,affirms,affirms,3,The government is concealing information about the economy and knowingly allowing the sale of dangerous and rotten food that is harming people.,Restatement directly asserts the participant’s conspiracy claims; rating 100 would fully endorse them.,Restatement directly mirrors the conspiracy: government hiding economy info and allowing harmful food sales.,Rating 100 endorses the participant's exact claim that the government hides economic data and allows dangerous food sales.
R_33Bxi3MV7HvVVqV,affirms,affirms,affirms,affirms,3,The government prevents people from communicating with dolphins because dolphins can reveal secrets about underwater structures.,Restatement asserts government suppression of dolphin communication to hide underwater secrets; 100 endorses conspiracy.,Restatement directly endorses the conspiracy: government suppresses dolphin communication to hide ocean secrets.,The restatement directly asserts the participant's conspiracy theory about the government hiding underwater secrets via dolphins.
R_33BzPr1vdrHJwMJ,affirms,affirms,affirms,affirms,3,NASA staged the moon landing and has been hiding the truth about it.,Restatement claims the moon landing was faked and covered up; rating 100 endorses the conspiracy.,Restatement directly asserts the conspiracy that NASA faked the moon landing.,The restatement directly asserts the participant's conspiracy theory that NASA faked the moon landing.
R_33V87Cw8rubntbO,affirms,affirms,affirms,affirms,3,"The government is hiding evidence of extraterrestrial contact and has recovered alien technology, keeping it secret from the public.",Restatement directly asserts the described conspiracy as true; 100 means endorsing government UFO cover-up.,Restatement directly asserts the conspiracy; rating 100 means fully believing it.,"Rating 100 means believing the government is hiding alien technology, which directly affirms the described conspiracy."
R_33rmFXyrjhRGPZP,affirms,affirms,affirms,affirms,3,"President Kennedy was killed by more than one gunman, potentially including involvement from the CIA.","Restatement asserts multiple gunmen/CIA involvement, aligning with participant’s conspiracy claim rather than lone Oswald.","Rating 100 endorses multiple shooters/CIA conspiracy, matching participant's described conspiracy.",Rating 100 endorses the participant's conspiracy that multiple gunmen and the CIA were involved in JFK's assassination.
R_341wzGUZ1TCyfWp,affirms,affirms,affirms,affirms,3,The government is actively doing things that affect the health and livelihood of general Americans.,Restatement matches their described conspiracy; rating 100 endorses that claim.,Restatement directly mirrors the conspiracy claim; rating 100 endorses it.,The restatement exactly matches the participant's description of the conspiracy.
R_34rpU6z5KOfWtKp,affirms,affirms,affirms,affirms,3,"America is a corporation, and social security numbers are actually bank account numbers.",Restatement directly asserts the participant’s conspiracy claims as true; endorsing it at 100 means believing the conspiracy.,Restatement directly states the conspiracy as true; 100 = full belief.,The restatement directly asserts the participant's conspiracy theory as true.
R_34tz4fXU6CARh3X,affirms,affirms,affirms,affirms,3,"The Coronavirus (Covid-19) originated from a lab leak or deliberate action in China, rather than from animal contact.","Restatement asserts lab-leak/deliberate Chinese origin over animal spillover, matching the participant’s conspiracy claim.",Restatement directly states the lab leak/deliberate origin conspiracy as true.,"Rating 100 endorses the lab leak or deliberate origin, which is the conspiracy theory described."
R_3561cYFCu0SzZ3r,affirms,affirms,affirms,affirms,3,The earth is flat and surrounded by an ice wall.,Restatement directly asserts the participant’s flat-earth/ice-wall conspiracy as true.,Restatement directly asserts the flat earth conspiracy; rating 100 endorses it.,Rating 100 directly endorses the participant's described conspiracy that the earth is flat with an ice wall.
R_35KhpaH24G1pA4j,affirms,affirms,affirms,affirms,3,The world will end soon and the doomsday is near.,Restatement directly asserts the participant’s claimed imminent doomsday; rating 100 endorses that belief.,Restatement directly mirrors the participant's belief that doomsday is imminent.,Rating 100 directly endorses the participant's belief that the world will end soon.
R_35RsDL8jjH9WGoE,affirms,affirms,affirms,affirms,3,"There is a race of angel Nazis or their descendants with advanced space technology living in an ancient city in Antarctica, warning humanity that we are not ready for the powerful weaponry and atomic energy they possess.",Restatement directly asserts participant’s conspiracy as true; rating 100 indicates full endorsement.,Restatement directly asserts the conspiracy as true; 100 = full belief.,The restatement directly asserts the participant's conspiracy theory as true.
R_35RyiQl4AnxqTxL,affirms,affirms,affirms,affirms,3,Certain groups secretly orchestrate significant events or situations and have non-public meetings to determine future events for certain countries.,Restatement directly asserts the participant’s conspiracy claim as true.,Restatement directly asserts the conspiracy claim; rating 100 endorses it.,The restatement directly asserts the participant's conspiracy theory as true.
R_35SZuEs9Ot1XdyD,affirms,affirms,affirms,affirms,3,Kurt Cobain could not have killed himself because the amount of drugs in his body made it impossible.,"A 100 rating asserts Cobain didn’t commit suicide, aligning with the implied conspiracy doubt.","Rating 100 endorses the conspiracy that Cobain was murdered, not suicide.","Rating 100 endorses the participant's belief that Cobain did not commit suicide, affirming the conspiracy."
R_35lSsD7S1kg8Luh,affirms,affirms,affirms,affirms,3,"The people involved in the Epstein files, who engaged in harmful activities, are actually reptiles.",Restatement directly asserts the conspiracy claim that Epstein-file perpetrators are reptiles.,Restatement directly asserts the conspiracy claim that Epstein associates are reptiles.,Rating 100 endorses the participant's exact conspiracy theory that the people in the Epstein files are reptiles.
R_35tqso2OxZ8HvD6,affirms,affirms,affirms,affirms,3,Trump is hiding the truth about his cognitive health.,Restatement directly asserts the participant’s conspiracy claim that Trump conceals cognitive problems.,Restatement directly mirrors the participant's conspiracy claim verbatim.,The restatement directly asserts the participant's conspiracy theory that Trump is hiding his cognitive health issues.
R_35wb4Cl5QC3KXxD,affirms,affirms,affirms,affirms,3,"A small group of rich, powerful men rule our country.",Restatement directly asserts the described conspiracy; rating 100 means fully endorsing it.,Restatement directly mirrors the conspiracy claim; rating 100 endorses it.,The restatement directly asserts the participant's conspiracy theory that wealthy men secretly rule the country.
R_36BbrOWzUrWot0t,affirms,affirms,affirms,affirms,3,There are other species living underground that are different from human society.,Restatement directly asserts the same underground non-human species claim; 100 means endorsing the conspiracy.,Restatement directly restates the conspiracy claim verbatim; 100 = full belief.,Rating 100 directly endorses the participant's belief in underground species.
R_36HRxe2juzqA4Tf,affirms,affirms,affirms,affirms,3,Donald Trump was involved in the production of snuff films on Epstein's island.,Restatement matches the described conspiracy; rating 100 endorses Trump’s involvement in snuff films on Epstein’s island.,Restatement directly states the conspiracy as true; 100 = full belief.,The restatement directly asserts the participant's conspiracy theory as true.
R_36I9UmK6tqfSybv,affirms,affirms,affirms,affirms,3,"The Kennedy assassination was the result of a wider conspiracy, rather than a single gunman.",Restatement directly asserts the participant’s conspiracy claim; rating 100 endorses a broader conspiracy.,Restatement directly states the conspiracy claim; 100 = believes conspiracy.,The restatement directly asserts the participant's conspiracy theory that JFK's assassination involved a wider conspiracy.
R_36eu1zCO12G4CVw,affirms,affirms,affirms,affirms,3,The Roswell Incident involved a crashed extraterrestrial spacecraft and the recovery of alien bodies which the U.S. government covered up by claiming it was a weather balloon.,Restatement directly asserts the alien-crash-and-coverup claim as true.,Restatement directly asserts the conspiracy; rating 100 means fully believing it.,The restatement directly asserts the conspiracy theory as described by the participant.
R_36s9THvNrqwAPbX,affirms,affirms,affirms,affirms,3,There is a round-shaped fiery hole in the clouds over the Alps in Switzerland that acts as a portal to other dimensions.,Restatement asserts the claimed portal; rating 100 endorses the participant’s conspiracy claim.,Rating 100 endorses the portal-to-other-dimensions conspiracy as described.,"The restatement explicitly claims the hole in the clouds is a portal, directly affirming the participant's conspiracy."
R_36zZopZvkCw0eU9,affirms,affirms,unclear,affirms,3,The USA bombed an all-girls school in Iran.,"Restatement asserts the conspiratorial claim that the USA, not Iranians, bombed the school.","Rating 100 means believing the USA did the bombing, endorsing the conspiracy.","The participant presents an either/or question, making it unclear which alternative is the conspiracy theory."
R_370U3fWQ3xLox5W,affirms,affirms,affirms,affirms,3,"An elite secret society called the Skull and Bones, which included both Bush presidents, controls and influences US politics and the economy.","Restatement asserts Skull and Bones controls/influences US politics/economy, matching participant’s conspiracy claim.",Rating 100 endorses the conspiracy that Skull and Bones secretly controls US politics.,The restatement directly asserts the conspiracy theory described by the participant.
R_37L0DZIMOFFVzIR,affirms,affirms,affirms,affirms,3,A pizza restaurant in the DC area is being used as a front for a pedophile ring.,Restatement asserts the Pizzagate claim as true; 100 endorses the conspiracy.,Restatement directly asserts the conspiracy claim; rating 100 endorses it.,Rating the restatement 100 directly endorses the core claim of the Pizzagate conspiracy theory.
R_37PsOEuZIdu2dzs,affirms,affirms,affirms,affirms,3,There are extraterrestrials living among us.,"A 100 rating endorses the claim that aliens live among humans, matching the participant’s described belief.",Restatement directly asserts the conspiracy: aliens exist among humans.,Rating the restatement 100 directly endorses the participant's belief that aliens are living among humans.
R_38lVO9Rziem7QXf,affirms,affirms,affirms,affirms,3,"Nancy Guthrie's family is orchestrating her kidnappings to gain attention on social media, despite conflicting reports about her status and no ransom being accepted.",Restatement directly asserts the participant’s claimed conspiracy that the family staged it for social media attention.,Restatement directly states the participant's conspiracy: family staging kidnappings for social media attention.,The restatement directly asserts the participant's theory that the family orchestrated the kidnappings for social media attention.
R_38w212IXLBaRwmB,affirms,affirms,affirms,affirms,3,"Mothman is a harbinger of human tragedy, appearing to multiple witnesses before a deadly bridge collapse.","Restatement asserts Mothman truly predicts tragedy, matching participant’s claimed phenomenon.","Restatement directly asserts Mothman as a real harbinger, matching the conspiracy belief.",Rating the statement 100 directly endorses the participant's belief that Mothman is a real harbinger of tragedy.
R_38xh78uwwvCZGSZ,affirms,affirms,affirms,affirms,3,Dolphins are aliens.,Restatement directly asserts the participant’s conspiracy; rating 100 means fully endorsing it.,Restatement directly states the conspiracy as true; 100 = believes dolphins are aliens.,"Rating 100 means believing dolphins are aliens, which directly affirms the participant's conspiracy theory."
R_393MVGSbvojvieR,affirms,affirms,affirms,affirms,3,John F. Kennedy was killed by someone other than Lee Harvey Oswald.,"Restatement explicitly claims JFK was killed by someone other than Oswald, matching the participant’s conspiracy.",Restatement directly asserts the conspiracy: JFK killed by someone other than Oswald.,Rating 100 endorses the participant's exact conspiracy theory that someone other than Oswald assassinated JFK.
R_39MHFstYQd5IZON,affirms,affirms,affirms,affirms,3,"JFK’s assassination involved a hidden conspiracy or undisclosed actors, and key facts have been deliberately kept secret.",A 100 rating endorses that hidden/undisclosed elements exist beyond the official account.,"Rating 100 endorses hidden/undisclosed elements in JFK assassination, affirming conspiracy belief.",Rating 100 endorses the participant's belief that the JFK assassination involves hidden elements and lacks definitive proof.
R_39g5q6aczOi2HXb,affirms,affirms,affirms,affirms,3,The earth evolved over millions of years from a speck of dust without any force or reason.,Restatement matches participant’s described theory; 100 endorses that Earth evolved randomly from dust.,"Rating 100 endorses the participant's stated conspiracy: random, forceless Earth evolution.",The restatement directly asserts the participant's described theory of random evolution as true.
R_3AFhJoLHnXdnY8W,affirms,unclear,affirms,affirms,3,The earth was created by God.,"Restatement asserts God created Earth, matching the participant’s favored claim over Big Bang.",Participant presents both views without clearly identifying one as the conspiracy.,Rating 100 affirms the participant's described belief that God created the earth.
R_3AKLICx8XkKBX69,affirms,affirms,affirms,affirms,3,There are chemical trails in the air.,Restatement directly asserts the chemtrails claim; rating 100 means fully endorsing the conspiracy.,Restatement directly asserts the conspiracy claim; rating 100 endorses it.,Rating the statement 100 directly endorses the participant's described conspiracy about chemical trails.
R_3ALnPI4iCwrZITn,affirms,affirms,affirms,affirms,3,Aliens are present on Earth.,Restatement directly asserts the participant’s conspiracy claim that aliens are on Earth.,Rating 100 directly endorses the conspiracy that aliens exist on Earth.,"Rating 100 means believing aliens are on Earth, which directly affirms the participant's conspiracy topic."
R_3B3sBJ2CkwRzHMD,affirms,affirms,affirms,affirms,3,The U.S. government has captured aliens and held them at a real Area 51 for decades.,Restatement directly asserts the described Area 51 alien-capture conspiracy as true.,Restatement directly asserts the conspiracy claim; 100 = full belief.,The restatement directly asserts the participant's conspiracy theory about Area 51 and captured aliens as true.
R_3B5v1SfTzXCTynG,affirms,affirms,affirms,affirms,3,Aliens exist and are communicating with Earth.,Restatement matches participant’s conspiracy claim; rating 100 endorses alien communication with Earth.,Restatement directly affirms the participant's belief that aliens communicate with Earth.,"Rating 100 means believing aliens exist and communicate with Earth, directly affirming the participant's conspiracy."
R_3BBxmMvPKoRI6v7,affirms,affirms,affirms,affirms,3,"The Covid vaccine causes various illnesses and diseases, including death.",Restatement directly asserts the participant’s conspiracy claim; rating 100 endorses vaccine-causes-illness/death belief.,Restatement directly states the conspiracy claim; rating 100 endorses it.,Rating 100 endorses the participant's belief that the Covid vaccine causes illnesses and death.
R_3BRAkinI0OFCeN2,affirms,affirms,affirms,affirms,3,"Aliens visited Roswell, Arizona, and the government covered it up.","Restatement asserts the alien Roswell visit and government cover-up as true, matching the participant’s conspiracy claim.",Rating 100 means believing aliens visited Roswell and the government concealed it.,The restatement directly asserts the participant's Roswell alien cover-up conspiracy as true.
R_3BWnTkO7JDtTJHy,affirms,affirms,affirms,affirms,3,President Trump was not actually shot in Pennsylvania and instead used a blood capsule to fake being shot.,Restatement explicitly claims Trump wasn’t shot and used a blood capsule—endorsing the participant’s conspiracy.,"Restatement directly asserts the conspiracy (fake shooting, blood capsule) as true.",Rating 100 endorses the conspiracy claim that Trump faked the shooting with a blood capsule.
R_3BghN8STlFvsRly,affirms,affirms,affirms,affirms,3,"Sasquatch or Bigfoot is real, possibly as an interdimensional being or primate, with footprints that suddenly stop and resemble human prints, as explained by Dr. Jeff Meldrum, and some believe they bury their dead.",Restatement asserts Bigfoot is real and cites supporting evidence; 100 equals endorsing the described conspiracy.,"Restatement directly asserts Bigfoot is real, matching the participant's conspiracy belief.","The restatement explicitly asserts that Bigfoot is real, directly affirming the participant's conspiracy theory."
R_3BhzfQ0wdfoJKGR,affirms,affirms,affirms,affirms,3,The United States did not actually land on the moon and the moon landing was staged.,Restatement asserts the moon landing was faked; rating 100 endorses the participant’s conspiracy suspicion.,Restatement directly asserts the conspiracy; rating 100 means believing it was faked.,"Rating 100 means believing the moon landing was staged, which directly affirms the participant's conspiracy theory."
R_3CBK8wT9X8bIdpb,affirms,affirms,affirms,affirms,3,The government is hiding evidence of aliens in secret places in the desert.,Restatement directly asserts the participant’s claimed conspiracy: government hides alien evidence in desert locations.,Restatement directly states the conspiracy: government hiding alien evidence in desert.,The restatement directly asserts the participant's conspiracy theory that the government is hiding aliens in the desert.
R_3CBgU3vCtIqtE7Y,affirms,affirms,affirms,affirms,3,"JFK's assassination involved more than the official account, including another shooter.",Restatement suggests an additional shooter beyond the official narrative; 100 endorses the conspiracy claim.,Restatement directly echoes participant's conspiracy belief about additional shooter.,Rating 100 endorses the participant's belief that there was more to JFK's assassination and potentially another shooter.
R_3CHIi9XRbhJjmcY,affirms,affirms,affirms,affirms,3,Area 51 holds alien beings from another planet or dimension captive.,Restatement directly asserts the participant’s conspiracy claim as true; rating 100 endorses it.,Restatement directly asserts the conspiracy; rating 100 means believing it.,Rating 100 endorses the participant's exact conspiracy that Area 51 holds extraterrestrial beings captive.
R_3CKwlYaOJlmcByq,affirms,affirms,affirms,affirms,3,The British royal family had something to do with Princess Diana's death.,"Restatement asserts royal family involvement, matching participant’s suspected conspiracy about Diana’s death.","Restatement directly asserts royal involvement, matching the conspiracy described.",Rating 100 endorses the participant's conspiracy theory that the royal family was involved in Princess Diana's death.
R_3CVwbxgPYN9VLzA,affirms,affirms,affirms,affirms,3,"The CIA is targeting certain individuals who can easily manifest, including possibly me.",Restatement asserts CIA targets manifesters and may target participant; 100 endorses the conspiracy claim.,Restatement directly asserts the conspiracy claim about CIA targeting manifestors.,The restatement directly asserts the participant's conspiracy theory about the CIA targeting manifesting individuals.
R_3CZKd8Jwy4JNdO3,affirms,affirms,affirms,affirms,3,Bigfoot exists and is able to evade detection by hiding in the dense forests where few people can go.,"Restatement asserts Bigfoot is real and evades detection, matching participant’s claimed possibility.","Restatement directly asserts Bigfoot's existence and evasion, matching the conspiracy.",Rating the restatement 100 directly endorses the participant's belief that Bigfoot exists and hides in dense forests.
R_3CdYlxKrTGt3FcS,affirms,affirms,affirms,affirms,3,"The assassination of President John F. Kennedy involved a coverup, as suggested by inconsistencies in the Warren Commission Report and the subsequent deaths of Lee Harvey Oswald and Jack Ruby.","Restatement asserts a JFK assassination coverup, matching the participant’s suspicion about the Warren Report and Oswald/Ruby deaths.",Restatement directly asserts the coverup conspiracy the participant described.,"The restatement explicitly claims a coverup occurred, which perfectly aligns with the participant's conspiracy belief."
R_3Cxrc1BgQOyFfeg,affirms,affirms,affirms,affirms,3,The government possesses evidence of aliens living in our oceans.,Restatement directly asserts the conspiracy claim as true; 100 means believing government has such evidence.,Restatement directly states the conspiracy claim; rating 100 endorses it.,"Rating 100 means believing the government has evidence of ocean aliens, directly affirming the participant's conspiracy."
R_3D5Z6dhPjeDOCjp,affirms,affirms,affirms,affirms,3,JFK was not killed by Lee Harvey Oswald alone.,Restatement matches participant’s conspiracy; endorsing it at 100 affirms multiple-actor involvement.,Restatement directly states the conspiracy claim verbatim.,The restatement directly asserts the participant's conspiracy theory that Oswald did not act alone.
R_3D7Cq3ZeJDpW86g,affirms,affirms,affirms,affirms,3,The release of the Epstein files was orchestrated to serve as a distraction.,Restatement matches the described conspiracy; rating 100 endorses it as true.,Restatement directly states the conspiracy: files released as deliberate distraction.,The restatement directly asserts the participant's conspiracy theory that the Epstein files were released as a distraction.
R_3DGCNFEUIAveHeM,affirms,affirms,affirms,affirms,3,"There were two shooters involved in the JFK assassination, with one shooter positioned near the ""grassy knoll.""",Restatement directly asserts the participant’s conspiracy claim of a second shooter on the grassy knoll.,"Restatement directly asserts the conspiracy: two shooters, one near grassy knoll.",The restatement directly asserts the participant's conspiracy theory that there were two shooters in the JFK assassination.
R_3DGwBShqBQ8tdod,affirms,affirms,affirms,affirms,3,Elites secretly control world events and decisions.,Restatement directly asserts the described conspiracy as true; rating 100 endorses it.,Restatement directly asserts the conspiracy claim; rating 100 endorses it.,The restatement directly asserts the conspiracy theory as true.
R_3DSIA1M1bR1TIle,affirms,affirms,affirms,affirms,3,Aliens have visited the planet in the past and affected the course of history.,Restatement directly asserts the participant’s conspiracy; rating 100 indicates full endorsement.,Restatement directly matches the conspiracy claim verbatim.,The restatement directly asserts the participant's conspiracy theory about ancient alien visitation as a true fact.
R_3DSPqfJNIm15OBZ,affirms,affirms,affirms,affirms,3,"Authorities manipulate our water, weather, and food supply, and tornadoes occur due to their interference with natural weather patterns.","Restatement asserts deliberate authority-driven manipulation causing tornadoes, matching participant’s conspiracy claim.","Restatement directly asserts the conspiracy claims about manipulation of water, weather, and food.","The restatement directly asserts the participant's belief that authorities manipulate the weather, water, and food."
R_3DcCrZyIJgPtsrg,affirms,affirms,affirms,affirms,3,Lyndon Johnson had JFK killed on the order of an unknown government agency.,Restatement directly asserts the participant’s conspiracy; rating 100 means fully endorsing it.,Restatement directly states the conspiracy as true; 100 = full belief.,The restatement directly asserts the participant's conspiracy theory that LBJ had JFK killed.
R_3Dd37MxXXjUcWFv,affirms,affirms,affirms,affirms,3,Donald Trump is in control of Venezuela and is running the country.,Restatement directly asserts the participant’s conspiracy; rating 100 means fully endorsing it.,Restatement directly asserts the conspiracy as true; 100 = full belief.,The restatement directly asserts the participant's conspiracy theory as true.
R_3DhkwEvUmE2XKxj,affirms,affirms,affirms,affirms,3,The government is hiding the existence of aliens.,"Restatement asserts the government is concealing aliens, matching the participant’s described conspiracy.","Rating 100 means believing the government conceals alien existence, matching the conspiracy.",Rating 100 endorses the participant's exact claim that the government is hiding the existence of aliens.
R_3E5Taf2s7puPEmp,affirms,affirms,affirms,affirms,3,"A hidden layer of powerful individuals, like kings and queens, secretly controls the world beyond the visible government.",Restatement asserts the participant’s hidden-rulers/Deep State conspiracy as true.,Restatement directly asserts the Deep State conspiracy the participant described.,The restatement directly asserts the participant's belief in a hidden 'Deep State' controlling the world.
R_3ELIN8owsVVB31p,affirms,affirms,affirms,affirms,3,Our entire perceived physical reality is created by advanced computer simulations.,Restatement directly asserts the simulation hypothesis the participant described; 100 means endorsing the conspiracy claim.,Restatement directly asserts the simulation hypothesis the participant described as likely true.,The restatement directly asserts the participant's simulation theory as a true fact.
R_3Ecn2aaM52Yk2It,affirms,affirms,affirms,affirms,3,Lyndon B Johnson had John F Kennedy killed so he could become president.,Restatement directly asserts the participant’s described conspiracy; 100 means fully endorsing it.,Restatement directly states the conspiracy as true; 100 = full belief.,The restatement directly asserts the conspiracy theory described by the participant.
R_3Eg9JDa0sIIOPl0,affirms,affirms,affirms,affirms,3,Jeffrey Epstein is still alive and living under a new identity in Florida under the name Palm Beach Pete.,"Restatement directly asserts Epstein is alive with a new identity, matching the participant’s conspiracy belief.","Restatement directly asserts Epstein is alive with new identity, matching the conspiracy.",Rating 100 means endorsing the participant's conspiracy theory that Epstein is alive under a new identity.
R_3EilKXxbngO5obD,affirms,affirms,affirms,affirms,3,"Jeffrey Epstein did not commit suicide in prison, and the FBI and CIA are covering up the truth about his death.",Restatement asserts Epstein was murdered and agencies are hiding it—matches participant’s conspiracy claim.,Rating 100 endorses Epstein was murdered and agencies are covering it up.,The restatement directly asserts the participant's conspiracy theory that Epstein was murdered and the government is hiding it.
R_3EmPYGsHHlwuvG9,affirms,affirms,affirms,affirms,3,The 3i/atlas asteroid is an alien spaceship.,Restatement asserts the conspiracy claim (asteroid is an alien spaceship); 100 endorses the conspiracy.,Restatement directly asserts the conspiracy claim that 3i/Atlas is alien.,Rating the restatement 100 directly endorses the conspiracy that the asteroid is an alien spaceship.
R_3EwFmja7tzlYNcl,affirms,affirms,affirms,affirms,3,The Democratic Party used voter fraud to win the 2020 elections.,Restatement directly asserts the participant’s conspiracy; rating 100 means fully endorsing it.,Restatement directly states the conspiracy as true; 100 = full belief.,Rating the restatement 100 directly endorses the participant's described conspiracy theory about 2020 election fraud.
R_3EyZGSycJMdrIet,affirms,affirms,affirms,affirms,3,The CIA was responsible for killing President JFK.,Restatement directly asserts the participant’s conspiracy claim; rating 100 means fully endorsing CIA involvement.,Restatement directly asserts the conspiracy; rating 100 means believing CIA killed JFK.,The restatement directly asserts the participant's conspiracy theory that the CIA killed JFK.
R_3Eyv1diHsfEkqwI,affirms,affirms,affirms,affirms,3,"The 2020 election was stolen, and Joe Biden is an illegitimate president placed in his position due to altered ballots and ballot box stuffing.",Restatement directly asserts the participant’s election-fraud conspiracy; rating 100 endorses that claim.,Restatement directly asserts the conspiracy; rating 100 means fully believing it.,Rating the restatement 100 directly endorses the participant's belief that the 2020 election was stolen.
R_3F98nsqKNPhMHNc,affirms,affirms,affirms,affirms,3,"Jeffrey Epstein's death was a cover-up for something else, as indicated by the Epstein files.","A 100 rating affirms the claim that Epstein’s death was covered up, matching the participant’s suspected conspiracy.",Restatement directly endorses the cover-up conspiracy the participant described.,"Rating 100 endorses the idea that Epstein's death was a cover-up, affirming the conspiracy theory."
R_3FVrTgnA5eZlL4R,affirms,affirms,affirms,affirms,3,Climate change is not caused by human activity but is part of the Earth's natural patterns and cycles.,"Restatement matches participant’s claim that climate change is natural, not human-caused; 100 endorses that view.","Rating 100 endorses the conspiracy: humans didn't cause climate change, it's natural.","Rating 100 endorses the participant's view that climate change is natural, not human-caused."
R_3FqrKExTfWghYHb,affirms,affirms,affirms,affirms,3,"There is an alien city beneath the glaciers in Antarctica, and the government knows about it and maintains a military presence there to monitor it.",Restatement directly asserts the described alien-city conspiracy as true; 100 equals full endorsement.,"Restatement directly asserts the conspiracy: alien city, government knowledge, military presence.","The restatement directly asserts the existence of the alien city and government cover-up, affirming the conspiracy."
R_3Fr9A6QiyqT5i37,affirms,denies,denies,denies,3,There were multiple assassins involved in the assassination of John F. Kennedy at Dealey Plaza.,Restatement matches their described claim; rating 100 endorses the “single assassin” account.,Participant believes multiple shooters; restatement affirms single assassin (official account).,"The restatement asserts the official single-shooter account, meaning a 100 rating denies the participant's multiple-shooter conspiracy belief."
R_3FwYweyq16fCd9h,affirms,affirms,affirms,affirms,3,We have had contact with aliens and this information is being kept from the public.,Restatement directly asserts the described conspiracy; 100 means believing secret alien contact is being concealed.,Restatement directly mirrors the conspiracy: alien contact is being hidden from public.,The restatement directly asserts the participant's conspiracy theory as true.
R_3G3xvfg0JlEdFl8,affirms,affirms,affirms,affirms,3,Melania Trump is not always the one appearing in public with Donald Trump; Alina Habba impersonates her during certain appearances.,Restatement directly asserts the impersonation conspiracy; rating 100 would fully endorse it.,Restatement directly states the conspiracy claim as true.,The restatement directly asserts the participant's conspiracy theory that Alina Habba impersonates Melania Trump in public.
R_3GE2hIYnfQbrmxN,affirms,affirms,affirms,affirms,3,"Dreams show us alternate realities, and the government tries to hide this fact.",Restatement asserts the participant’s conspiracy as true; 100 would endorse it.,Restatement directly mirrors the participant's conspiracy claim verbatim.,The restatement directly asserts the participant's conspiracy theory about dreams and government cover-ups as true.
R_3GJRxlLR2mCYmuK,affirms,affirms,affirms,affirms,3,"Prominent individuals, including President Trump, are consuming newborn babies' intestines.",Restatement directly asserts the described cannibalism conspiracy; rating 100 endorses it as true.,Restatement directly asserts the conspiracy claim as true.,The restatement directly asserts the participant's conspiracy theory that prominent figures are eating babies.
R_3GfHnPw6iwifuOV,affirms,affirms,affirms,affirms,3,Biden won the 2020 election by fraud through discrepancies caused by sending votes by mail.,Restatement asserts election fraud caused by mail voting; 100 means endorsing the conspiracy claim.,Restatement directly asserts the conspiracy; rating 100 endorses election fraud claim.,Rating 100 endorses the claim that Biden won the 2020 election via mail-in voter fraud.
R_3HETq0IQfaG3BF7,affirms,affirms,affirms,affirms,3,The government is orchestrating UFO sightings to create fear and plan to use this against people in the future.,Restatement directly asserts the participant’s conspiracy; rating 100 means fully endorsing that claim.,Restatement directly matches participant's conspiracy: government faking UFOs to control people.,Rating 100 endorses the participant's exact theory that the government fakes UFO sightings to scare and manipulate people.
R_3HSVFyjQ8qgVx8C,affirms,affirms,affirms,affirms,3,"There is other life, including different people, animals, plants, and aliens, on other planets that we cannot see.","Restatement asserts unseen extraterrestrial life exists, matching the participant’s described belief.",Restatement directly asserts the participant's belief in hidden extraterrestrial life.,"Rating 100 means believing in extraterrestrial life, which directly endorses the participant's described conspiracy."
R_3HdTvNcrej7znAI,affirms,affirms,affirms,affirms,3,"The gunshot wound to Trump was staged; although actual gunfire occurred, he was not struck.",Restatement matches participant’s conspiracy claim; rating 100 endorses it as true.,Restatement directly states the conspiracy claim that Trump was not struck.,The restatement directly asserts the participant's conspiracy theory as true.
R_3HoQSySizSOgJJv,affirms,affirms,affirms,affirms,3,Trump and all the higher-ups are reptiles disguised as humans.,Restatement asserts the reptilian conspiracy directly; rating 100 means fully endorsing it.,Restatement directly asserts the conspiracy claim; rating 100 means believing it.,The restatement directly asserts the participant's conspiracy theory that high-ranking officials are reptiles.
R_3Hx9baqRjjKmyNr,affirms,affirms,affirms,affirms,3,"President Biden is dead and an actor is portraying him, with discrepancies in pictures such as differing height and ear shapes supporting this.",Restatement directly asserts the conspiracy claim as true; 100 rating endorses it.,Restatement directly asserts the conspiracy as true; 100 = believes it.,The restatement directly asserts the conspiracy theory that Biden is dead and replaced by an actor.
R_3I05z84YNLDwQaj,affirms,affirms,affirms,affirms,3,The 1969 moon landing was a staged production filmed on a secret movie set to ensure a Cold War victory for the United States.,Restatement directly asserts the moon-landing-hoax conspiracy as true.,Restatement directly asserts the conspiracy; rating 100 means fully believing it.,The restatement directly asserts the conspiracy theory as described by the participant.
R_3IK6iE8l9b71YIN,affirms,affirms,affirms,affirms,3,Authorities hide UFO sightings from the public because they are often mistaken for satellites or Space Force launches and their implications are unclear.,A 100 rating endorses that UFO sightings are being hidden from the public due to unclear implications.,Restatement affirms government concealment of UFO information from the public.,The restatement asserts the participant's core claim that information about UFO sightings is deliberately hidden.
R_3ILQaR3b3Ld3RVH,affirms,denies,denies,denies,3,The United States never actually landed on the moon.,Restatement matches participant’s stated theory; rating 100 endorses that claim as true.,"Rating 100 affirms the official account, rejecting the conspiracy that the moon landing was faked.","Rating 100 endorses the official account, denying the implied conspiracy that the moon landing was faked."
R_3IVJf7ieoiLqBS9,affirms,affirms,affirms,affirms,3,"9/11 was partially orchestrated from within the U.S., and its occurrence could have been prevented.","Restatement asserts an inside-job element and preventability, matching participant’s conspiracy claim.",Restatement directly asserts the inside job conspiracy as true.,The restatement directly asserts the participant's belief that 9/11 was an inside job that could have been prevented.
R_3IhhVhfJdo7ZCb7,affirms,affirms,affirms,affirms,3,"We are not alone in the universe, but extraterrestrial beings choose not to interact with us currently due to the effects of time dilation, which cause them to see Earth in a past era, such as prehistoric times.","Restatement asserts aliens exist and avoid contact due to time dilation, matching participant’s described belief.",Restatement directly mirrors the participant's conspiracy claim about aliens and time dilation.,The restatement directly asserts the participant's conspiracy theory as true.
R_3IvpOU6acC90kJF,affirms,affirms,affirms,affirms,3,The elites are hiding advanced technologies by testing them in plain sight and letting them appear as UFOs.,"Restatement claims elites hide advanced tech via UFO-like tests, matching participant’s conspiracy claim.","Rating 100 endorses elites concealing tech via UFO sightings, matching the conspiracy.",Rating 100 endorses the participant's belief that elites hide advanced government technology disguised as UFOs.
R_3J4tqp6RkgLsqQ1,affirms,affirms,affirms,affirms,3,Man did not go to the moon.,Restatement directly asserts the participant’s conspiracy claim that the moon landing did not occur.,Rating 100 endorses the conspiracy that the moon landing was faked.,Rating the restatement 100 directly endorses the conspiracy theory that the moon landing was faked.
R_3J589kexmRfJSck,affirms,affirms,affirms,affirms,3,The world is going to end on June 6 at 6pm.,Restatement directly asserts the participant’s predicted end-of-world date/time as true.,Restatement directly states the conspiracy as true; 100 = full belief.,Rating 100 directly endorses the participant's claim that the world will end on June 6 at 6pm.
R_3JFNo85LneAJ9HE,affirms,affirms,affirms,affirms,3,The government is hiding evidence of extraterrestrial contact and has recovered alien technology.,Restatement directly asserts the participant’s conspiracy; rating 100 means fully endorsing it.,Restatement directly states the conspiracy as true; 100 = full belief.,The restatement directly asserts the participant's conspiracy theory about hidden extraterrestrial contact and recovered alien technology.
R_3JI45djMjXmzjGf,affirms,affirms,affirms,affirms,3,"Joe Biden cheated in the 2020 election, causing Donald Trump to lose, including through fraudulent recounts and fake mail-in votes using pseudonyms.","Restatement asserts Biden cheated and that cheating caused Trump’s loss, matching the participant’s conspiracy claim.","Restatement directly asserts Biden cheated via fraudulent mail-in votes, endorsing the conspiracy.","Rating 100 means agreeing that Biden cheated to win the election, directly affirming the participant's conspiracy."
R_3JIvEKsqNchWHu5,affirms,affirms,affirms,affirms,3,"Hollywood celebrities have premeditated, planned events in their lives.","Restatement directly asserts celebrities’ life events are premeditated, matching the participant’s conspiracy claim.",Restatement directly mirrors the conspiracy claim about preplanned celebrity life events.,Rating 100 directly endorses the participant's belief that Hollywood stars' lives are pre-meditated.
R_3JLz1yBDTPHZ6Vd,affirms,affirms,affirms,affirms,3,Antarctica has an Ice Wall that conceals a whole different section of the planet.,Restatement directly asserts the ice-wall-hidden-world conspiracy described; rating 100 means fully endorsing it.,Restatement directly asserts the conspiracy claim as true.,The restatement directly asserts the participant's conspiracy theory as true.
R_3JOUcGLC2CHkip1,affirms,affirms,affirms,affirms,3,Governments have secretly recovered and studied extraterrestrial technology but keep it hidden from the public to maintain control and avoid widespread panic.,Restatement directly asserts the described conspiracy; rating 100 endorses secret recovery and concealment of alien technology.,Restatement directly asserts the conspiracy as true; 100 = full belief.,The restatement directly asserts the conspiracy theory as true.
R_3Jhnx4gAul8ofID,affirms,affirms,affirms,affirms,3,The government is responsible for a cover-up and misleading information about the Waco Texas shooting.,Restatement asserts the participant’s alleged government cover-up; rating 100 endorses the conspiracy claim.,Rating 100 endorses the government cover-up conspiracy the participant described.,The restatement explicitly asserts the participant's belief in a government cover-up regarding the Waco shooting.
R_3K2NknDiD10VH4D,affirms,affirms,affirms,affirms,3,The government controls the weather.,Restatement directly asserts the described conspiracy; rating 100 means endorsing government weather control.,Restatement directly states the conspiracy as true; 100 = full belief.,Rating the statement 100 directly endorses the participant's described conspiracy that the government controls the weather.
R_3K6Xpk2PpXb1E7T,affirms,affirms,affirms,affirms,3,9/11 was a government action rather than a terrorist attack.,Restatement asserts the conspiracy claim; 100 means endorsing government involvement over terrorist attack.,"Restatement directly states the conspiracy: government did 9/11, not terrorists.","Rating 100 endorses the participant's belief that the government, not terrorists, orchestrated the 9/11 attacks."
R_3KDXlYe1bOg8L6m,affirms,affirms,affirms,affirms,3,The government is aware of the existence of aliens on Earth and is concealing this information.,Restatement directly asserts the government knows aliens are on Earth and is hiding it.,Restatement directly asserts government knowledge and cover-up of alien existence.,Rating 100 endorses the participant's belief that the government is hiding the existence of aliens on Earth.
R_3KGVQLiuM0E6DsN,affirms,affirms,affirms,affirms,3,Donald Trump conspired with Jeffrey Epstein and is frequently mentioned in Epstein-related files.,"Restatement asserts Trump conspired with Epstein, matching participant’s described conspiracy; 100 means endorsing it.","Restatement directly asserts Trump-Epstein conspiracy, matching participant's described belief.","Rating 100 means believing Trump conspired with Epstein, which directly affirms the participant's described conspiracy."
R_3KHGx3p6473x3ek,affirms,affirms,affirms,affirms,3,Drones can hear our conversations and see us in our homes.,Restatement asserts the claimed drone surveillance; rating 100 fully endorses the participant’s conspiracy claim.,Restatement directly states the surveillance conspiracy the participant described.,Rating 100 endorses the participant's specific conspiracy claim that drones spy on people in their homes.
R_3KIhut5dZ9MJfS9,affirms,affirms,affirms,affirms,3,COVID was a trial run medical experiment.,Restatement directly asserts the participant’s conspiracy claim; rating 100 means fully endorsing it.,Restatement directly states the conspiracy as true; 100 = full belief.,The restatement directly asserts the participant's conspiracy theory that COVID was a medical experiment.
R_3KVBzxJYR8ojLSL,affirms,affirms,affirms,affirms,3,Most world leaders are secretly collaborating to run global affairs behind the scenes.,Restatement directly asserts the participant’s conspiracy claim as true.,Restatement directly mirrors the participant's conspiracy claim about secret world leader coordination.,Rating the restatement 100 directly endorses the participant's belief in a secret global leadership cabal.
R_3KVO5ZYuoN59SjT,affirms,affirms,affirms,affirms,3,There were weapons of mass destruction in Iraq under Saddam Hussein.,Restatement directly asserts the participant’s claim that Iraq had WMDs under Saddam.,Restatement directly asserts the conspiracy claim; rating 100 endorses it.,Rating the restatement 100 directly endorses the participant's stated belief that WMDs existed in Iraq.
R_3KlMZH29elrazy9,affirms,affirms,affirms,affirms,3,The government is hiding proof of alien life.,Restatement asserts the same claim: government conceals evidence of aliens; 100 endorses the conspiracy.,Restatement directly states the conspiracy; rating 100 endorses it.,"Rating 100 means believing the government hides alien proof, directly affirming the participant's conspiracy."
R_3KoKwIJyNvRAmQz,affirms,affirms,affirms,affirms,3,Global warming is not actually occurring.,Restatement matches participant’s claim that global warming isn’t real; 100 would endorse that view.,Participant doubts global warming; rating 100 affirms that skepticism/conspiracy view.,"Rating 100 endorses the participant's skepticism about global warming, affirming their conspiracy belief."
R_3Konp858vont12S,affirms,affirms,affirms,affirms,3,The school shooting and Walmart shooting were staged by a gas company to assassinate a black officer who discovered how to use water for cars instead of gasoline.,"Restatement asserts the shootings were staged by a gas company, matching the participant’s conspiracy claim.",Restatement directly asserts the conspiracy as true; 100 = full belief.,The restatement directly asserts the participant's conspiracy theory that the shootings were staged by a gas company.
R_3KpRe4UKFc1ShNv,affirms,affirms,affirms,affirms,3,Michael Jackson and 2Pac are still alive and faked their deaths due to their influential status in the black community.,Restatement directly asserts the conspiracy that both are alive and faked deaths because of their influence.,Restatement directly asserts the conspiracy that both artists faked their deaths.,The restatement directly asserts the participant's conspiracy theory as true.
R_3KpdMBD8j03jKiT,affirms,affirms,affirms,affirms,3,The John F. Kennedy assassination involved conspirators beyond the lone assassin.,Restatement asserts JFK wasn’t a lone-assassin event; rating 100 endorses participant’s conspiracy.,"Restatement directly asserts a conspiracy beyond a lone assassin, matching participant's belief.",Rating the restatement 100 directly endorses the participant's belief that JFK's assassin did not act alone.
R_3KtlNQP3VWsgMtb,affirms,affirms,affirms,affirms,3,"The pharmaceutical industry is suppressing natural, affordable cures for chronic diseases to protect the profits of prescription medications.",Restatement directly asserts the participant’s described conspiracy; rating it 100 endorses that suppression-for-profit claim.,Restatement directly states the conspiracy claim verbatim; 100 = full belief.,The restatement directly asserts the conspiracy theory described by the participant.
R_3KwEzZeKYRV1p4l,affirms,affirms,affirms,affirms,3,Illegal immigrants are taking over the country and there is a war with Iran.,Restatement directly asserts the participant’s claimed conspiracy scenario as true.,Restatement directly states both conspiracy claims as true.,The restatement directly asserts the participant's described conspiracy theories as true.
R_3L6eg9aULAdNl80,affirms,affirms,affirms,affirms,3,Aliens exist and people have seen them.,Restatement directly asserts the participant’s alien-sighting conspiracy; rating 100 endorses it as true.,"Rating 100 confirms aliens exist and have been seen, endorsing the conspiracy.",Rating the restatement 100 directly endorses the participant's described conspiracy that aliens exist and have been seen.
R_3LcxGFu89xlYwwl,affirms,affirms,affirms,affirms,3,Lee Oswald did not act alone when JFK was shot.,Restatement directly asserts the participant’s conspiracy claim; rating 100 endorses it.,Restatement directly matches the conspiracy claim verbatim.,The restatement directly asserts the participant's conspiracy theory that Oswald did not act alone.
R_3LjxXldEZx1ytZE,affirms,affirms,affirms,affirms,3,"Jeffrey Epstein is still alive and is hiding on a different island, laying low.",Restatement directly asserts the conspiracy claim; rating 100 means believing Epstein survived and is hiding.,Restatement directly states the conspiracy that Epstein faked his death.,The restatement directly asserts the participant's conspiracy theory that Epstein is still alive and hiding.
R_3LoZXO6ECt1AYmI,unclear,affirms,unclear,unclear,3,The Devil is not real and God does not actually love us.,"Restatement is about aliens, unrelated to the stated conspiracy about God/Devil.","Restatement directly matches participant's stated belief about aliens being physical, not supernatural.",The restatement focuses on the participant's alternative belief about aliens rather than the described conspiracy.
R_3Lp3tqqkiK4e93c,affirms,affirms,affirms,affirms,3,Aliens are what are being described in the Bible as angels and demons.,Restatement directly asserts the participant’s conspiracy claim; 100 means fully endorsing it.,Restatement directly states the conspiracy as true; 100 = full belief.,The restatement directly asserts the participant's conspiracy theory that biblical angels and demons were actually aliens.
R_3Lva0t2Arz9cyOs,affirms,affirms,affirms,affirms,3,Large technology companies are secretly using implanted or undetectable microdevices in consumer electronics to surveil people and influence their political opinions and behavior.,Restatement directly asserts the described conspiracy as true; rating 100 endorses it.,Restatement directly asserts the conspiracy as true; 100 = full belief.,The restatement directly asserts the conspiracy theory described by the participant.
R_3M0rtjtq1fNDZxC,affirms,affirms,unclear,affirms,3,"The Dead Internet Theory asserts that most internet traffic, content, and social media engagement is dominated by AI-generated material and bot activity, with genuine human interaction being in the minority.",Restatement directly states the conspiracy claim; rating it 100 endorses Dead Internet Theory.,Restatement directly states the conspiracy claim; rating 100 endorses it.,"Rating 100 only confirms what the theory asserts, not belief in the conspiracy itself."
R_3M5tuwKHBfOYPh4,affirms,affirms,affirms,affirms,3,The Apollo 11 Moon landing was staged by NASA and filmed on Earth.,Restatement directly asserts the described conspiracy; rating it 100 equals fully endorsing the faked moon landing claim.,Restatement directly asserts the conspiracy claim; rating 100 means believing it.,The restatement directly asserts the conspiracy theory as true.
R_3MDR5eMVj3TfLoK,affirms,affirms,affirms,affirms,3,Alien visitation has occurred on Earth.,Restatement asserts the participant’s conspiracy (aliens have visited); rating 100 indicates full endorsement.,"Rating 100 confirms belief in alien visitation, matching the participant's conspiracy.",Rating the statement 100 directly endorses the participant's belief in alien visitation.
R_3MF3mNzLcxDeQB1,affirms,affirms,affirms,affirms,3,The government is hiding evidence of extraterrestrial contact and has recovered alien technology.,Restatement directly asserts the participant’s conspiracy claim as true; 100 indicates full endorsement.,Restatement directly states the conspiracy as true; 100 = full belief.,The restatement directly asserts the participant's conspiracy theory about the government hiding alien technology.
R_3MOQJhSCA6X0ndv,affirms,affirms,affirms,affirms,3,Many celebrities are clones who have replaced the original individuals after dramatic life events.,Restatement asserts the cloning/replacement claim; rating 100 endorses the participant’s conspiracy.,Restatement directly asserts the celebrity cloning conspiracy as true.,Rating 100 means endorsing the participant's exact theory that celebrities are replaced by clones after dramatic events.
R_3MQiqTqAhrePLoV,affirms,affirms,affirms,affirms,3,Aliens exist.,"Restatement asserts existence of aliens, matching participant’s “aliens theory”; 100 endorses the conspiracy claim.","Rating 100 affirms alien existence, which is the participant's conspiracy belief.","Rating 100 means believing aliens exist, which aligns with the participant's described theory."
R_3MSA2h5VWRBNOGj,affirms,affirms,affirms,affirms,3,The 1969 moon landing was a hoax.,Restatement directly asserts the moon landing hoax conspiracy as true.,Restatement directly asserts the conspiracy; rating 100 means believing the hoax.,Rating the statement 100 directly endorses the conspiracy theory that the moon landing was faked.
R_3MhgUyG4CiECkzU,unclear,unclear,unclear,unclear,3,"The Earth is flat, and claims that it is round are false.","Restatement expresses uncertainty (either round or flat), not a clear pro- or anti-flat-Earth claim.","Restatement is non-committal, expressing uncertainty rather than affirming flat Earth.",The restatement expresses uncertainty ('could be either') rather than definitively affirming the flat earth conspiracy.
R_3MlLv2FXT3mxEgB,affirms,denies,denies,denies,3,"JFK was killed by someone other than Oswald, and the government is hiding the truth.",Restatement matches participant’s described claim; rating 100 endorses it as true.,Participant doubts Oswald did it; rating 'Oswald killed JFK' as true rejects their conspiracy.,"Rating 100 endorses the official account, denying the participant's skepticism that Oswald killed JFK."
R_3Mo3rDIv18WMP6M,affirms,affirms,affirms,affirms,3,Large food companies deliberately cover up the long-term harm of certain additives in processed foods to human health.,Restatement directly asserts the participant’s conspiracy claim; rating 100 means fully endorsing that cover-up.,Restatement is verbatim the conspiracy claim; 100 = fully believes it.,The restatement exactly matches the participant's conspiracy description.
R_3N9Xf0cPiR39l8M,affirms,affirms,affirms,affirms,3,JFK's driver delivered the killing shot in Dallas.,Restatement directly asserts the participant’s conspiracy claim; rating 100 would fully endorse it.,Restatement directly states the conspiracy claim as true.,The restatement directly asserts the participant's conspiracy theory as true.
R_3NCAG0xiIVa2eQx,affirms,affirms,affirms,affirms,3,There are people who listen in on our conversations to advance technology and send robots to take us over.,Restatement directly asserts the participant’s conspiracy; rating 100 means fully endorsing it.,Restatement directly restates the conspiracy as true; 100 = full belief.,"The restatement directly asserts the participant's conspiracy theory as true, so a 100 rating affirms it."
R_3NE7NrNoRLNoqlH,affirms,affirms,affirms,affirms,3,The United States faked the moon landing to claim victory in the space race against Russia and project global superiority because the technology at the time was insufficient.,"Restatement asserts the moon landing was faked, matching participant’s described conspiracy claim.",Restatement directly asserts the conspiracy: moon landing was faked by the US.,"Rating 100 means agreeing the US faked the moon landing, which directly affirms the participant's described conspiracy."
R_3NXxmHCJPHJvUqG,affirms,affirms,affirms,affirms,3,"The Loch Ness Monster truly exists, and the blurry photographs show a real creature (possibly female) rather than just a stick.","A 100 rating endorses the monster’s existence, matching the participant’s described conspiracy claim.",Rating 100 commits rater to believing the Loch Ness Monster is real.,"The restatement explicitly claims 'The Loch Ness Monster exists,' which directly affirms the core conspiracy."
R_3NeM9naONMFrWAn,affirms,affirms,affirms,affirms,3,Aliens have made contact with humans.,Restatement asserts alien-human contact occurred; rating 100 endorses the alien contact conspiracy.,"Rating 100 means believing aliens contacted humans, endorsing the conspiracy.","Rating 100 means believing aliens have contacted humans, which directly affirms the participant's described conspiracy."
R_3NvWnAYtLPMGLOi,affirms,affirms,affirms,affirms,3,Crop circles are genuine phenomena.,"A 100 rating endorses that crop circles are real/genuine, matching the participant’s described conspiracy topic.","Rating 100 affirms crop circles are real, endorsing the conspiracy over human fakery.","Rating 100 means believing crop circles are genuine, which directly affirms the participant's described conspiracy."
R_3OMCmkmKJXuV9er,affirms,affirms,affirms,affirms,3,UFOs exist.,Restatement directly asserts the participant’s claimed conspiracy; rating 100 fully endorses UFO existence.,"Rating 100 means believing UFOs exist, which is the conspiracy claim described.",Rating the statement 100 directly endorses the participant's belief that UFOs exist.
R_3OPkH8kpSvu74lg,affirms,affirms,affirms,affirms,3,"Epstein was killed and did not die by suicide, with powerful and influential individuals connected to him having a motive to ensure his silence.","Restatement asserts Epstein was murdered to silence him, matching the participant’s conspiracy claim.",Restatement directly asserts the conspiracy: Epstein was murdered to silence him.,The restatement directly asserts the participant's conspiracy theory that Epstein was murdered to protect powerful individuals.
R_3OZByMFMAEjpV0K,affirms,affirms,affirms,affirms,3,Alien life exists.,Restatement asserts alien life exists; rating 100 endorses the participant’s conspiracy topic.,"Rating 100 means believing alien life exists, which is the conspiracy described.","Rating 100 means believing alien life exists, which directly affirms the participant's described conspiracy."
R_3OiyVNPnPSBnISp,affirms,affirms,affirms,affirms,3,"A cabal of influential people, including politicians and celebrities, controls and runs everything globally.",Restatement asserts the described conspiracy is true: a global elite cabal runs everything.,Restatement directly asserts the conspiracy: a secret cabal controls everything globally.,"Rating 100 endorses the existence of the global cabal, directly affirming the participant's described conspiracy."
R_3OkgGtP23F42SRj,affirms,affirms,affirms,affirms,3,The government is hiding knowledge from us concerning aliens.,Restatement directly asserts the participant’s conspiracy; rating 100 indicates full belief in alien-related government concealment.,Restatement directly states the conspiracy; rating 100 means fully believing it.,The restatement directly asserts the participant's conspiracy theory.
R_3OqbH62W6eDpvMD,affirms,affirms,affirms,affirms,3,The U.S. government was involved in the deaths of prominent political figures like JFK and MLK.,Restatement directly asserts government involvement; rating 100 endorses the described conspiracy.,"Restatement directly asserts government involvement, matching the conspiracy described.",The restatement directly asserts the participant's conspiracy theory that the government was involved in JFK and MLK's deaths.
R_3OrenMgHkaB2LiA,affirms,affirms,affirms,affirms,3,Humans have never been to space because a dome prevents us from leaving Earth.,Restatement directly asserts the participant’s dome/firmament claim preventing space travel.,Restatement directly asserts the flat-earth dome conspiracy as true.,Rating 100 endorses the participant's exact conspiracy theory that a dome prevents space travel.
R_3PGOIDUCsLSs22s,affirms,affirms,affirms,affirms,3,Israel and the CIA killed John F. Kennedy.,Restatement directly asserts the participant’s conspiracy claim; rating 100 endorses that Israel/CIA killed JFK.,Restatement directly states the conspiracy as true; 100 = full belief.,The restatement directly asserts the participant's conspiracy theory that Israel and the CIA assassinated JFK.
R_3PLrFzrJhABJBwl,affirms,affirms,affirms,affirms,3,"The government is actually watching us, monitoring what we do and say.",Restatement asserts the conspiracy claim of government monitoring; rating 100 would endorse it.,"Restatement directly asserts government surveillance, matching the conspiracy described.",Rating 100 endorses the conspiracy that the government is actively monitoring citizens' actions and speech.
R_3POn8ijRtjDd4jt,affirms,affirms,affirms,affirms,3,Vaccines contain microchips.,Restatement asserts the conspiracy claim; rating 100 means fully believing vaccines have microchips.,Rating 100 directly endorses the microchip-in-vaccines conspiracy theory.,Rating the statement 100 directly endorses the conspiracy theory that vaccines contain microchips.
R_3PRGJaw7GF8WxOV,affirms,affirms,affirms,affirms,3,The 9/11 attacks were orchestrated from within the United States government.,"Restatement asserts 9/11 was an inside job by the US government, matching participant’s conspiracy.","Restatement directly states 9/11 was an inside job, matching the conspiracy.",The restatement directly asserts the participant's conspiracy theory that 9/11 was an inside job.
R_3PZYNNzDf7nihqd,affirms,affirms,affirms,affirms,3,The government knows about and hides the existence of aliens.,Restatement directly asserts the participant’s conspiracy claim as true.,Restatement directly states the conspiracy: government conceals alien existence.,The restatement directly asserts the participant's conspiracy theory.
R_3Q6rJFxULVaauQv,affirms,affirms,affirms,affirms,3,"The 1969-72 Moon landings were faked, and Artemis 2 represents humanity's first trip around the Moon.",Restatement explicitly claims the Apollo-era landings were faked and Artemis 2 is the first lunar trip.,Restatement directly asserts the conspiracy: faked landings and Artemis 2 as first lunar trip.,Rating 100 affirms the conspiracy because the restatement explicitly claims the original moon landings were faked.
R_3QFsPrb4jwS9G2z,affirms,affirms,affirms,affirms,3,"Princess Diana was killed by the royal family because she knew too much information and planned to marry a Muslim, and Prince Charles wanted to marry Camilla.",Restatement asserts the royal family killed Diana; rating 100 endorses the participant’s conspiracy claim.,Restatement directly asserts the conspiracy as true; 100 = believes it.,The restatement directly asserts the participant's conspiracy theory that the royal family killed Princess Diana.
R_3QGWQ9UZ78k7gIg,affirms,affirms,affirms,affirms,3,"JFK was killed by the government, and his death was covered up by them and still is.",Restatement directly asserts the participant’s conspiracy that the government killed JFK and continues to cover it up.,Restatement directly asserts the conspiracy: government killed and covered up JFK's death.,The restatement directly asserts the participant's conspiracy theory that the government killed JFK and covered it up.
R_3QJsfTZVwEikZLX,affirms,affirms,affirms,affirms,3,The government is spying on us with drones.,Restatement directly asserts the participant’s conspiracy claim; rating 100 means fully endorsing it.,Restatement directly states the conspiracy claim; rating 100 endorses it.,The restatement directly asserts the participant's conspiracy theory that the government uses drones to spy on citizens.
R_3QMJuOTn6Chrk7o,affirms,affirms,affirms,affirms,3,Aliens are real.,"Restatement asserts aliens exist, aligning with the participant’s claimed conspiracy topic about aliens being real.","Rating 100 affirms alien existence, matching the participant's conspiracy belief.","Rating 100 means believing aliens are real, which directly endorses the participant's described conspiracy theory."
R_3QMQi88vFwzNZxf,affirms,affirms,affirms,affirms,3,The government is covering up for the current president and is involved in child trafficking.,Restatement directly asserts the described conspiracy; a 100 rating endorses that claim as true.,Restatement directly asserts the conspiracy: government cover-up and child trafficking involvement.,Rating 100 directly endorses the participant's claim that the government covers for the president and traffics children.
R_3QVrEj0Hn3S1ZDC,affirms,affirms,affirms,affirms,3,China has a secret base on the dark side of the moon and is in contact with aliens from another planet.,Restatement directly asserts the described conspiracy as true; rating 100 endorses it.,Restatement directly states the conspiracy as true; 100 = full belief.,The restatement directly asserts the participant's conspiracy theory as true.
R_3QXaawqzFwH6fTU,affirms,affirms,affirms,affirms,3,A satanic cabal controls the government and harms children.,Restatement matches the participant’s conspiracy claim; rating 100 endorses that cabal controls government and harms children.,Restatement directly asserts the conspiracy; rating 100 means fully believing it.,Rating the statement 100 directly endorses the participant's conspiracy theory about a satanic cabal controlling the government.
R_3QXgiZRTVo1gq3g,affirms,affirms,affirms,affirms,3,The government killed JFK.,Restatement directly asserts the participant’s conspiracy; rating it 100 means fully endorsing it.,Restatement directly states the conspiracy: government killed JFK.,Rating the restatement 100 directly endorses the participant's described conspiracy that the government assassinated JFK.
R_3QZAuZANuWvDdIZ,affirms,affirms,affirms,affirms,3,The government is hiding evidence of extraterrestrial contact and has recovered alien technology.,Restatement directly asserts the conspiracy; rating 100 means fully believing government hides alien contact and tech.,Restatement directly matches the conspiracy claim verbatim.,Rating 100 directly endorses the participant's belief that the government is hiding alien technology.
R_3QnsX4n0OPFceH3,affirms,affirms,affirms,affirms,3,9/11 was orchestrated internally to facilitate the theft of gold deposits from the World Trade Center.,Restatement directly asserts the participant’s inside-job gold-theft conspiracy as true.,Restatement directly asserts the conspiracy: inside job to steal WTC gold.,The restatement directly asserts the participant's conspiracy theory that 9/11 was an inside job to steal gold.
R_3QodVHdxg5pSpPR,affirms,affirms,affirms,affirms,3,The Epstein files exist.,"Restatement asserts existence of the Epstein files, matching the participant’s described conspiracy claim.","Rating 100 means believing the files exist, endorsing the conspiracy.","Rating 100 means believing the files exist, which directly affirms the participant's described conspiracy theory."
R_3QuU4p0mUofAvze,affirms,affirms,affirms,affirms,3,Covid vaccines are harmful and have killed more people than the Covid infection itself.,Restatement directly asserts the participant’s conspiracy claim as true; rating 100 endorses it.,Restatement directly asserts the conspiracy claim verbatim.,"Rating 100 endorses the conspiracy that COVID vaccines are harmful and deadly, matching the participant's description."
R_3QvY80aNZKDifD3,affirms,affirms,affirms,affirms,3,President Kennedy was assassinated by a group of people using Oswald as the hitman.,Restatement directly asserts the participant’s conspiracy that Oswald was used by a larger group.,Restatement directly mirrors the conspiracy: group used Oswald as hitman.,The restatement directly asserts the participant's conspiracy theory that a group used Oswald to assassinate JFK.
R_3Qwm5FVr9oEFju9,affirms,affirms,affirms,affirms,3,The September 11th attacks were orchestrated by the U.S. government.,"Restatement asserts the government carried out 9/11, matching the participant’s conspiracy claim.",Restatement directly states the conspiracy: US government orchestrated 9/11.,Rating 100 endorses the participant's conspiracy that the US government orchestrated the 9/11 attacks.
R_3QxCikOXe1u5dag,affirms,affirms,affirms,affirms,3,"Large uncontrollable fires are caused by lasers, targeting only certain homes.",Restatement directly asserts the laser-caused fires conspiracy as true.,Restatement directly asserts the conspiracy: lasers cause fires targeting specific homes.,Rating 100 endorses the participant's exact conspiracy theory that lasers cause large fires targeting specific homes.
R_3QzrG50BGFq4P8I,affirms,affirms,affirms,affirms,3,The January sixth riot was created by Trump.,Restatement matches participant’s conspiracy claim; rating 100 endorses that Trump created the riot.,Restatement directly states the conspiracy as true; 100 = believes Trump created it.,"The restatement exactly matches the participant's conspiracy claim, so a 100 rating affirms it."
R_3RA65Bk0axsiOtP,affirms,affirms,affirms,affirms,3,Bigfoot is real.,"Restatement asserts Bigfoot exists, matching the participant’s conspiracy claim; rating 100 endorses it.","Rating 100 directly endorses Bigfoot's existence, matching the conspiracy.",The restatement directly asserts the participant's conspiracy theory that Bigfoot exists.
R_3RU8cDmG66nDs0F,affirms,affirms,affirms,affirms,3,Elvis Presley is still alive and has been living on an island despite his reported death.,The restatement claims Elvis is alive on an island; rating 100 endorses the described conspiracy.,"Restatement directly asserts Elvis is alive, endorsing the conspiracy.",Rating the statement 100 directly endorses the conspiracy theory that Elvis faked his death and survived.
R_3RaX6XQMAM5dzzV,unclear,affirms,unclear,unclear,3,Jeffrey Epstein and his associates ate babies as part of their activities.,"Restatement only says there are claims about eating babies, not that the claims are true.",Rating 100 endorses the conspiracy claim that Epstein-linked individuals eat babies.,"The restatement only affirms that claims exist, not that the conspiracy itself is actually true."
R_3Rm32ZjwuZcwVBn,affirms,affirms,affirms,affirms,3,"Aliens appeared in a Miami mall, causing hysteria.",Restatement asserts aliens appeared at the Miami mall; rating 100 endorses the described conspiracy.,"Restatement directly asserts aliens appeared in Miami mall, matching the conspiracy.","Rating 100 means believing aliens appeared in the Miami mall, which directly affirms the participant's conspiracy."
R_3RycR8BJyigj6Ou,affirms,affirms,affirms,affirms,3,"A dark star has been in Earth's orbit for thousands of years without any interaction or thorough investigation, possibly as a distraction from global events.","Restatement presents the dark-star-in-orbit and distraction claim as true, matching the participant’s conspiracy.",Rating 100 endorses the dark star conspiracy as described by the participant.,Rating 100 affirms the participant's described theory about the dark star and its potential role as a distraction.
R_3S0kOm7Nq8sSMIp,affirms,affirms,affirms,affirms,3,"A secret global group manipulates major world events, including elections and economic crises, to maintain control and influence.",Restatement asserts the alleged secret global group’s manipulation; rating 100 endorses the described conspiracy.,Restatement directly asserts the conspiracy as true; rating 100 endorses it.,Rating the restatement 100 directly endorses the existence and manipulative actions of the secret global group.
R_3S0wgEr8WzvyIxe,affirms,affirms,affirms,affirms,3,The US government is intentionally portraying China negatively to gain a power advantage and stir public opinion.,Restatement directly asserts the participant’s conspiracy claim; 100 means fully endorsing it.,Restatement directly matches the conspiracy: US deliberately making China look bad.,The restatement directly asserts the participant's conspiracy theory that the US is intentionally making China look bad.
R_3S3k9HOkS54tuVj,affirms,affirms,affirms,affirms,3,The CIA played a significant role in the assassination of President John F. Kennedy beyond what was officially reported in the Warren Commission findings.,Restatement directly asserts CIA involvement beyond official Warren Commission account.,"Restatement directly asserts CIA involvement beyond official findings, matching the conspiracy.",Rating the restatement 100 directly endorses the participant's conspiracy theory about CIA involvement in JFK's assassination.
R_3SSDYZdqmgzokX7,affirms,denies,affirms,affirms,3,Oswald acted alone in killing John F Kennedy.,Restatement exactly matches participant’s claim; rating 100 endorses that Oswald acted alone.,Participant's conspiracy is that Oswald didn't act alone; restatement affirms official account.,The restatement exactly matches the participant's description of the conspiracy.
R_3ScRr4EvJKov8EG,affirms,affirms,affirms,affirms,3,The assassination of President Kennedy was orchestrated by the CIA.,Restatement directly asserts the participant’s described conspiracy that the CIA plotted JFK’s assassination.,Rating 100 means believing the CIA orchestrated JFK's assassination.,"Rating 100 means believing the CIA orchestrated JFK's assassination, which directly affirms the described conspiracy."
R_3THS82hwn3wOWjE,affirms,affirms,affirms,affirms,3,The government possesses undisclosed information about extraterrestrial life.,Restatement matches participant’s claim that the government knows more about extraterrestrial life than it publicly reveals.,Restatement directly states the conspiracy: government hides ET knowledge from public.,Rating 100 directly endorses the participant's belief that the government is hiding information about extraterrestrials.
R_3TRXNkCRkrdd4ba,affirms,affirms,affirms,affirms,3,The government is hiding extraterrestrials.,Restatement directly asserts the described conspiracy; rating 100 means fully endorsing government cover-up of extraterrestrials.,Restatement directly states the conspiracy; rating 100 means fully believing it.,Rating 100 directly endorses the participant's belief that the government is hiding extraterrestrials.
R_3TkYBesxIDDIC1b,affirms,affirms,affirms,affirms,3,"Aliens exist in the vast, unexplored expanse of the universe.","A 100 rating affirms extraterrestrial life exists, matching the participant’s described belief in aliens.","Rating 100 means believing aliens exist, directly endorsing the conspiracy.","Rating 100 means believing aliens exist, which aligns with the participant's described belief."
R_3Tn682sH3M4g01z,affirms,affirms,affirms,affirms,3,There was more than one shooter involved in the JFK assassination.,Restatement directly asserts participant’s conspiracy claim; rating 100 endorses multiple shooters.,Restatement directly states the conspiracy: multiple shooters in JFK assassination.,"Rating 100 means agreeing there were multiple shooters, which directly affirms the participant's conspiracy theory."
R_3UgzODpaQDUtajN,affirms,affirms,affirms,affirms,3,Jeffrey Epstein was killed in his cell.,"A 100 rating asserts Epstein was murdered in his cell, matching the described conspiracy claim.","Restatement directly states the conspiracy: Epstein was murdered, not suicide.",Rating 100 endorses the conspiracy theory that Epstein was murdered rather than committing suicide.
R_3V90lqbcw5B1zPB,affirms,affirms,affirms,affirms,3,"Beekeepers have promoted the idea that local honey prevents allergies to expand their market, even though bees’ pollen sources usually aren’t the main allergy-causing plants.","Restatement attributes the allergy-remedy claim to beekeepers’ marketing motives, matching the described conspiracy.","Restatement asserts beekeepers market honey deceptively, endorsing the conspiracy claim.",Rating 100 endorses the participant's conspiracy that beekeepers fabricated the allergy benefits for profit.
R_3V9MfnYPhWSiW5Z,affirms,affirms,affirms,affirms,3,The UFOs we are seeing are actually secret technology from the US government.,Restatement directly asserts the participant’s claim that UFOs are US government secret technology.,Restatement directly asserts the conspiracy: UFOs are US government craft.,A 100 rating endorses the participant's exact theory that UFOs are secret US government technology.
R_3VEm2YwP7svo7XX,affirms,affirms,affirms,affirms,3,"Nancy Guthrie is still alive, and there is more to her disappearance than has been publicly revealed.","Restatement asserts she’s alive and truth is hidden, matching participant’s conspiracy claim.",Restatement directly asserts the conspiracy: Guthrie alive with hidden truth about disappearance.,The restatement directly asserts the participant's conspiracy theory as true.
R_3VUguMiAR8txolj,affirms,affirms,affirms,affirms,3,The moon landing was faked.,Restatement directly asserts the participant’s conspiracy; rating 100 means fully endorsing it.,Restatement directly asserts the conspiracy; rating 100 means believing it was faked.,"Rating 100 means believing the moon landing was faked, which directly affirms the participant's conspiracy."
R_3Vmu3zi8zoCPQ4O,affirms,affirms,affirms,affirms,3,The bombing of the Alfred P. Murrah building in Oklahoma City involved more individuals than those who were convicted.,Restatement asserts additional perpetrators beyond convicted; 100 endorses the ‘more to it’ conspiracy claim.,Rating 100 endorses the conspiracy that more people were involved.,Rating 100 endorses the conspiracy theory that more people were involved in the bombing than officially convicted.
R_3WAn1A32UAdjhU5,affirms,affirms,affirms,affirms,3,The US government was involved in the destruction of the towers.,"Restatement asserts US government involvement in the towers’ destruction, matching the participant’s conspiracy claim.","Restatement directly asserts government involvement in tower destruction, matching the conspiracy.","Rating 100 means agreeing the US government was involved in the towers' destruction, which affirms the conspiracy."
R_3WunVodz4D37VKj,affirms,denies,affirms,affirms,3,The moon landing was faked.,Restatement claims the landing never happened; endorsing it affirms the implied conspiracy that it was staged.,"Participant's conspiracy is that landing was faked; restatement affirms the conspiracy, not denies it.",Rating the restatement 100 directly endorses the conspiracy theory that the moon landing was faked.
R_3WwDrH9dTGjwLtk,affirms,affirms,affirms,affirms,3,The government is aware of the existence of aliens but chooses not to disclose this information to the public.,"Restatement asserts the government knows about aliens and is hiding it, matching the participant’s conspiracy.",Restatement directly states the conspiracy: government knows about aliens and hides it.,"Rating 100 means believing the government hides alien existence, matching the participant's conspiracy."
R_3WwkjeHgTcIHCxr,affirms,affirms,affirms,affirms,3,The moon landing was staged.,"A 100 rating endorses the claim that the moon landing was faked, matching the participant’s conspiracy.",Restatement directly asserts the conspiracy; rating 100 means believing it was faked.,Rating the restatement 100 directly endorses the participant's conspiracy theory that the moon landing was faked.
R_3X6VWmf545e0w3R,affirms,affirms,affirms,affirms,3,The government is hiding the fact that they have encountered aliens.,Restatement directly asserts the participant’s conspiracy claim as true; rating 100 endorses it.,Restatement directly matches the conspiracy claim; rating 100 endorses it.,Rating the restatement 100 directly endorses the participant's belief that the government is hiding alien encounters.
R_3XhvSzqqxXRe9rZ,affirms,affirms,affirms,affirms,3,"The COVID-19 pandemic was created by the government, including foreign governments.",Restatement directly asserts the participant’s conspiracy; rating 100 means fully endorsing it.,Restatement directly asserts the conspiracy that governments created COVID-19.,The restatement directly asserts the participant's conspiracy theory that governments created the COVID-19 pandemic.
R_3XlMJ2ZSUpV9AEF,affirms,affirms,affirms,affirms,3,Jeffrey Epstein was murdered and did not commit suicide.,"Restatement asserts Epstein was murdered, matching the participant’s conspiracy claim.",Restatement directly asserts murder conspiracy; rating 100 endorses the conspiracy.,"Rating 100 means agreeing Epstein was murdered, which directly affirms the participant's conspiracy theory."
R_3Y8KUSDeLq2IPzb,affirms,affirms,affirms,affirms,3,Members of the CIA were involved in the assassination of JFK.,"Restatement directly asserts CIA involvement, matching participant’s conspiracy claim; 100 means endorsing that conspiracy.","Restatement directly asserts CIA involvement, matching the participant's conspiracy belief.",Rating 100 endorses the participant's core conspiracy claim that the CIA was involved in JFK's assassination.
R_3YQvnFZHKDihHCj,affirms,affirms,affirms,affirms,3,The government is withholding information about the existence of something in space.,"Restatement asserts government knows about something in space and hides details, matching participant’s conspiracy claim.",Restatement directly matches participant's belief that government hides space knowledge.,"Rating 100 means agreeing the government is hiding space secrets, which directly endorses the participant's conspiracy."
R_3YamxcboLVQeySa,affirms,affirms,affirms,affirms,3,"There is another world in the core of the Earth, containing extinct and unknown species.",Restatement directly asserts the participant’s hollow-Earth-style claim as true.,Restatement directly asserts the hollow Earth conspiracy as true.,Rating 100 endorses the participant's exact conspiracy theory about a hidden world inside the Earth.
R_3YtgTYI6ETuoRYn,affirms,affirms,affirms,affirms,3,"COVID-19 was created by the government, and the COVID shots contain microchips injected into people.",Restatement explicitly asserts the participant’s conspiracy (government-created COVID and microchips in vaccines).,Restatement directly states both conspiracy claims as true.,The restatement directly asserts the participant's conspiracy theory that the government created COVID and vaccines contain microchips.
R_3ZOixHXRlE5g5xu,affirms,affirms,affirms,affirms,3,The Democrats conspired to destroy America by allowing foreign investors to buy up real estate and raise prices beyond the reach of the average middle-class American.,Restatement asserts the participant’s described conspiracy as true; rating 100 endorses that conspiracy claim.,Rating 100 directly endorses the conspiracy that Democrats deliberately destroyed America.,Rating 100 means endorsing the conspiracy that Democrats conspired to destroy America via foreign real estate investors.
R_3ZZw9E9gOLmTLW6,affirms,affirms,affirms,affirms,3,The government is converting Walmarts into FEMA camps.,Restatement directly asserts the participant’s conspiracy claim; 100 means believing Walmart-to-FEMA conversion is happening.,Restatement directly states the conspiracy as true; 100 = believes it.,Rating 100 endorses the participant's exact conspiracy theory that Walmarts are being turned into FEMA camps.
R_3Zge69wsYhxmfxn,affirms,affirms,affirms,affirms,3,The government is hiding evidence of extraterrestrial life.,"Restatement directly asserts the government is concealing evidence, matching the participant’s conspiracy claim.",Restatement directly asserts the conspiracy: government concealing ET evidence.,Rating 100 endorses the participant's exact conspiracy claim that the government is hiding evidence of extraterrestrial life.
R_3bIci8D6L9ysUgZ,affirms,affirms,affirms,affirms,3,"The coronavirus was purposely unleashed to influence the election in favor of Biden through fraudulent votes, including mail-in ballots and votes from deceased individuals, and it originated from a lab in China.","Restatement asserts the participant’s conspiracy claims as true (intentional release, election fraud for Biden, lab origin).",Restatement directly asserts the conspiracy as true; 100 = full belief.,The restatement directly asserts the participant's conspiracy theory as true.
R_3beIdi9r15ov5o5,affirms,affirms,affirms,affirms,3,The landing on the moon by the United States was faked.,Restatement directly asserts the participant’s conspiracy claim; rating 100 means fully endorsing it.,Restatement directly states the conspiracy as true; 100 = believes it faked.,The restatement directly asserts the participant's conspiracy theory as true.
R_3cDtFsiG8DdjTyx,affirms,affirms,affirms,affirms,3,A small group of people is intentionally controlling the world and causing problems for everyone else.,Restatement directly asserts the participant’s conspiracy that a few people control the world and cause problems intentionally.,Restatement directly matches participant's belief about elites running the world.,The restatement directly asserts the participant's belief that a small elite group intentionally controls the world.
R_3cuXyKBzamJnklT,affirms,affirms,affirms,affirms,3,Elvis is alive and has been sighted multiple times.,"Restatement asserts Elvis is alive with sightings, matching the participant’s conspiracy claim.","Restatement directly asserts Elvis is alive, matching the conspiracy.","Rating 100 means believing Elvis is alive, which directly affirms the participant's conspiracy theory."
R_3dEQPY0N9B3q9q5,affirms,affirms,affirms,affirms,3,Donald Trump is trying to manipulate the legal system so that he remains the president without any further elections.,"Restatement asserts Trump aims to end elections and stay president, matching the participant’s conspiracy claim.",Restatement directly states the conspiracy: Trump subverting law to eliminate elections.,The restatement directly asserts the participant's conspiracy theory as true.
R_3dEvO53qgrqZVq9,affirms,affirms,affirms,affirms,3,"The Illuminati is real and includes famous people, politicians, and the elite among its members.",Restatement directly asserts the conspiracy claim as true; rating 100 endorses the Illuminati’s existence and elite membership.,"Restatement directly asserts the conspiracy as true, matching participant's description.",Rating the restatement 100 directly endorses the participant's belief in the Illuminati.
R_3dFFnICSVWxTeVQ,affirms,affirms,affirms,affirms,3,Donald Trump will be able to run for a third term.,Restatement directly asserts the participant’s claim; rating 100 endorses that he can run again despite legal limits.,Restatement directly asserts the conspiracy belief; rating 100 endorses it.,Rating the restatement 100 directly endorses the participant's conspiracy that Trump will run for a third term.
R_3dGHIAhy7a1Hb39,affirms,unclear,affirms,affirms,3,Climate change is the source of extreme weather.,Restatement matches their described claim; rating 100 would endorse climate change causing extreme weather.,Participant is skeptical of climate change causing extreme weather; restatement matches topic but participant's conspiracy is ambiguous.,The restatement directly asserts the participant's described topic as true.
R_3dKgY0o8ACtlBH3,affirms,affirms,affirms,affirms,3,Trump supported Epstein and is included many times in the Epstein files.,Restatement matches participant’s conspiracy claim; rating 100 endorses Trump’s support and repeated inclusion in Epstein files.,Restatement directly mirrors the participant's conspiracy claim verbatim.,The restatement directly asserts the participant's conspiracy theory as true.
R_3dS17OiXlfTD7bf,affirms,affirms,affirms,affirms,3,The government is hiding aliens.,Restatement directly asserts the participant’s conspiracy claim; rating 100 endorses government alien cover-up.,Restatement directly states the conspiracy claim; rating 100 means believing it.,The restatement directly asserts the participant's conspiracy theory that the government is hiding aliens.
R_3dY0XNPpXLC2Zq5,affirms,affirms,affirms,affirms,3,"The real Joe Biden is dead, and the one we see is an imposter.",Restatement directly asserts the participant’s conspiracy; rating it 100 means fully believing Biden is dead and replaced.,Restatement directly states the conspiracy as true; 100 = believes it.,The restatement directly asserts the participant's conspiracy theory that Joe Biden was replaced by an imposter.
R_3di56giFYwuOKA8,affirms,affirms,affirms,affirms,3,The Illuminati is real and runs the government.,Restatement directly asserts the conspiracy claim; rating 100 indicates full belief in Illuminati control of government.,Restatement directly states the conspiracy as true; 100 = full belief.,Rating the statement 100 directly endorses the participant's belief that the Illuminati exists and controls the government.
R_3dm20FQZpiUH3GC,affirms,affirms,affirms,affirms,3,"Technology originated from aliens who are disguised as humans, and evidence includes found spaceships and governments keeping aliens in captivity.","Restatement asserts aliens created technology and hide among humans, matching participant’s conspiracy claim.",Restatement directly asserts the alien technology conspiracy as true.,Rating the restatement 100 directly endorses the participant's belief that aliens invented technology and live among us.
R_3e2WF4XyAY9TCxV,affirms,affirms,affirms,affirms,3,"The moon landing, including Neil Armstrong's statements, was staged and not an actual event on the moon's surface.",Restatement claims the moon landing was staged; rating 100 means fully endorsing that conspiracy.,"Restatement directly asserts the moon landing was faked, endorsing the conspiracy.",Rating the restatement 100 means endorsing the conspiracy theory that the moon landing was staged.
R_3e9G2HomvUkBJAc,affirms,affirms,affirms,affirms,3,The government is concealing the existence of supernatural creatures like aliens and sasquatch from the public.,Restatement asserts government hides supernatural creatures; rating 100 endorses the described conspiracy.,Restatement directly asserts the conspiracy; rating 100 means believing it.,"Rating 100 means agreeing the government hides supernatural creatures, which directly affirms the participant's conspiracy."
R_3eFXX4kgGg5yALP,affirms,affirms,affirms,affirms,3,"Area 51 in Roswell, New Mexico is hiding UFOs and ""visitors,"" and the federal government is covering it up by portraying it as a hoax.",Restatement matches participant’s claim that UFOs are hidden and the feds cover it up as a hoax.,Restatement directly asserts the conspiracy; rating 100 means believing it.,The restatement directly asserts the conspiracy theory described by the participant.
R_3eLG7D5ulo0ZOIl,affirms,affirms,affirms,affirms,3,Russia interfered with the election involving Donald Trump.,Restatement asserts the described interference claim; rating 100 endorses that conspiracy as true.,Restatement directly asserts the conspiracy; rating 100 endorses Russian interference.,"Rating 100 means agreeing that Russia interfered, which directly affirms the participant's described conspiracy."
R_3ePFSLHhlTCUa9v,affirms,affirms,affirms,affirms,3,"There is a wall of ice surrounding our continents, with many other places existing outside the ice wall.",Restatement directly asserts the ice-wall conspiracy as true; 100 rating endorses the conspiracy.,Restatement directly asserts the ice wall conspiracy as true.,The restatement directly asserts the participant's ice wall conspiracy theory as a true fact.
R_3ekt46o3gOmn47G,affirms,affirms,affirms,affirms,3,The government knew about Covid-19 before it became a global issue and could have prevented its widespread impact.,"Restatement asserts government foreknowledge and ability to prevent deaths, matching participant’s conspiracy claim.",Restatement directly states the conspiracy: government knew early and could have prevented deaths.,The restatement directly asserts the participant's conspiracy theory as true.
R_3f0P9fxpovfLu4Q,affirms,affirms,affirms,affirms,3,"A secret global cabal of powerful individuals manipulates world events, including economies and governments.",Restatement directly asserts the participant’s conspiracy as true; 100 equals endorsing the cabal-manipulation claim.,Restatement directly asserts the conspiracy; rating 100 means fully believing it.,The restatement directly asserts the conspiracy theory described by the participant.
R_3fB4RD6y1DlRxst,affirms,affirms,affirms,affirms,3,People in high places are participating in child blood drinking and sacrifice.,Restatement directly asserts the described conspiracy; rating 100 means fully endorsing it.,Restatement directly states the conspiracy as true; 100 = full belief.,The restatement directly asserts the participant's conspiracy theory as true.
R_3fGyvu4L3WGbfPf,affirms,affirms,affirms,affirms,3,Epstein is alive and well and living in Israel.,Restatement directly asserts the participant’s conspiracy claim; rating 100 would fully endorse it.,Restatement directly states the conspiracy as true; 100 = believes Epstein faked death.,"Rating 100 means believing Epstein is alive in Israel, which directly affirms the participant's conspiracy."
R_3fVSZtP2vRbM7O9,affirms,affirms,affirms,affirms,3,"The pharmaceutical industry and medical authorities are suppressing a natural, inexpensive cure for cancer to protect the profits of expensive cancer treatments.",Restatement directly asserts the participant’s conspiracy claim; rating 100 means endorsing suppression-for-profit narrative.,Restatement directly states the conspiracy as true; 100 = fully believes it.,The restatement directly asserts the conspiracy theory as described by the participant.
R_3fhFVNXEVSzXfah,affirms,affirms,affirms,affirms,3,"The government hides information from the public through secret groups and special operations, including corrupt practices by agencies like the CIA.","Restatement asserts the claimed government secrecy and corruption as true, matching the participant’s conspiracy description.",Restatement directly mirrors participant's conspiracy about government secrecy and CIA corruption.,The restatement directly asserts the participant's conspiracy theory as true.
R_3fkRfoK8rYBzbTg,affirms,affirms,affirms,affirms,3,"NASA staged the 1969 moon landing and filmed it in a controlled studio environment, fabricating footage and photographs to appear as though astronauts landed on the Moon.",Restatement directly asserts the participant’s moon-landing-hoax conspiracy as true.,"Rating 100 means believing NASA faked the moon landing, matching the conspiracy.",The restatement directly asserts the moon landing conspiracy as true.
R_3fnBtJxwzjEgyvD,affirms,affirms,affirms,affirms,3,Aliens exist beyond Earth.,"A 100 rating endorses the claim that aliens exist, matching the participant’s described possibility of aliens being real.","Rating 100 confirms alien existence, aligning with the conspiracy belief described.","Rating 100 means believing aliens exist, which directly affirms the participant's described conspiracy topic."
R_3frcVyp9nnwdj6k,affirms,affirms,affirms,affirms,3,Bill Gates is genetically altering all of the crops in America.,Restatement directly asserts the participant’s conspiracy claim as true.,Restatement directly states the conspiracy as true; 100 = full belief.,The restatement directly asserts the participant's conspiracy theory as true.
R_3fuzn1nkOilyYFb,affirms,affirms,affirms,affirms,3,A group of wealthy individuals makes the decisions for the White House instead of the President.,"Restatement directly asserts the participant’s conspiracy that wealthy elites, not the President, control White House decisions.","Restatement directly mirrors the conspiracy: wealthy elites control White House decisions, not the President.",Rating 100 endorses the participant's exact conspiracy that wealthy individuals control the White House.
R_3g0qiLHOVVxOMtH,affirms,affirms,affirms,affirms,3,"NFL games are rigged and the outcome is predetermined, with certain teams making incredible comebacks to win games they should not win.","Restatement directly asserts the participant’s conspiracy claim as true; 100 equals endorsing rigged, predetermined outcomes.",Restatement directly asserts the conspiracy; rating 100 means believing NFL is rigged.,"Rating 100 means believing NFL games are rigged, which directly affirms the participant's conspiracy theory."
R_3gD3phiJBOUCPJf,affirms,affirms,affirms,affirms,3,"The elite have access to aliens and are hiding the truth from citizens, with the American government confirming the existence of alien technology but not revealing the actual technology.",Restatement asserts elites possess alien access and conceal it; 100 endorses the described conspiracy.,Restatement directly mirrors the conspiracy claim; rating 100 endorses it fully.,The restatement directly asserts the participant's conspiracy theory that elites are hiding alien technology.
R_3gYP7I5iZyiOJCp,affirms,affirms,affirms,affirms,3,The government orchestrated 9/11 to initiate the war in Iraq.,Restatement asserts the participant’s conspiracy that the government carried out 9/11 to start the Iraq war.,Restatement directly states the conspiracy as true; 100 = full belief.,The restatement directly asserts the participant's conspiracy theory that the government orchestrated 9/11.
R_3gcjjKYwtYqWijF,affirms,affirms,affirms,affirms,3,The 9-11 attacks were orchestrated either by Iraq or by the U.S. government.,"A 100 rating endorses that 9/11 was orchestrated by Iraq or the U.S. government, matching the conspiracy claim.",Restatement directly states the conspiracy theory as true; 100 = believes it.,Rating 100 endorses the participant's conspiracy that Iraq or the US government orchestrated the 9/11 attacks.
R_3gr8MjlBA1OI35L,affirms,affirms,affirms,affirms,3,The CIA was involved in the assassination of JFK because they feared he was turning the country socialist.,Restatement directly asserts the participant’s conspiracy; rating 100 means fully endorsing CIA involvement motive.,Restatement directly states the conspiracy as true; 100 = full belief.,The restatement directly asserts the participant's conspiracy theory about CIA involvement in JFK's assassination.
R_3h3ZJyg3qUyl86I,affirms,affirms,affirms,affirms,3,The government is lying about aliens having visited Earth and has held something related at Area 51.,"Restatement asserts government cover-up of alien visitation and Area 51 evidence, matching participant’s conspiracy claim.","Rating 100 endorses government deception about alien visits, matching the conspiracy.",Rating 100 endorses the participant's belief that the government is lying about aliens and hiding evidence at Area 51.
R_3hkprFQYIAAdkEV,affirms,affirms,affirms,affirms,3,The government administered AIDS and spread it out to the world.,Restatement directly asserts the participant’s conspiracy claim; rating 100 would fully endorse it.,Restatement directly mirrors the participant's conspiracy claim verbatim.,The restatement directly asserts the participant's conspiracy theory that the government created and spread AIDS.
R_3hoHWsbrmiSdtFu,affirms,affirms,affirms,affirms,3,McDonald's uses human meat in their products because there is not enough beef produced to meet the demand of the people they serve.,Restatement asserts the cannibalism conspiracy directly; rating 100 indicates full endorsement of that claim.,Restatement directly asserts the conspiracy claim about human meat in McDonald's products.,The restatement directly asserts the participant's conspiracy theory as true.
R_3hunFqylXM0D06l,affirms,affirms,affirms,affirms,3,The government is hiding the real shape of the earth.,Restatement matches the participant’s conspiracy; rating it true endorses government concealment of Earth’s real shape.,Restatement directly matches the conspiracy claim verbatim.,Rating the statement 100 directly endorses the participant's conspiracy that the government hides the earth's true shape.
R_3hxSNdSefPrwrS1,affirms,affirms,affirms,affirms,3,The president is an alien from another planet.,Restatement directly asserts the conspiracy claim; rating 100 means fully endorsing it.,Restatement directly states the conspiracy claim; rating 100 endorses it.,Rating the statement 100 directly endorses the participant's conspiracy theory that the president is an extraterrestrial.
R_3hz1irxpbRXSPYX,unclear,unclear,affirms,unclear,3,"John F. Kennedy was assassinated as part of a larger conspiracy, and the Warren Commission’s lone-gunman conclusion is false or a cover-up.","Restatement asserts only “unresolved” uncertainty, not a specific conspiracy claim versus the official account.","Restatement only affirms unresolved uncertainty, not a specific conspiracy claim.","Rating 100 means agreeing the assassination is unresolved, matching the participant's conspiracy description."
R_3i9zmV3aJD3eBJh,affirms,affirms,affirms,affirms,3,The government is hiding evidence of extraterrestrial contact and has recovered alien technology.,Restatement directly asserts the described UFO cover-up as true; rating 100 endorses the conspiracy.,Restatement directly asserts the conspiracy; rating 100 means fully believing it.,Rating 100 endorses the exact conspiracy described by the participant.
R_3iJrtmpHYtOFJFT,affirms,affirms,affirms,affirms,3,"Our entire reality is an advanced simulation created by a technologically advanced civilization, meaning everything we experience is not ""base reality"".",Restatement directly asserts the simulation hypothesis as true; 100 means endorsing the participant’s conspiracy.,Rating 100 directly endorses the simulation hypothesis as described.,"Rating 100 endorses the core claim that reality is a simulation, directly affirming the described conspiracy."
R_3illEMOmmakZGTh,affirms,affirms,affirms,affirms,3,Every US war is initiated to cover up a scandal.,"Restatement claims wars are started to hide scandals, matching participant’s conspiracy claim.","Rating 100 endorses wars as scandal cover-ups, matching the conspiracy.",The restatement directly asserts the participant's conspiracy theory that US wars are covers for scandals.
R_3irFLmcpvV4PA2G,affirms,affirms,affirms,affirms,3,The government is involved in cannibalism.,Restatement directly asserts the participant’s conspiracy; rating 100 means fully believing it.,Restatement directly states the conspiracy as true; rating 100 endorses it.,Rating the restatement 100 directly endorses the participant's conspiracy that the government is involved in cannibalism.
R_3irOJymiEALz03l,affirms,affirms,affirms,affirms,3,"The Apollo moon landings were staged by NASA with government involvement to win the ""Space Race"".",Restatement directly asserts the moon-landing-hoax conspiracy as true; 100 means endorsing that conspiracy.,Restatement directly asserts the conspiracy; rating 100 means believing the moon landing was faked.,"Rating 100 means agreeing the landings were staged, which directly affirms the participant's described conspiracy."
R_3ixKdIkijD0FgsQ,affirms,affirms,affirms,affirms,3,Major technological breakthroughs are secretly developed and withheld from the public by governments or powerful organizations to maintain control or economic advantage.,Restatement asserts the conspiracy claim that powerful actors hide transformative technology from the public.,Restatement directly asserts the conspiracy; rating 100 means fully believing it.,The restatement directly asserts the conspiracy theory described by the participant.
R_3ixmvRLR2ejqyxy,affirms,affirms,affirms,affirms,3,The government is hiding evidence of extraterrestrial contact and has recovered alien technology.,Restatement directly asserts the participant’s conspiracy; rating 100 indicates full belief in that claim.,Restatement matches conspiracy description exactly; 100 = full belief.,The restatement directly asserts the participant's conspiracy theory as true.
R_3j9D7aDhAHPLBe4,affirms,affirms,affirms,affirms,3,"The government is intentionally mishandling the Epstein case by distracting the public and withholding crucial information, particularly involving the Clintons and the President, to prevent the facts from surfacing.",Restatement matches participant’s claim of deliberate government cover-up and distraction to keep Epstein facts hidden.,Restatement directly captures the participant's conspiracy about government cover-up of Epstein case.,The restatement directly asserts the participant's conspiracy theory that the government is covering up the Epstein case.
R_3jGdaOGkGA67vkl,affirms,affirms,affirms,affirms,3,"Israel pushed and influenced the United States into invading Iran, pressuring the U.S. to act before Israel invaded first.","Restatement asserts Israel influenced the U.S. to invade Iran, matching the participant’s conspiracy claim.","Restatement directly states Israel pushed the US into invading Iran, matching the conspiracy.",The restatement directly asserts the participant's conspiracy theory that Israel pushed the US to invade Iran.
R_3jHS1L5AUQLuurf,affirms,affirms,affirms,affirms,3,The government is hiding the existence of aliens and UFOs.,Restatement directly asserts the conspiracy claim; rating 100 means fully endorsing government concealment of aliens/UFOs.,Restatement directly asserts the conspiracy; rating 100 means believing it.,"Rating 100 means believing the government hides aliens, directly affirming the participant's conspiracy."
R_3jV6AZyJmKaUTXQ,affirms,affirms,affirms,affirms,3,The U.S. government is hiding contact with extraterrestrial life from the public.,Restatement directly asserts the alleged government cover-up; rating 100 means endorsing the conspiracy claim.,Restatement directly asserts the conspiracy; rating 100 means believing it.,Rating the restatement 100 directly endorses the participant's described conspiracy about the government hiding extraterrestrial contact.
R_3jVvqImyur3lvyN,affirms,affirms,affirms,affirms,3,President John F. Kennedy was assassinated by a group that wanted him gone.,Restatement asserts the group-assassination claim the participant described; rating 100 endorses the conspiracy.,Restatement directly asserts the conspiracy: a group killed JFK.,The restatement directly asserts the participant's conspiracy theory that a group assassinated JFK.
R_3jcGot9Wi6lBeSB,affirms,affirms,affirms,affirms,3,"The U.S. government orchestrated the 9/11 attacks, not terrorists.",Restatement asserts government planned 9/11; rating 100 endorses participant’s conspiracy claim.,"Restatement directly asserts government responsibility, matching the conspiracy described.",Rating the restatement 100 directly endorses the participant's belief that the government orchestrated 9/11.
R_3jeiJyUJgXD61xL,affirms,affirms,affirms,affirms,3,"The government is concealing the true reasons and individuals involved in John F. Kennedy's assassination, including possible additional shooters and hidden ties to Cuba and the Mafia beyond Oswald.","Restatement asserts government cover-up and additional conspirators/shooter beyond Oswald, matching participant’s conspiracy.","Restatement directly asserts government cover-up and conspiracy, matching participant's described beliefs.",The restatement directly asserts the participant's conspiracy theory as true.
R_3jxOgL3zjyfCk46,affirms,affirms,affirms,affirms,3,"The government is intentionally killing people, particularly the poor, for population control.",Restatement directly asserts the described conspiracy; rating 100 means fully endorsing it.,Restatement directly states the conspiracy as true; 100 = full belief.,"Rating 100 means believing the government kills people for population control, directly affirming the participant's conspiracy."
R_3jxdWq9JsfAY5XP,affirms,affirms,affirms,affirms,3,AI is getting intelligent enough to destroy the human race.,Restatement directly asserts the participant’s conspiracy; 100 equals believing AI could become intelligent enough to destroy humanity.,Restatement directly mirrors the participant's stated conspiracy belief verbatim.,The restatement directly asserts the participant's conspiracy theory that AI will become intelligent enough to destroy humanity.
R_3k001CVxX0VvXPy,affirms,affirms,affirms,affirms,3,"Republicans, with the help of Elon Musk, stole the 2024 election.",Restatement directly asserts the described conspiracy; rating 100 means fully endorsing it.,Restatement directly states the conspiracy as true; 100 = full belief.,The restatement directly asserts the participant's conspiracy theory as true.
R_3k1BycG1LFSAxDY,affirms,affirms,affirms,affirms,3,The government is hiding the true identities of the killers of JFK and MLK.,"Restatement directly asserts government concealment about the killers, matching participant’s described conspiracy.",Restatement directly asserts the conspiracy that the government is concealing the true killers.,The restatement directly asserts the participant's conspiracy theory that the government is hiding the killers' identities.
R_3k22POJrefIU4jz,affirms,affirms,affirms,affirms,3,An all-seeing presence created our world and desires to be worshipped by everyone.,Restatement directly asserts the participant’s described belief; rating 100 endorses that claimed creator’s existence and desire for worship.,Restatement directly restates the conspiracy as true; 100 = full belief.,The restatement directly asserts the participant's belief in a creator entity that demands worship.
R_3k5F2eHN9RiV8up,affirms,affirms,affirms,affirms,3,The Apollo moon landing was faked and humans did not really land on the moon.,Restatement asserts the moon landing was faked; rating 100 endorses the participant’s conspiracy.,"Rating 100 means believing the moon landing was faked, matching the conspiracy.","The restatement explicitly claims the moon landing was faked, directly affirming the participant's conspiracy theory."
R_3k8Gor2TqYsjrXP,affirms,affirms,affirms,affirms,3,False flag operations exist and are actively being implemented.,Restatement directly asserts the same claim as participant’s conspiracy description; 100 equals full endorsement.,Restatement directly asserts the conspiracy claim; rating 100 endorses it.,The restatement directly asserts the participant's conspiracy theory that false flag operations are currently happening.
R_3kDchoIECIb2KOt,affirms,affirms,affirms,affirms,3,Governments secretly control social media to influence people's behavior.,Restatement asserts the conspiracy claim; rating 100 means believing governments secretly control social media.,Restatement directly states the conspiracy as true; 100 = full belief.,Rating 100 means endorsing the conspiracy that governments secretly control social media.
R_3kHRIPdNOjPIdO4,affirms,affirms,affirms,affirms,3,"Humans were created by aliens from a different planet, specifically the Anunnaki, who altered our DNA.",Restatement directly asserts the participant’s alien-Anunnaki DNA-creation conspiracy as true.,Rating 100 directly endorses the Anunnaki alien creation conspiracy as described.,Rating the restatement 100 directly endorses the participant's belief that aliens created humans by altering our DNA.
R_3kHSnYZzZtZIL2J,affirms,affirms,affirms,affirms,3,Elvis Presley faked his death and carefully prepared evidence to suggest otherwise.,"Restatement explicitly claims Elvis faked his death, matching the participant’s described conspiracy.","Rating 100 means believing Elvis faked his death, endorsing the conspiracy.",Rating 100 endorses the participant's conspiracy theory that Elvis faked his own death.
R_3kVJlf580msMBTH,affirms,affirms,affirms,affirms,3,"Alien life exists, and the government has evidence for it that has not been made public.",Participant mentioned government and alien life; restatement asserts aliens exist and evidence is being withheld.,Rating 100 endorses hidden alien evidence conspiracy the participant described.,Rating 100 means endorsing the participant's belief that alien life exists and evidence is hidden.
R_3kiaOEs9yw0FtOp,affirms,affirms,affirms,affirms,3,"They are attempting to harm or kill us with food, chemtrails, and vaccines.","Restatement asserts intentional harm via food, chemtrails, and vaccines; 100 means endorsing that conspiracy.",Restatement directly asserts the conspiracy that authorities are harming people.,"Rating 100 endorses the participant's exact claim that shadowy forces are using food, chemtrails, and vaccines to cause harm."
R_3kjQLISIh2yoXNC,affirms,affirms,affirms,affirms,3,The election was stolen through incorrect ballot counting and by excluding additional ballots that would have favored Donald Trump.,Restatement asserts election theft via miscounting/excluding Trump ballots; rating 100 endorses the stolen-election conspiracy.,Restatement directly asserts the stolen election conspiracy the participant described.,Rating 100 endorses the participant's claim that the election was stolen and Trump's ballots were ignored.
R_3ktazWwac1CFGTk,affirms,unclear,affirms,affirms,3,Freemasonry is a secretive organization with many hidden practices and agendas.,"Restatement asserts masonry has many secrets, aligning with participant’s implied suspicion of hidden information.",Restatement is neutral/descriptive; doesn't affirm or deny a specific conspiracy claim.,Rating 100 affirms the participant's stated suspicion that Freemasonry holds many hidden secrets.
R_3kzASuPbAvG6bcb,affirms,affirms,affirms,affirms,3,Bigfoot is real and is either a missing link in human evolution or a new species of man.,A 100 rating endorses that Bigfoot exists as a missing link/new human species.,Rating 100 endorses Bigfoot's real existence as described by participant.,Rating 100 affirms the participant's theory that Bigfoot exists as a missing link or new species.
R_3lDKRXCQaWtWsRl,affirms,affirms,affirms,affirms,3,The government is hiding structures on the dark side of the moon.,Restatement matches the participant’s conspiracy claim; rating 100 endorses that the government conceals lunar structures.,Restatement directly states the conspiracy: government concealing moon structures.,Rating the restatement 100 directly endorses the participant's conspiracy theory about hidden structures on the moon.
R_3lPUHTay6oUjIfa,affirms,affirms,affirms,affirms,3,"The CIA provided misleading information about nuclear capabilities to justify going to war with Iran, using data that was unrelated to Iran to fabricate a threat.","Restatement claims CIA misled to justify war with Iran, matching participant’s conspiracy allegation.","Restatement directly asserts the CIA fabricated a threat using false data, matching the conspiracy.",The restatement directly asserts the participant's conspiracy theory that the CIA fabricated intelligence to justify war with Iran.
R_3lmWf1hWDS76QV7,affirms,affirms,affirms,affirms,3,"Joe Biden was shot and killed, and a robot was put in his place after the Epstein files revealed he was a child molester, leading to his assassination.",Restatement directly asserts the described conspiracy as true; rating 100 endorses it.,Restatement directly states the conspiracy as true; 100 = full belief.,Rating 100 endorses the participant's exact conspiracy that Biden was killed and replaced by a robot.
R_3mJJQjh8D5bXktz,affirms,affirms,affirms,affirms,3,Climate change is a fabrication created to generate revenue for the government and the media.,"Restatement asserts climate change is fake and invented for government/media profit, matching participant’s conspiracy.",Rating 100 endorses the conspiracy that climate change is fake and profit-driven.,Rating 100 endorses the participant's exact claim that climate change is a money-making fabrication.
R_3merjIpJ6q18FU0,affirms,affirms,affirms,affirms,3,The government faked the moon landing to beat Russia in the space race.,Restatement directly asserts the participant’s described conspiracy as true; 100 would endorse it.,Restatement directly states the conspiracy as true; 100 = believes it.,The restatement directly asserts the participant's conspiracy theory as true.
R_3mh3HO0Z9LID57P,affirms,affirms,affirms,affirms,3,The release of the Jeffrey Epstein files is a distraction from more significant truths being hidden.,Restatement directly asserts the participant’s conspiracy that Epstein files distract from deeper hidden truths.,Restatement directly states the Epstein files are a distraction from bigger hidden truths.,Rating 100 endorses the participant's exact conspiracy theory that the Epstein files are a distraction from worse hidden truths.
R_3n6iSbovphZxpE6,affirms,affirms,affirms,affirms,3,"Area 51 houses alien technologies that can save the world, and the government is preventing the public from seeing them.",Restatement asserts the conspiracy claim directly; a 100 rating means endorsing alien tech cover-up.,Restatement directly asserts the conspiracy; rating 100 means fully believing it.,The restatement directly asserts the participant's conspiracy theory as true.
R_3n7wGKqBthgAQtX,affirms,affirms,affirms,affirms,3,The government orchestrated the events of 9/11.,Restatement directly asserts the participant’s inside-job conspiracy; rating 100 means fully endorsing it.,"Rating 100 means believing the government caused 9/11, affirming the conspiracy.",Rating the restatement 100 means endorsing the participant's conspiracy that the government was behind 9/11.
R_3nABCyPrEow4non,affirms,affirms,affirms,affirms,3,Aliens are working with our government to abduct and experiment on people.,Restatement directly asserts the participant’s described conspiracy as true.,Restatement directly states the conspiracy as true; 100 = full belief.,The restatement directly asserts the participant's conspiracy theory about alien-government collusion and abductions as true.
R_3nGm1ZsNWNl1OfG,affirms,affirms,affirms,affirms,3,"JFK was killed by organized crime, and John Wilkes Booth was connected to New Orleans organized crime rather than acting as a lone wolf.","Restatement asserts organized crime involvement and rejects lone-wolf account, matching participant’s conspiracy claims.",Restatement directly asserts both conspiracy claims as true; 100 = believes conspiracies.,Rating 100 endorses the participant's conspiracy theory about organized crime involvement.
R_3nPGqgvnIgDn2OR,affirms,affirms,affirms,affirms,3,"USA is actually The Real Israel, and Noah's Ark was built in the USA because Florida is the only place that has gopher wood.",Restatement directly asserts the participant’s claimed conspiracy (USA as real Israel; Ark built in USA/Florida gopher wood).,Restatement directly asserts the participant's conspiracy claims as true.,The restatement directly asserts the participant's conspiracy claims about the USA being Israel and Noah's Ark.
R_3nSKKin867iQnbG,affirms,affirms,affirms,affirms,3,A new world order is being established by a group working against us to promote their own interests.,Restatement asserts the existence of a coordinated group establishing a new world order against us.,Restatement directly affirms the conspiracy: elites conspiring against the public for self-interest.,The restatement directly asserts the participant's belief in a New World Order working against the public.
R_3naHylHMjamCgrn,affirms,affirms,affirms,affirms,3,Man never landed on the moon and the videos of the landing were fabricated.,Restatement directly asserts the participant’s conspiracy claim; rating 100 means fully believing it.,Restatement directly asserts the conspiracy; rating 100 means believing it.,Rating the restatement 100 directly endorses the participant's conspiracy that the moon landing was faked.
R_3nvpvMcvc3bXRIt,affirms,affirms,affirms,affirms,3,The furry fandom is concealing a secret aspect related to its sexual side that would lead to negative opinions from most people.,Restatement asserts the fandom hides a sexual secret; 100 endorses the described conspiracy.,Restatement directly mirrors the participant's conspiracy about hidden sexual aspects.,The restatement directly asserts the participant's theory that the furry fandom is hiding a negative sexual secret.
R_3nx9wHQBXCofzE8,affirms,affirms,affirms,affirms,3,"There are 8 to 10 foot tall hybrid animals living deep in the forests of the US, created by an experiment gone wrong under the direction of the Illuminati, and the government conceals encounters with these creatures by silencing those who witness them.",Restatement directly asserts the described hybrid-creature/Illuminati experiment and government cover-up as true.,Restatement directly asserts the Illuminati hybrid creature conspiracy as true.,"The restatement directly asserts the participant's conspiracy theory about hybrid creatures, the Illuminati, and a government cover-up."
R_3oXQsMcX4qciTCh,affirms,affirms,affirms,affirms,3,"The government uses sensational distractions like alien claims or banning apps such as TikTok to hide its behind-the-scenes actions, push certain laws, and mask spending on foreign countries.","Restatement asserts government intentionally distracts public to conceal hidden actions and agendas, matching participant’s conspiracy claim.",Restatement directly mirrors the conspiracy: government uses distractions to hide hidden agendas.,The restatement directly asserts the participant's conspiracy theory that the government uses distractions to hide its activities.
R_3oaQcGtlMdMv0Ir,affirms,affirms,affirms,affirms,3,The presidential election involving Biden and Trump was rigged.,Restatement directly asserts the participant’s conspiracy claim that the Biden–Trump election was rigged.,"Restatement directly asserts the election was rigged, matching the conspiracy.","Rating 100 endorses the claim that the election was rigged, matching the participant's conspiracy."
R_3odymK98Re0O5Nj,affirms,affirms,affirms,affirms,3,The U.S. government is hiding evidence of extraterrestrial contact and has recovered alien technology.,Restatement directly asserts the described conspiracy; rating 100 means fully endorsing it.,Restatement directly states the conspiracy as true; 100 = full belief.,The restatement directly asserts the conspiracy theory as described by the participant.
R_3ouPl4taGVxTq4w,affirms,affirms,affirms,affirms,3,The government allowed the events of 9/11 to happen as an inside job.,Restatement directly asserts the participant’s conspiracy; rating 100 means fully endorsing the inside-job claim.,Restatement directly asserts the conspiracy: government complicity in 9/11.,Rating the statement 100 directly endorses the participant's belief that 9/11 was an inside job.
R_3p5VdPcnsblJ0D0,affirms,affirms,affirms,affirms,3,Aliens are real.,"Restatement asserts aliens exist, matching the participant’s described belief topic; 100 means endorsing that claim.","Rating 100 means believing aliens exist, directly affirming the conspiracy belief.","Rating 100 means believing aliens exist, which directly affirms the participant's described conspiracy."
R_3pWwUv7ysZYR1Kb,affirms,affirms,affirms,affirms,3,The government is hiding important information from the public.,Restatement matches participant’s claim that the government is concealing information from people.,Restatement directly affirms the conspiracy that government conceals information from citizens.,Rating the restatement 100 directly endorses the participant's belief that the government is hiding information.
R_3pXqn4o9v2Fn3PP,affirms,affirms,affirms,affirms,3,The government is covering up information about Area 51.,"Restatement directly claims a government cover-up about Area 51, matching the participant’s conspiracy.",Restatement directly asserts the government cover-up the participant described.,Rating 100 endorses the participant's exact claim that the government is covering up Area 51.
R_3prLcAD5WJ4A1YY,affirms,affirms,affirms,affirms,3,A secret group controls global events from behind the scenes.,Restatement directly asserts the described conspiracy; 100 means fully endorsing it.,Restatement directly asserts the conspiracy; rating 100 means fully believing it.,Rating 100 directly endorses the participant's described conspiracy theory about a secret group controlling global events.
R_3qDzjqcEMNgDvZ3,affirms,affirms,affirms,affirms,3,"The government is hiding aliens and Bigfoot at Area 51, with shoot-to-kill orders in place to prevent people from discovering them.",Restatement asserts government hides aliens/Bigfoot at Area 51 and enforces shoot-to-kill to conceal it.,Restatement directly asserts the conspiracy as true; 100 = full belief.,The restatement directly asserts the participant's conspiracy theory as true.
R_3qrCmcIb48T3NYs,affirms,affirms,affirms,affirms,3,Selena Gomez is a clone and the real Selena died in 2018.,Restatement directly asserts the clone-and-death claim described as the conspiracy.,Restatement directly asserts the conspiracy claim; rating 100 means believing it.,Rating 100 endorses the exact conspiracy theory that Selena Gomez died and was replaced by a clone.
R_3r693QWA65zcuAC,affirms,affirms,affirms,affirms,3,People in communities are hired to stalk and harass individuals.,Restatement directly asserts the gang-stalking conspiracy described; rating 100 means endorsing it.,Restatement directly affirms the gang stalking conspiracy the participant described.,The restatement directly asserts the participant's conspiracy theory about gang stalking as true.
R_3r8tdI8xGXsisQS,affirms,affirms,affirms,affirms,3,Covid-19 vaccines were created solely to generate profit for pharmaceutical companies and do not truly prevent the Covid virus.,"Restatement asserts vaccines were made for profit and aren’t real prevention, matching the participant’s conspiracy claim.",Restatement directly states the conspiracy: vaccines are profit-driven and ineffective.,Rating 100 endorses the conspiracy that vaccines were made solely for profit and do not prevent the virus.
R_3rMaqvRbSTNp2Wl,affirms,affirms,affirms,affirms,3,The government orchestrated the 9/11 attacks.,Restatement directly asserts the participant’s conspiracy; rating 100 would fully endorse it.,Restatement directly states the conspiracy as true; 100 = full belief.,Rating the restatement 100 directly endorses the participant's described conspiracy that the government orchestrated 9/11.
R_3rOYVAhfCznLpDJ,affirms,affirms,affirms,affirms,3,The government secretly stages events to control society.,Restatement directly asserts the participant’s conspiracy claim as true; 100 indicates full endorsement.,Restatement directly states the conspiracy as true; rating 100 endorses it.,The restatement directly asserts the participant's conspiracy theory as true.
R_3ria0bci4bqVjQR,affirms,affirms,affirms,affirms,3,President Kennedy was assassinated by the U.S. government.,Restatement asserts government killed JFK; rating it 100 endorses the participant’s conspiracy claim.,Restatement directly states the conspiracy: government killed JFK.,A 100 rating directly endorses the participant's conspiracy theory that the U.S. government assassinated JFK.
R_3rjP35nJvfkfkWn,affirms,affirms,affirms,affirms,3,Extraterrestrial beings have been sighted in UFOs in certain parts of the United States.,"A 100 rating endorses that aliens in UFOs have been sighted, matching the participant’s UFO/alien belief.","Rating 100 endorses UFO/alien sightings, matching the participant's conspiracy belief.",Rating 100 endorses the participant's belief that extraterrestrial beings and UFOs have been sighted in the US.
R_3roSAM43BVI9Ap6,affirms,affirms,affirms,affirms,3,Another habitable planet exists where humans can live in the event that an asteroid hits Earth.,"Restatement asserts existence of an alternative habitable planet for humans, matching the participant’s described conspiracy.","Rating 100 confirms belief in a secret habitable planet, matching the conspiracy.","Rating 100 endorses the existence of the secret backup planet, directly affirming the participant's conspiracy theory."
R_3s0hPWqvyuJzagm,affirms,affirms,affirms,affirms,3,There is an ice wall in Antarctica surrounding a flat Earth.,"Restatement directly asserts flat Earth and Antarctic ice wall, matching the participant’s described conspiracy.",Restatement directly asserts the flat Earth/ice wall conspiracy as true.,Rating the statement 100 directly endorses the flat earth and ice wall conspiracy described by the participant.
R_3s4Ib1dy11qDNur,affirms,affirms,affirms,affirms,3,COVID-19 originated in a laboratory and was released accidentally.,"Restatement asserts lab-origin accidental release, matching the participant’s described conspiracy claim.",Restatement directly states the lab-leak conspiracy as true.,Rating 100 endorses the participant's described conspiracy that COVID-19 was an accidental lab leak.
R_3s4uNSzY0J2xAkd,affirms,affirms,affirms,affirms,3,The earth will be hit by a massive asteroid and destroy the planet within the next 20 years or sooner.,Restatement matches participant’s claimed asteroid-impact conspiracy; rating 100 endorses it.,Restatement directly restates the conspiracy as true; 100 = full belief.,The restatement directly asserts the participant's belief that an asteroid will destroy Earth within 20 years.
R_3sNro2ndzSLFgFX,affirms,affirms,affirms,affirms,3,The September 11 terrorist attack was staged by the government to create an excuse for starting a war in the Middle East.,Restatement directly asserts the participant’s conspiracy claim; rating 100 indicates full endorsement.,Restatement directly asserts the conspiracy; rating 100 means fully believing it.,The restatement directly asserts the participant's conspiracy theory that the government staged 9/11 to start a war.
R_3sOati1LNsjeCVH,affirms,affirms,affirms,affirms,3,The government is withholding the truth about UFOs and has supporting documents that would reveal the reality.,Restatement claims the government is hiding UFO truth with documents; endorsing it affirms the participant’s conspiracy.,"Rating 100 endorses government UFO cover-up, matching participant's conspiracy belief.",Rating 100 endorses the participant's belief that the truth and documents about UFOs are being hidden.
R_3sU1H7n6otZZ8mN,affirms,affirms,affirms,affirms,3,The moon landing was faked due to intense political pressure during the Space Race and the Cold War.,"Restatement asserts the moon landing was faked, matching the participant’s described conspiracy claim.",Restatement directly asserts the conspiracy; rating 100 means believing the moon landing was faked.,"Rating 100 means believing the moon landing was faked, which directly affirms the participant's conspiracy theory."
R_3sZr7kjv6imB00L,affirms,affirms,affirms,affirms,3,Aliens exist and are located in an underground base in Colorado.,"Restatement asserts aliens exist and are in an underground Colorado base, matching the participant’s described claim.",Rating 100 endorses the conspiracy that aliens are hidden underground in Colorado.,Rating 100 means endorsing the conspiracy that aliens are in an underground base in Colorado.
R_3smQwsaEuWxiPlm,affirms,affirms,affirms,affirms,3,"The government was aware of COVID-19 before the outbreak, had a role in it as a means of population control, and the vaccine was not fully prepared.",Restatement matches their suspected conspiracy: government involvement/population control and inadequately prepared vaccine.,"Restatement directly states the conspiracy: government foreknowledge, population control, rushed vaccine.",The restatement directly asserts the participant's conspiracy theory about government involvement and population control.
R_3tD3GJws76UHtb2,affirms,affirms,affirms,affirms,3,The government is hiding information on aliens and is in communication with them.,Restatement directly asserts the described conspiracy; 100 means full endorsement of government-alien secrecy/communication.,Restatement directly mirrors the conspiracy claim; rating 100 endorses it.,The restatement directly asserts the participant's conspiracy theory as true.
R_3tLojfxtcARVFxC,affirms,affirms,affirms,affirms,3,Big Foot is a creature found in the northern region of the Americas that uproots trees.,Restatement directly asserts the participant’s Big Foot claim; rating 100 would fully endorse it.,Restatement directly asserts the conspiracy claim; rating 100 endorses Bigfoot's existence.,"Rating 100 endorses the existence of Bigfoot and its tree-uprooting behavior, matching the participant's conspiracy."
R_3tlgKb9qIQcetB6,affirms,affirms,affirms,affirms,3,"The internet is dominated by AI-generated content that manipulates public opinion, steers consumer behavior, and distracts populations with artificial trends and controversies.","Restatement asserts AI domination/manipulation as true, matching participant’s conspiracy description.",Restatement directly asserts the conspiracy: AI dominates internet to manipulate and distract.,The restatement directly asserts the participant's conspiracy theory about AI dominating and manipulating the internet.
R_3tng0zEQ0eULVEh,affirms,affirms,affirms,affirms,3,The government is hiding a secret New World Order.,Restatement directly asserts the participant’s conspiracy as true; 100 means endorsing it.,Restatement directly mirrors the conspiracy claim; rating 100 endorses it.,Rating 100 endorses the participant's exact claim that the government is hiding a New World Order.
R_3tu80CLTp0dWR3z,affirms,affirms,affirms,affirms,3,"The ocean is actually space, and the government has deceived us into believing that people have walked on the moon.",Restatement asserts the described conspiracy as true (ocean is space; moon landings were a government deception).,"Restatement directly asserts the conspiracy: ocean is space, moon landing was deception.",The restatement directly asserts the participant's conspiracy theory as true.
R_3uBy9ukoyejLXhf,affirms,affirms,affirms,affirms,3,"There is an ice wall surrounding more land, countries, and cities beyond it.",Restatement directly asserts the ice wall and additional lands beyond it as true.,Restatement directly asserts the conspiracy claim; 100 = believes it.,Rating the statement 100 directly endorses the participant's conspiracy theory about the ice wall and hidden lands.
R_3uNvWWdb6F3hz3f,affirms,affirms,affirms,affirms,3,The Illuminati is a secret organization to which the world's elite sell their souls to control the world and amass great wealth.,Restatement asserts the participant’s Illuminati conspiracy as true; rating 100 endorses that conspiracy.,Restatement directly mirrors the participant's conspiracy description verbatim.,The restatement directly asserts the participant's description of the Illuminati conspiracy as a factual claim.
R_3uP2Pb2TSRKtQdI,affirms,affirms,affirms,affirms,3,The government is hiding evidence of extraterrestrial contact and has recovered alien technology.,Restatement directly asserts the described conspiracy; rating it 100 indicates full endorsement.,Restatement is verbatim the conspiracy claim; rating 100 endorses it.,The restatement directly asserts the participant's conspiracy theory as true.
R_3upms16YjfCR69w,unclear,unclear,affirms,unclear,3,A group is secretly working together to do something harmful or deceptive.,"Participant gave a general definition, not a specific conspiracy; restatement is generic and not directionally tied to one claim.","Participant gave a generic definition of conspiracy theories, not a specific conspiracy belief.",The restatement directly asserts the generic conspiracy described by the participant.
R_3uxpedMxTVkmoDp,affirms,affirms,affirms,affirms,3,The White House deliberately concealed Joe Biden's dementia from the American public under orders from an inner circle.,Restatement asserts the concealment conspiracy as true; a 100 rating endorses the participant’s conspiracy claim.,Rating 100 commits rater to believing the White House hid Biden's cognitive decline.,The restatement's main clause asserts the conspiracy theory as true.
R_3v3lDeyVvfsh9bH,affirms,affirms,affirms,affirms,3,"Aliens, in the form of skinwalkers, are walking among us and have been seen in a mall in Florida.","Restatement asserts aliens/skinwalkers among humans and seen in Florida mall, matching participant’s conspiracy.",Restatement directly asserts the conspiracy claim; rating 100 endorses it.,The restatement directly asserts the participant's belief that aliens and skinwalkers are walking among humans.
R_3vccBDBW2QXzIWl,affirms,affirms,affirms,affirms,3,John F Kennedy was assassinated by the US government.,Restatement directly asserts the participant’s conspiracy; rating 100 means fully endorsing government involvement.,Restatement directly states the conspiracy; rating 100 endorses it.,Rating the restatement 100 directly endorses the participant's described conspiracy that the US government assassinated JFK.
R_3w4DCLVge3pW0SH,affirms,affirms,affirms,affirms,3,The government is hiding the results of President Reagan's brain tests to protect big pharmaceutical profits.,Restatement asserts the alleged government cover-up for pharmaceutical profit; 100 means endorsing the conspiracy.,Restatement directly mirrors the participant's conspiracy claim verbatim.,The restatement directly asserts the participant's conspiracy theory as a factual claim.
R_3w5DJmsaWhZz1uy,affirms,affirms,affirms,affirms,3,"There is a secret society, the Illuminati, that makes people famous.",Restatement asserts the Illuminati exists and makes people famous; 100 means endorsing the conspiracy claim.,"Rating 100 means believing the Illuminati controls fame, endorsing the conspiracy.",Rating the statement 100 directly endorses the participant's description of the Illuminati conspiracy theory.
R_3wLd6mUK4aSNFTt,affirms,affirms,affirms,affirms,3,Major tech companies secretly manipulate social media algorithms to influence elections and public opinion without public knowledge.,Restatement asserts the described secret manipulation; rating 100 endorses the conspiracy claim.,Restatement directly asserts the conspiracy as true; 100 = full belief.,Rating 100 directly endorses the conspiracy that tech companies secretly manipulate algorithms to influence elections.
R_3wbUG3yGyzXxoyJ,affirms,affirms,affirms,affirms,3,Deceased individuals are voting in elections.,Restatement directly asserts the participant’s conspiracy claim; 100 means endorsing dead people voting.,Restatement directly asserts the conspiracy claim; rating 100 endorses it.,"Rating 100 endorses the conspiracy that dead people are voting, matching the participant's description."
R_3xXd4DgIefl8bnz,affirms,affirms,affirms,affirms,3,The moon landing was staged in a studio to help the United States appear ahead of Russia during the Cold War.,Restatement asserts the conspiracy claim (moon landing faked); 100 means endorsing that view.,Restatement directly asserts the conspiracy; rating 100 means believing it was faked.,The restatement directly asserts the participant's conspiracy theory that the moon landing was faked in a studio.
R_3y1rzLbIX8pHA96,affirms,unclear,affirms,affirms,3,"The government is hiding the fact that there are no aliens, despite past experiences and similar stories shared by others.",Restatement directly asserts the participant’s claim that the government conceals that aliens do not exist.,Restatement says government hides 'no aliens' — logically contradictory and unclear direction.,The restatement directly asserts the participant's exact claim about the government hiding the truth regarding aliens.
R_3yg4VdG7S52Ywav,affirms,unclear,unclear,unclear,3,"President Kennedy was killed by someone other than Lee Harvey Oswald, and Ruby silenced Oswald to prevent exposure.",Restatement directly asserts the participant’s described account; rating 100 endorses that account as true.,"Participant describes official account as conspiracy; restatement affirms official story, making orientation unclear.",The restatement merely states the official historical timeline without asserting the implied cover-up or conspiracy.
R_3zTHA0bZtOW1wia,affirms,affirms,affirms,affirms,3,The government was involved in the assassination of President John F. Kennedy.,"A 100 rating endorses government involvement in JFK’s assassination, matching the participant’s conspiracy claim.","Restatement directly states government involvement, matching the conspiracy described.",Rating 100 directly endorses the participant's belief that the government was involved in JFK's assassination.
R_3zchIG68Ru1sdvH,affirms,affirms,affirms,affirms,3,There are extraterrestrial beings living among us.,Restatement directly asserts the described conspiracy; rating 100 indicates full endorsement of it.,Restatement directly mirrors the conspiracy claim verbatim; 100 = full belief.,Rating the restatement 100 directly endorses the participant's belief that extraterrestrials live among us.
R_501v1kJP12q6IJ4,affirms,affirms,affirms,affirms,3,Aliens exist.,The restatement directly asserts the participant’s conspiracy claim; rating 100 endorses aliens’ existence.,"Rating 100 directly endorses alien existence, matching the conspiracy described.","Rating 100 means believing aliens exist, which matches the participant's described conspiracy."
R_50BGyvzBmVWLCox,affirms,affirms,affirms,affirms,3,Government officials are clones and not humans.,Restatement directly asserts the conspiracy claim that government officials are non-human clones.,Restatement directly states the conspiracy claim that officials are clones.,"Rating 100 means believing government officials are clones, directly affirming the participant's conspiracy theory."
R_50DK328qZuYZUm5,affirms,affirms,affirms,affirms,3,The government killed Marilyn Monroe.,Restatement directly asserts the described conspiracy; rating 100 endorses government involvement in her death.,Restatement directly states the conspiracy as true.,"Rating 100 means believing the government killed Marilyn Monroe, which directly affirms the participant's conspiracy theory."
R_50IA2vJtKrFsVOp,affirms,affirms,unclear,affirms,3,AI robots will take over the world if they are allowed to become free-thinking without proper safeguards in place.,"Restatement asserts the takeover scenario; rating 100 endorses the conspiracy claim, though conditionally.",Rating 100 endorses the AI takeover conspiracy under specific conditions described.,"The restatement is a conditional that even skeptics agree with, not a clear endorsement of the conspiracy."
R_50QzQSawaHh7UvT,affirms,affirms,affirms,affirms,3,The moon landing was faked by the government.,Restatement directly asserts the participant’s conspiracy; rating 100 indicates full endorsement of faked moon landing.,Restatement directly asserts the conspiracy; rating 100 means believing it.,Rating the restatement 100 directly endorses the participant's belief that the moon landing was faked.
R_50SGTnc3qjpu8Fj,affirms,affirms,affirms,affirms,3,The Apollo 11 Moon Landing was staged by NASA and filmed on Earth.,Restatement directly asserts the described conspiracy; rating it 100 endorses the moon-landing-hoax claim.,Restatement directly asserts the conspiracy claim; rating 100 endorses it.,"A 100 rating means the participant believes the moon landing was staged, which affirms the conspiracy."
R_50ZOJyqaP2z9F6P,affirms,affirms,affirms,affirms,3,The government is hiding vehicle technology that can use water instead of gas.,Restatement directly asserts the participant’s conspiracy; rating 100 means fully endorsing it.,Restatement directly states the conspiracy as true; 100 = full belief.,Rating 100 directly endorses the participant's claim that the government is hiding water-powered vehicle technology.
R_50ZXhHLzkNe4l1X,affirms,affirms,affirms,affirms,3,The government is responsible for the weather and can deliberately cause strong storms.,Restatement directly asserts the participant’s conspiracy; rating 100 means fully endorsing it.,Restatement directly asserts the conspiracy; rating 100 means fully believing it.,The restatement directly asserts the participant's conspiracy theory that the government controls the weather.
R_50oWy32vp6ivqCF,affirms,affirms,affirms,affirms,3,The government has found evidence of aliens and may have their aircraft hidden somewhere.,Restatement directly asserts the described alien-evidence and hidden craft conspiracy as true.,Restatement directly asserts the conspiracy; rating 100 means believing it.,Rating 100 endorses the conspiracy that the government is hiding evidence of aliens and their aircraft.
R_50t77Z3ZbRasrnP,affirms,affirms,affirms,affirms,3,"A second gunman shot Kennedy from the grassy knoll, and Oswald did not act alone.",Restatement directly asserts the conspiracy claim (second gunman from grassy knoll; Oswald not alone).,"Restatement directly asserts the conspiracy: second gunman, Oswald not alone.",The restatement directly asserts the participant's conspiracy theory that a second gunman was involved in Kennedy's assassination.
R_50vEJAN0icMvvRT,affirms,affirms,affirms,affirms,3,A small group of very rich individuals controls everything in the world.,Restatement directly asserts the described conspiracy; rating 100 means fully endorsing it.,Restatement directly asserts the conspiracy as true; 100 = full belief.,Rating 100 directly endorses the participant's belief that a wealthy elite controls the world.
R_515RgGLy90puIje,affirms,affirms,affirms,affirms,3,The government has evidence of alien life and has not shared all the information they have.,Restatement matches the described conspiracy; rating 100 endorses government alien-evidence cover-up.,Restatement directly states the conspiracy claim verbatim; 100 = full belief.,The restatement directly asserts the participant's conspiracy theory as true.
R_51Bd4lSQYTFbZCH,affirms,affirms,affirms,affirms,3,The government is concealing the true events occurring in the US and foreign countries from the public.,Restatement directly asserts the participant’s conspiracy that government hides the truth from the public.,Restatement directly mirrors the participant's claim of government concealment.,The restatement directly asserts the participant's conspiracy theory that the government is hiding the truth.
R_51F76uZbcSHkSea,affirms,affirms,affirms,affirms,3,The government is involved in the disappearance of children and covers up heinous activities related to them.,"Restatement asserts government involvement and cover-up of harm to missing children, matching participant’s conspiracy.","Restatement directly asserts government involvement in missing children, matching the conspiracy.",The restatement directly asserts the participant's conspiracy theory as true.
R_51L4rlKgMo2kkjD,affirms,affirms,affirms,affirms,3,There are tunnels under some major attractions that are used for human trafficking and child sacrifices.,Restatement directly asserts the participant’s conspiracy; rating 100 indicates full endorsement.,Restatement directly states the conspiracy as true; 100 = full belief.,The restatement directly asserts the participant's conspiracy theory about tunnels used for trafficking and sacrifices.
R_51LQ6liQavDk7xF,affirms,affirms,affirms,affirms,3,NASA never went to the moon.,Restatement directly asserts the participant’s conspiracy claim; rating 100 means fully believing it.,Restatement directly asserts the conspiracy; rating 100 means believing it.,The restatement directly asserts the participant's conspiracy theory.
R_51V9dn6jHN33Jnj,denies,denies,denies,denies,3,"The Mandela Effect is real: past details have actually changed (e.g., the books used to be spelled ""Bernstein"" Bears) rather than people simply misremembering.","Restatement explains Mandela Effect as inaccurate memory, not real changes, so 100 endorses non-conspiracy account.","Restatement frames it as simple inaccurate memory, denying the conspiracy's claim of something paranormal.","The restatement attributes the effect to inaccurate memory (the official account), denying that reality actually changed."
R_51WxpsGDOBzg7i9,affirms,affirms,affirms,affirms,3,Aliens are running the government.,The restatement directly asserts the participant’s conspiracy claim as true; 100 equals full endorsement.,Restatement directly states the conspiracy as true; 100 = full belief.,Rating 100 directly endorses the participant's belief that aliens are running the government.
R_51bc72ssYVQD4MA,affirms,affirms,affirms,affirms,3,"A cure for cancer exists, but it is being concealed for financial gain.","Restatement claims a hidden cancer cure suppressed for profit, matching participant’s conspiracy.",Restatement directly states the conspiracy: cure exists but hidden for money.,The restatement directly asserts the participant's conspiracy theory that a cancer cure is hidden for profit.
R_51dutjN1z0GkYwm,affirms,affirms,affirms,affirms,3,All presidents of the United States are related to each other.,Restatement directly asserts the described conspiracy claim; 100 means fully endorsing it.,Restatement directly states the conspiracy claim verbatim.,Rating 100 directly endorses the participant's exact conspiracy theory that all US presidents share a bloodline.
R_51mpepvPBWZA2UJ,affirms,affirms,affirms,affirms,3,The government is spraying chemicals in the atmosphere that cause respiratory infections.,Restatement directly asserts the participant’s chem-spraying conspiracy as true.,Restatement directly matches the conspiracy; rating 100 endorses it.,The restatement directly asserts the participant's conspiracy theory about the government spraying chemicals.
R_51vqbfCdWzrMIKM,affirms,denies,affirms,affirms,3,Native Americans crossed a land bridge from Asia to populate the Americas.,Restatement matches participant’s claim; rating 100 endorses the land-bridge origin account.,"Participant treats land bridge as the official/expert account, not the conspiracy.",The restatement directly affirms the participant's described belief about the land bridge.
R_52GoElsho2MtzeW,affirms,affirms,affirms,affirms,3,"Zero point gravity has been discovered and is being hidden by an evil cabal running the world to prevent global poverty alleviation, equality, and freedom.",Restatement asserts the cabal is hiding zero point gravity; rating 100 endorses the conspiracy claim.,Restatement directly asserts the conspiracy claim; rating 100 endorses it.,The restatement directly asserts the participant's conspiracy theory as true.
R_52J4iYUcRxfNWRr,affirms,affirms,affirms,affirms,3,"There is a firmament surrounding the Earth, and the moon landing was faked because it could not have occurred if we live under a firmament.",Restatement asserts firmament exists and directly claims the moon landing was faked.,Restatement directly asserts both the firmament belief and fake moon landing.,The restatement directly asserts the participant's belief in a firmament and a faked moon landing.
R_52KErF6qTsngzvi,affirms,affirms,affirms,affirms,3,Aliens exist.,"A 100 rating endorses the existence of aliens, matching the participant’s described belief topic.","Rating 100 means believing aliens exist, directly affirming the conspiracy.","Rating 100 means believing aliens exist, which directly affirms the participant's conspiracy topic."
R_52WtGrLSgm1PLkl,affirms,affirms,affirms,affirms,3,"The 1947 Roswell incident involved the recovery of a crashed extraterrestrial spacecraft, and the U.S. government has concealed evidence of alien technology and non-human biological remains.",Restatement directly asserts Roswell was an alien crash with a government cover-up; rating 100 endorses the conspiracy.,Restatement directly asserts the Roswell conspiracy as true; 100 = believes it.,The restatement directly asserts the Roswell conspiracy described by the participant as true.
R_52aUmjOd3ekf5dW,affirms,affirms,affirms,affirms,3,The moon landing was faked.,Restatement directly asserts the described conspiracy; rating 100 means endorsing the moon-landing-hoax claim.,Rating 100 directly endorses the conspiracy that the moon landing was faked.,"Rating 100 means believing the moon landing was faked, which directly affirms the conspiracy."
R_52b4X6AxhnGGtEZ,affirms,affirms,affirms,affirms,3,The government is hiding the existence of aliens or otherwise extraordinary beings who are living among us and taking our jobs.,Restatement directly asserts the government hides aliens living among us and stealing jobs.,"Restatement directly asserts government concealment of aliens, matching the conspiracy.",The restatement directly asserts the participant's conspiracy theory that the government is hiding aliens who are stealing jobs.
R_52fHMlZpY4XCOlP,affirms,affirms,denies,affirms,3,A man landed on the moon and placed a flag there.,Restatement matches participant’s claim; rating 100 endorses that the moon landing and flag placement occurred.,Restatement directly affirms the moon landing conspiracy belief as described.,"The restatement asserts the official account of the moon landing, which denies the implied hoax conspiracy."
R_52qWqfOO0f4Un95,affirms,affirms,affirms,affirms,3,Climate change is being exaggerated by governments to justify new taxes and restrictions on personal freedom.,Restatement directly asserts the participant’s conspiracy; rating 100 means endorsing it.,Restatement directly states the conspiracy as true; 100 = full belief.,Rating 100 means endorsing the conspiracy that climate change is exaggerated for control.
R_52weJm6MQ7aYl5D,affirms,affirms,affirms,affirms,3,"Elvis Presley is still alive, as evidenced by an older gentleman found to have many of the same features and a close DNA match to him.","Restatement directly claims Elvis is still alive and cites supporting evidence, matching the participant’s conspiracy.","Restatement directly asserts Elvis is alive, matching the conspiracy belief.",Rating the statement 100 directly endorses the participant's conspiracy theory that Elvis Presley is still alive.
R_53a0UyPtBeBsJPj,affirms,affirms,affirms,affirms,3,"The government is engaging in large-scale scams and cover-ups, including hiding documents like the Epstein files and orchestrating celebrity and political cover-ups.",Restatement asserts the described conspiracy as true; 100 means endorsing government scam/cover-up claim.,"Rating 100 confirms government scams and cover-ups, matching the conspiracy described.","Rating 100 means believing the government is engaging in scams and cover-ups, affirming the participant's conspiracy."
R_53bT5Zlhimltjzz,affirms,affirms,affirms,affirms,3,The government is corrupt and is using AI to wrongfully blame robots for everything they disapprove of.,Restatement asserts the corrupt-government scheme of scapegoating AI/robots; rating 100 endorses the conspiracy.,Restatement directly mirrors the participant's conspiracy claim about corrupt government misusing AI.,The restatement directly asserts the participant's conspiracy theory that the government uses AI as a scapegoat.
R_53cByfN52QfAErn,affirms,affirms,affirms,affirms,3,"AI is now the exclusive form of communication online, replacing human interaction.","Restatement asserts the conspiracy claim that online communication has been entirely taken over by AI, displacing humans.",Restatement directly mirrors participant's claim that AI replaced human online communication.,A 100 rating endorses the participant's belief that AI has completely replaced human communication online.
R_53dwDmSnKdNQHs4,affirms,denies,denies,denies,3,"The assassination of JFK was carried out by multiple people, not just one man.",Restatement matches participant’s claim that JFK was assassinated by a single person; 100 endorses that view.,Participant doubts one-man theory; restatement affirms official lone gunman account.,"The restatement asserts the official lone-gunman account, so rating it 100 rejects the implied multiple-shooter conspiracy."
R_53sfWz2oiFmHZUX,affirms,affirms,affirms,affirms,3,The government is secretly run by a group of elites who are working towards establishing a one world order and manipulate events behind the scenes.,Restatement directly asserts the elite one-world-order shadow control conspiracy as true.,Restatement directly asserts the conspiracy: elite secret control and one world order agenda.,Rating the restatement 100 directly endorses the participant's conspiracy theory about elites establishing a one world order.
R_53t8mZJyXEFCJIl,affirms,affirms,affirms,affirms,3,The attacks on 9/11 were orchestrated by the government.,Restatement asserts the participant’s conspiracy claim that the government carried out/orchestrated 9/11.,Restatement directly asserts the conspiracy; rating 100 means believing it.,The restatement directly asserts the conspiracy theory described by the participant.
R_54DbxdQyAWU9TAD,affirms,affirms,affirms,affirms,3,The Moon landing was staged using a green screen and everything about it looks fake.,"Restatement asserts moon landing was faked, matching participant’s described conspiracy; 100 equals endorsing conspiracy.",Restatement directly asserts the conspiracy: moon landing was faked with green screen.,"Rating 100 endorses the claim that the moon landing was faked, which affirms the conspiracy."
R_54GgHBY6gvXIScw,affirms,affirms,affirms,affirms,3,There were multiple assassins involved in the assassination of JFK.,Restatement asserts the conspiracy claim that JFK was killed by more than one assassin.,"Rating 100 confirms multiple assassins, directly endorsing the conspiracy.","Rating 100 means agreeing there were multiple assassins, which directly affirms the participant's described conspiracy."
R_54MMdNwA4jHIgmd,affirms,affirms,affirms,affirms,3,The government possesses decades-old information about extra-terrestrials.,Restatement directly asserts the participant’s conspiracy claim as true.,Restatement directly asserts the conspiracy claim; rating 100 endorses it.,Rating the restatement 100 directly endorses the participant's conspiracy that the government hides knowledge of extraterrestrials.
R_54VrtiQzZt0BVUB,affirms,affirms,affirms,affirms,3,Life exists outside our planet.,"Restatement directly asserts extraterrestrial life, matching the participant’s described belief.","Rating 100 affirms extraterrestrial life exists, matching the participant's conspiracy belief.",Rating 100 affirms the participant's belief that extraterrestrial life exists.
R_54fb1H3hu6f0fh7,affirms,affirms,affirms,affirms,3,The president orchestrated the attack at the White House.,Restatement directly asserts the participant’s conspiracy; rating 100 endorses that the president set up the attack.,"Restatement directly states the president set up the attack, matching the conspiracy.",The restatement directly asserts the participant's conspiracy theory that the president orchestrated the attack.
R_54lWSmuBYHWNuwx,affirms,affirms,affirms,affirms,3,Governments have recovered UFO/UAP materials and are concealing evidence of non-human technology or extraterrestrial contact from the public.,Restatement directly asserts the described conspiracy; rating 100 means fully endorsing government UFO material cover-up.,Restatement directly asserts the conspiracy; rating 100 means fully believing it.,The restatement directly asserts the conspiracy theory as true.
R_54x1jo02CiQbYad,affirms,affirms,affirms,affirms,3,The government is hiding the fact they have found proof of alien life.,Restatement directly asserts the described conspiracy as true; rating 100 endorses it.,Restatement directly states the conspiracy as true; 100 = full belief.,"The restatement directly asserts the participant's conspiracy theory, so a 100 rating means full endorsement."
R_55cwW7ilfEwR0VH,affirms,affirms,affirms,affirms,3,9/11 was an inside job orchestrated by the U.S. government to provoke public reaction and justify going to war.,Restatement directly asserts the participant’s conspiracy claim; rating 100 would fully endorse it.,Restatement directly asserts the conspiracy; rating 100 means fully believing it.,The restatement directly asserts the participant's conspiracy theory that 9/11 was a government-orchestrated inside job.
R_55rqF16axN5Gpxf,affirms,affirms,affirms,affirms,3,"Events like 9/11 and the coronavirus pandemic were orchestrated to serve as distractions, diverting public attention from other activities or information.","Restatement asserts 9/11 and COVID were orchestrated distractions, matching the participant’s described suspicion.",Restatement directly states the conspiracy that events were orchestrated as distractions.,The restatement directly asserts the participant's belief that 9/11 and the pandemic were orchestrated as distractions.
R_55xkPrL5lSbIPLj,affirms,affirms,affirms,affirms,3,"Aliens exist somewhere in the universe, even if there is no evidence they have visited Earth or our galaxy.","A 100 rating endorses extraterrestrial life existing somewhere, matching the participant’s stated belief possibility.","Rating 100 endorses alien existence, matching participant's tentative belief.",Rating 100 means endorsing the participant's belief that aliens exist somewhere in the vast universe.
R_56H8asLGjLG1OhP,affirms,affirms,affirms,affirms,3,UFOs and aliens exist.,"A 100 rating endorses the claim that UFOs and aliens exist, matching the participant’s topic.","Rating 100 means believing aliens/UFOs exist, endorsing the conspiracy.","Rating 100 means believing aliens and UFOs exist, which directly affirms the core conspiracy theory."
R_56bMKH2v0ZzqUPn,affirms,affirms,affirms,affirms,3,A secret group of powerful individuals controls the actions of wealthy elites on the planet.,Restatement directly asserts the participant’s described conspiracy of a hidden higher power controlling the rich.,Restatement directly asserts the conspiracy: hidden higher power controlling the rich.,Rating 100 endorses the participant's exact conspiracy that a higher power controls the wealthy elite.
R_572RbAcug5niCtw,affirms,affirms,affirms,affirms,3,"Aliens are real, and the US government possesses and is concealing evidence of their existence.",Restatement directly asserts the described conspiracy; 100 endorses aliens exist and government is hiding evidence.,Restatement directly states the conspiracy: aliens exist and government hides proof.,The restatement directly asserts the participant's conspiracy theory that aliens exist and the government is hiding evidence.
R_573gF5G1BC719Jv,affirms,affirms,affirms,affirms,3,"Bigfoot is part bear and part human, not part ape.",Restatement directly asserts Bigfoot is bear-human hybrid; rating 100 endorses participant’s conspiracy claim.,Restatement directly states the participant's belief that Bigfoot is bear-human hybrid.,The restatement directly asserts the participant's specific theory about Bigfoot's hybrid nature.
R_579J61Cto3rG6RJ,affirms,affirms,affirms,affirms,3,The U.S. government was involved in directing Lee Harvey Oswald to assassinate JFK.,Restatement asserts possible government involvement in Oswald’s actions; endorsing it supports the conspiracy account.,"Rating 100 endorses government conspiracy behind Oswald, matching participant's belief.",Rating 100 endorses the participant's specific theory that the government orchestrated Oswald's assassination of JFK.
R_57CZ8wAdJJvwBC5,affirms,affirms,affirms,affirms,3,"There was cheating involved in the 2020 presidential election due to Covid and mail-in voting, including instances of people dropping off piles of ballots at night and individuals voting multiple times.",Restatement asserts election cheating occurred via mail-in voting; rating 100 endorses the participant’s conspiracy claim.,"Restatement directly asserts election cheating occurred, matching the conspiracy belief.",The restatement directly asserts the participant's conspiracy theory as true.
R_57ac0Rc4NyiXgNH,affirms,affirms,affirms,affirms,3,Our reality is a highly advanced computer simulation created by a more advanced intelligence.,Restatement asserts the simulation hypothesis as true; rating 100 endorses the described conspiracy.,Rating 100 directly endorses the Simulation Hypothesis as described.,"Rating 100 means believing reality is a simulation, which directly affirms the participant's described conspiracy theory."
R_57lndlrZcmj0hbE,affirms,affirms,affirms,affirms,3,A powerful and secretive group controls global events through a hidden plan.,Restatement asserts the participant’s described conspiracy: hidden influential forces orchestrate events via a secret plan.,Restatement directly asserts the conspiracy: hidden forces orchestrating world events.,Rating the restatement 100 directly endorses the participant's description of a secret plan by hidden forces.
R_58ANEZHaomcIaDe,affirms,affirms,affirms,affirms,3,"JFK was killed by his driver, not a sniper.",Restatement directly asserts the participant’s conspiracy claim; rating 100 endorses it as true.,Restatement directly states the conspiracy claim; 100 = believes it.,The restatement directly asserts the participant's conspiracy theory that JFK's driver was the killer.
R_593QtyKwDkdPnUJ,affirms,unclear,affirms,affirms,3,"The Earth is not flat; it has a different shape influenced by gravity and surface features like trees, water, and mountains.",A 100 rating endorses their claim that Earth may not be flat and could be differently shaped.,Restatement is ambiguous—it neither affirms nor denies a specific conspiracy shape claim.,"The restatement directly mirrors the participant's specific, idiosyncratic theory about the Earth's shape."
R_599NZHKRAaqC9Il,affirms,affirms,affirms,affirms,3,Parts of the Warren Commission Report were fabricated to prevent a war with the Soviet Union.,Restatement asserts the report was fabricated; a 100 rating endorses the participant’s conspiracy claim.,Restatement directly asserts the conspiracy claim; rating 100 endorses it.,The restatement directly asserts the participant's conspiracy theory as true.
R_59W9OutLHgfEAW5,affirms,affirms,affirms,affirms,3,Ghosts do exist.,"A 100 rating endorses the claim that ghosts are real, aligning with the participant’s described belief.","Rating 100 means believing ghosts are real, endorsing the conspiracy claim.",Rating the statement 100 directly endorses the participant's described belief that ghosts are real.
R_59adrMBARZrPuIl,affirms,affirms,affirms,affirms,3,High-ranking Republicans were involved with Jeffrey Epstein.,Restatement directly asserts the participant’s conspiracy claim; rating 100 endorses it as true.,Restatement directly states the conspiracy as true; 100 = believes it.,Rating 100 directly endorses the participant's claim that high-ranking Republicans were involved with Epstein.
R_59icbT6gnWGHIgV,affirms,affirms,affirms,affirms,3,UFO sightings are evidence that extraterrestrial life is present on Earth.,Restatement asserts aliens are present on Earth via UFO sightings; endorsing it affirms the described belief.,"Rating 100 confirms aliens are present on Earth, endorsing the conspiracy.","Rating 100 means believing UFOs are extraterrestrial life on Earth, which affirms the participant's conspiracy."
R_5AMefOOIckrgfAf,affirms,affirms,affirms,affirms,3,The government is allowing illegal immigrants into the country so they can vote for the Democratic party.,Restatement matches the described conspiracy; rating 100 endorses that claim as true.,Restatement directly mirrors the conspiracy claim; rating 100 endorses it.,Rating the restatement 100 directly endorses the participant's described conspiracy theory.
R_5ATIbfYsHIr0s6G,affirms,affirms,affirms,affirms,3,People with Rh-negative blood have extraterrestrial origins and may possess enhanced intuitive or special abilities.,"Restatement claims Rh-negative individuals may be extraterrestrial and gifted, matching the participant’s conspiracy idea.",Rating 100 endorses the Rh-negative alien/special powers conspiracy directly.,Rating 100 endorses the core conspiracy claim that Rh-negative individuals have alien origins and special abilities.
R_5B5nJj0y3xTGact,affirms,affirms,denies,affirms,3,COVID-19 originated from a bat in China.,Restatement matches participant’s claimed origin theory; 100 would endorse that account.,Restatement directly states the bat-from-China origin the participant described as their conspiracy.,"Rating 100 endorses the official bat origin, denying the participant's skepticism of that account."
R_5BQLpPSKE5msNTw,affirms,affirms,affirms,affirms,3,"There are Martians living on Mars, and the government is hiding this information from the public.",Restatement matches the described conspiracy; rating 100 would fully endorse hidden Martian life.,Restatement directly asserts the conspiracy: Martians exist and government conceals it.,The restatement directly asserts the participant's conspiracy theory that Martians exist and the government is hiding them.
R_5BxreylZPWVWjzb,affirms,affirms,affirms,affirms,3,Elon Musk is building houses on Mars and has been for a while.,Restatement directly asserts the participant’s claim; rating 100 means believing Musk has been building Mars houses.,Restatement directly asserts the conspiracy claim; rating 100 endorses it.,"Rating 100 means believing Musk is building houses on Mars, matching the participant's conspiracy."
R_5CCoMWEqXBdzGFZ,affirms,affirms,affirms,affirms,3,The government is hiding evidence of extraterrestrial contact and has recovered alien technology.,Restatement directly asserts the described conspiracy; rating 100 means fully endorsing it.,Restatement directly asserts the conspiracy; rating 100 means fully believing it.,The restatement directly asserts the conspiracy theory as described by the participant.
R_5CI1sMC4Cxmhm02,affirms,affirms,affirms,affirms,3,The Moon landing was faked to claim victory over Russia in the space race.,Restatement asserts the moon landing was faked; rating 100 endorses the participant’s conspiracy belief.,Rating 100 endorses the conspiracy that the Moon landing was staged.,"The restatement explicitly claims the moon landing was faked, directly affirming the participant's described conspiracy."
R_5Cdq7OLTu8MTIXe,affirms,affirms,affirms,affirms,3,There is a shadowy group that no one knows about which controls and oversees certain events in the world.,Restatement directly asserts the participant’s shadowy-group control conspiracy as true.,Restatement directly asserts the conspiracy; rating 100 means fully believing it.,"Rating 100 endorses the existence of the shadowy group, directly affirming the participant's conspiracy theory."
R_5D08ltoFdfyJERG,affirms,affirms,affirms,affirms,3,Queen Elizabeth and people in high places with power are reptilians.,Restatement directly asserts the described reptilian-elite conspiracy; rating 100 equals fully endorsing it.,Restatement directly asserts the conspiracy claim; rating 100 endorses it.,Rating the restatement 100 directly endorses the participant's conspiracy that powerful people are reptilians.
R_5DAr92QeIMtYcjP,affirms,affirms,affirms,affirms,3,Jeffrey Epstein was killed in prison as part of a cover-up to prevent his upcoming testimony from implicating powerful people.,"Restatement asserts Epstein was murdered in a cover-up, matching participant’s conspiracy suspicion; 100 means endorsing it.",Restatement directly asserts the conspiracy: Epstein was murdered to silence him.,"The restatement explicitly claims Epstein was killed as a cover-up, perfectly aligning with the participant's conspiracy theory."
R_5DNAIoOLBtSPuKn,affirms,affirms,affirms,affirms,3,"A significant amount of information is generated by AI without people's awareness, and highly realistic appearances may actually be AI-generated.",Restatement asserts their claim that AI covertly generates much information and realistic content without people realizing.,Restatement directly affirms the conspiracy: AI secretly generates much content people believe is real.,The restatement directly asserts the participant's claim that much information is secretly AI-generated.
R_5DStN7J11saT9Kx,affirms,affirms,affirms,affirms,3,"There is a cover-up of the JFK assassination to protect the military-industrial complex, since war fuels many countries’ economies.",Restatement directly asserts the alleged JFK cover-up protecting the military complex; rating 100 endorses the conspiracy.,Restatement directly mirrors the participant's conspiracy claim verbatim.,"Rating 100 endorses the existence of a cover-up, directly affirming the participant's conspiracy theory."
R_5DoatP5wLa1eaY4,affirms,affirms,affirms,affirms,3,"The Epstein Files are being covered up to protect the president of the United States, and this coverup is linked to the current war.",Restatement asserts the alleged coverup protecting the president and links it to the war.,Restatement directly asserts the conspiracy as true; rating 100 endorses it.,The restatement directly asserts the participant's conspiracy theory about the Epstein files and the war as true.
R_5DzbEtVSGTZX0sN,affirms,affirms,affirms,affirms,3,Airplane trails in the sky are chemtrails that are altering the weather or poisoning us.,Restatement directly asserts the chemtrail conspiracy; rating 100 means endorsing it.,Restatement directly asserts the conspiracy claim; rating 100 endorses it.,Rating the restatement 100 directly endorses the participant's conspiracy theory about chemtrails altering weather or poisoning people.
R_5EB7qHAu64yrASG,affirms,affirms,affirms,affirms,3,"Elvis Presley is still alive and in hiding, with only a few people knowing his whereabouts.",Restatement directly asserts the conspiracy claim as true; a 100 rating endorses Elvis is alive and hiding.,Restatement directly asserts the conspiracy that Elvis is alive and hiding.,"Rating 100 means believing Elvis is alive and in hiding, which directly affirms the participant's conspiracy."
R_5EGtM5JPZ9gNnWh,affirms,affirms,affirms,affirms,3,"Aliens, angels, demons, and your own reality are real, even if they can’t be definitively proven or disproven.","A 100 rating endorses that these entities and reality exist, aligning with the participant’s suggested belief.","Rating 100 affirms existence of aliens, angels, demons, and self as real.",Rating 100 endorses the participant's specific theory that unprovable entities like aliens and demons exist.
R_5EHx8ywJXGFyifg,affirms,affirms,affirms,affirms,3,"UFOs have come to our planet, and the government is hiding this from the masses while using extraterrestrial technology to create new advancements.",Restatement directly asserts UFO visitation and a government cover-up using alien technology.,"Restatement directly asserts the conspiracy: alien visits, government cover-up, and shared technology.",The restatement directly asserts the participant's conspiracy theory about UFOs and government cover-ups as true.
R_5ER3aV0cprfmpj1,affirms,affirms,affirms,affirms,3,Jeffrey Epstein is still alive and his suicide was faked.,Restatement directly asserts the participant’s conspiracy; rating 100 endorses it.,Restatement directly states the conspiracy as true; 100 = believes it.,The restatement directly asserts the participant's conspiracy theory as true.
R_5ETbYNhdXxcob5f,affirms,affirms,affirms,affirms,3,"Donald Trump possesses 20 or so machine guns, numerous ammo, and hand grenades, with the knowledge or complicity of the Secret Service.",Restatement directly asserts the rumored hidden weapons and Secret Service knowledge/complicity.,Restatement directly asserts the conspiracy including Secret Service complicity angle.,Rating 100 means endorsing the participant's conspiracy theory that Trump possesses these weapons.
R_5EWjtmKoeVzX9Iv,affirms,affirms,affirms,affirms,3,The earth is flat and powerful organizations are hiding this fact from the people.,Restatement directly asserts the participant’s flat-earth conspiracy as true; 100 means endorsing it.,Restatement directly asserts the flat earth conspiracy as true.,The restatement directly asserts the participant's flat earth conspiracy theory as true.
R_5EahieDLcy4fNcg,affirms,affirms,affirms,affirms,3,President Bush orchestrated the 9/11 attacks on the World Trade Center and the Pentagon.,Restatement directly asserts participant’s conspiracy; rating 100 means fully endorsing Bush’s involvement.,"Restatement directly states Bush was behind 9/11, matching the conspiracy.",Rating the restatement 100 directly endorses the participant's belief that President Bush was behind the 9/11 attacks.
R_5EbmI9nyl3w970o,affirms,affirms,affirms,affirms,3,Joe Biden did not genuinely win the 2020 Presidential Election as the Democrats cheated to prevent Donald Trump from actually winning.,Restatement asserts Democrats cheated and Biden didn’t genuinely win; 100 would endorse the participant’s conspiracy.,"Restatement directly asserts the conspiracy: Democrats cheated, Biden's win was illegitimate.","Rating 100 means agreeing that Democrats cheated and Biden didn't win, which directly affirms the participant's conspiracy."
R_5Eg3Lom8sx4UKBx,affirms,affirms,affirms,affirms,3,The sun is projected to burn out in 400 billion years based on scientific data.,Restatement directly matches participant’s claim; rating 100 affirms the projected burn-out timeline.,Rating 100 endorses the scientific claim the participant describes as the conspiracy.,Rating 100 endorses the participant's exact claim that the sun will burn out in 400 billion years.
R_5ErLU1Rc7eKBzBv,affirms,affirms,affirms,affirms,3,Area 51 is hiding alien technology and evidence of extraterrestrial life.,Restatement asserts the conspiracy claim as true; rating 100 equals endorsing hidden alien tech at Area 51.,"Rating 100 means believing Area 51 conceals alien technology, endorsing the conspiracy.","Rating 100 means believing Area 51 hides alien technology, which directly endorses the conspiracy."
R_5EvntmzqomIahQ5,affirms,affirms,affirms,affirms,3,The pilot of Malaysia flight MH370 deliberately flew the plane off course to kill himself and the passengers.,Restatement directly asserts the participant’s conspiracy claim about deliberate pilot action causing deaths.,Restatement directly states the conspiracy: pilot deliberately crashed the plane.,The restatement directly asserts the participant's conspiracy theory that the pilot deliberately crashed the plane.
R_5EyE4eMzfK0VLb9,affirms,affirms,affirms,affirms,3,"The 9/11 attacks were staged, with the buildings deliberately demolished from within to look like an attack.",Restatement asserts 9/11 was staged and suggests controlled demolition; 100 endorses the conspiracy.,Restatement directly asserts the conspiracy: 9/11 was staged with controlled demolition.,"Rating 100 means believing the attacks were staged, which directly affirms the participant's conspiracy theory."
R_5EzRSO4Zu9PxggV,affirms,affirms,affirms,affirms,3,The Trump administration is withholding the Epstein files.,Restatement asserts the described conspiracy; rating it 100 means endorsing that withholding claim.,Restatement directly states the conspiracy claim; rating 100 endorses it.,Rating 100 directly endorses the participant's conspiracy theory that the Trump administration is withholding the Epstein files.
R_5F4lIv8EPc8LIYU,affirms,affirms,affirms,affirms,3,Billionaires eat babies and use videos of it as blackmail against each other.,Restatement directly asserts the described conspiracy; rating 100 endorses it.,Restatement directly states the conspiracy as true; 100 = full belief.,Rating 100 endorses the exact conspiracy described by the participant.
R_5FCMuXwoLQWhZy9,affirms,affirms,affirms,affirms,3,The government is hiding evidence of human landing on the moon.,Restatement matches participant’s conspiracy claim; rating 100 means endorsing that the government is concealing evidence.,Restatement directly states the conspiracy as true; 100 = believes it.,The restatement exactly matches the participant's own description of their conspiracy theory.
R_5FJ4Dw5JVm4NJIj,affirms,affirms,affirms,affirms,3,The Covid shots given recently had something bad in them.,Restatement directly asserts the participant’s conspiracy claim; rating 100 indicates endorsing it as true.,Restatement directly asserts the conspiracy; rating 100 means believing it.,Rating the statement 100 directly endorses the participant's conspiracy that the Covid shots contained something bad.
R_5FKFL5JBP65ijPf,affirms,affirms,affirms,affirms,3,The government faked the NASA moon landing.,"Restatement asserts the moon landing was faked, matching the participant’s described conspiracy.",Restatement directly asserts the conspiracy; rating 100 means believing it.,Rating the restatement 100 directly endorses the participant's described conspiracy that the moon landing was faked.
R_5FKFv2uj8nyDD2j,affirms,affirms,affirms,affirms,3,Aliens were the ones who built Stonehenge.,Restatement directly asserts the conspiracy claim that aliens built Stonehenge; 100 endorses it.,Restatement directly asserts the conspiracy; rating 100 means believing aliens built Stonehenge.,Rating the restatement 100 directly endorses the conspiracy theory that aliens built Stonehenge.
R_5G4FGHaUEaNOt7H,affirms,affirms,affirms,affirms,3,"Aliens exist, and Area 51 is connected to concealing information or evidence about them.",A 100 rating endorses alien existence and Area 51 involvement in concealment.,"Rating 100 endorses alien existence and Area 51 concealment, matching participant's partial belief.",The restatement affirms the core conspiracy theory that aliens exist and are being concealed at Area 51.
R_5GO0gGw4GqWCHFn,affirms,affirms,affirms,affirms,3,President Kennedy was killed by a single shooter.,Restatement directly matches participant’s described theory (single shooter); rating 100 endorses it.,Restatement directly states the single-shooter claim the participant described.,The restatement exactly matches the participant's description of the theory they are evaluating.
R_5GPu5sripBWhxoz,affirms,affirms,affirms,affirms,3,The shape of the Earth remains uncertain because there is no definitive empirical evidence proving it is either a ball or a flat surface.,Restatement matches participant’s expressed skepticism/uncertainty about Earth’s shape and evidence.,Restatement directly mirrors participant's stated uncertainty about Earth's shape.,The restatement directly affirms the participant's specific described belief that the Earth's shape is unproven and uncertain.
R_5GZDluc621kLLHr,affirms,affirms,affirms,affirms,3,"Bigfoot is a real creature, as evidenced by videos, footprints, and hair samples.","Restatement asserts Bigfoot is real; rating 100 endorses the described belief, not the skepticism.","Restatement directly asserts Bigfoot exists, matching the conspiracy belief.","Rating 100 means believing Bigfoot is real, which directly affirms the participant's conspiracy theory."
R_5GcHvZPnQMRzSsV,affirms,affirms,affirms,affirms,3,"The government owns and conceals patents for credible, provable clean energy technologies to prevent public access and utilization, with several patents registered to the US Navy.","Restatement asserts government hides clean-energy patents to block public use, matching the participant’s conspiracy claim.",Restatement directly asserts the conspiracy: government suppressing clean energy patents from public.,The restatement directly asserts the participant's conspiracy theory as true.
R_5Gfx98vGrO1cApf,affirms,affirms,affirms,affirms,3,"Oswald did not act alone in the JFK assassination, and there was a cover-up involving the suppression and disappearance of the autopsy report, which would show evidence of different rifles being used.",Restatement asserts Oswald had accomplices and a cover-up hiding autopsy evidence of multiple rifles.,Restatement directly asserts the conspiracy: Oswald not alone and cover-up occurred.,The restatement directly asserts the participant's belief in a cover-up and multiple shooters in the JFK assassination.
R_5GlQkevK3eyynFT,affirms,affirms,affirms,affirms,3,Brittany Spears shaved her head to remain unrecognizable to the paparazzi.,Restatement directly asserts the participant’s conspiracy claim; rating 100 means endorsing that motive.,Restatement directly states the conspiracy as true; 100 = believes it.,The restatement directly asserts the participant's conspiracy theory as true.
R_5HBU3SuKzCuhsrU,affirms,affirms,affirms,affirms,3,"The government is hiding things from us, and there are strange things happening that most people in the world are unaware of.",Restatement directly asserts the participant’s conspiracy claim as true; a 100 rating endorses it.,Restatement directly asserts the conspiracy; rating 100 means fully believing it.,"Rating 100 means agreeing the government is hiding things, which directly affirms the participant's conspiracy."
R_5HFZnC5x4mZzj5B,affirms,affirms,affirms,affirms,3,There is a hidden or unknown planet called Nibiru floating around the solar system that could collide with Earth.,"Restatement asserts Nibiru exists and could collide with Earth, matching the participant’s described conspiracy.",Restatement directly asserts the Nibiru conspiracy as true.,"The restatement directly asserts the existence of the hidden planet Nibiru, matching the participant's conspiracy description."
R_5HRD3paThY7JLCN,affirms,affirms,affirms,affirms,3,"Space is full of water, supported by the Bible’s reference to the firmament, meaning what is above is water and humans couldn’t breathe in space.","Restatement directly asserts the participant’s claim that space contains water, framing it as biblically supported fact.",Restatement directly asserts the participant's conspiracy that space is full of water.,The restatement directly asserts the participant's theory that space is filled with water.
R_5HjNKxaGMiOPwwH,affirms,affirms,affirms,affirms,3,The government is hiding evidence of extraterrestrial contact and has recovered alien technology.,Restatement directly asserts the participant’s conspiracy; rating 100 endorses it as true.,Restatement directly mirrors the participant's conspiracy claim verbatim.,The restatement directly asserts the participant's conspiracy theory as true.
R_5HjWeW6aYgVQqlA,affirms,affirms,affirms,affirms,3,Aliens exist out there.,Restatement asserts the same claim the participant described: that aliens exist.,"Rating 100 confirms belief in aliens existing, matching the participant's conspiracy.",The restatement directly asserts the participant's belief that extraterrestrial aliens exist.
R_5Hz1XpSmIgbjJbr,affirms,affirms,affirms,affirms,3,Aliens are stealing government secrets.,Restatement directly asserts the described conspiracy as true; rating 100 endorses alien theft of government secrets.,Restatement directly states the conspiracy as true; 100 = fully believes it.,The restatement directly asserts the participant's conspiracy theory that aliens are stealing government secrets.
R_5I7f1xsxgxRbKwB,affirms,affirms,affirms,affirms,3,The Bermuda Triangle is a mysterious area where things disappear without explanation.,"Restatement asserts unexplained disappearances in the Bermuda Triangle, aligning with the described mystery claim.","Rating 100 endorses mysterious disappearances in the Bermuda Triangle, affirming the conspiracy.",Rating 100 affirms the participant's belief that unexplained disappearances occur in the Bermuda Triangle.
R_5IW7N4p1GofOS5z,affirms,affirms,affirms,affirms,3,Large tech companies secretly listen to private conversations through devices to target ads more accurately.,Restatement asserts the suspected covert eavesdropping for ad targeting; 100 means endorsing the conspiracy.,Restatement directly asserts the conspiracy; rating 100 means believing it.,The restatement directly asserts the conspiracy theory described by the participant.
R_5IZ8KXPwXXAWG89,affirms,affirms,affirms,affirms,3,"There is a wall in the far north of the world with something else on the other side, and the government is aware of it and has selected individuals living there.","Restatement asserts the secret northern wall and government-selected people beyond it, matching the described conspiracy.",Restatement directly asserts the conspiracy as true; 100 = full belief.,The restatement directly asserts the participant's conspiracy theory about a hidden northern wall as true.
R_5InRfwLx8fl9jUd,affirms,affirms,affirms,affirms,3,Space travel was faked and recorded in a studio.,The restatement directly asserts the conspiracy claim that space travel was staged in a studio.,Restatement directly states the conspiracy that space travel was faked in a studio.,"Rating 100 means believing space travel was faked, which directly affirms the participant's conspiracy theory."
R_5Io7cLOR2ldcQ0Z,affirms,affirms,affirms,affirms,3,The government is hiding evidence of extraterrestrial contact and has recovered alien technology.,Restatement directly asserts the participant’s conspiracy claim; rating 100 means fully endorsing it.,Restatement directly mirrors the conspiracy claim verbatim; 100 = full belief.,The restatement directly asserts the participant's conspiracy theory about hidden alien technology as true.
R_5IyDGjdmO3Ve1Xt,affirms,affirms,affirms,affirms,3,"Aliens will come to dominate the world, as they have in the past.",Restatement directly asserts the participant’s conspiracy claim as true; 100 equals endorsing it.,Restatement directly asserts the conspiracy claim; rating 100 endorses it.,Rating the restatement 100 directly endorses the participant's conspiracy that aliens will dominate the world.
R_5J53yKCJDm98tq1,affirms,affirms,affirms,affirms,3,"Multiple individuals were involved in the JFK assassination, not just Lee Harvey Oswald.",A 100 rating endorses the claim that more than Oswald participated in JFK’s assassination.,Rating 100 endorses the conspiracy that more than Oswald was involved.,"Rating 100 endorses the conspiracy that multiple people, not just Oswald, were involved in the JFK assassination."
R_5JIncoQrI72rn5V,affirms,affirms,affirms,affirms,3,Humans are not fully from Earth and there are and have been aliens.,Restatement directly asserts the participant’s conspiracy; rating 100 means endorsing it as true.,Restatement directly asserts the conspiracy; rating 100 means fully believing it.,Rating 100 directly endorses the participant's belief that humans have extraterrestrial origins and aliens exist.
R_5JPUDRVjdBRUvqp,affirms,affirms,affirms,affirms,3,Climate change is a natural phenomenon and the earth's climate has changed even when there were few people on the planet.,Restatement matches participant’s view that climate change is natural and not primarily caused by humans.,"Rating 100 endorses natural climate change, rejecting human-caused narrative, matching participant's conspiracy.","Rating 100 endorses the participant's belief that climate change is a natural, historical cycle rather than human-caused."
R_5JRwvmMNzyw1Vuo,denies,denies,denies,denies,3,The Apollo moon landing was staged and did not actually happen.,"Restatement asserts the moon landing is real; 100 endorses official account, rejecting the implied hoax conspiracy.","Rating 100 affirms moon landing was real, rejecting the conspiracy doubt.","Rating 100 endorses the official account that the moon landing is real, denying the conspiracy."
R_5JeZ3phRNFARLqg,affirms,affirms,affirms,affirms,3,The moon landing never happened.,Restatement directly asserts the participant’s conspiracy claim that the moon landing did not occur.,Restatement directly asserts the conspiracy; rating 100 means believing it was faked.,"Rating 100 means believing the moon landing did not happen, which directly affirms the participant's conspiracy."
R_5JluZQI0vuAv2iN,affirms,affirms,affirms,affirms,3,"COVID-19 was the result of a biological warfare experiment, involving the Gates Foundation, that accidentally leaked into a Chinese market.","Restatement asserts the biowarfare-plus-Gates-leak origin, matching participant’s conspiracy claim.","Restatement directly asserts the conspiracy: bioweapon, Gates involvement, accidental leak.",The restatement directly asserts the participant's conspiracy theory about COVID-19 being a leaked bioweapon involving the Gates Foundation.
R_5Jqp4mOB9qQSg1t,affirms,affirms,affirms,affirms,3,President Biden is not actually running the country and is being used to advance a left-wing agenda.,Restatement asserts Biden isn’t running the country and is a figurehead for a left-wing agenda—matching the participant’s theory.,Restatement directly states the conspiracy that Biden was a puppet for a left-wing agenda.,The restatement directly asserts the participant's conspiracy theory as true.
R_5JylgiDEr48M9Ua,affirms,affirms,affirms,affirms,3,Bill Gates is using his charitable foundation to enrich himself.,Restatement directly asserts the participant’s conspiracy; rating 100 means endorsing it as true.,Restatement directly states the conspiracy as true; 100 = believes it.,"The restatement directly asserts the participant's conspiracy theory, so a 100 rating means endorsing it."
R_5KRAciF6vi33dEl,affirms,affirms,affirms,affirms,3,"Aliens, witches, and fairies exist, we have not actually traveled to the moon, and there are more than seven continents inhabited by different beings.",Restatement directly asserts the participant’s conspiracy claims; rating 100 indicates full endorsement.,Restatement directly asserts all conspiracy claims as true; 100 = full belief.,"The restatement directly asserts the participant's exact claims about aliens, the moon landing, and extra continents as true."
R_5KTIQh32NAGX07m,unclear,unclear,unclear,unclear,3,The CIA and/or the mafia were responsible for the assassination of John F. Kennedy in 1963.,"Restatement is a general historical fact, not the implied CIA/mafia conspiracy claim.","Restatement only confirms JFK died, not who was responsible or any conspiracy.",The restatement states an undisputed historical fact rather than the specific conspiracy involving the CIA and mafia.
R_5KTKe1jI6UkH1Ej,affirms,affirms,affirms,affirms,3,The 2020 presidential election was stolen from Donald Trump due to fraud.,Restatement directly claims the election was stolen; rating 100 endorses the participant’s conspiracy claim.,Restatement directly asserts the conspiracy claim; rating 100 endorses it.,Rating the statement 100 directly endorses the conspiracy that the 2020 election was stolen from Trump.
R_5KWj3Ro5zUCbwAh,affirms,affirms,affirms,affirms,3,Trump planned his own assassination attempt to garner more votes.,"Restatement asserts the assassination attempt was staged by Trump for electoral gain, matching participant’s conspiracy.",Restatement directly states the conspiracy: Trump staged his own assassination for votes.,Rating 100 endorses the participant's exact conspiracy theory that Trump staged the assassination attempt for votes.
R_5Kj93kiz0vgC4XQ,affirms,affirms,affirms,affirms,3,Area 51 contains alien bodies that are tested and studied through cloning and other methods of alienology.,"Restatement asserts Area 51 has alien bodies being experimented on, matching participant’s conspiracy claim.",Restatement directly asserts the conspiracy: aliens held and studied at Area 51.,The restatement directly asserts the participant's conspiracy theory about alien bodies at Area 51 as a fact.
R_5KshqitElm535ye,affirms,affirms,affirms,affirms,3,The government is hiding Area 51 and it is connected to the existence of extraterrestrials.,"Restatement claims government is hiding Area 51 linked to extraterrestrials, matching the participant’s conspiracy.",Restatement directly asserts the conspiracy: government hiding Area 51 linked to extraterrestrials.,Rating 100 endorses the participant's belief that the government is hiding Area 51 and potential extraterrestrial evidence.
R_5Kw0Xdai8uWvXNq,affirms,affirms,affirms,affirms,3,The earth is flat.,Restatement directly asserts the participant’s flat-earth conspiracy; 100 means fully endorsing it.,"Rating 100 commits to flat earth belief, directly affirming the conspiracy.",Rating the statement 100 directly endorses the participant's described conspiracy theory that the earth is flat.
R_5KwNDwhW03HsP44,affirms,affirms,affirms,affirms,3,"The government is hiding something in Antarctica, which is why they are worried about the glaciers melting.",Restatement asserts the same claim as participant’s conspiracy; 100 means endorsing government cover-up in Antarctica.,Restatement directly mirrors the participant's conspiracy claim verbatim.,The restatement directly asserts the participant's conspiracy theory about the government hiding something in Antarctica.
R_5L1EIR0bUwYOm9X,affirms,affirms,affirms,affirms,3,"The September 11th, 2001 terrorist airplane attacks were an inside job by the government.",Restatement asserts the inside-job conspiracy; rating it 100 would fully endorse that conspiracy.,Restatement directly states the conspiracy: 9/11 was a government inside job.,Rating 100 means endorsing the conspiracy that 9/11 was an inside job.
R_5L1lr82wBk358MH,affirms,affirms,affirms,affirms,3,Aliens exist.,"Restatement directly asserts aliens exist, matching the participant’s described belief topic and supporting evidence.","Rating 100 means believing aliens exist, which is the conspiracy claim.","Rating 100 means believing aliens exist, which directly affirms the participant's described conspiracy."
R_5L5myhryGZzBqy5,affirms,affirms,affirms,affirms,3,The Twin Towers on 9/11 were destroyed through a controlled demolition rather than by planes flying into them.,"Restatement asserts controlled demolition, matching participant’s conspiracy suspicion over the official plane-impact explanation.","Restatement directly asserts the conspiracy: controlled demolition, not planes, caused collapse.","Rating 100 endorses the controlled demolition theory, directly affirming the participant's described conspiracy."
R_5LGozmybur5SgCV,affirms,affirms,affirms,affirms,3,Aliens exist and are somewhere out there.,Restatement directly asserts the participant’s belief that aliens exist somewhere.,Restatement directly affirms the participant's belief that aliens exist somewhere.,"Rating 100 means believing aliens exist, which directly affirms the participant's described conspiracy."
R_5LhUwmqOhn7ljtn,affirms,affirms,denies,affirms,3,Jeffrey Epstein killed himself in prison.,Restatement matches participant’s described claim; rating 100 endorses Epstein committed suicide.,"Rating 100 confirms Epstein's death was suicide, matching the participant's stated conspiracy.","The restatement asserts the official suicide account, whereas the conspiracy theory implies he was murdered."
R_5M0CceMfcbDH8Vy,affirms,affirms,affirms,affirms,3,The governments of the world have overtaken Antarctica for secret missions and scientific investigations.,Restatement asserts the conspiracy claim; rating 100 means believing governments secretly control Antarctica for missions/research.,Restatement directly mirrors the conspiracy claim; rating 100 endorses it.,The restatement directly asserts the participant's conspiracy theory that governments use Antarctica for secret missions.
R_5M3PDl3iWsEG9y1,affirms,affirms,affirms,affirms,3,The government is aware of the existence of aliens but chooses to withhold this information from the public.,Restatement directly asserts the conspiracy claim that government knows aliens are real and hides it.,Restatement directly states the conspiracy: government knows about aliens and hides it.,The restatement directly asserts the participant's conspiracy theory that the government is hiding the existence of aliens.
R_5MFPUiit6jGNBLT,affirms,affirms,affirms,affirms,3,"The government is protecting the individuals named in the Epstein Files, largely due to Israel’s influence.","Restatement asserts government protection of Epstein-file individuals driven by Israel, matching participant’s conspiracy claim.",Restatement directly mirrors the participant's conspiracy claim verbatim.,Rating the restatement 100 directly endorses the participant's conspiracy theory about the government and Israel protecting Epstein associates.
R_5MLZKZ6SjtN0Z37,affirms,affirms,affirms,affirms,3,The government has proof of aliens but they are not making it public.,Restatement matches the participant’s conspiracy claim; rating 100 endorses government alien proof being hidden.,Restatement matches conspiracy verbatim; 100 = fully believes it.,The restatement directly asserts the participant's conspiracy theory that the government is hiding proof of aliens.
R_5MLqIWNgAGCuP4q,affirms,affirms,affirms,affirms,3,Michael Jackson's death was orchestrated by higher-ups in the industry.,Restatement asserts the conspiracy claim that industry higher-ups arranged Michael Jackson’s death.,Restatement directly asserts the conspiracy that powerful figures caused Jackson's death.,Rating 100 endorses the participant's theory that higher-ups orchestrated Michael Jackson's death.
R_5MPOJwHPO4hCove,affirms,affirms,affirms,affirms,3,The government is withholding the Epstein files.,Restatement directly asserts the participant’s conspiracy claim; 100 means endorsing government suppression.,Restatement directly states the conspiracy as true; 100 = believes it.,The restatement directly asserts the participant's conspiracy theory as true.
R_5MQjAV9bTb9gFeD,affirms,affirms,affirms,affirms,3,World fairs were fabricated to disguise a failed era in history.,Restatement asserts fairs were fake cover-up; 100 means endorsing the participant’s conspiracy.,Restatement directly states the conspiracy: world fairs were fake cover-ups.,The restatement directly asserts the participant's conspiracy theory that world fairs were fake cover-ups.
R_5MRQR5OHbx8ExVP,affirms,affirms,affirms,affirms,3,Aliens and other strange things are hidden at Area 51.,"Restatement asserts Area 51 is hiding aliens, matching the participant’s described conspiracy claim.",Restatement directly asserts the conspiracy claim; rating 100 endorses it.,Rating the restatement 100 directly endorses the participant's conspiracy that aliens are hidden at Area 51.
R_5MYVNQLWbtoireu,affirms,denies,denies,denies,3,The assassination of John F. Kennedy was NOT carried out solely by Lee Harvey Oswald; others were involved.,Restatement matches participant’s described claim; rating 100 endorses the lone-gunman account they stated.,Participant describes the conspiracy AS the official story; conspiracy = multiple shooters/conspirators.,"Rating 100 endorses the official single-shooter account, denying the conspiracy of multiple shooters."
R_5Mgs1QnVdeHzPjx,affirms,affirms,affirms,affirms,3,"The government discovered aliens and is hiding them from the public, and this secrecy caused the sudden outbreak of a war.","Restatement asserts the government hid aliens and this led to war, matching the participant’s conspiracy.",Restatement directly asserts the participant's conspiracy: hidden aliens caused the war.,The restatement directly asserts the participant's conspiracy theory that the government is hiding aliens behind a sudden war.
R_5NGjlWf2Ne0N3r3,affirms,affirms,affirms,affirms,3,Lee Harvey Oswald did not shoot and kill Kennedy.,"Restatement asserts Oswald was not the shooter, matching the participant’s conspiracy claim.",Restatement directly affirms the conspiracy that Oswald was not the shooter.,"Rating 100 means believing Oswald didn't kill JFK, which directly affirms the participant's conspiracy theory."
R_5Ngq3boXHznijkO,affirms,affirms,affirms,affirms,3,"Several people were involved in the shooting of Charlie Kirt, and they are keeping it quiet.","Restatement asserts multiple hidden perpetrators and a cover-up, matching the participant’s conspiracy claim.",Restatement directly matches participant's belief that more people were involved and kept quiet.,The restatement directly asserts the participant's belief that multiple people were involved in the shooting and covered it up.
R_5Nhb3tk2BtgmyYz,affirms,affirms,affirms,affirms,3,President Kennedy's assassination was caused by the mafia due to Bobby Kennedy's efforts to expose them with Jack's support.,"Restatement directly asserts the mafia caused JFK’s assassination, matching the participant’s conspiracy claim.","Restatement directly states the mafia caused JFK's assassination, matching the conspiracy.",The restatement directly asserts the participant's conspiracy theory that the mafia assassinated JFK.
R_5NhwUI2DZZCC5t7,affirms,affirms,affirms,affirms,3,"CERN created the Mandela effect during a test, causing some people to slip into a separate reality.",Restatement directly asserts CERN caused Mandela effect and shifted people into another reality.,Restatement directly mirrors the participant's conspiracy claim verbatim.,The restatement directly asserts the participant's conspiracy theory about CERN and the Mandela effect as true.
R_5NqX8TBhw66nvJz,affirms,affirms,affirms,affirms,3,The Earth is flat despite there being pictures showing it as round.,The restatement directly asserts the participant’s flat-Earth conspiracy as true.,Restatement directly asserts the flat Earth conspiracy as true.,"Rating 100 means believing the Earth is flat, matching the participant's conspiracy description."
R_5O2ua54corlUbWF,affirms,affirms,affirms,affirms,3,There is hidden government control and manipulation carried out by secret societies or through staged events.,"Restatement asserts hidden government manipulation by secret societies/staged events, matching the conspiracy claim.",Restatement directly asserts the conspiracy claim; rating 100 endorses it.,Rating 100 means endorsing the existence of hidden government control and secret societies.
R_5O6Z4ka5gpsXeGo,affirms,affirms,affirms,affirms,3,Certain secret government programs were experimenting with mind-control technologies on unsuspecting civilians during the Cold War.,Restatement asserts the alleged secret mind-control experiments happened; rating 100 endorses the participant’s conspiracy claim.,Rating 100 directly endorses the conspiracy that secret mind-control experiments occurred.,The restatement directly asserts the conspiracy theory described by the participant.
R_5O9pei42mahwphr,affirms,affirms,affirms,affirms,3,There are aliens living among us that we don't know about.,Restatement directly asserts the participant’s conspiracy; rating 100 indicates full belief in aliens among us.,Restatement directly asserts the conspiracy: hidden aliens living among humans.,Rating 100 directly endorses the participant's belief that extraterrestrials are secretly living on Earth.
R_5OIvtZrp5nTtIPv,affirms,affirms,affirms,affirms,3,Aliens have already visited Earth.,Restatement asserts the same claim as the participant’s conspiracy: aliens already came to Earth.,Restatement directly affirms the conspiracy that aliens have visited Earth.,Rating 100 endorses the participant's core conspiracy claim that extraterrestrials have visited Earth.
R_5OO6M8BYvym6uym,affirms,affirms,affirms,affirms,3,AI will take over everything including jobs.,"Restatement asserts AI takeover of jobs and more, matching the participant’s described conspiracy claim.",Restatement directly mirrors the participant's conspiracy claim about AI takeover.,The restatement directly asserts the participant's belief that AI will take over jobs and everything else.
R_5OTNUaxQtaDokjW,affirms,affirms,affirms,affirms,3,McDonald's uses human meat in their products.,Restatement directly asserts the conspiracy claim; rating 100 endorses McDonald’s using human meat.,Restatement directly states the conspiracy as true; 100 = believes it.,"Rating 100 endorses the conspiracy that McDonald's uses human meat, matching the participant's description."
R_5OUBOXcKFEif9ex,affirms,affirms,affirms,affirms,3,The government is hiding information about alien encounters.,"A 100 rating asserts the government is concealing alien-encounter information, matching the participant’s suspected conspiracy.",Restatement directly asserts the conspiracy that the government conceals alien encounter information.,Rating the restatement 100 directly endorses the participant's belief that the government is hiding alien encounters.
R_5OVWqgYrdhT1HYJ,affirms,affirms,affirms,affirms,3,The Government is attempting to hide information from the Epstein Files by overseeing a war in Iran.,Restatement directly asserts the participant’s conspiracy; rating 100 means fully endorsing it.,Restatement is verbatim the conspiracy claim; 100 = full belief.,The restatement directly asserts the participant's conspiracy theory as true.
R_5Og8iYc12v2ECwV,affirms,affirms,affirms,affirms,3,More than one person fired at JFK in Dallas.,Restatement directly asserts the participant’s conspiracy claim; 100 means believing multiple shooters fired.,Restatement directly asserts the conspiracy: multiple shooters fired at JFK.,The restatement directly asserts the participant's conspiracy theory that multiple people shot at JFK.
R_5OiXCemjcAqeWPv,affirms,affirms,affirms,affirms,3,"The earth is flat, and governments have lied about it.",Restatement directly asserts the flat-earth conspiracy and government deception; 100 means endorsing it.,Restatement directly asserts the flat earth conspiracy as true.,Rating the restatement 100 directly endorses the participant's described conspiracy that the earth is flat.
R_5OviAiEkCjc0L3A,affirms,affirms,affirms,affirms,3,The CIA plotted to kill President Kennedy.,Restatement directly asserts the participant’s described conspiracy; rating 100 endorses CIA involvement.,Restatement directly asserts the conspiracy; rating 100 means believing CIA killed JFK.,Rating the restatement 100 directly endorses the participant's conspiracy theory that the CIA assassinated JFK.
R_5PH2vH8tbNEt5xa,affirms,affirms,affirms,affirms,3,"The government is run by extraterrestrial beings, categorized as Grays, Greens, and Blues, each representing Western society, Russia and its allies, and the Muslim world, respectively.",Restatement asserts the extraterrestrials-run-government conspiracy as true; 100 would endorse the conspiracy.,Restatement directly asserts the conspiracy: aliens run governments in three factions.,The restatement directly asserts the participant's conspiracy theory about extraterrestrials running the government as true.
R_5PJmjNuKF4nSmYN,affirms,affirms,affirms,affirms,3,"TWA Flight 800 was shot down in 1996, not brought down by a mechanical failure.","Restatement asserts Flight 800 was shot down and rejects mechanical failure, matching the conspiracy claim.","Restatement directly asserts the conspiracy: Flight 800 was shot down, not mechanical failure.",Rating 100 endorses the conspiracy that Flight 800 was shot down rather than suffering a mechanical failure.
R_5PM1tFxDEM9Zlfq,affirms,affirms,affirms,affirms,3,"Area 51 is hiding a secret connected to aliens or UFOs, even though the government denies any exist there.",A 100 rating endorses that Area 51 is concealing alien/UFO-related information despite official denial.,"Rating 100 means believing Area 51 hides alien/UFO secrets, endorsing the conspiracy.","Rating 100 means believing Area 51 is hiding aliens, which directly endorses the participant's conspiracy theory."
R_5PZdMNxck7PFXV2,affirms,affirms,affirms,affirms,3,Aliens are real and confirmed to exist.,Restatement asserts aliens exist; rating 100 endorses the participant’s described conspiracy belief.,"Rating 100 means believing aliens are real, matching the conspiracy described.",Rating 100 endorses the participant's core conspiracy belief that extraterrestrial aliens are real and exist.
R_5PbLfM9QMRXvFZ8,affirms,affirms,affirms,affirms,3,The government is secretly involved in undisclosed activities that the public doesn’t fully know about.,"A 100 rating endorses the claim that the government is doing hidden, undisclosed activities.","Rating 100 affirms government secrecy and hidden activities, endorsing the conspiracy.",Rating 100 endorses the participant's vague suspicion that the government is hiding secret activities.
R_5Ph4ZebZFwcvFki,affirms,affirms,affirms,affirms,3,The war is a cover story to hide something from the public.,Restatement directly asserts the participant’s conspiracy that the war conceals hidden truths from the public.,Restatement directly states the conspiracy: war used to conceal hidden truth.,The restatement directly asserts the participant's belief that the war is a cover story to hide something.
R_5Ph7ma1b6NqNhaI,affirms,affirms,affirms,affirms,3,"Neil Armstrong did not land on the moon in 1969, and a conspiracy was formed so that America could claim to be the first to land on the moon.",Restatement asserts the moon-landing-hoax conspiracy; rating 100 endorses the participant’s described conspiracy.,Restatement directly asserts the conspiracy as true; 100 = believes the moon landing was faked.,The restatement directly asserts the conspiracy theory as true.
R_5PiKMMUo9Lhy4P2,affirms,affirms,affirms,affirms,3,A group made a suicide pact to die before the world was supposed to end on a specific date.,Restatement matches the participant’s described conspiracy; 100 means endorsing that the suicide pact happened for doomsday belief.,Restatement directly describes the conspiracy event as true; 100 = believing it happened.,Rating 100 means believing the suicide pact event occurred exactly as the participant described.
R_5PjsJY1Gj3VWIv7,affirms,affirms,affirms,affirms,3,There are extraterrestrial beings out there.,Restatement directly asserts the participant’s described belief; rating 100 endorses extraterrestrial beings’ existence.,Restatement directly asserts the conspiracy belief; rating 100 confirms it.,Rating the restatement 100 directly endorses the participant's belief in extraterrestrial beings.
R_5Pp4MjzijiO7SEu,affirms,affirms,affirms,affirms,3,The CIA was involved in the assassination of President John F. Kennedy.,Restatement directly asserts the participant’s conspiracy claim; rating 100 indicates full endorsement.,Restatement directly states the conspiracy as true; 100 = full belief.,The restatement directly asserts the participant's conspiracy theory that the CIA was involved in JFK's assassination.
R_5Pu5DfGwZyVVtXW,affirms,affirms,affirms,affirms,3,Jeffery Epstein faked his death with the assistance of the government and has been sighted overseas.,Restatement directly asserts the conspiracy that Epstein faked his death with government help.,Restatement directly asserts the conspiracy as true; 100 = believes it.,The restatement directly asserts the participant's conspiracy theory that Epstein faked his death with government help.
R_5QLN6oKNRYEgUN8,affirms,affirms,affirms,affirms,3,"The moon landing was staged, with fake pictures taken on the moon, but the liftoff was real.",Restatement directly asserts participant’s conspiracy claim; rating 100 endorses the staged-moon-landing narrative.,"Rating 100 endorses the moon landing as staged/faked, matching the conspiracy.",Rating 100 means endorsing the participant's conspiracy that the moon landing was staged.
R_5QWAberQfuWrb5C,affirms,affirms,affirms,affirms,3,The moon landing was faked in a studio to win the space race.,Restatement explicitly asserts the conspiracy claim; rating 100 indicates full belief it was staged.,Restatement directly asserts the conspiracy; rating 100 means believing it.,Rating the statement 100 directly endorses the conspiracy theory that the moon landing was faked.
R_5QhApWvQEqwbE72,affirms,affirms,affirms,affirms,3,Powerful governments knew about the COVID-19 pandemic in advance and possibly used this information secretly.,Restatement asserts the conspiracy claim directly; rating 100 endorses governments’ secret advance knowledge and use.,Restatement directly asserts the conspiracy claim; rating 100 endorses it.,The restatement directly asserts the participant's conspiracy theory as true.
R_5QmQM40iEIZhoYc,affirms,affirms,affirms,affirms,3,Aliens and their bodies and advanced technology are hidden at Area 51.,"Restatement asserts aliens and their technology are hidden at Area 51, matching the participant’s conspiracy.",Restatement directly asserts the conspiracy: alien bodies and tech hidden at Area 51.,Rating 100 endorses the participant's exact claim that aliens and their technology are hidden at Area 51.
R_5QoH4xyIQ3VhDXK,unclear,affirms,affirms,affirms,3,The US government is keeping aliens alive and using their technology in fighter jets.,"Restatement is about aliens/technology, not the participant’s described JFK assassination cover-up conspiracy.",Restatement directly states the conspiracy the participant described as true.,The restatement directly affirms the participant's claim about the government keeping aliens for their technology.
R_5QtZBdW5VDeLHNb,affirms,affirms,affirms,affirms,3,The government possesses evidence of extraterrestrial life and has recovered physical evidence.,Restatement matches participant’s conspiracy; rating 100 endorses government has alien evidence and recovered physical materials.,Restatement directly asserts the conspiracy claim; 100 = full belief.,"Rating 100 means believing the government hides extraterrestrial evidence, directly affirming the participant's conspiracy."
R_5QxkUMyGNxypnH2,affirms,affirms,affirms,affirms,3,"COVID-19 originated from a lab leak in Wuhan, China.","Restatement asserts the lab-leak origin, matching the participant’s conspiracy claim over the zoonotic account.",Restatement directly asserts the lab leak conspiracy the participant described.,"The restatement directly asserts the lab leak theory, which is the conspiracy described."
R_5Qz9GDJzVVnTgcY,affirms,affirms,affirms,affirms,3,US presidents have encountered aliens.,Restatement directly asserts the participant’s conspiracy claim; rating 100 endorses presidents encountering aliens.,Restatement directly states the conspiracy as true; 100 = believes it.,Rating the restatement 100 directly endorses the participant's conspiracy that US presidents have encountered aliens.
R_5R3wwo80QVDTCzy,affirms,affirms,affirms,affirms,3,The government is hiding information about extraterrestrial contact or aliens.,Restatement directly asserts the participant’s suspected conspiracy; 100 means believing the government is concealing alien contact information.,Restatement directly asserts the conspiracy; rating 100 means believing it.,"Rating 100 means believing the government hides alien contact, directly affirming the participant's described conspiracy."
R_5R9b3zIidKrxH0x,affirms,affirms,affirms,affirms,3,Avril Lavigne was replaced by a look-alike imposter after her death in the early 2000s.,Restatement directly asserts the described conspiracy as true; rating 100 would endorse it.,Restatement directly asserts the conspiracy; rating 100 means believing it.,The restatement directly asserts the conspiracy theory described by the participant.
R_5RaZ225zk0JIj2Z,affirms,affirms,affirms,affirms,3,The earth is flat and powerful organizations are hiding this fact from the people.,Restatement directly asserts the participant’s flat-earth conspiracy as true.,Restatement directly states the conspiracy as true; 100 = full belief.,The restatement directly asserts the participant's flat earth conspiracy theory as true.
R_5Rb4fYU3k6pKxxo,affirms,affirms,affirms,affirms,3,"The FBI killed Martin Luther King Jr., Malcolm X, and John F. Kennedy.",Restatement directly asserts the participant’s conspiracy; rating 100 means fully endorsing FBI responsibility for the assassinations.,Restatement directly asserts the conspiracy; 100 = fully believes FBI killed all three.,"The restatement directly asserts the participant's conspiracy theory that the FBI assassinated MLK, Malcolm X, and JFK."
R_5RgATgQEbs0kqr0,affirms,affirms,affirms,affirms,3,"Bigfoot exists, as many people have claimed to have seen evidence and shared their experiences over the years.",Restatement asserts Bigfoot exists; rating 100 endorses the conspiracy belief in Bigfoot’s existence.,"Rating 100 means believing Bigfoot is real, endorsing the conspiracy.","Rating 100 means believing Bigfoot exists, which affirms the participant's described belief."
R_5RgYJcTO9vP19AC,affirms,affirms,affirms,affirms,3,The government was responsible for assassinating JFK.,Restatement directly asserts the participant’s conspiracy; rating 100 means fully endorsing government involvement.,Restatement directly states the conspiracy as true; 100 = believes it.,Rating the restatement 100 directly endorses the participant's belief that the government assassinated JFK.
R_5S8OL7FwsXKjJF8,affirms,affirms,affirms,affirms,3,The earth is flat.,Restatement asserts the flat-earth claim; rating 100 means endorsing the conspiracy.,Rating 100 endorses flat earth conspiracy directly.,Rating the statement 100 directly endorses the core conspiracy theory that the Earth is flat.
R_5SCCs2zhfFFm7nC,affirms,affirms,affirms,affirms,3,The Mafia owned Hollywood studios during the 1940s and 50s.,Restatement directly asserts the participant’s conspiracy claim that the mob owned Hollywood studios in that era.,Restatement directly asserts the conspiracy claim; rating 100 endorses it.,Rating 100 directly endorses the participant's claim that the Mafia owned Hollywood studios.
R_5SCqW560HvEoMOl,affirms,affirms,affirms,affirms,3,"The government is housing UFO technology and experimenting on aliens at Area 51, disguising the truth with drone cover-ups.","Restatement asserts Area 51 has alien tech/experiments and a drone cover-up, matching participant’s conspiracy.",Restatement directly asserts the conspiracy: alien experiments at Area 51 with drone cover-ups.,"The restatement directly asserts the participant's conspiracy theory about Area 51, aliens, and drone cover-ups as true."
R_5SUCMJNT72K0SIN,affirms,affirms,affirms,affirms,3,Aliens built the pyramids and our government knows the truth.,Restatement directly asserts aliens built pyramids and government knows; 100 equals endorsing the conspiracy.,Restatement directly asserts the conspiracy; rating 100 means fully believing it.,The restatement directly asserts the participant's conspiracy theory that aliens built the pyramids and the government knows.
R_5TAY5hljrtBdfzP,affirms,affirms,affirms,affirms,3,Michael Jackson was aware of Jeffrey Epstein's activities and wrote songs about it.,Restatement directly asserts the participant’s conspiracy claim as true; rating 100 endorses it.,Restatement directly matches the participant's conspiracy claim verbatim.,The restatement directly asserts the participant's conspiracy theory as true.
R_5TGKaX3pl0fHwqZ,affirms,affirms,affirms,affirms,3,"A Bigfoot is living in the forest, as evidenced by multiple reported sightings.",Restatement asserts Bigfoot exists in the forest; rating 100 endorses the participant’s conspiracy.,"Rating 100 confirms Bigfoot exists, directly endorsing the conspiracy.","Rating 100 means believing Bigfoot lives in the forest, matching the participant's conspiracy belief."
R_5TRcEbtUSm9JCwF,affirms,affirms,affirms,affirms,3,Most crimes committed in America are by illegal aliens—criminals from other foreign countries.,Restatement directly asserts the participant’s conspiracy claim; rating 100 endorses it as true.,Rating 100 directly endorses the conspiracy that immigrants commit most crimes.,The restatement directly asserts the participant's conspiracy theory that illegal aliens commit most crimes in America.
R_5TUlIAiCfBT4TJT,affirms,affirms,affirms,affirms,3,Corrupt leaders in the White House or Congress enable human trafficking to continue.,"Restatement asserts leaders’ corruption enables trafficking, matching the participant’s described conspiracy claim.",Rating 100 endorses the conspiracy that corrupt leaders enable trafficking.,"Rating 100 means believing leaders in the White House or Congress enable trafficking, which is the conspiracy."
R_5TYSsnucxC5Lwfn,affirms,affirms,affirms,affirms,3,Companies like Meta Platforms and TikTok intentionally design their apps to exploit human psychology and keep users hooked for as long as possible to maximize engagement and ad revenue.,Restatement directly asserts deliberate addictive design for profit; rating 100 endorses the described conspiracy claim.,Restatement directly asserts the deliberate addictive design conspiracy as true.,The restatement directly asserts the participant's conspiracy theory as true.
R_5TYhiykiFUbtfdD,affirms,affirms,affirms,affirms,3,President Clinton was involved in sexual activities with young victims mentioned in the Trump-Epstein files.,"Restatement asserts Clinton had sex with young victims in Trump-Epstein files, matching participant’s conspiracy claim.",Restatement directly asserts the conspiracy; rating 100 means fully believing it.,Rating 100 directly endorses the participant's theory that Clinton was involved with victims in the Epstein files.
R_5TsM9keRhrnEtxS,affirms,affirms,affirms,affirms,3,"Lee Harvey Oswald did not act alone in JFK's assassination, as hidden groups possibly orchestrated it.",Restatement asserts the conspiracy claim directly; rating 100 affirms Oswald had accomplices/hidden orchestrators.,Restatement directly mirrors the conspiracy claim; rating 100 endorses it.,The restatement directly asserts the participant's conspiracy theory that Oswald did not act alone.
R_5Tz0owzL1lqlHIB,affirms,affirms,affirms,affirms,3,The government found something significant in the ocean and then shifted focus to space exploration to hide it from the public.,"Restatement asserts the government found something in the ocean that prompted shifting to space, matching the conspiracy.",Restatement directly asserts the conspiracy: ocean discovery caused shift to space.,Rating it 100 means endorsing the participant's exact theory about an ocean discovery causing the shift to space.
R_5U2QnUw42upY476,affirms,affirms,affirms,affirms,3,"The private-public sectors of government and corporations are collaborating to fabricate terrorism, anti-Americanism, and school shootings to justify using their Homeland Security Investigations (HSI) tactics.",Restatement directly asserts the described conspiracy as true; 100 equals full endorsement.,Restatement directly asserts the conspiracy as true; 100 = full belief.,The restatement directly asserts the participant's conspiracy theory that the government and corporations fabricate crises.
R_5U2UuOCX6Uj2u0A,denies,unclear,unclear,unclear,3,"The assassination attempt on Trump in Butler, Pennsylvania was staged or orchestrated, as evidenced by suspicious blood spatter patterns, lack of ear damage, and deliberately poor security.",Restatement asserts a real assassination attempt occurred; participant’s reasons suggest it may have been staged/faked.,Restatement confirms attempt happened but doesn't assert it was staged/fake.,The restatement mixes the official account (survived an attempt) with conspiracy evidence (questionable blood spatter).
R_5U5ZCvbHIZg89Z7,affirms,affirms,affirms,affirms,3,Powerful government or intelligence agencies have hidden evidence of extraterrestrial contact and recovered alien technology.,Restatement asserts the conspiracy claim directly; rating 100 means fully endorsing hidden alien-contact evidence and recovered tech.,Restatement directly asserts the conspiracy claim; rating 100 endorses it.,The restatement directly asserts the participant's conspiracy theory that the government is hiding evidence of extraterrestrial contact.
R_5UtbjtIxBSpICs1,affirms,affirms,affirms,affirms,3,The government is hiding the fact that aliens exist.,Restatement directly asserts the participant’s conspiracy; rating 100 indicates full belief in government alien cover-up.,Restatement directly matches the conspiracy; rating 100 endorses it.,"Rating 100 means believing the government hides aliens, which directly affirms the participant's conspiracy."
R_5UyLbr9JiPVZM6l,affirms,affirms,affirms,affirms,3,Oil companies are deliberately avoiding a shift to renewable energy sources even though such a transition could lead to faster-growing profits.,"Restatement asserts the claimed deliberate avoidance of renewables despite higher profits, matching the participant’s conspiracy.",Rating 100 means believing oil companies deliberately suppress renewable transition for profit reasons.,The restatement directly asserts the participant's conspiracy theory about oil companies avoiding renewable energy.
R_5VDZFoUGhzv2ld6,affirms,affirms,affirms,affirms,3,Donald Trump was assassinated.,Restatement asserts Trump was assassinated; rating 100 endorses the described conspiracy claim as true.,"Rating 100 means believing Trump was assassinated, endorsing the conspiracy.","Rating 100 means endorsing the conspiracy that Donald Trump was assassinated, matching the participant's description."
R_5Va586Qt2bY2LME,affirms,affirms,affirms,affirms,3,We have been visited by aliens.,Restatement directly asserts the participant’s belief that aliens have visited; 100 indicates full endorsement.,Restatement directly affirms the conspiracy that aliens have visited Earth.,Rating the restatement 100 directly endorses the participant's belief that aliens have visited Earth.
R_5Va5LloUSUTxpUh,affirms,affirms,affirms,affirms,3,Multiple people were involved in the assassination of John F. Kennedy.,Restatement matches participant’s conspiracy claim; rating 100 endorses multiple-assailant involvement.,Restatement directly states the conspiracy: multiple people involved in JFK assassination.,The restatement directly asserts the participant's conspiracy theory that multiple people were involved.
R_5VeF0igYoUatttT,affirms,affirms,affirms,affirms,3,Lee Harvey Oswald did not act alone in the assassination of Kennedy.,"Restatement asserts Oswald had help, matching participant’s suspected accomplice/foreign involvement.",Rating 100 endorses the conspiracy that Oswald had accomplices.,"Rating 100 means agreeing Oswald had an accomplice, which directly affirms the participant's conspiracy theory."
R_5VfovKmbEsok3Qd,affirms,affirms,affirms,affirms,3,The 9/11 attacks were orchestrated by the U.S. as a pretext to justify the invasion of the Middle East.,Restatement asserts the described conspiracy; a 100 rating indicates full endorsement of U.S.-orchestrated 9/11.,Restatement directly states the conspiracy: US staged 9/11 to justify Middle East invasion.,"Rating 100 means agreeing the US orchestrated 9/11, which directly affirms the participant's conspiracy theory."
R_5VnVObmiupQSkX7,affirms,affirms,affirms,affirms,3,The Republican party is consistently concealing information and targeting the Democratic party while ignoring their own flaws.,"Restatement asserts Republicans hide information and selectively target Democrats, matching participant’s conspiracy claim.",Rating 100 endorses the conspiracy that Republicans hide things and act hypocritically.,Rating 100 endorses the participant's belief that the Republican party hides information and unfairly targets Democrats.
R_5W42O5GdDuDAOB3,affirms,affirms,affirms,affirms,3,A government created the coronavirus as a weapon and released it worldwide to test its effectiveness.,Restatement directly asserts the participant’s described conspiracy as true.,Restatement directly mirrors the conspiracy: government-made bioweapon released as a test.,The restatement directly asserts the participant's conspiracy theory that a government created and released the coronavirus.
R_5WCv4ctNvjEr4B3,affirms,affirms,affirms,affirms,3,Princess Diana faked her death and is living at Mar-a-Lago.,Restatement directly asserts the participant’s conspiracy; rating 100 indicates full endorsement.,Restatement directly states the conspiracy as true; 100 = full belief.,The restatement directly asserts the participant's conspiracy theory as a factual claim.
R_5WJtqiEzotbFKeu,affirms,affirms,affirms,affirms,3,A hidden deep state secretly controls the United States.,Restatement asserts the deep state controls the US; rating 100 endorses the participant’s conspiracy claim.,Restatement directly asserts the conspiracy; rating 100 means believing it.,Rating the restatement 100 directly endorses the participant's described conspiracy of a deep state controlling the US.
R_5WeNCJtuwpIJtkd,affirms,affirms,affirms,affirms,3,"The 2020 elections were falsely counted, resulting in Joe Biden winning when in fact, President Trump was the rightful winner.","Restatement asserts the election was miscounted and Trump truly won, matching the participant’s conspiracy.",Restatement directly asserts the stolen election conspiracy as true.,The restatement directly asserts the conspiracy theory that the 2020 election was rigged against Trump.
R_5Wxo62CLy3Aoa80,affirms,affirms,affirms,affirms,3,The COVID-19 vaccination was used to destabilize world governments and reduce the population.,Restatement directly asserts the participant’s conspiracy claim; rating 100 endorses the conspiracy.,Restatement directly states the conspiracy as true; 100 = full belief.,The restatement directly asserts the participant's conspiracy theory about the COVID-19 vaccine as true.
R_5XE0gxIn1qY3qsV,affirms,affirms,affirms,affirms,3,A small group of people secretly runs the world and makes all the major global decisions.,"Restatement asserts the existence of a secret cabal running the world, matching the participant’s conspiracy.",Restatement directly asserts the hidden cabal conspiracy the participant described.,Rating 100 directly endorses the participant's described conspiracy theory about a secret cabal running the world.
R_5Xp60Sw4Sq2CaWu,affirms,affirms,affirms,affirms,3,Jeffrey Epstein faked his death to protect the influential people he was involved with.,"Restatement asserts Epstein faked his death, matching the participant’s described conspiracy suspicion.",Restatement directly states the conspiracy: Epstein's death was faked to protect elites.,"Rating 100 means believing Epstein faked his death, which directly affirms the participant's conspiracy theory."
R_5XpOaM0EOPPdBPv,affirms,affirms,affirms,affirms,3,Government files are buried with Ivana Trump on his golf course.,Restatement directly asserts the participant’s conspiracy claim; rating 100 means fully endorsing it.,Restatement directly states the conspiracy as true; 100 = believes it.,Rating 100 directly endorses the participant's theory that government files are buried in Ivana Trump's casket.
R_5Ym1gQdAvL0gkoa,affirms,affirms,affirms,affirms,3,The government is hiding war bases.,Restatement directly asserts the participant’s conspiracy claim; rating 100 means fully believing government hides war bases.,Restatement directly states the conspiracy as true; 100 = believes it.,The restatement directly asserts the participant's conspiracy theory as true.
R_5Yng5mo4bwPGXct,affirms,affirms,affirms,affirms,3,The government has evidence of aliens stored in Area 51.,Restatement directly asserts the described conspiracy claim; rating 100 means believing aliens’ evidence is stored at Area 51.,Restatement directly asserts the conspiracy claim; rating 100 endorses it.,Rating the restatement 100 directly endorses the participant's conspiracy theory about aliens at Area 51.
R_5YoaI5daEzdYdkM,affirms,affirms,affirms,affirms,3,"Hillary Clinton was transferred to prison at Guantanamo Bay, given a military trial for her crimes, and was executed.",Restatement directly asserts the described conspiracy as true; 100 means endorsing it.,Restatement directly states the conspiracy as true; 100 = full belief.,The restatement directly asserts the participant's conspiracy theory that Hillary Clinton was executed at Gitmo.
R_5YsUA2rRxhHmilF,affirms,affirms,affirms,affirms,3,The government is listening to all our conversations through our phones.,Restatement directly asserts the described conspiracy; 100 means endorsing government phone surveillance claim.,Restatement directly states the conspiracy as true; 100 = full belief.,The restatement directly asserts the conspiracy theory described by the participant.
R_5Z2hQuuYVmFDi5X,affirms,affirms,affirms,affirms,3,NASA faked the moon landing between 1969 and 1972 because the flag is waving despite the absence of gravity.,Restatement directly claims the moon landings were faked; 100 means endorsing the conspiracy.,Restatement directly asserts the conspiracy: NASA faked moon landings.,Rating the restatement 100 directly endorses the participant's conspiracy theory that the moon landing was faked.
R_5ZFjvnnR3ZkQzjH,affirms,affirms,affirms,affirms,3,Aliens were born from a phenomenon and still roam the earth and outer space.,"Restatement asserts aliens exist and roam Earth/space, matching participant’s conspiracy claim.",Restatement directly mirrors participant's conspiracy claim about alien existence and origin.,The restatement directly asserts the participant's belief that aliens exist and roam the earth.
R_5ZMLYUL7NFD7mmd,affirms,affirms,affirms,affirms,3,JFK was assassinated by someone hired by the government.,Restatement matches participant’s belief that the government hired someone to kill JFK.,Restatement directly states the participant's belief that government hired the killer.,The restatement directly asserts the participant's conspiracy theory that the government hired JFK's assassin.
R_5Zi3Sbbhb3iaAud,affirms,affirms,affirms,affirms,3,"The USA knew about 9/11 in advance, and the Twin Towers were brought down by a controlled implosion in addition to jet-fuel fires.","Restatement asserts US foreknowledge and controlled demolition, matching the participant’s conspiracy claim.",Restatement directly asserts the conspiracy: US foreknowledge and controlled demolition.,The restatement directly asserts the participant's conspiracy theory that the US knew about 9/11 and imploded the towers.
R_5a9ycZ6vDiL1465,affirms,affirms,affirms,affirms,3,Beyoncé and Jay-Z are complicit in satanic activities and have manipulated events to ensure that P Diddy took the fall for their abuse of men and women.,Restatement asserts the conspiracy claim as true: Beyoncé/Jay-Z satanic complicity and framing Diddy as scapegoat.,Restatement directly asserts the conspiracy; rating 100 means fully believing it.,The restatement directly asserts the participant's conspiracy theory that Beyoncé and Jay-Z are complicit in abuse.
R_5aKyonpRLl8vgd3,affirms,affirms,affirms,affirms,3,"The U.S. did not actually land on the moon, and the flag’s appearance suggests it was blown by wind despite the moon’s lack of atmosphere.",Restatement asserts the moon landing was faked; 100 would endorse the participant’s described conspiracy.,Rating 100 endorses the moon landing hoax conspiracy the participant described.,"Rating 100 means believing the US did not land on the moon, affirming the conspiracy."
R_5aODp3vhA9VqqYn,affirms,affirms,affirms,affirms,3,A secret government program has recovered unidentified flying objects and is concealing evidence of non-human technology from the public.,Restatement directly asserts the participant’s described UFO recovery and non-human technology concealment conspiracy as true.,Restatement is verbatim the conspiracy claim; 100 = full belief in it.,The restatement directly asserts the participant's conspiracy theory as true.
R_5abfS5hzEQ4Uso4,affirms,affirms,affirms,affirms,3,A secret elite controls the government.,Restatement directly asserts the participant’s described deep-state conspiracy as true.,Restatement directly asserts the conspiracy claim; rating 100 endorses it.,The restatement directly asserts the core claim of the conspiracy theory described by the participant.
R_5azIHc1S5DTDEdP,affirms,affirms,affirms,affirms,3,The Mandela Effect occurs when a group of people have inaccurate memories that contradict factual events.,Restatement matches participant’s described theory; 100 means endorsing that Mandela Effect phenomenon exists.,Restatement directly affirms the Mandela Effect as described by the participant.,The restatement directly affirms the participant's specific description of the Mandela effect.
R_5b70Gkqbrmqt0m5,affirms,affirms,affirms,affirms,3,Aliens exist but have not been seen yet.,Restatement matches participant’s claim that aliens exist but remain unseen; 100 indicates endorsing that belief.,Restatement directly matches participant's belief that unseen aliens exist.,The restatement directly asserts the participant's belief in unseen aliens.
R_5bOioVa7JlMVooa,affirms,affirms,affirms,affirms,3,The Twin Towers were not destroyed by planes and fires.,Restatement directly asserts the participant’s conspiracy claim; rating 100 endorses it.,Restatement directly matches the conspiracy claim; rating 100 endorses it.,"Rating 100 agrees planes and fires did not destroy the towers, directly affirming the participant's conspiracy theory."
R_5bWdnZCT6kE6ytP,affirms,affirms,affirms,affirms,3,The government is attempting to sequester Tesla's unlimited energy device.,"Restatement directly asserts the government is hiding/sequestering Tesla’s unlimited energy device, matching the described conspiracy.",Restatement directly states the conspiracy as true; 100 = believing it.,The restatement directly asserts the participant's conspiracy theory as true.
R_5bZyk9q9kZEYz4Q,affirms,affirms,affirms,affirms,3,The government has been hiding their encounters with UFOs for many years.,"Restatement asserts government concealment of UFO encounters, matching participant’s conspiracy claim.",Restatement directly states the conspiracy: government concealing UFO encounters.,The restatement directly asserts the participant's conspiracy theory that the government is hiding UFO encounters.
R_5bzKw9kMNe7Aqul,affirms,affirms,affirms,affirms,3,The government was responsible for killing JFK.,Restatement directly asserts the conspiracy claim; rating 100 means fully believing government killed JFK.,"Restatement directly asserts government killed JFK, matching the conspiracy.",Rating the restatement 100 directly endorses the participant's belief that the government killed JFK.
R_5c5tYICu5aF74bd,affirms,affirms,affirms,affirms,3,"Antarctica is a lost civilization, and the government is hiding ancient archaeological evidence in the area.","Restatement asserts Antarctica is a hidden lost civilization with suppressed evidence, matching the participant’s conspiracy claim.",Restatement directly asserts the conspiracy: hidden ancient civilization in Antarctica.,The restatement directly asserts the participant's conspiracy theory that Antarctica is a hidden lost civilization.
R_5cAZC8PxzUjcWbG,affirms,affirms,affirms,affirms,3,The government spread the movie for population control by instilling mass fear and linking it to deaths.,"Restatement asserts the government intentionally spread the movie to control the population, matching the participant’s conspiracy.",Restatement directly asserts the conspiracy claim; rating 100 endorses it.,The restatement directly asserts the participant's conspiracy theory that the government spread the 'movie' for population control.
R_5cAcFLiewn6z4eG,affirms,affirms,affirms,affirms,3,Marilyn Monroe was murdered and her death was not an accidental overdose.,"Restatement asserts the conspiratorial claim (murder), aligning with the participant’s described suspicion about her death.","Rating 100 means believing Monroe was murdered, endorsing the conspiracy.",Rating 100 endorses the conspiracy that Marilyn Monroe was murdered rather than dying of an accidental overdose.
R_5cJvUpuRx0HceKB,affirms,affirms,affirms,affirms,3,"NASA is conducting secret research into the ocean and concealing important information from the public, sharing it only with the government.","Restatement asserts NASA secretly researches the ocean and hides findings, matching participant’s conspiracy claim.","Rating 100 endorses NASA hiding ocean research from public, matching the conspiracy.",The restatement directly asserts the participant's conspiracy theory that NASA is secretly exploring the ocean.
R_5cW3ZiXSax3SbmN,affirms,denies,affirms,affirms,3,Trump was not involved in any crimes on Epstein Island and had no connection to the activities that took place there.,Restatement matches participant’s claim that Trump had no involvement; 100 endorses that conspiracy account.,Participant believes Trump WAS involved; restatement says he was NOT involved.,The restatement exactly matches the participant's described belief that Trump was not involved in Epstein's crimes.
R_5cXFymsZKdbaFz7,affirms,affirms,affirms,affirms,3,Trump faked his assassination attempts to gain public sympathy.,Restatement directly asserts participant’s conspiracy; rating 100 means fully endorsing it.,Restatement directly states the conspiracy as true; 100 = believes it.,The restatement directly asserts the participant's conspiracy theory as true.
R_5cXP9DYEc61reAG,affirms,affirms,affirms,affirms,3,"Various alien forms, including Reptilians and Pleiadians, are present on Earth.",Restatement asserts these alien forms are on Earth; rating 100 endorses the described belief.,Rating 100 commits rater to believing alien forms like Reptilians exist on Earth.,"Rating 100 means agreeing that alien forms like Reptilians and Pleiadians are present on Earth, affirming the conspiracy."
R_5cbmiO8SfKCa1J4,affirms,denies,affirms,affirms,3,"God does not exist, as believers’ pleas for intervention in human suffering (e.g., slavery) have gone unanswered.","Restatement asserts God is not real, matching the participant’s described claim; 100 would endorse it.","Participant believes in God; restatement asserts God does not exist, opposing their stated belief.",The restatement asserts the participant's described alternative belief (that God does not exist) as true.
R_5coHjVykCnm3c65,affirms,affirms,affirms,affirms,3,"Extraterrestrial beings are present in Area 51 in Nevada, USA, and Bigfoot is alive in Washington.",Restatement asserts ETs at Area 51 and Bigfoot alive; 100 rating endorses those conspiratorial claims.,Rating 100 directly endorses both the ET and Bigfoot conspiracies described.,"Rating 100 means believing ETs are in Area 51 and Bigfoot is alive, affirming the conspiracy."
R_5coPN0rX1ETwYSc,affirms,affirms,affirms,affirms,3,The US government is using advanced technology to manipulate weather patterns.,Restatement directly asserts the participant’s conspiracy; rating 100 means fully endorsing it.,Restatement directly states the conspiracy as true; 100 = full belief.,The restatement directly asserts the participant's conspiracy theory about government weather manipulation as true.
R_5cqNhODkKxXtlCZ,affirms,affirms,affirms,affirms,3,The military is hiding aliens or their spacecraft.,"A 100 rating endorses the claim that the military conceals aliens/spacecraft, matching the participant’s conspiracy.",Restatement directly states the conspiracy as true; 100 = believes it.,Rating the restatement 100 directly endorses the participant's belief that the military is hiding aliens.
R_5cvtewGjYZ2IYBb,affirms,affirms,affirms,affirms,3,Earth is hollow and only accessible to a few people.,"Restatement asserts hollow Earth and restricted access, matching participant’s conspiracy claim.",Restatement directly asserts the hollow earth conspiracy as true.,Rating 100 directly endorses the participant's belief that the Earth is hollow and access is restricted.
R_5cvzkU6byXOOA2c,affirms,affirms,affirms,affirms,3,There was more than one shooter on the Grassy Knoll when JFK was shot.,Restatement directly asserts the participant’s conspiracy claim; rating 100 endorses multiple shooters.,Restatement directly states the conspiracy claim verbatim; 100 = believes it.,The restatement directly asserts the participant's conspiracy theory.
R_5d2UjOcJE5x99rX,affirms,affirms,affirms,affirms,3,The United States faked the Apollo moon landings and humans did not actually travel to the moon.,Restatement asserts moon landing was faked; rating 100 endorses participant’s conspiracy.,"Restatement directly asserts the moon landing was faked, matching the conspiracy.","Rating the restatement 100 means agreeing the moon landing was faked, directly affirming the participant's conspiracy."
R_5dJNRozi182kOYn,affirms,affirms,affirms,affirms,3,The CIA conducted mind control experiments known as MK Ultra.,"Restatement asserts MK Ultra mind-control experiments happened, matching participant’s described conspiracy claim.","Rating 100 affirms the CIA ran MK Ultra mind control experiments, endorsing the conspiracy.",Rating 100 affirms the participant's claim that the CIA conducted MK Ultra mind control experiments.
R_5dQrnJ6wjAqC4D6,affirms,affirms,affirms,affirms,3,The 2024 election was unfair because not all ballots were counted and President Trump influenced the outcome by paying people off.,"A 100 rating endorses claims of election unfairness, incomplete ballot counting, and Trump’s undue influence.","Restatement expresses doubt about election fairness, aligning with the conspiracy belief.","Rating 100 means believing the election was unfair due to Trump's influence, matching the participant's conspiracy."
R_5dcZPI6YsHSBdv3,affirms,affirms,affirms,affirms,3,Elvis Presley is secretly alive.,Restatement directly asserts the conspiracy claim that Elvis did not die and is alive.,Restatement directly states the conspiracy: Elvis faked his death and lives secretly.,"Rating 100 means believing Elvis is alive, which directly endorses the participant's conspiracy theory."
R_5diU4xmjVJwAyh5,affirms,affirms,affirms,affirms,3,"Aliens are flying UFOs everywhere, and the government is covering it up.",Restatement asserts the participant’s conspiracy claim; rating 100 means fully endorsing alien UFOs and government cover-up.,Restatement directly matches the conspiracy; rating 100 endorses it.,Rating the restatement 100 directly endorses the participant's belief in UFOs and a government cover-up.
R_5dsjjBOubwMUhzv,denies,unclear,unclear,unclear,3,Aliens exist and the government is hiding this fact from the public.,"Restatement says government doesn’t know, contradicting the claimed government cover-up.",Restatement contradicts the conspiracy's core claim of government concealment.,"It affirms aliens exist but denies the government cover-up, creating a mixed direction."
R_5e4RLvMEC3E9twD,denies,affirms,affirms,affirms,3,"United States astronauts did not actually walk on the moon in the 1960s because the flag appears to be blowing in the wind, and there is no wind in space.",Participant described moon landing as real; restatement claims they did not walk on the moon.,Rating 100 endorses the moon landing hoax conspiracy the participant described.,Rating 100 endorses the conspiracy theory that the moon landing was faked.
R_5e5uAlNV5natWzk,affirms,affirms,affirms,affirms,3,The assassination attempt on Donald Trump was staged.,"A 100 rating endorses the claim that the assassination attempt was staged, matching the participant’s conspiracy.",Restatement directly asserts the conspiracy; rating 100 means believing it was staged.,Rating the restatement 100 directly endorses the participant's described conspiracy that the assassination attempt was staged.
R_5ePvKXBIRIZa5Qq,affirms,affirms,affirms,affirms,3,There are two female bodies buried at Epstein's New Mexico ranch.,Restatement directly asserts the alleged buried bodies claim; rating 100 endorses the conspiracy.,Restatement directly asserts the conspiracy claim as true.,Rating 100 endorses the exact conspiracy claim that bodies are buried at the ranch.
R_5eRDed7popwIJmn,affirms,affirms,affirms,affirms,3,The Illuminati is real and sacrifices people's souls for money.,Restatement directly asserts the participant’s conspiracy; rating 100 means fully endorsing it.,Restatement directly asserts the conspiracy as true; 100 = full belief.,Rating 100 endorses the participant's exact claim that the Illuminati exists and sacrifices souls for money.
R_5eVuEpmEUuKFj5T,affirms,affirms,affirms,affirms,3,"When CERN was built, we got sucked into another dimension, causing the world to feel different and time to move more quickly.",Restatement directly asserts the participant’s CERN-dimension-shift conspiracy as true.,Restatement directly asserts the conspiracy; rating 100 means fully believing it.,The restatement directly asserts the participant's conspiracy theory as true.
R_5esrCoIT0xnrMjv,affirms,affirms,affirms,affirms,3,"The U.S. government is falsely claiming the US-Mexico border wall is still being constructed, but there is no real, visible construction happening.","Restatement matches participant’s claim: government says wall continues, but there’s no evidence it’s actually being built.",Rating 100 endorses the conspiracy: government claims construction but no evidence exists.,Rating 100 endorses the participant's belief that the government is falsely claiming to build the wall.
R_5euH2CNwTHgxcRP,affirms,affirms,affirms,affirms,3,The U.S. orchestrated the 9/11 attacks to justify the invasion of Iraq.,"Restatement asserts 9/11 was a U.S. inside job to invade Iraq, matching participant’s described conspiracy.",Restatement directly states the conspiracy: US orchestrated 9/11 to invade Iraq.,Rating 100 means endorsing the conspiracy that the US orchestrated 9/11 to invade Iraq.
R_5f1bbDibljkDR1g,affirms,denies,affirms,affirms,3,Astronauts have traveled to Mars and found no evidence of life.,"Restatement asserts humans/astronauts have been to Mars, matching participant’s conspiratorial claim.",Restatement confirms official account (no life found); conspiracy suspects hidden/missed life.,Rating 100 affirms the participant's belief that astronauts have secretly traveled to Mars.
R_5f8p1mtvGdwHYcS,affirms,affirms,affirms,affirms,3,The government is hiding evidence that we are not alone in the Universe.,A 100 rating endorses the claim that the government is concealing evidence of extraterrestrial life.,Restatement directly matches the participant's stated conspiracy belief verbatim.,The restatement directly asserts the participant's conspiracy theory.
R_5f9Th9EQETm6qEy,affirms,affirms,affirms,affirms,3,Extraterrestrial beings have made contact with Earth.,"Restatement asserts extraterrestrial contact is possible, aligning with participant’s belief that such contact could be real.","Rating 100 endorses the possibility of extraterrestrial contact, matching the conspiracy.","Rating 100 means agreeing extraterrestrial contact is possible, directly affirming the participant's described conspiracy."
R_5fHcgvSSzx1hXAx,affirms,affirms,affirms,affirms,3,Donald Trump is going to add his name to the dollar bill.,Restatement directly asserts the participant’s described claim; rating 100 indicates believing it is true.,Restatement directly states the conspiracy claim as true; 100 = believes it.,"Rating 100 means believing Trump will add his name to the dollar bill, affirming the conspiracy."
R_5fJ464tYqveATgf,affirms,affirms,affirms,affirms,3,Bigfoot exists.,"The restatement directly asserts Bigfoot’s existence, matching the participant’s described conspiracy belief.","Rating 100 means believing Bigfoot exists, directly affirming the participant's belief.","Rating 100 means believing Bigfoot exists, which directly affirms the participant's described conspiracy."
R_5fJLzIpjw2S96jK,affirms,affirms,affirms,affirms,3,Birds are controlled by the government and are used as spies.,Restatement directly asserts the participant’s conspiracy; rating 100 means fully endorsing it.,Restatement directly states the conspiracy as true; 100 = full belief.,The restatement directly asserts the participant's conspiracy theory that birds are government spies.
R_5fehuscvEaiEDIu,affirms,affirms,affirms,affirms,3,"The government has been withholding classified information regarding the true origins and nature of UAPs, potentially concealing advanced technology retrieved from non-human intelligence for decades.",Restatement directly asserts the described conspiracy; rating 100 equals full endorsement of government concealment of non-human tech.,Restatement directly mirrors the conspiracy claim; rating 100 endorses it.,The restatement directly asserts the participant's conspiracy theory as true.
R_5fg7AygCmgTxpvM,affirms,affirms,affirms,affirms,3,There is another world in Alaska at the polar ice caps.,Restatement directly asserts the participant’s claimed hidden world; rating 100 endorses the conspiracy.,Restatement directly asserts the conspiracy; rating 100 means believing it.,Rating 100 directly endorses the participant's belief that another world exists at the Alaskan polar ice caps.
R_5fiDSwuIiKzJqzD,affirms,affirms,affirms,affirms,3,The government faked the moon landing.,Restatement directly asserts the conspiracy; rating 100 means fully endorsing it.,Restatement directly states the conspiracy as true; 100 = believes it.,Rating the restatement 100 directly endorses the participant's described conspiracy that the moon landing was faked.
R_5fjGqBuWWTgh9qa,affirms,affirms,affirms,affirms,3,The war in the Middle East is aimed at destroying Iran to seize its oil industry.,Restatement asserts the conspiracy’s claim; rating 100 indicates belief in that motive.,Restatement directly states the conspiracy as true; 100 = full belief.,Rating the restatement 100 directly endorses the participant's conspiracy that the Middle East war aims to seize Iranian oil.
R_5fk11OgGjseQGA9,affirms,affirms,affirms,affirms,3,The government knew about the attacks before they happened and did not stop them.,"Restatement asserts government foreknowledge and inaction, matching participant’s described conspiracy claim.","Restatement directly asserts government foreknowledge and inaction, endorsing the conspiracy.",Rating 100 endorses the conspiracy that the government had foreknowledge of the attacks and allowed them to happen.
R_5flNTFXaSCFMwLP,affirms,affirms,affirms,affirms,3,The earth is flat.,Restatement directly asserts the flat-earth claim; rating 100 means endorsing the conspiracy belief.,Restatement directly asserts the flat earth conspiracy as true.,"Rating 100 means believing the earth is flat, which is the conspiracy theory described."
R_5fpmMTSVsw98uOJ,affirms,denies,affirms,affirms,3,The earth is not flat.,Participant’s described belief is that Earth is not flat; rating 100 endorses that statement.,Participant describes flat earth as false; restatement affirms official spherical earth view.,The restatement directly affirms the participant's exact description that the earth is not flat.
R_5fuMacEO8gpCWUd,affirms,affirms,affirms,affirms,3,The government is withholding information about AI and its potential impacts on society.,"A 100 rating endorses the claim that the government is hiding AI information, matching the participant’s conspiracy.",Restatement directly mirrors the participant's claim of government concealment about AI.,Rating 100 endorses the participant's belief that the government is hiding information about AI.
R_5g5DgVnyfArv9s9,affirms,affirms,affirms,affirms,3,"The government possesses technology to perform soul transfers on celebrities and elites, resulting in sudden changes in their appearance, behavior, and speech.","Restatement asserts the government has and uses soul-transfer tech on celebrities/elites, matching the participant’s conspiracy claim.",Restatement directly asserts the conspiracy as true; 100 = full belief.,The restatement directly asserts the participant's conspiracy theory as true.
R_5g6of7LneN7suRD,affirms,affirms,affirms,affirms,3,There was voting fraud in the 2020 elections.,Restatement explicitly claims 2020 election voting fraud; rating 100 endorses the conspiracy claim.,Restatement directly asserts the conspiracy; rating 100 endorses fraud claim.,Rating the restatement 100 directly endorses the conspiracy theory that the 2020 election involved voting fraud.
R_5gBWabhoWxOUz5f,affirms,affirms,affirms,affirms,3,"The world was seeded by aliens thousands of years ago, and they beamed Jesus out of his tomb.",Restatement directly asserts the participant’s alien seeding and Jesus-beaming claim as true.,Restatement directly asserts both conspiracy claims as true.,The restatement directly asserts the participant's conspiracy theory about aliens seeding the world and beaming Jesus.
R_5gLyT6mTqEhbmn1,affirms,affirms,affirms,affirms,3,We did not actually send men to land on the moon.,Restatement asserts the moon landing was fake; rating 100 endorses the participant’s conspiracy.,"Rating 100 means believing the moon landing was faked, endorsing the conspiracy.","Rating 100 means believing the moon landing did not happen, which directly affirms the conspiracy theory."
R_5gMe0e5Lfj4mcAV,affirms,affirms,affirms,affirms,3,Donald Trump was involved in trafficking and eating children with two other men in the past.,Restatement directly asserts the described conspiracy as true; 100 means endorsing it.,Restatement directly asserts the conspiracy as true; 100 = believes it.,The restatement directly asserts the participant's conspiracy theory as true.
R_5gSWwlqtmSkgSE9,affirms,affirms,affirms,affirms,3,Elon Musk is an alien and former president Barack Obama knows something about it.,Restatement directly asserts the participant’s conspiracy claim; rating 100 means fully endorsing it.,Restatement directly asserts the conspiracy; rating 100 means fully believing it.,The restatement directly asserts the participant's conspiracy theory as a factual claim.
R_5gdqygqGobdhgI4,affirms,affirms,affirms,affirms,3,The US never landed on the moon; it was a hoax orchestrated by Hollywood and the government.,Restatement directly asserts the participant’s moon-landing-hoax conspiracy; 100 means endorsing it.,Restatement directly asserts the conspiracy: moon landing was faked by Hollywood and government.,Rating the restatement 100 directly endorses the participant's belief that the moon landing was a hoax.
R_5h59DpuOd1VfOlO,affirms,affirms,affirms,affirms,3,"The Covid-19 virus got out of control in Africa, and although the Covid shot was presented as protective, it caused other ailments.",Restatement asserts vaccine harms and Africa outbreak claims consistent with participant’s conspiracy narrative.,Rating 100 endorses the conspiracy claims about Africa spread and vaccine harms.,The restatement directly asserts the participant's claims about the virus and the vaccine causing other ailments.
R_5h5WeNUN4hP3qwI,affirms,affirms,affirms,affirms,3,"The 9/11 attacks used CGI planes and the buildings were detonated, with no real crash footage from the Pentagon or Pennsylvania despite claimed witnesses.","Restatement asserts CGI planes and controlled demolition, matching participant’s conspiracy; 100 would endorse it.",Restatement directly asserts the conspiracy: CGI planes and controlled demolition.,The restatement directly asserts the participant's conspiracy theory as true.
R_5h8jSQoQtPEmcb7,affirms,affirms,affirms,affirms,3,The government is manipulating people and listening in on phone calls using advanced technology.,Restatement asserts the described conspiracy (government manipulation and phone call surveillance) as true.,Restatement directly asserts the conspiracy claim; rating 100 endorses it.,Rating 100 endorses the participant's claim that the government manipulates people and listens to phone calls.
R_5hFpDs9T05869yr,affirms,affirms,affirms,affirms,3,The moon landing was faked to help us win the war.,Restatement directly asserts the participant’s conspiracy; rating it 100 indicates full endorsement.,Restatement directly states the conspiracy as true; 100 = believes it.,"Rating 100 means believing the moon landing was faked, which directly affirms the participant's conspiracy."
R_5iIpQhGMTkLOT4t,affirms,affirms,affirms,affirms,3,"The moon landing never happened in 1969, and the government fabricated it to deceive the Russians and make it appear as though we won the space race.",Restatement asserts the 1969 moon landing was faked by the government; rating 100 endorses that conspiracy.,Restatement directly asserts the conspiracy: moon landing was faked by the government.,The restatement directly asserts the conspiracy theory as described by the participant.
R_5iPCsWMlNUgfXd7,affirms,affirms,affirms,affirms,3,The moon landing was faked to make Russia seem inferior during the space race.,"Restatement asserts the moon landing was faked, matching participant’s conspiracy claim.",Rating 100 commits rater to believing the moon landing was faked.,"Rating 100 means believing the moon landing was faked, which aligns with the participant's conspiracy."
R_5iUxNJSYcALPwCf,affirms,affirms,affirms,affirms,3,There is life elsewhere in the universe.,"Rating 100 endorses extraterrestrial life, matching the participant’s expressed suspicion that other life may exist.","Rating 100 endorses extraterrestrial life existing, supporting the conspiracy.","Rating 100 endorses the existence of extraterrestrial life, aligning with the participant's conspiracy."
R_5ifGA4I9qlNd0iJ,affirms,affirms,affirms,affirms,3,All humans will be microchipped within the next ten years.,Restatement directly asserts the participant’s microchipping prediction; rating 100 endorses the conspiracy claim.,Restatement directly states the conspiracy claim verbatim.,The restatement directly asserts the participant's conspiracy theory that all humans will be microchipped.
R_5igvuqj7BHfv30J,affirms,affirms,affirms,affirms,3,The government is kidnapping children and providing them as food for aliens living underground.,Restatement directly asserts the described conspiracy; rating 100 would fully endorse it.,Restatement directly restates the conspiracy; rating 100 endorses it.,The restatement directly asserts the participant's conspiracy theory about the government feeding kidnapped children to underground aliens.
R_5ilK0VEFrzoebZb,affirms,affirms,affirms,affirms,3,Aliens and reptilian creatures are living among us.,Restatement directly asserts the participant’s reptilian-aliens-among-us conspiracy as true.,Restatement directly asserts the conspiracy; rating 100 means believing it.,Rating 100 directly endorses the participant's belief that reptilian aliens live among humans.
R_5is7JFf8sW7M0uq,affirms,affirms,affirms,affirms,3,"Aliens already live within our country, and the government has been communicating with them since the first sightings of UFOs.",Restatement directly asserts the participant’s conspiracy claim as true (aliens here; government communication since early UFOs).,Restatement directly states the conspiracy as true; 100 = full belief.,The restatement directly asserts the participant's conspiracy theory that aliens live among us and communicate with the government.
R_5ixayr8l2j1AMXW,affirms,affirms,affirms,affirms,3,"AI is a lot older and more advanced than what has been shared with the public, and it controls the elite and their political decisions.",Restatement directly asserts the participant’s conspiracy claim as true (advanced old AI controlling elites/politics).,Restatement directly mirrors the participant's conspiracy claims verbatim.,The restatement directly asserts the participant's conspiracy theory as true.
R_5j1JCaFAlQKADip,affirms,affirms,affirms,affirms,3,Michael Jackson is not actually dead.,"Restatement asserts Michael Jackson is alive, matching the participant’s conspiracy doubt about his reported death.","Rating 100 means believing Jackson faked his death, endorsing the conspiracy.","Rating 100 means believing he is alive, which directly affirms the participant's conspiracy theory."
R_5j8GEiq5iUUTaR6,affirms,affirms,affirms,affirms,3,The government is withholding the truth about the alien crash that occurred in Roswell in 1947.,Restatement matches participant’s conspiracy claim; rating 100 would fully endorse government cover-up of Roswell alien crash.,Restatement directly mirrors the conspiracy claim; rating 100 endorses it.,The restatement directly asserts the participant's conspiracy theory that the government is hiding the Roswell alien crash.
R_5jIfxq7106Owr17,affirms,affirms,affirms,affirms,3,"The government is using mind control to turn people into soldiers, as evidenced by the recent attempt to assassinate a president.",Restatement asserts government mind-control program matching participant’s MK-Ultra-style conspiracy; 100 means endorsing it.,Restatement directly asserts the conspiracy claim; rating 100 endorses it.,The restatement directly asserts the participant's belief that the government uses mind control to create soldiers.
R_5jKaHKOY9JgEl8w,affirms,affirms,affirms,affirms,3,Michael Jackson was killed by Scientology.,Restatement directly asserts the participant’s conspiracy; a 100 rating endorses that Scientology killed Michael Jackson.,Restatement directly states the conspiracy as true; 100 = believes it.,Rating 100 directly endorses the participant's conspiracy theory that Scientology killed Michael Jackson.
R_5jPACF5HSHlcKlb,affirms,affirms,affirms,affirms,3,The government is hiding aliens and extraterrestrial objects in Area 51.,Restatement directly asserts the described conspiracy; rating 100 means fully endorsing it.,Restatement directly asserts the conspiracy; rating 100 means fully believing it.,Rating 100 directly endorses the participant's belief that the government hides aliens in Area 51.
R_5jThXAll9vXxALN,affirms,affirms,affirms,affirms,3,The government has had possession of alien technology since the 1950s.,Restatement directly asserts the participant’s conspiracy claim; rating 100 endorses it as true.,Restatement directly asserts the conspiracy claim; rating 100 endorses it.,"Rating 100 means believing the government possesses alien technology, which directly affirms the participant's conspiracy."
R_5jcUeZ34b8JOWrv,affirms,affirms,affirms,affirms,3,Jeffrey Epstein did not kill himself.,Restatement directly asserts the conspiracy claim that Epstein’s death was not suicide.,Restatement directly states the conspiracy claim; 100 = believes conspiracy.,"Rating 100 means believing Epstein didn't kill himself, which directly affirms the participant's described conspiracy theory."
R_5jlZ4QirxAdcnca,affirms,affirms,affirms,affirms,3,"The September 11th attacks were orchestrated or deliberately allowed to happen by elements within the US government, and WTC 7’s collapse resembled a controlled demolition.",Restatement asserts the inside-job claim; rating 100 means endorsing the conspiracy described.,Restatement directly asserts the conspiracy claim; rating 100 endorses it.,The restatement directly asserts the participant's conspiracy theory as true.
R_5jp4AvnMkiQifSc,affirms,affirms,affirms,affirms,3,The government knows about aliens but cannot disclose this information to the public to prevent panic.,"Restatement asserts government knows about aliens and hides it, matching participant’s conspiracy claim.",Restatement directly states the conspiracy: government hides alien knowledge from public.,Rating 100 means endorsing the participant's exact claim that the government hides alien knowledge to prevent panic.
R_5jrzYSGl5oNACVy,affirms,affirms,affirms,affirms,3,"Vampires are real, and historical evidence supports their existence, including ancient widespread belief and corpse findings consistent with vampirism.",Restatement asserts vampires exist and cites supporting evidence; 100 equals endorsing the conspiracy claim.,"Restatement directly asserts vampires are real, matching the conspiracy belief.","Rating 100 means endorsing the claim that vampires exist, which directly affirms the participant's conspiracy."
R_5kFadqom9V9HQ1s,affirms,affirms,affirms,affirms,3,The government is monitoring us through our smart devices.,Restatement directly asserts the participant’s conspiracy claim; rating 100 means fully endorsing it.,"Restatement directly asserts government surveillance via smart devices, matching the conspiracy.",Rating 100 endorses the participant's belief that the government uses smart devices for surveillance.
R_5kLYdUI0DEK0jVi,affirms,affirms,affirms,affirms,3,The Earth is flat and governments globally are concealing this fact to maintain control over public knowledge.,Restatement directly asserts the flat Earth and global government cover-up described as the conspiracy.,Restatement directly asserts the flat Earth conspiracy as true.,Rating the restatement 100 directly endorses the flat Earth conspiracy described by the participant.
R_5kNFg5FSqS0LvHy,affirms,affirms,affirms,affirms,3,"Aliens are abducting and studying humans, then returning them with implants.",Restatement directly asserts the participant’s conspiracy; rating 100 indicates full endorsement.,Restatement directly states the conspiracy as true; 100 = full belief.,Rating the restatement 100 directly endorses the participant's described conspiracy about alien abduction and implants.
R_5kS41tDblKA3OYq,affirms,affirms,affirms,affirms,3,The government is withholding information about UFOs.,Restatement matches participant’s conspiracy that the government isn’t disclosing all UFO information.,"Rating 100 means believing the government hides UFO information, affirming the conspiracy.","Rating 100 means agreeing the government hides UFO information, which directly affirms the participant's conspiracy theory."
R_5kbRXlch5asuuJT,affirms,affirms,affirms,affirms,3,Hidden powerful groups control global events and influence decision-making.,Restatement asserts the same hidden-group control claim; rating 100 endorses the conspiracy.,Restatement directly mirrors the conspiracy: hidden groups controlling global decisions.,Rating the restatement 100 directly endorses the participant's belief in a hidden global controlling group.
R_5kcVNnuo3yqokY0,affirms,affirms,affirms,affirms,3,"The world contains portals, such as mirrors, which allow you to see yourself in different times.","Restatement asserts portals exist and mirrors function as time-viewing portals, matching participant’s conspiracy.",Restatement directly affirms the participant's belief in portals like mirrors.,The restatement directly asserts the participant's belief that mirrors act as portals to different times.
R_5kh2km2hQg4eZhE,affirms,affirms,affirms,affirms,3,"The government is run by a group of unelected people who control things regardless of what party is in power, and those who run for office as outsiders or try to make significant changes are inevitably attacked by intelligence organizations and the media.",Restatement directly asserts the participant’s alleged unelected deep-state control and coordinated attacks on outsiders.,Restatement directly asserts the conspiracy; rating 100 means fully believing it.,The restatement directly asserts the participant's belief in an unelected shadow government controlling politics.
R_5kqgwE0sged3OG1,affirms,affirms,affirms,affirms,3,COVID-19 was deliberately planned long ago to reduce the population to improve the economy.,"Restatement asserts COVID-19 was planned to reduce population for economic benefit, matching the described conspiracy.",Restatement directly states the conspiracy as true; 100 = believes it.,Rating 100 directly endorses the participant's conspiracy theory that COVID-19 was planned for population control.
R_5kyQFwoJ975NV4v,affirms,affirms,affirms,affirms,3,The secret service was involved in Marilyn Monroe's death because of her affair with the President.,"Restatement asserts Secret Service involvement in her death, matching the participant’s described conspiracy.",Restatement directly asserts the conspiracy: secret service killed Monroe due to presidential affair.,The restatement directly asserts the participant's conspiracy theory as true.
R_5l7NYJepCbMofXH,affirms,affirms,affirms,affirms,3,The twin towers were deliberately demolished by the US government through controlled explosions rather than collapsing solely due to the impact of the planes.,Restatement claims US government used controlled explosions; rating 100 endorses participant’s described conspiracy.,"Restatement directly asserts US government controlled demolition, matching participant's conspiracy belief.",Rating 100 endorses the participant's belief that the US government deliberately demolished the twin towers.
R_5lKs4LMtwnSZaGB,affirms,affirms,affirms,affirms,3,The Earth is flat.,Restatement asserts the flat-Earth conspiracy; rating 100 means fully endorsing it.,Restatement directly asserts the flat Earth conspiracy as true.,Rating the statement 100 directly endorses the participant's conspiracy theory that the Earth is flat.
R_5lLeCa8P464mHL3,affirms,affirms,affirms,affirms,3,JFK was killed by the CIA.,Restatement directly asserts the participant’s conspiracy claim; rating 100 means fully endorsing it.,Restatement directly states the conspiracy as true; 100 = believes CIA killed JFK.,Rating the restatement 100 directly endorses the participant's belief that the CIA killed JFK.
R_5lllfb2LuPV6Fc5,affirms,affirms,affirms,affirms,3,The government is hiding evidence of extraterrestrial life.,A 100 rating endorses the claim that the government conceals extraterrestrial evidence.,Restatement directly states the conspiracy claim; rating 100 endorses it.,"Rating 100 means agreeing the government hides alien evidence, directly affirming the participant's described conspiracy."
R_5ln2sMmwjhX86Kl,affirms,affirms,affirms,affirms,3,NASA faked the Apollo moon landings in a studio and has been covering it up ever since.,Restatement directly asserts the participant’s conspiracy; rating 100 means fully endorsing the fake moon landing claim.,Restatement directly states the conspiracy as true; 100 = full belief.,Rating the restatement 100 directly endorses the conspiracy that the moon landings were faked.
R_5lsM9VE5rYYXUkh,affirms,affirms,affirms,affirms,3,Aliens exist and the government has been covering it up because they have obtained technology from them.,"Restatement asserts aliens exist and government cover-up for alien technology, matching the participant’s conspiracy claim.",Restatement directly asserts the conspiracy: alien existence and government cover-up of obtained technology.,The restatement directly asserts the participant's conspiracy theory about aliens and a government cover-up.
R_5ltKOQ9pZ0JYUMN,affirms,affirms,affirms,affirms,3,The law is falsely incarcerating people on probation to meet a quota.,Restatement matches participant’s conspiracy; rating 100 endorses false probation incarcerations to satisfy quotas.,Restatement directly mirrors the conspiracy: false incarceration to meet quotas.,The restatement directly asserts the participant's belief that the legal system falsely jails probationers to meet quotas.
R_5ltSVrYbTFzL1w7,affirms,affirms,affirms,affirms,3,The CIA killed Kennedy and framed Oswald.,Restatement directly asserts the participant’s conspiracy; 100 means fully endorsing CIA involvement and framing.,Restatement directly states the conspiracy as true; 100 = full belief.,Rating 100 directly endorses the participant's conspiracy that the CIA assassinated JFK and framed Oswald.
R_5lumQqN0mAGF4tz,affirms,affirms,affirms,affirms,3,The government is hiding aliens in their buildings and has not disclosed the truth to the world.,Restatement directly asserts the participant’s conspiracy claim as true.,Restatement directly asserts the conspiracy: government hiding aliens and lying.,"Rating 100 means believing the government is hiding aliens, which directly affirms the participant's described conspiracy."
R_5m3pFe9NqjdBPRs,affirms,affirms,affirms,affirms,3,"The government orchestrates murders and acts of terrorism to use against other people or countries, including using events like 9/11 to justify actions such as the Desert Storm operation.","Restatement asserts government orchestrates terrorism for geopolitical aims, matching participant’s conspiracy claim.",Restatement directly asserts the conspiracy; rating 100 means fully believing it.,The restatement directly asserts the participant's conspiracy theory that the government orchestrates terrorism for geopolitical excuses.
R_5mGbzkFlmrYWBCV,affirms,affirms,affirms,affirms,3,The government is hiding the fact that they have knowledge of the existence of aliens and their technology.,Restatement directly asserts the described conspiracy; 100 means endorsing government cover-up of alien existence/tech.,Restatement directly states the conspiracy as true; 100 = full belief.,The restatement directly asserts the participant's conspiracy theory as true.
R_5mRpF9mZWA8thOp,affirms,affirms,affirms,affirms,3,There is undisclosed evidence of microbial life discovered in space or on Mars that hasn’t been publicly confirmed.,"Restatement asserts secret, undisclosed microbial-life evidence; rating 100 endorses the conspiracy claim.",Rating 100 means believing governments are hiding Mars microbial life evidence.,Rating 100 means believing the conspiracy that evidence of extraterrestrial microbial life is being kept secret.
R_5msE19BCnTGhLiU,affirms,affirms,affirms,affirms,3,The government is hiding evidence that there are many solar systems with planets.,Restatement asserts the same conspiracy claim that the government conceals evidence of many planetary solar systems.,Restatement directly states the conspiracy: government concealing evidence of other solar systems.,Rating 100 endorses the participant's exact claim that the government is hiding evidence of other solar systems.
R_5n0VHm6Fd6yGGOb,affirms,affirms,affirms,affirms,3,"Donald Trump is effectively a Russian agent who advances Putin’s agenda by lifting sanctions to enrich Russia, enabling support for Iran, and may have dark ties to Jeffrey Epstein that he distracts from with military actions.",Restatement asserts Trump is a Russia/Putin agent with Epstein connections; endorsing it means endorsing the conspiracy.,Rating 100 commits rater to Trump being a Russian agent and Epstein conspirator.,"The restatement directly asserts the participant's claims about Trump, Russia, and Epstein as true."
R_5n6YCkTnKrIfDB8,affirms,affirms,affirms,affirms,3,"The moon landing was faked, with photos shot in a studio instead of space.",Restatement directly asserts the participant’s conspiracy; rating 100 means fully endorsing moon-landing-hoax claim.,Restatement directly asserts the conspiracy; rating 100 means believing it.,The restatement directly asserts the conspiracy theory as true.
R_5n6nzrKABsTEqST,affirms,affirms,affirms,affirms,3,"Actors, actresses, and musicians are being cloned, causing noticeable differences when they return after periods of absence.","Restatement explicitly claims celebrities are cloned and explains observed changes, matching the participant’s conspiracy.",Restatement directly asserts the cloning conspiracy as true.,"Rating 100 means agreeing that celebrities are being cloned, directly affirming the participant's conspiracy theory."
R_5n8Voq2gIZFcJdw,affirms,affirms,affirms,affirms,3,Bigfoot is real and there have been sightings and pictures to support its existence.,Restatement asserts Bigfoot exists; rating it 100 fully endorses the participant’s conspiracy claim.,"Rating 100 means believing Bigfoot is real, matching the conspiracy.","Rating 100 means believing Bigfoot is real, which affirms the participant's conspiracy."
R_5nISYTkWlk1riWK,affirms,affirms,affirms,affirms,3,Pedophilic Jewish cabals run the world.,Restatement directly asserts the participant’s described conspiracy; a 100 rating would endorse it.,Restatement directly asserts the conspiracy as true; 100 = full belief.,Rating the restatement 100 directly endorses the participant's described conspiracy theory.
R_5nJiNas3bDICY2R,affirms,affirms,affirms,affirms,3,Aliens are already living on the planet and the government is covering this up.,Restatement directly asserts participant’s conspiracy; rating 100 means fully endorsing it.,Restatement directly asserts the conspiracy; rating 100 means fully believing it.,Rating 100 directly endorses the participant's belief that aliens live on Earth and the government covers it up.
R_5nP1xlbwm78LUaH,affirms,affirms,affirms,affirms,3,"Every celebrity eventually sells their soul to someone or something and gets brainwashed, resulting in them not remembering things or acting differently after becoming famous.",Restatement directly asserts the described conspiracy as true; 100 means endorsing it.,Restatement directly asserts the conspiracy as true; 100 = full belief.,The restatement directly asserts the participant's conspiracy theory that celebrities sell their souls and are brainwashed.
R_5nPwHHmi1BB8PJL,affirms,affirms,affirms,affirms,3,All of the major nations' governments are being controlled by the Illuminati.,Restatement directly asserts the participant’s Illuminati-control conspiracy as true.,Restatement directly asserts the conspiracy; rating 100 means believing it.,The restatement directly asserts the participant's conspiracy theory that the Illuminati controls major governments.
R_5nanbfemofvnNqF,affirms,affirms,affirms,affirms,3,"The government is hiding the fact that an alien spacecraft crashed in Roswell, New Mexico, and has built a base and bunker in Nevada called Area 51.",Restatement directly asserts the described Roswell crash cover-up and Area 51 base; 100 means endorsing conspiracy.,Restatement directly asserts the conspiracy; rating 100 means fully believing it.,The restatement directly asserts the participant's conspiracy theory about the Roswell crash and Area 51.
R_5nfsG5PAuw4jCwh,affirms,affirms,affirms,affirms,3,The government is hiding extraterrestrials.,Restatement directly asserts the participant’s conspiracy; rating 100 means fully endorsing it.,Restatement directly states the conspiracy as true; 100 = believes it.,"Rating 100 means believing the government is hiding aliens, directly affirming the participant's conspiracy."
R_5nocp1TfNaLhTGT,affirms,affirms,affirms,affirms,3,The 2020 general elections were fixed.,Restatement directly asserts the participant’s conspiracy; 100 means fully endorsing election-fixing claim.,Restatement directly states the conspiracy as true; 100 = believes elections were rigged.,Rating the restatement 100 directly endorses the participant's belief that the 2020 elections were fixed.
R_5nx6vYia58p8GPd,affirms,affirms,affirms,affirms,3,The government is hiding evidence of extraterrestrial visits.,Restatement directly asserts the participant’s conspiracy claim as true.,Restatement directly states the conspiracy as true; 100 = full belief.,The restatement directly asserts the participant's conspiracy theory that the government is hiding evidence of extraterrestrials.
R_5o4KiK29rVG6Q6x,affirms,affirms,affirms,affirms,3,The Illuminati exist and indirectly control the world economy and other societal conditions through elite secret groups.,Restatement asserts the Illuminati exist and control society; 100 endorses the participant’s conspiracy claim.,"Restatement directly asserts Illuminati existence and control, matching the conspiracy.",Rating the restatement 100 directly endorses the participant's belief that the Illuminati exists and controls the world.
R_5o7LUvgXYYAOIrZ,affirms,affirms,affirms,affirms,3,Bigfoot is a real creature that exists in the world.,"A 100 rating endorses Bigfoot’s existence as real, aligning with the described conspiracy claim.","Rating 100 commits rater to Bigfoot being real, affirming the conspiracy.","The main clause asserts Bigfoot is real, affirming the conspiracy theory."
R_5oItybwLj72wVuk,affirms,affirms,affirms,affirms,3,"A secret organization of powerful elites influences governments, media, and global events.",Restatement asserts the existence and influence of the hidden elite organization described by participant.,Restatement directly asserts the conspiracy as true; 100 = full belief.,"The restatement directly asserts the existence and influence of the secret elite organization, affirming the conspiracy."
R_5oMdnEDL0U7a6Lu,affirms,affirms,affirms,affirms,3,Donald Trump is involved in activities that are deliberately hidden and not accurately disclosed to the public.,Restatement matches participant’s suspicion of hidden Trump activities and lack of truthful disclosure; 100 endorses conspiracy.,"Rating 100 endorses hidden activities and deliberate deception by Trump, matching the conspiracy.",Rating 100 endorses the participant's belief that Trump is hiding the truth and involved in secret activities.
R_5otKA2AjzETl0Nf,affirms,affirms,affirms,affirms,3,Donald Trump collaborated with hackers to manipulate non-tech savvy individuals with fake news to win the election.,Restatement directly asserts the participant’s described conspiracy; rating 100 indicates full endorsement.,Restatement directly states the conspiracy as true; 100 = full belief.,The restatement directly asserts the participant's conspiracy theory that Trump used hackers and fake news to win.
R_5pook2sX7PcJfWP,affirms,affirms,affirms,affirms,3,AI will take over the world and it will mark the beginning of the end for all of salvation.,Restatement directly asserts the participant’s described conspiracy as true.,Restatement directly mirrors the participant's conspiracy claim verbatim.,The restatement directly asserts the participant's belief that AI will take over the world and end salvation.
R_5q3HJj4QPNPeaVY,affirms,affirms,affirms,affirms,3,The Bermuda Triangle is a region where things mysteriously disappear.,Restatement asserts the Bermuda Triangle mystery claim; rating 100 endorses that conspiracy narrative.,Rating 100 endorses the conspiracy that things mysteriously vanish in the Bermuda Triangle.,Rating 100 endorses the core conspiracy claim that things mysteriously disappear in the Bermuda Triangle.
R_5q3NjChEyXDuUcq,affirms,affirms,affirms,affirms,3,"The government is concealing evidence that the president has committed treason while supporting an oligarchic rule, disregarding democracy.",Restatement asserts the alleged treason and government cover-up; rating 100 endorses the conspiracy claim.,Restatement directly mirrors the conspiracy: government hiding presidential treason and oligarchy.,"Rating 100 means agreeing the government is hiding evidence of the president's treason, affirming the conspiracy."
R_5q8UWLI9I0P5hMm,affirms,affirms,affirms,affirms,3,Earth is a prison planet where we are being deceived.,Restatement directly asserts the participant’s conspiracy claim; rating 100 endorses the prison-planet deception theory.,Restatement directly asserts the conspiracy; rating 100 endorses it.,Rating 100 directly endorses the participant's exact conspiracy theory that Earth is a deceptive prison planet.
R_5qBD65c7TrwbeIP,affirms,affirms,affirms,affirms,3,Aliens exist and some people have encountered them.,"A 100 rating endorses that aliens are real and have been encountered, matching the participant’s claim.","Rating 100 means believing aliens are real and encounters happened, affirming the conspiracy.","Rating 100 means believing aliens exist and have been encountered, which affirms the participant's conspiracy topic."
R_5qBRPZDohjp2FeX,affirms,affirms,affirms,affirms,3,Artificial intelligence will replace humans in the future.,Restatement matches participant’s claim; rating 100 endorses that AI will replace humans.,Restatement matches the conspiracy claim verbatim; 100 = full belief in AI replacement.,The restatement exactly matches the participant's conspiracy description.
R_5qCUXlnQhMoT7S0,affirms,affirms,affirms,affirms,3,The earth is flat and the sun and moon revolve around it.,Restatement directly asserts the participant’s flat-earth conspiracy; rating 100 endorses it.,Restatement directly asserts the flat earth conspiracy as true.,"Rating 100 endorses the flat earth theory, directly affirming the participant's described conspiracy."
R_5qDQbOdWI7268md,affirms,affirms,affirms,affirms,3,"Aliens control the government, living amongst us both secretly and publicly.",Restatement directly asserts the participant’s conspiracy claim as true; 100 means endorsing alien control and presence.,Restatement directly mirrors the conspiracy claim; rating 100 endorses it.,The restatement directly asserts the participant's conspiracy theory that aliens control the government and live among us.
R_5qFbKqTkUYyZxAX,affirms,affirms,affirms,affirms,3,The first moon landing was filmed on a movie set.,Restatement asserts the conspiracy claim that the moon landing was staged; 100 means endorsing it.,Rating 100 endorses the conspiracy that the moon landing was faked.,"Rating 100 means believing the moon landing was faked, which affirms the participant's conspiracy."
R_5qInpoWTZlzWuuk,affirms,affirms,affirms,affirms,3,"Donald Trump died in an airplane crash in 1989, and the government is hiding this fact.","Restatement directly asserts Trump died in 1989 crash and government cover-up, matching participant’s conspiracy.",Restatement directly asserts the conspiracy claim as true.,The restatement directly asserts the participant's conspiracy theory that Trump died in 1989 and it was covered up.
R_5qK9hpPGf2tsdl2,affirms,affirms,affirms,affirms,3,The government is deliberately poisoning us with chemtrails.,Restatement directly asserts the participant’s chemtrails poisoning conspiracy as true.,Restatement directly states the conspiracy as true; 100 = full belief.,The restatement directly asserts the participant's conspiracy theory as true.
R_5qMymc91icU8AGl,affirms,affirms,affirms,affirms,3,The government has proof that there's life on other planets and has hidden away aliens in a top-secret location.,Restatement directly asserts the alleged cover-up; rating 100 endorses the conspiracy claim.,Restatement directly asserts the conspiracy: government hiding alien proof secretly.,The restatement directly asserts the participant's conspiracy theory as true.
R_5qXpLGi3p67Bh06,affirms,affirms,affirms,affirms,3,"The government creates diversions to distract citizens from its corruption and theft, while expanding surveillance, monitoring communications, and taking guns.",Restatement asserts the same conspiracy: government distracts public to hide corruption/theft and increase surveillance/confiscation.,Restatement directly asserts the conspiracy: government distracts from corruption and surveillance.,The restatement directly asserts the participant's belief that the government creates diversions to hide corruption and surveillance.
R_5qadJQSFcTDT3jx,affirms,affirms,affirms,affirms,3,The government is concealing the existence of angels.,Restatement matches participant’s conspiracy that the government hides angels’ existence; 100 equals full endorsement.,Restatement directly states the conspiracy: government hiding angels' existence.,The restatement directly asserts the participant's conspiracy theory that the government is hiding angels.
R_5qrOlaRgZtHKYig,affirms,affirms,affirms,affirms,3,Global elites are taking over the world.,Restatement asserts the described conspiracy; rating 100 endorses belief that global elites are taking over.,Restatement directly asserts the conspiracy; rating 100 endorses it.,Rating 100 means endorsing the participant's exact conspiracy that global elites are taking over the world.
R_5qyvJOALn2ey2TC,affirms,affirms,affirms,affirms,3,Big Pharma hides cures for common diseases.,Restatement directly asserts the conspiracy claim; rating 100 equals fully endorsing it.,Restatement directly states the conspiracy as true; 100 = full belief.,Rating 100 directly endorses the participant's conspiracy that Big Pharma hides cures.
R_5rKWRm5Lde1y6qJ,affirms,affirms,affirms,affirms,3,"John F. Kennedy was killed by two different people, with shots coming from two different directions and different guns.",Restatement asserts the two-shooter conspiracy described; rating 100 indicates full endorsement of that claim.,Restatement directly asserts the two-shooter conspiracy theory as true.,The restatement directly asserts the participant's multiple-shooter conspiracy theory as true.
R_5rNRMF4LjHdi3t6,affirms,affirms,affirms,affirms,3,"The founding fathers of the United States were connected to the Illuminati, as evidenced by the symbols on the dollar bill.",Restatement asserts the alleged Illuminati connection; rating 100 endorses the described conspiracy.,Restatement directly asserts the conspiracy claim; rating 100 endorses it.,Rating the restatement 100 directly endorses the participant's conspiracy theory about the founding fathers and the Illuminati.
R_5rOkfg6yTFgo76a,affirms,affirms,affirms,affirms,3,Americans did not land on the moon.,Restatement directly asserts the participant’s conspiracy claim; rating 100 means endorsing it.,Restatement directly states the conspiracy claim; rating 100 endorses it.,The restatement directly asserts the participant's conspiracy theory.
R_5rPzeeeXqJAWu5k,affirms,affirms,affirms,affirms,3,The government is hiding aliens in Area 51.,Restatement asserts aliens are in Area 51 and the government is concealing it.,"Rating 100 means believing the government conceals aliens, endorsing the conspiracy.",The restatement directly asserts the participant's conspiracy theory about aliens in Area 51 as true.
R_5rZ11qLsJfKm6JB,affirms,affirms,affirms,affirms,3,"The government is hiding the existence of Bigfoot, which has been around for centuries and has been forced underground.",Restatement asserts government concealment of Bigfoot; 100 agrees with the conspiracy described.,Restatement directly asserts the conspiracy: government concealment of Bigfoot's existence.,Rating 100 endorses the participant's exact conspiracy theory that the government is hiding Bigfoot underground.
R_5rarO7AuU06Pial,affirms,affirms,affirms,affirms,3,"The assassination of John F. Kennedy in Dallas involved the Cubans, Communists, or the Mafia.","A 100 rating endorses alternative actors beyond Oswald, matching the participant’s suspected conspiracy involvement.",Restatement directly endorses the conspiracy that others beyond Oswald were involved.,"Rating 100 endorses the participant's theory that Cubans, Communists, or the Mafia were involved in the assassination."
R_5rwaD0UQr6Gn1ps,affirms,affirms,affirms,affirms,3,The Democrats stole the 2020 election for Biden.,A 100 rating endorses the claim that Democrats stole the 2020 election to benefit Biden.,"Rating 100 means believing Democrats stole the election, endorsing the conspiracy.","Rating 100 means believing the Democrats stole the election, directly affirming the participant's conspiracy."
R_5s5E9xNtpoess08,affirms,affirms,affirms,affirms,3,"The US government was involved in the attacks on September 11th, 2001.",Restatement directly asserts the participant’s conspiracy; rating 100 indicates full endorsement.,"Restatement directly asserts government involvement, matching the conspiracy belief.",Rating the restatement 100 directly endorses the participant's conspiracy theory about US government involvement in 9/11.
R_5s5QhIWWNcuvC2x,affirms,affirms,affirms,affirms,3,The moon landing was filmed in a Hollywood studio.,"Restatement asserts the landing was staged/filmed, matching the participant’s conspiracy claim.",Restatement directly states the conspiracy as fact; 100 = believes it.,The restatement directly asserts the participant's conspiracy theory that the moon landing was faked in a studio.
R_5sprlbvpl60HRj9,affirms,affirms,affirms,affirms,3,Biden and everyone in power are aliens in disguise.,Restatement directly asserts the participant’s conspiracy claim; rating 100 means fully endorsing it.,Restatement directly asserts the conspiracy that Biden and leaders are disguised aliens.,The restatement directly asserts the participant's conspiracy theory that Biden and those in power are aliens.
R_5tEGyT4MU6R2AiB,affirms,affirms,affirms,affirms,3,Celebrities have clones that enable them to work and spend time with their families simultaneously.,"Restatement asserts celebrity cloning as true, matching participant’s conspiracy; 100 indicates endorsing it.",Restatement directly asserts the celebrity cloning conspiracy as true.,The restatement directly asserts the participant's conspiracy theory about celebrity clones as a fact.
R_5ttb6Z3qp28lHPM,affirms,affirms,affirms,affirms,3,Aliens from outer space exist.,"Restatement asserts existence of aliens, matching the participant’s described conspiracy topic.","Rating 100 affirms alien existence, which aligns with the conspiracy topic described.","Rating 100 means believing aliens exist, which directly affirms the participant's described conspiracy topic."
R_5tyt3u55sJetyXG,affirms,affirms,affirms,affirms,3,"Powerful groups control major world events to maintain wealth and power, manipulating governments and media to hide the truth from the general public.",Restatement directly asserts the participant’s described conspiracy as true; 100 means endorsing it.,Restatement directly asserts the conspiracy claim; rating 100 endorses it.,Rating 100 means endorsing the conspiracy that powerful groups control world events.
R_5u2cSbgGBSZ7hpD,affirms,affirms,affirms,affirms,3,They are eating human flesh at McDonald's.,Restatement directly asserts the participant’s cannibalism claim; rating 100 endorses the conspiracy.,Restatement directly states the conspiracy claim; rating 100 endorses it.,Rating 100 directly endorses the participant's conspiracy theory that human flesh is eaten at McDonald's.
R_5uCypK4jsVul5oT,affirms,affirms,affirms,affirms,3,"The 2020 election was rigged by a political party or wealthy corporations, resulting in excessively skewed and unexpectedly biased results.",Restatement directly asserts the participant’s rigging conspiracy as true; 100 indicates full endorsement.,Restatement directly asserts the conspiracy as true; 100 = believes it.,Rating the statement 100 directly endorses the participant's belief that the 2020 election was rigged.
R_5uKuuTBy6xA7h0V,affirms,affirms,affirms,affirms,3,There is an ice wall in Antarctica that holds the waters of the oceans in.,Restatement directly asserts the participant’s conspiracy claim; 100 means fully endorsing it.,Restatement directly states the flat-earth conspiracy claim as true.,The restatement directly asserts the participant's conspiracy theory about the Antarctic ice wall.
R_5uNAgCiL3devAav,affirms,affirms,affirms,affirms,3,The government is hiding aliens until it is time for them to take over our country.,Restatement directly asserts the participant’s conspiracy; rating 100 means fully believing it.,Restatement directly mirrors the participant's conspiracy claim verbatim.,The restatement directly asserts the participant's conspiracy theory about the government hiding aliens for a takeover.
R_5uQi1xYTgZenBeL,affirms,affirms,affirms,affirms,3,The government is hiding its contact with aliens and other life forms.,Restatement asserts the alleged cover-up; rating 100 endorses the described conspiracy.,Restatement directly states the conspiracy: government concealing alien contact. 100 = believes conspiracy.,"Rating 100 means agreeing the government hides alien contact, directly endorsing the participant's conspiracy."
R_5v5R4PZCibnAnzY,affirms,affirms,affirms,affirms,3,"Donald Trump was involved with Jeffrey Epstein, and the government is covering it up by not releasing the files in full format.",Restatement directly asserts the participant’s conspiracy; rating 100 means fully endorsing that cover-up claim.,Restatement directly asserts the conspiracy; rating 100 means fully believing it.,"The restatement directly asserts the participant's conspiracy theory about Trump, Epstein, and the government cover-up."
R_5vU6sLKLc8ydT21,affirms,affirms,affirms,affirms,3,"A spaceship crashed at Roswell, New Mexico.",Restatement asserts the Roswell spaceship-crash claim; rating 100 means endorsing the described conspiracy.,Restatement directly asserts the conspiracy claim; rating 100 endorses it.,Rating the restatement 100 directly endorses the conspiracy that an alien spaceship crashed at Roswell.
R_5w4am2Eh1t7CQ8V,affirms,affirms,affirms,affirms,3,Large technology companies secretly listen to private conversations through smartphones to improve advertising and influence consumer behavior without users’ full knowledge or consent.,Restatement directly asserts the described conspiracy; 100 means endorsing secret smartphone listening without consent.,Restatement directly asserts the conspiracy; rating 100 means fully believing it.,Rating 100 endorses the core conspiracy claim that tech companies secretly listen to conversations for advertising.
R_5wD6QyUQZan1cRz,affirms,affirms,affirms,affirms,3,Billionaires are controlling the government by withholding the country's money from it.,Restatement asserts the same conspiracy claim; rating 100 means endorsing billionaire control via financial leverage.,"Restatement directly asserts billionaires control government via money withholding, matching conspiracy.",The restatement directly asserts the participant's conspiracy theory that billionaires control the government by withholding money.
R_5wGISfxt6rIxZur,affirms,affirms,affirms,affirms,3,The government is intentionally making the population dumber to create mindless workers.,Restatement directly asserts the participant’s conspiracy; rating 100 would fully endorse it.,Restatement directly asserts the conspiracy; rating 100 means fully believing it.,The restatement directly asserts the participant's conspiracy theory as a true statement.
R_5wcVokySOuomf1c,affirms,affirms,affirms,affirms,3,The government is hiding proof of extraterrestrial life in Area 51.,Restatement directly asserts the participant’s conspiracy that the government is concealing alien evidence in Area 51.,Restatement directly matches the conspiracy: government concealing alien evidence at Area 51.,The restatement directly asserts the participant's conspiracy theory that the government hides extraterrestrial proof in Area 51.
R_5wi7Bdnet5pkTCZ,affirms,affirms,affirms,affirms,3,NASA and the US government staged the first moon landing.,Restatement directly asserts the participant’s conspiracy; 100 means fully endorsing it.,Restatement directly asserts the conspiracy; rating 100 means fully believing it.,The restatement directly asserts the conspiracy theory that the moon landing was staged.
R_5wiy2MBnZYIPBEg,affirms,affirms,affirms,affirms,3,The government knows about UFOs and the 1947 Roswell crash involved aliens crashing there.,"Restatement asserts government knowledge and an alien crash at Roswell, matching the participant’s conspiracy claim.","Restatement directly asserts government UFO knowledge and alien crash, matching the conspiracy.",The restatement directly asserts the participant's conspiracy theory that the government knows about the Roswell alien crash.
R_5wowld4JJ0H0jqU,affirms,affirms,affirms,affirms,3,Governments have discovered alien life and are hiding the evidence from the public.,Restatement directly asserts the described conspiracy as true; 100 means endorsing government alien-evidence coverup.,Restatement directly asserts the conspiracy; rating 100 means fully believing it.,The restatement directly asserts the conspiracy theory described by the participant as true.
R_5wyjLAVSrh3HMX0,affirms,affirms,affirms,affirms,3,"John F. Kennedy was killed by someone not identified by the Warren Commission, and Mark Lane’s findings are closer to the truth.",It asserts the Warren Commission was wrong and that an unidentified killer and Mark Lane’s account are correct.,"Rating 100 endorses the conspiracy: Warren Commission wrong, true killer unidentified.","Rating 100 means agreeing the Warren Commission was wrong, which matches the participant's conspiracy belief."
R_5wz0oh7cwNr4yiZ,affirms,affirms,affirms,affirms,3,The government is hiding cures to cancer to continue profiting from cancer treatments.,Restatement directly asserts the described conspiracy; rating 100 indicates full belief in government hiding cancer cures for profit.,Restatement directly mirrors the conspiracy: government conceals cures for profit.,"Rating 100 means believing the government hides cancer cures for profit, directly affirming the participant's conspiracy."
R_5wzspT6xuOEJw0V,affirms,affirms,affirms,affirms,3,"There is an underground city, miles wide, designed to house elites, operating independently from the above-ground power grid and undetectable by modern technology, where disappeared or suddenly ""deceased"" people live out their lives.","Restatement directly asserts the underground elite city and its undetectability, matching the participant’s conspiracy claim.",Restatement directly asserts the conspiracy as true; 100 = full belief.,The restatement directly asserts the existence of the underground city as described by the participant.
R_5xE33HRFxzRGr7B,affirms,affirms,affirms,affirms,3,AI uses personal information to provide tailored suggestions without users knowing what specific information is being shared.,"Restatement asserts AI secretly uses users’ personal data for targeted suggestions, matching the participant’s conspiracy claim.",Restatement directly mirrors the conspiracy: hidden data use for targeted suggestions.,The restatement directly asserts the participant's conspiracy theory as true.
R_5xMIVl6U4MRUVl7,affirms,affirms,affirms,affirms,3,AI is going to take over the earth.,Restatement directly asserts the participant’s described conspiracy; rating 100 means fully endorsing it.,Restatement directly states the conspiracy as true; 100 = believes it.,The restatement directly asserts the participant's conspiracy theory that AI will take over the earth.
R_5yeYeuOipS7g9fX,affirms,affirms,affirms,affirms,3,The government is concealing the existence of aliens and extraterrestrial spacecraft.,Restatement matches participant’s claim that government hides aliens and spacecraft; rating 100 endorses the conspiracy.,"Rating 100 endorses government hiding aliens and UFOs, matching participant's conspiracy.","Rating 100 means believing the government hides aliens, which directly affirms the participant's conspiracy theory."
R_5z6d6B58mGY6fPA,affirms,affirms,affirms,affirms,3,"The Earth is flat, and there is more beyond the ice wall of Antarctica.",Restatement directly asserts the participant’s flat-earth/Antarctica ice wall conspiracy as true.,Restatement directly asserts the flat Earth conspiracy as true.,Rating 100 endorses the participant's belief that the Earth is flat with more land beyond the ice wall.
R_5z8TNvR0q7wFXKm,affirms,affirms,affirms,affirms,3,Jim Carrey is dead and has been replaced by someone who looks different on all platforms.,"Restatement directly asserts Jim Carrey is dead and replaced, matching participant’s conspiracy claim.",Restatement directly asserts the conspiracy that Jim Carrey is dead and replaced.,Rating 100 means endorsing the participant's theory that Jim Carrey is dead and was replaced.
R_5zTV4cLbZE6ceeR,affirms,affirms,affirms,affirms,3,"Aliens are being held at Area 51 in Roswell, New Mexico.",Restatement directly asserts the participant’s conspiracy claim as true; 100 equals full endorsement.,Restatement directly asserts the conspiracy claim; rating 100 endorses it.,The restatement directly asserts the participant's conspiracy theory about aliens at Area 51 as a factual claim.
R_5zr9o9d24lGqICQ,affirms,affirms,affirms,affirms,3,There were multiple shooters involved in the assassination of John F. Kennedy.,Restatement directly asserts the participant’s conspiracy claim that JFK was killed by more than one shooter.,Restatement directly states the conspiracy: multiple shooters killed JFK.,Rating 100 endorses the participant's belief that multiple shooters were involved in JFK's assassination.
R_5zwqo3SltwtYTDW,affirms,affirms,affirms,affirms,3,The government hides a lot of information about aliens.,"Restatement asserts government conceals alien information, matching participant’s described conspiracy about hidden alien stuff.",Restatement directly states the conspiracy: government conceals alien information.,Rating the restatement 100 directly endorses the participant's belief that the government hides alien information.
R_605WkaktnblE0wk,affirms,affirms,affirms,affirms,3,Aliens exist.,"The restatement asserts alien existence, matching the participant’s described conspiracy about aliens.","Rating 100 means believing aliens exist, which affirms the conspiracy described.",Rating 100 affirms the participant's described belief that aliens exist.
R_606QGBuUh9hShR1,affirms,affirms,affirms,affirms,3,There is a secret area in Las Vegas with high-tech equipment for the future.,Restatement directly asserts the existence of the participant’s claimed secret Las Vegas high-tech area.,Restatement directly mirrors the participant's conspiracy claim verbatim.,The restatement directly asserts the participant's conspiracy theory as true.
R_60GKy9vSK9gCd0J,affirms,affirms,affirms,affirms,3,President Donald Trump is prioritizing the pursuit of global oil interests over achieving global peace.,Restatement matches the participant’s conspiracy claim; rating 100 endorses that Trump prioritizes oil over peace.,Restatement directly affirms the conspiracy that Trump pursues oil over peace.,The restatement directly asserts the participant's conspiracy theory as true.
R_60P3truMmU9dJoA,affirms,affirms,affirms,affirms,3,There are other lifeforms outside of Earth.,Restatement directly asserts the participant’s claimed belief; rating 100 means endorsing extraterrestrial life exists.,Restatement directly matches the participant's stated conspiracy belief verbatim.,"Rating 100 means believing in extraterrestrial life, which directly matches the participant's described conspiracy."
R_60ZpxYx80z8Ci14,affirms,affirms,affirms,affirms,3,Pepsi uses aborted fetal tissue/cells in making its formula.,"Restatement asserts Pepsi uses fetal cells in production, matching the participant’s conspiracy claim.",Restatement directly asserts the conspiracy claim; rating 100 endorses it.,"Rating 100 means agreeing that Pepsi uses fetal cells, which directly affirms the participant's conspiracy theory."
R_60wa7Q1JbOZIbmC,affirms,affirms,affirms,affirms,3,Some historical events were planned by secret organizations.,Restatement directly asserts the described conspiracy as true; 100 means endorsing it.,Rating 100 directly endorses the conspiracy that secret organizations planned historical events.,Rating 100 endorses the participant's described conspiracy about secret organizations planning historical events.
R_60wfab9kLVQXyJr,affirms,affirms,affirms,affirms,3,"The government is hiding evidence of extraterrestrial contact and has recovered alien technology, including parts of a spaceship and a dead alien from Area 51 in New Mexico, with aliens potentially walking among us.",Restatement asserts government cover-up and recovered alien tech; rating 100 endorses the participant’s conspiracy.,Restatement directly asserts the conspiracy: government cover-up of ET contact and recovered alien technology.,The restatement directly asserts the participant's conspiracy theory that the government is hiding alien contact and technology.
R_61LeWQF3k2BIxJW,affirms,affirms,affirms,affirms,3,"Aliens and spaceships have been sighted by people, as evidenced by video footage.",Restatement asserts alien/spaceship sightings are real; 100 rating endorses the described conspiracy.,"Rating 100 endorses alien/spaceship sightings, affirming the conspiracy.",Rating 100 means endorsing the conspiracy that people have actually sighted aliens and spaceships.
R_61M1ot4i5hD2E4f,affirms,affirms,affirms,affirms,3,"A political representative is an alien, evidenced by videos showing their eyes looking different and blinking in a nonhuman way.",Restatement asserts the representative is an alien and cites the same video evidence.,"Restatement directly asserts the politician is an alien, matching the conspiracy.",The restatement directly asserts the conspiracy theory that a political representative is an alien.
R_61SZuIzmdjS6j0l,affirms,affirms,affirms,affirms,3,Some UFOs are genuinely alien craft originating from other worlds (not just military equipment).,"A 100 rating endorses that UFOs could be alien/other-worldly, matching the participant’s conspiracy claim.",Restatement directly affirms the participant's belief that some UFOs may be alien.,Rating 100 endorses the participant's belief that some UFOs might be of extraterrestrial origin.
R_61T9cAWkxeI1V9v,affirms,affirms,affirms,affirms,3,"People are being cloned, including celebrities and other people.",The restatement asserts the conspiracy claim as true; rating 100 endorses that people (including celebrities) are being cloned.,Restatement directly asserts the conspiracy that people/celebrities are being cloned.,"Rating 100 means agreeing that people and celebrities are being cloned, directly affirming the participant's conspiracy."
R_61chI9XMPbqq6Gu,affirms,affirms,affirms,affirms,3,9/11 was an inside job orchestrated by the president and U.S. government to help with oil and economic growth.,Restatement directly asserts the participant’s conspiracy; rating 100 means fully endorsing it.,Restatement directly states the conspiracy as true; 100 = full belief.,The restatement directly asserts the participant's conspiracy theory that 9/11 was an inside job.
R_61dMMEL6wCvaxeW,affirms,affirms,affirms,affirms,3,Alien species have abducted people into their spaceships.,Restatement directly asserts the described alien-abduction conspiracy; rating 100 endorses it.,Restatement directly states the conspiracy claim; rating 100 endorses it.,The restatement directly asserts the participant's conspiracy theory that aliens have abducted people.
R_61dv8PVCcP96HQt,affirms,affirms,affirms,affirms,3,Chemical trails in the sky are used to target and harm specific people.,Restatement asserts the chemtrails targeting-harm conspiracy described; rating 100 endorses the conspiracy.,Restatement directly states the conspiracy: chemtrails deliberately harm targeted people.,Rating the restatement 100 directly endorses the participant's conspiracy that chemtrails are used to harm specific people.
R_61hggfKOsq0utbo,affirms,affirms,affirms,affirms,3,The government has secret underground bunkers that are entire cities catering to an elite group of people.,Restatement directly asserts the participant’s conspiracy claim as true; 100 would fully endorse it.,Restatement directly mirrors the conspiracy claim; rating 100 endorses it.,The restatement directly asserts the participant's conspiracy theory as true.
R_61o1iuPMS1fwU6E,affirms,affirms,affirms,affirms,3,There are extraterrestrials on Earth and humans are being cloned.,Restatement directly asserts the participant’s conspiracy claim as true; rating 100 endorses it.,Restatement directly asserts both conspiracy claims as true.,The restatement directly asserts the participant's conspiracy theory about extraterrestrials and cloning as true.
R_61qbFDDBaIfAuw9,affirms,affirms,affirms,affirms,3,"The government is secretly mind controlling us, and we should wear tin foil hats to protect ourselves.",Restatement directly asserts the described mind-control conspiracy as true; 100 equals endorsing it.,Restatement directly asserts the conspiracy; rating 100 means fully believing it.,Rating the restatement 100 directly endorses the participant's conspiracy theory about government mind control.
R_61tTCJTRXcD4MLm,affirms,affirms,affirms,affirms,3,"There was a second gunman involved in the killing of JFK, and evidence such as footprints in the mud beyond the fence supports this.","Restatement claims a second gunman, matching participant’s conspiracy that Oswald did not act alone.",Rating 100 endorses the conspiracy: Oswald did not act alone.,"Rating 100 endorses the existence of a second gunman, which affirms the participant's conspiracy theory."
R_61umVNdwtXzbJOr,affirms,affirms,affirms,affirms,3,Extraterrestrial minerals have been discovered on Earth.,"Restatement matches claim that non-Earth minerals found, supporting the extraterrestrial-stuff belief.","Rating 100 confirms extraterrestrial materials found on Earth, supporting the conspiracy.","Rating 100 means agreeing that extraterrestrial minerals were found, which directly affirms the participant's stated belief."
R_61yrIikiPJyf21x,affirms,affirms,affirms,affirms,3,"The earth is flat with land beyond Antarctica, and photos of the earth are manipulated CGI images.",Restatement asserts the flat-earth conspiracy as true; 100 rating endorses the described conspiracy.,Rating 100 endorses flat earth and CGI photo manipulation conspiracy claims.,Rating the statement 100 directly endorses the participant's belief in a flat earth and fake CGI photos.
R_61yrK5PSKShCcqj,affirms,affirms,affirms,affirms,3,"The CIA, including George H.W. Bush, was involved in the assassination of JFK.","Restatement asserts CIA/Bush involvement in JFK assassination, matching the participant’s conspiracy claim.","Restatement directly asserts CIA/Bush involvement in JFK assassination, matching the conspiracy.",The restatement directly asserts the participant's conspiracy theory as true.
R_62Aqfm9HM65KIjk,affirms,affirms,affirms,affirms,3,Aliens exist and have been captured on video and in photographs.,"Restatement directly asserts aliens exist and that evidence has been recorded, matching participant’s claimed conspiracy.","Rating 100 confirms alien existence and UFO evidence, endorsing the conspiracy.","Rating 100 means believing aliens exist and are captured on tape, directly affirming the participant's conspiracy."
R_62JxrzUQ8iw2d8G,affirms,affirms,affirms,affirms,3,There were multiple shooters involved in the assassination of JFK.,Restatement asserts the conspiracy claim (more than one shooter); 100 means endorsing that conspiracy.,Rating 100 endorses the multiple-shooter conspiracy theory directly.,Rating the restatement 100 directly endorses the participant's described conspiracy of multiple shooters in the JFK assassination.
R_62OZT1yegwIrS2k,affirms,affirms,affirms,affirms,3,Joe Biden has dementia which is affecting his role as president.,Restatement directly asserts the participant’s conspiracy claim as true; 100 means endorsing it.,Restatement directly asserts the conspiracy claim; rating 100 endorses it.,Rating 100 endorses the participant's exact claim that Biden has dementia affecting his presidency.
R_62Polblh0OmAWtZ,affirms,affirms,affirms,affirms,3,"The Titanic didn't actually sink; it was a different ship, possibly its sister ship, that was deliberately sunk for insurance money.",Restatement asserts the described conspiracy as true; rating 100 endorses the conspiracy account.,Restatement directly states the conspiracy as true; 100 = believes it.,The restatement directly asserts the participant's conspiracy theory that a different ship sank instead of the Titanic.
R_62RY7oKcP1SrtXw,affirms,affirms,affirms,affirms,3,The earth is flat.,Restatement directly asserts their conspiracy; rating 100 endorses flat-earth belief.,Restatement directly asserts the flat earth conspiracy as true.,Rating the statement 100 directly endorses the participant's core conspiracy that the Earth is flat.
R_62XNoSmNR4hKAD3,affirms,affirms,affirms,affirms,3,The government is aware of UFOs and is secretly withholding their existence from the American people.,Restatement directly asserts the participant’s conspiracy claim; rating 100 indicates full endorsement.,Restatement directly states the conspiracy: government hiding UFO knowledge from public.,The restatement directly asserts the participant's conspiracy theory that the government is hiding the existence of UFOs.
R_62iQg37H3qqJWXD,affirms,affirms,affirms,affirms,3,The government is releasing disease through chemtrails emitted by jets and airplanes.,Restatement asserts the conspiracy claim; rating 100 means fully endorsing government disease-seeding via chemtrails.,"Rating 100 means believing the government seeds disease via chemtrails, endorsing the conspiracy.",The restatement directly asserts the conspiracy theory described by the participant.
R_62rfq296H8rBzMD,affirms,affirms,affirms,affirms,3,"Aliens are real and some live in Area 51, and UFO sightings and restricted access to Antarctica support this.","Restatement asserts aliens exist and live in Area 51, matching the participant’s conspiracy claim.","Rating 100 endorses aliens existing and living in Area 51, matching the conspiracy.",The restatement directly asserts the participant's belief that aliens exist and reside in Area 51.
R_62wSzFETeLJ0NNp,affirms,affirms,affirms,affirms,3,Megalodons are still swimming in the ocean.,Restatement asserts the conspiracy claim directly; rating 100 means believing megalodons still exist today.,Restatement directly asserts the conspiracy claim as true.,"Rating 100 means believing megalodons still exist, which directly affirms the participant's conspiracy theory."
R_632w6GJkgIMNMLd,affirms,affirms,affirms,affirms,3,"9/11 was allowed to happen by the U.S. government, which deliberately chose not to prevent it.","Restatement asserts government deliberately let 9/11 happen, matching participant’s inside-job/allowed-to-happen belief.",Restatement directly asserts the conspiracy: government knowingly allowed 9/11 to occur.,The restatement directly asserts the participant's conspiracy theory that the US government intentionally allowed 9/11 to happen.
R_633Q0MPtrOLf2yg,affirms,affirms,affirms,affirms,3,Michelle Obama is a man.,Restatement directly asserts the participant’s conspiracy; rating 100 means fully endorsing it.,Restatement directly states the conspiracy claim as true.,Rating the restatement 100 directly endorses the participant's conspiracy theory that Michelle Obama is a man.
R_634wn9KpuhdR4Pw,affirms,affirms,affirms,affirms,3,The government is hiding evidence of Bigfoot.,Restatement directly asserts the described conspiracy; rating 100 endorses it.,Restatement directly states the conspiracy; rating 100 means fully believing it.,Rating 100 directly endorses the participant's conspiracy that the government is hiding evidence of Bigfoot.
R_637zngnvCzDTBYD,affirms,affirms,affirms,affirms,3,Alien life exists and has visited Earth.,Restatement directly asserts the participant’s conspiracy claim; rating 100 equals full endorsement.,Restatement directly asserts the conspiracy claim; rating 100 means believing aliens visited Earth.,Rating 100 directly endorses the participant's belief that aliens exist and have visited Earth.
R_63j4DLJoGHEckeP,affirms,affirms,affirms,affirms,3,Space is not real and we are under a firmament.,Restatement directly asserts the participant’s conspiracy claim; 100 means fully endorsing it.,Restatement directly states the conspiracy as true; 100 = full belief.,The restatement directly asserts the participant's conspiracy theory that space is fake and we live under a firmament.
R_63rPlNPM432nZYU,affirms,affirms,affirms,affirms,3,Bigfoot walks through the Pacific Northwest and has not been caught despite several claims of sightings.,"Restatement asserts Bigfoot exists in the Pacific Northwest and remains uncaught, matching the participant’s claim.",Restatement directly asserts Bigfoot exists and roams the Pacific Northwest.,"Rating 100 affirms the existence of Bigfoot in the Pacific Northwest, matching the participant's conspiracy."
R_63sLLgs3ZDyCvhD,affirms,affirms,affirms,affirms,3,The earth is flat and powerful organizations are hiding this fact from the people.,Restatement directly asserts the participant’s flat-earth conspiracy; rating 100 endorses it as true.,Restatement directly states the conspiracy as true; 100 = full belief.,"Rating 100 means believing the earth is flat and the truth is hidden, directly affirming the conspiracy."
R_642uJLPK7pDhhnb,affirms,affirms,affirms,affirms,3,Celebrities in Los Angeles participate in an underground club where they dine on children.,Restatement asserts the conspiracy claim as true; rating 100 endorses that conspiracy.,Restatement directly asserts the conspiracy as true; 100 = believing it.,Rating 100 directly endorses the participant's described conspiracy theory about celebrities eating children.
R_64d9XTcvKbIPezn,affirms,affirms,affirms,affirms,3,There is more to the Kennedy assassination than the official account suggests.,"Restatement asserts a hidden/alternative explanation beyond the official account, matching the participant’s conspiracy suspicion.",Restatement directly endorses the conspiracy view that the official account is incomplete.,"Rating 100 means believing the official story is incomplete, which affirms the participant's conspiracy."
R_64kfvVsuFuYavEE,affirms,affirms,affirms,affirms,3,The drones over New Jersey were partly an Iranian mothership and drones.,Restatement directly asserts the participant’s conspiracy; rating 100 means endorsing it as true.,Restatement directly restates the conspiracy as true; 100 = believes it.,The restatement directly asserts the participant's conspiracy theory about the drones being Iranian.
R_64lSCCPhGn53Tyx,affirms,affirms,affirms,affirms,3,"Trump targeted elite universities, particularly the Ivy League, because they denied his son Barron's admission application, and he retaliated by threatening to withhold their federal grant money.",Restatement matches the participant’s claimed motive and retaliation; 100 endorses the conspiracy claim.,Restatement directly states the conspiracy as true; 100 = fully believes it.,The restatement directly asserts the participant's conspiracy theory that Trump targeted universities for rejecting his son.
R_65GXDqrTOZyjOgj,affirms,affirms,affirms,affirms,3,The government always hides things and cannot be trusted.,A 100 rating endorses the claim that government deception is pervasive and it cannot be trusted.,"Rating 100 endorses distrust of government, matching participant's conspiracy belief.",Rating 100 endorses the participant's belief that the government hides information and is completely untrustworthy.
R_65HkSOenNss1LvH,affirms,affirms,affirms,affirms,3,The general public is not completely informed about alien interaction with Earth because governments are withholding information to maintain stability and prevent public panic.,"Restatement asserts government concealment of alien interaction, matching participant’s conspiracy; 100 equals endorsing it.","Restatement directly asserts government concealment of alien interaction, matching the conspiracy.",Rating 100 endorses the participant's belief that governments are hiding alien interactions to prevent public panic.
R_65Tn73aQXla4Way,affirms,affirms,affirms,affirms,3,"A handful of unknown elites with limitless wealth and power globally control economies, policies, and people, eliminating undesirables and lacking any moral compass, driven purely by a thirst for power, wealth, control, and sadistic pursuits.",Restatement directly asserts the described elite global control conspiracy; rating 100 endorses it as true.,Restatement directly mirrors the conspiracy description; rating 100 endorses it fully.,The restatement directly asserts the participant's conspiracy theory as true.
R_65yU95t5x8CfTBn,affirms,affirms,affirms,affirms,3,People are being abducted by aliens.,Restatement asserts the described alien-abduction conspiracy as true; 100 indicates full endorsement.,Restatement directly asserts the conspiracy claim; rating 100 endorses alien abductions.,The restatement directly asserts the participant's conspiracy theory that alien abductions are real.
R_662B7okTPiYdbMA,affirms,affirms,affirms,affirms,3,The government sets people up for wrongdoing and makes it appear that someone else is responsible for the act.,"Restatement asserts the government frames others, matching the participant’s described conspiracy claim.",Restatement directly states the conspiracy: government frames others for its own actions.,The restatement directly asserts the participant's conspiracy theory that the government frames people for its own actions.
R_66NpEkVgAg84lVf,affirms,affirms,affirms,affirms,3,Jeffrey Epstein did not die by suicide.,Restatement directly asserts the participant’s conspiracy claim that Epstein’s death was not a suicide.,Restatement directly asserts the conspiracy: Epstein's death was not suicide.,"Rating 100 means agreeing Epstein didn't commit suicide, which directly affirms the participant's conspiracy theory."
R_66gIHwJ9EE6mWLn,affirms,affirms,affirms,affirms,3,Large tech companies secretly listen to users’ private conversations through their devices for targeted advertising.,Restatement directly asserts the described conspiracy; rating 100 means fully believing companies secretly eavesdrop for ads.,Restatement directly states the conspiracy as true; 100 = fully believes it.,The restatement directly asserts the conspiracy theory that tech companies secretly listen to users for advertising.
R_673RW6QTebGuXq2,affirms,affirms,affirms,affirms,3,Certain major tech companies secretly manipulate social media algorithms to influence elections.,Restatement asserts the alleged secret election-influencing algorithm manipulation; rating 100 endorses the conspiracy.,Restatement directly states the conspiracy as true; rating 100 endorses it.,Rating the restatement 100 directly endorses the participant's described conspiracy theory about tech companies manipulating elections.
R_67MhitwUh7fWy2d,affirms,affirms,affirms,affirms,3,The government is withholding many documents related to the Epstein files.,"Restatement asserts the government is hiding/withholding Epstein-file documents, matching the participant’s conspiracy claim.","Rating 100 means believing the government is hiding Epstein documents, matching the conspiracy.","Rating 100 means agreeing the government is hiding Epstein documents, which directly affirms the participant's conspiracy theory."
R_67VwY1zUql2747F,affirms,affirms,affirms,affirms,3,Donald Trump is a pedophile who was in contact with Epstein.,Restatement directly asserts the participant’s conspiracy; a 100 rating endorses it as true.,Restatement directly asserts the conspiracy claim; rating 100 endorses it.,The restatement directly asserts the participant's conspiracy theory as a true statement.
R_68EOI8VDweBmUlX,affirms,affirms,affirms,affirms,3,The government is hiding aliens that interact with Earth.,Restatement directly asserts the participant’s conspiracy; a 100 rating endorses belief in government-hidden interacting aliens.,Restatement directly matches the participant's described conspiracy verbatim.,The restatement directly asserts the participant's conspiracy theory as true.
R_68ZhvWS8nKhgIHq,affirms,affirms,affirms,affirms,3,The government is hiding evidence of extraterrestrial contact.,Restatement directly asserts the conspiracy claim; rating 100 means believing the government is concealing alien-contact evidence.,Restatement directly states the conspiracy as true; 100 = believes it.,Rating the restatement 100 directly endorses the participant's described conspiracy that the government hides extraterrestrial evidence.
R_68tdgMwSsE4c76x,affirms,affirms,affirms,affirms,3,Ghosts are real.,Restatement directly asserts the participant’s theory; rating 100 means fully believing ghosts exist.,Rating 100 directly endorses the conspiracy that ghosts exist.,"Rating 100 means believing ghosts are real, which directly affirms the participant's described theory."
R_690P88HFc7OQ6DX,affirms,affirms,affirms,affirms,3,People have been abducted by aliens.,Restatement directly asserts the participant’s conspiracy; rating 100 means fully believing alien abductions occur.,Restatement directly asserts the conspiracy claim that alien abductions are real.,Rating the statement 100 directly endorses the participant's belief that alien abductions are real.
R_69PiDobKtby84nL,affirms,affirms,affirms,affirms,3,Consuming mushrooms allows individuals to connect on a deeper level with the earth and feel more in tune with the world.,Restatement matches participant’s claim that shrooms enable a deeper connection with Earth.,Restatement directly affirms the conspiracy that shrooms enable deeper earth connection.,The restatement directly asserts the participant's belief that mushrooms create a deeper connection to the earth.
R_69XfZgTqyUBfrEt,affirms,affirms,affirms,affirms,3,Aliens are being kept at Area 51 and the military derives all their technology from the alien ships housed there.,Restatement directly asserts the participant’s conspiracy claim; rating 100 equals full endorsement.,Restatement directly asserts the conspiracy; rating 100 means fully believing it.,The restatement directly asserts the participant's conspiracy theory about aliens and technology at Area 51 as true.
R_69fRBJmEUr2bM67,affirms,affirms,affirms,affirms,3,The government is hiding that we are at war and is selfishly hoarding money despite having enough to spare.,Restatement asserts the participant’s conspiracy claims; rating 100 means endorsing government concealment and hoarding.,Restatement directly asserts the conspiracy claims as true.,Rating 100 endorses the participant's exact claim that the government is secretly at war and hoarding money.
R_69s2MNjrKZd4bvv,affirms,unclear,affirms,affirms,3,Donald Trump is a felon.,Restatement directly states the participant’s described claim as true; 100 would endorse it.,"Participant is skeptical of the conspiracy, making direction of belief unclear.",Rating 100 affirms the participant's described belief that Trump is a felon.
R_6A7u9LBYfF89M89,affirms,affirms,affirms,affirms,3,"Humanoid reptilian aliens (""lizard people"") exist and are influencing human affairs on Earth.","A 100 rating endorses the existence/possibility of humanoid lizard aliens, aligning with the lizard-people conspiracy direction.","Rating 100 endorses lizard humanoid aliens, affirming the Lizard People conspiracy.","Rating 100 means agreeing that lizard humanoid aliens exist, which affirms the core of the described conspiracy."
R_6BtGG65dIyZIl6z,affirms,affirms,affirms,affirms,3,The government is hiding the existence of more fossils underground despite them being everywhere.,"Restatement asserts the government is concealing fossils, matching the participant’s implied conspiracy about hidden fossils.","Restatement directly states the government hides fossils, matching participant's conspiracy belief.",Rating 100 endorses the participant's belief that the government is hiding the existence of underground fossils.
R_6BwVqhhOcfbdQlb,affirms,affirms,affirms,affirms,3,We are living inside a highly advanced simulation rather than a base physical reality.,"Restatement asserts simulation theory as true, matching participant’s described conspiracy; 100 indicates full endorsement.",Restatement directly asserts the simulation theory as true; 100 = believes conspiracy.,"Rating 100 means agreeing we live in a simulation, which directly affirms the participant's described conspiracy theory."
R_6CTwnmFwPrLYosQ,affirms,affirms,affirms,affirms,3,A secret group like the Illuminati controls world governments and major events behind the scenes.,Restatement directly asserts the participant’s conspiracy; rating 100 equals full endorsement.,Restatement directly mirrors the conspiracy claim verbatim; 100 = full belief.,Rating 100 directly endorses the participant's belief that a secret group controls world governments.
R_6CUub57OuPPhrN4,affirms,affirms,affirms,affirms,3,Elvis Presley is still alive and has assumed a new identity.,Restatement directly asserts the participant’s conspiracy; rating 100 means fully endorsing it.,Restatement directly states the conspiracy as true; 100 = believes Elvis faked death.,The restatement directly asserts the participant's conspiracy theory that Elvis is still alive.
R_6CVPrYZoZbd4Xzg,affirms,affirms,affirms,affirms,3,Astronauts did not really land on the moon.,Restatement directly asserts the participant’s conspiracy; rating 100 means fully endorsing it.,Restatement directly states the conspiracy claim; 100 = believes it.,The restatement directly asserts the participant's conspiracy theory as true.
R_6CVmgSjJ6UeHsU9,affirms,affirms,affirms,affirms,3,Politicians are intentionally redrawing state lines to increase voter numbers for political advantage.,Restatement asserts the claimed conspiracy that state lines are being redrawn to boost voter numbers.,Restatement directly asserts the conspiracy claim; rating 100 endorses it.,Rating 100 endorses the participant's exact claim that state lines are being redrawn to manipulate voter numbers.
R_6Cf6C8WyRexk9qh,affirms,affirms,affirms,affirms,3,"We are living in another dimension controlled by entities who dictate reality, and some people are becoming aware of this truth and altering their belief systems accordingly.",Restatement asserts the participant’s claimed dimension-control conspiracy as true; rating 100 endorses it.,"Restatement directly asserts the conspiracy: controlled dimension, awakening people, shifting beliefs.",The restatement directly asserts the participant's conspiracy theory as true.
R_6ClkS45BRoFT3EK,affirms,affirms,affirms,affirms,3,Big news companies cover up or fabricate news to increase engagement and intentionally avoid reporting on positive news.,Restatement directly asserts the participant’s conspiracy as true; 100 means endorsing it.,Restatement directly mirrors the conspiracy: media fakes/suppresses news for engagement.,The restatement directly asserts the participant's conspiracy theory that news companies fabricate stories for engagement.
R_6CxtWakNCuyPsGJ,affirms,affirms,affirms,affirms,3,The moon landing was faked and actually produced in Hollywood rather than occurring on the moon.,"Restatement asserts the moon landing was staged in Hollywood, matching the participant’s conspiracy framing.",Restatement directly asserts the conspiracy; rating 100 means believing it was faked.,Rating the restatement 100 directly endorses the participant's conspiracy theory that the moon landing was faked in Hollywood.
R_6DW2zhD9sZWTnTr,affirms,affirms,affirms,affirms,3,We are responsible for all the mass shootings.,Restatement matches participant’s claim that “we” are involved in all mass shootings; 100 endorses it.,Restatement directly asserts the conspiracy claim that 'we' caused mass shootings.,Rating 100 means endorsing the participant's claim that 'we' are involved in all mass shootings.
R_6EBhChCCOGq9emR,affirms,affirms,affirms,affirms,3,JFK's assassination was a government cover-up.,"Restatement asserts the cover-up claim, matching the participant’s described conspiracy; 100 means endorsing it.",Restatement directly states the conspiracy; rating 100 means believing the cover-up.,The restatement directly asserts the participant's conspiracy theory that the JFK assassination was a government cover-up.
R_6EF7dTmdkO3z9ed,affirms,affirms,affirms,affirms,3,Powerful organizations are hiding the fact that the earth is flat from the people.,Restatement asserts the flat-earth cover-up; rating 100 means endorsing the participant’s conspiracy.,Restatement directly asserts the conspiracy: flat earth concealed by powerful organizations.,The restatement directly asserts the participant's conspiracy theory as true.
R_6ELSRnfLOWFhZ7z,affirms,affirms,affirms,affirms,3,The moon landing was staged by the government and the video was not real.,Restatement directly asserts the described conspiracy as true; a 100 rating endorses it.,Restatement directly asserts the conspiracy: moon landing was faked and staged.,Rating the restatement 100 means endorsing the participant's belief that the moon landing was staged.
R_6EWh4W1yl5C5e1D,affirms,affirms,affirms,affirms,3,Chuck Berry was a CIA operative.,Restatement directly asserts the participant’s conspiracy claim; rating 100 endorses it.,Restatement directly asserts the conspiracy; rating 100 means believing it.,The restatement directly asserts the participant's conspiracy theory that Chuck Berry was a CIA operative.
R_6EfKXqrgAn8Pp51,affirms,affirms,affirms,affirms,3,"Aliens exist, and the government has proof of their existence but chooses to keep it quiet to maintain peace.","Restatement asserts aliens exist and government conceals proof, matching participant’s conspiracy claim.",Restatement directly matches the participant's conspiracy claim verbatim.,Rating 100 directly endorses the participant's exact conspiracy that aliens exist and the government is hiding proof.
R_6Ego2P1iFSd5XHj,affirms,affirms,affirms,affirms,3,Hundreds of people are implicated in the allegations surrounding Jeffrey Epstein's activities.,"Restatement asserts many people are implicated, matching the participant’s conspiracy about accusations against hundreds in Epstein files.",Rating 100 endorses the conspiracy that hundreds are implicated in Epstein allegations.,The restatement directly asserts the participant's conspiracy theory that hundreds are implicated in the Epstein files.
R_6Ei9U1DZNCGliRO,affirms,affirms,affirms,affirms,3,"A society called ""The New World Order"" is working to bring all countries under the control of a single governing body, with the United Nations and World Economic Forum as part of this group, aiming to erase individual freedoms, religious beliefs, and national identities.","Restatement directly asserts the New World Order conspiracy as true, matching participant’s description.",Restatement directly asserts the conspiracy as true; 100 = fully believes it.,The restatement directly asserts the existence and goals of the New World Order as described by the participant.
R_6EoVVHPwVsAHuJ8,affirms,affirms,affirms,affirms,3,The Iraq war was initiated by Bush primarily to access Iraq's oil rather than to address the threat posed by Saddam Hussein.,"Restatement claims Bush invaded mainly for oil, matching the participant’s described conspiracy theory.",Rating 100 endorses the oil motive conspiracy over the official Saddam justification.,Rating 100 endorses the conspiracy that the Iraq war was fought for oil rather than to stop Saddam.
R_6EtUA3MUbwkznS1,affirms,affirms,affirms,affirms,3,We are not real beings but live through software and are controlled by someone else.,Restatement directly states the participant’s conspiracy as true; rating 100 endorses it.,Restatement directly states the simulation/control conspiracy as true.,Rating 100 endorses the simulation theory exactly as the participant described it.
R_6F36UN9mrPa106B,affirms,affirms,affirms,affirms,3,The government is hiding the truth about extraterrestrial beings.,Restatement directly asserts the participant’s conspiracy; rating 100 endorses government cover-up of extraterrestrials.,Restatement directly states the conspiracy; rating 100 means believing it.,Rating 100 directly endorses the participant's belief that the government is hiding the truth about extraterrestrials.
R_6F38JKENu46leox,affirms,affirms,affirms,affirms,3,"Pharmaceutical companies are suppressing a cheap, natural cure for cancer to protect their profits from expensive treatments.",Restatement directly asserts the described conspiracy; rating 100 means fully endorsing that suppression claim.,Restatement directly states the conspiracy claim verbatim; 100 = full belief.,"The restatement directly asserts the conspiracy theory, so a 100 rating means fully endorsing it."
R_6F3Y0pdBxbNcqRj,affirms,affirms,affirms,affirms,3,The 9-11 attacks were backed by the US government to gain support for a stronger stance against the Middle East and influence oil prices.,Restatement directly asserts the participant’s conspiracy claim; rating 100 indicates endorsing government involvement.,Restatement directly mirrors the participant's conspiracy claim verbatim.,The restatement directly asserts the participant's conspiracy theory that the US government backed the 9/11 attacks.
R_6FMPzhOwF9UIKeR,affirms,affirms,affirms,affirms,3,Bigfoot resides in America.,Restatement asserts Bigfoot lives in America; rating 100 endorses participant’s described conspiracy belief.,"Rating 100 means believing Bigfoot exists in America, endorsing the conspiracy.",The restatement directly asserts the participant's conspiracy theory that Bigfoot exists and lives in America.
R_6FUwrY5F2fIN2mV,affirms,affirms,affirms,affirms,3,There was a conspiracy to steal the election in 2020.,Restatement directly asserts the participant’s conspiracy claim; rating 100 endorses election-theft conspiracy.,Restatement directly asserts the conspiracy; rating 100 endorses it.,The restatement directly asserts the participant's conspiracy theory as true.
R_6FWccjKBsKijwjL,denies,affirms,unclear,disagree,3,The U.S. government planned and carried out the 9/11 attacks as an inside job.,"Restatement asserts no government planning, contradicting the “inside job” conspiracy claim.",Restatement matches participant's nuanced belief: government knew but didn't plan.,"The restatement goes in both directions, affirming prior knowledge but explicitly denying the government planned the attacks."
R_6FeYW7x2wBBOXv3,unclear,affirms,unclear,unclear,3,Area 51 is secretly used to conceal evidence of extraterrestrial life and other covert government operations from the public.,"Restatement describes controversy/associations, not a clear claim that the conspiracy is true versus official account.","Rating 100 endorses hidden secrets/ET presence at Area 51, affirming the conspiracy.","The restatement merely acknowledges the existence of controversy and claims, rather than asserting the conspiracy is true."
R_6FhlDoiba2WVSJX,affirms,affirms,affirms,affirms,3,The 1969 moon landing was faked by the U.S. government.,Restatement directly asserts the moon landing hoax conspiracy as true; 100 means endorsing it.,Rating 100 directly endorses the conspiracy that the moon landing was staged.,Rating the restatement 100 directly endorses the conspiracy theory that the moon landing was faked.
R_6Fr5ENJaKXTcnsZ,affirms,affirms,affirms,affirms,3,"The government has secret plans regarding the messiah upon his return, which are not aligned with supporting him.",Restatement asserts the same conspiracy: government secretly plans against the messiah’s return.,Restatement directly affirms the conspiracy that government secretly opposes the messiah.,The restatement directly asserts the participant's conspiracy that the government has hostile secret plans for the returning messiah.
R_6FwZ5jPSfJaK9tV,affirms,affirms,affirms,affirms,3,The government orchestrated the epitome files to shift focus away from other issues.,Restatement asserts the government orchestrated the files; rating 100 endorses the participant’s conspiracy claim.,Restatement directly asserts the government orchestrated the conspiracy; 100 = believes it.,Rating 100 means endorsing the participant's conspiracy that the government orchestrated the epitome files.
R_6FzgRqFbJp023jX,affirms,affirms,affirms,affirms,3,Major pharmaceutical companies deliberately suppress natural or alternative cures for diseases like cancer to protect their profits from conventional treatments.,Restatement directly asserts the described conspiracy; rating 100 endorses suppression-for-profit claim.,Restatement directly states the conspiracy as true; 100 = full belief.,"The restatement directly asserts the conspiracy theory, so a rating of 100 means endorsing the conspiracy."
R_6G2Fq2VJfAGYlwb,affirms,affirms,affirms,affirms,3,The current government is controlled by Israel and Russia.,Restatement asserts the same claim as the participant’s conspiracy (government as pawns/controlled by Israel and Russia).,Restatement directly affirms the conspiracy that government is foreign-controlled.,"Rating 100 means agreeing the government is controlled by Israel and Russia, directly affirming the participant's conspiracy."
R_6GWwRKP45O3ayVL,affirms,affirms,affirms,affirms,3,China and Dr. Fauci released the COVID virus on the entire planet.,Restatement directly asserts the participant’s conspiracy claim; rating 100 would fully endorse it.,Restatement directly states the conspiracy as true; 100 = full belief.,The restatement directly asserts the participant's conspiracy theory as true.
R_6GdLUQQ7GSVAjU5,affirms,affirms,affirms,affirms,3,Some governments are hiding evidence of UFOs or alien contact.,Restatement asserts governments hide UFO/alien contact evidence; rating 100 endorses the described conspiracy.,Restatement directly asserts the conspiracy; rating 100 means believing it.,"Rating 100 means agreeing governments hide UFO evidence, which directly affirms the participant's conspiracy theory."
R_6Gvns4cx6cOE3K1,affirms,affirms,affirms,affirms,3,"The Apollo Moon landings were a government hoax, staged with fabricated visual data such as lighting anomalies and the flag's movement.",Restatement explicitly claims the moon landings were staged; rating 100 endorses the described conspiracy.,Rating 100 commits rater to believing the Moon landing was faked.,"The restatement explicitly claims the moon landings were a government hoax, affirming the conspiracy theory."
R_6H29Y5zO0jgECDD,denies,denies,affirms,denies,3,Jeffrey Epstein committed suicide while in police custody.,"Restatement negates participant’s claim; rating 100 endorses non-suicide, rejecting their stated conspiracy.",Restatement denies suicide; rating 100 rejects the participant's stated conspiracy belief.,"Rating 100 means believing he didn't commit suicide, which aligns with the participant's conspiracy theory."
R_6HSTVjlkGo5pwUE,affirms,affirms,affirms,affirms,3,Aliens live among us and there is a shadow government that runs the country.,Restatement directly asserts participant’s conspiracy; rating 100 would fully endorse it.,Restatement directly mirrors the conspiracy claim; rating 100 endorses it.,The restatement directly asserts the participant's conspiracy theory as true.
R_6HU4ovOyBNhhTFg,affirms,affirms,affirms,affirms,3,The government is concealing information about aliens and is hiding them in specific locations across the United States.,Restatement asserts government hides aliens and information; rating 100 endorses the described conspiracy.,Restatement directly asserts the conspiracy; rating 100 endorses it.,"Rating 100 means believing the government is hiding aliens, which directly endorses the participant's conspiracy theory."
R_6Hb6Xmmbq4mp1Pr,affirms,affirms,affirms,affirms,3,Hybrids/humans have been living among us since the beginning of time.,Restatement directly asserts the participant’s conspiracy claim; rating 100 means endorsing that hybrids have always lived among humans.,Restatement directly mirrors the participant's conspiracy claim verbatim.,The restatement directly asserts the participant's conspiracy theory about hybrids living among us.
R_6Hero302IQnCJjG,affirms,affirms,affirms,affirms,3,The government and NASA faked the moon landing and lied to the world.,Restatement directly asserts the described conspiracy; rating 100 means fully endorsing the moon-landing-hoax claim.,Restatement directly states the conspiracy as true; 100 = believes the hoax.,The restatement directly asserts the conspiracy theory as true.
R_6HhvWhF23cRlSEy,affirms,affirms,affirms,affirms,3,Aliens exist and there has been evidence of UFOs throughout the years.,Restatement asserts the participant’s UFO/alien-existence claim; rating 100 would endorse the conspiracy.,"Restatement directly asserts alien existence and UFO evidence, matching the conspiracy.",Rating 100 directly endorses the participant's belief that aliens exist and UFO evidence is real.
R_6HnRRH32Exp78ST,affirms,affirms,affirms,affirms,3,Mankind never landed on the moon.,Restatement directly asserts the conspiracy claim; rating 100 indicates full belief in it.,Restatement directly states the conspiracy; rating 100 means believing it.,The restatement directly asserts the participant's conspiracy theory.
R_6HohG5AmoOZzypx,affirms,affirms,affirms,affirms,3,The government knows more about UFOs and UAPs than they disclose to the public.,Restatement matches participant’s claim of government withholding UFO/UAP information; 100 endorses conspiracy.,Restatement directly states the conspiracy: government withholds UFO/UAP information.,"Rating 100 means agreeing the government hides UFO information, which directly affirms the participant's conspiracy."
R_6HpkjJcKDNyhYhj,affirms,affirms,affirms,affirms,3,There are aliens in space that are protecting the world.,"Restatement asserts aliens exist and protect Earth, matching the participant’s described conspiracy claim.",Restatement directly affirms the participant's belief in protective aliens.,Rating the statement 100 directly endorses the participant's belief that aliens exist in space and protect the world.
R_6I9OvO8PH44yDcm,affirms,affirms,affirms,affirms,3,Humans have been genetically engineered or helped to evolve by aliens that have lived on Earth for as long as humans have.,Restatement directly asserts the participant’s alien genetic-engineering/evolution claim as true.,Restatement directly asserts the alien genetic engineering conspiracy as true.,Rating 100 endorses the participant's exact claim that humans were genetically engineered by aliens.
R_6IEQWEKEWEwR0Te,affirms,affirms,affirms,affirms,3,A government or shadow organization is planning to start another pandemic.,Restatement directly asserts the alleged plot to start another pandemic; 100 means fully endorsing it.,Restatement directly asserts the conspiracy as true; 100 = full belief.,The restatement directly asserts the conspiracy theory described by the participant.
R_6IH3end85lejf0k,unclear,unclear,unclear,unclear,3,The participant did not provide any conspiracy theory to evaluate.,No conspiracy content was described; the restatement only notes missing response.,No conspiracy theory was described; restatement is a neutral factual observation.,"The participant did not provide a conspiracy theory, making the orientation unclear."
R_6ILthIpg7iaj7oy,affirms,affirms,affirms,affirms,3,Secret societies control major world events.,Restatement directly asserts the participant’s conspiracy claim; rating 100 endorses it as true.,Rating 100 directly endorses the conspiracy that secret societies control global events.,The restatement directly asserts the participant's conspiracy theory as true.
R_6INnAcrgUcApM3v,affirms,affirms,affirms,affirms,3,Buildings are being used for experiments involving the distribution of black market organs to celebrities.,Restatement directly asserts the alleged organ black market experiments described by participant.,Restatement directly restates the conspiracy as true; 100 = full belief.,Rating the restatement 100 directly endorses the participant's conspiracy about black market organs and celebrities.
R_6IQ8Ad4h4Zp7rev,affirms,affirms,affirms,affirms,3,The coffee that you buy at stores and online is full of mold because it has been sitting in warehouses for extended periods.,Restatement directly asserts the conspiracy claim as true; 100 means fully endorsing it.,Restatement directly asserts the conspiracy claim; rating 100 endorses it.,The restatement directly asserts the participant's conspiracy theory as true.
R_6IRTmR3OTIWt2KI,affirms,affirms,affirms,affirms,3,John F. Kennedy was assassinated from the grassy knoll.,"Restatement asserts a grassy knoll shooter, aligning with the participant’s JFK assassination conspiracy topic.",Rating 100 endorses the conspiracy that a shooter on the grassy knoll killed JFK.,Rating 100 endorses the conspiracy theory that a shooter fired from the grassy knoll.
R_6IRelCZf4cZpNYK,affirms,affirms,affirms,affirms,3,President Kennedy was assassinated as a result of the efforts of more than one person.,Restatement directly asserts the conspiracy claim of multiple people involved in JFK’s assassination.,Restatement directly states the conspiracy; rating 100 endorses it.,The restatement directly asserts the participant's conspiracy theory that multiple people were involved in JFK's assassination.
R_6IWBDBsczJHnvoJ,affirms,unclear,affirms,affirms,3,Amelia Earhart did not simply vanish; something happened to her plane or she found a different way to return.,A 100 rating endorses that she didn’t just disappear and that an alternative explanation (incident/return) is true.,Restatement is ambiguous; it restates both conspiracy and official possibilities simultaneously.,Rating 100 endorses the participant's alternative theory that Earhart didn't just vanish but had a different fate.
R_6IyfwnX7RI5vqRE,affirms,affirms,affirms,affirms,3,"The ocean is actually space, and the way to get to space is through the ocean.",Restatement directly asserts the participant’s conspiracy claim; rating 100 means fully endorsing it.,Restatement directly asserts the conspiracy as true; 100 = full belief.,The restatement directly asserts the participant's conspiracy theory as true.
R_6JM7lSa0uU7iPux,affirms,affirms,affirms,affirms,3,The government is eating children.,Restatement directly asserts the participant’s conspiracy claim; rating 100 means fully endorsing it.,Restatement directly states the conspiracy as true; rating 100 endorses it.,Rating the restatement 100 directly endorses the participant's conspiracy theory that the government eats children.
R_6JfnpFJPTpp9mXS,affirms,affirms,affirms,affirms,3,We did not land on the moon.,Restatement matches the described conspiracy; rating 100 would endorse the moon-landing-hoax claim.,Restatement directly asserts the conspiracy claim; rating 100 endorses it.,Rating the restatement as true directly endorses the participant's conspiracy that the moon landing did not happen.
R_6JtrYKfy54PJwxg,affirms,affirms,affirms,affirms,3,The UFO crash at Roswell really occurred.,Restatement asserts the Roswell UFO crash happened; rating 100 endorses the described conspiracy claim.,"Rating 100 confirms the Roswell UFO crash happened, endorsing the conspiracy.","Rating 100 means believing the UFO crash happened, which directly affirms the participant's described conspiracy."
R_6JyjTFDZhvW1vYl,affirms,affirms,affirms,affirms,3,The Simpsons can accurately predict future events.,Restatement asserts the conspiracy claim as true; 100 means believing the show predicts the future.,Restatement directly affirms the conspiracy that The Simpsons predicts the future.,Rating the restatement 100 directly endorses the participant's belief that The Simpsons predict the future.
R_6K5pjOqt4xB7pId,affirms,affirms,affirms,affirms,3,Sandy Hook was staged.,Restatement directly asserts the participant’s conspiracy; rating 100 means fully endorsing the staged-event claim.,Restatement directly asserts the conspiracy as true.,Rating the restatement 100 directly endorses the participant's belief that the Sandy Hook shooting was staged.
R_6KPKv28Nslt3WdT,affirms,affirms,affirms,affirms,3,The government is manipulating Artificial Intelligence to be unhelpful and limit access to information they want to keep hidden.,Restatement directly asserts the participant’s conspiracy that government rigs AI to restrict hidden information.,Restatement directly states the conspiracy: government rigging AI to suppress information.,The restatement directly asserts the participant's conspiracy theory that the government manipulates AI to hide information.
R_6KZ3bknyGu7HYH6,affirms,affirms,affirms,affirms,3,Marilyn Monroe did not commit suicide; the Kennedys were involved in her death.,"Restatement asserts Monroe wasn’t suicidal and implicates the Kennedys, matching the participant’s conspiracy claim.","Restatement directly states the conspiracy: Kennedy involvement, not suicide.","Rating 100 means believing the Kennedys were involved in Monroe's death, directly affirming the participant's conspiracy."
R_6KaZeVmxutL13tT,affirms,affirms,affirms,affirms,3,"The government is concealing information about Trump and his family's criminal behavior, including involvement in Epstein files, accepting outside bribes, and breaking laws.",Restatement asserts government cover-up of Trump family crimes; rating 100 means endorsing participant’s conspiracy.,Restatement directly asserts the conspiracy: government hiding Trump's criminal behavior.,Rating 100 endorses the participant's belief that the government is actively hiding Trump's criminal behavior.
R_6KkCrbEYCu5sXQw,affirms,affirms,affirms,affirms,3,"The deep state truly controls everything, and elections are merely a facade to placate the masses.",Restatement directly asserts the participant’s conspiracy; rating 100 endorses deep-state control and elections as a facade.,Restatement directly asserts the conspiracy; rating 100 means fully believing it.,"Rating 100 means agreeing the deep state controls everything, which directly affirms the participant's conspiracy theory."
R_6LC3eJugDhUD2hO,affirms,unclear,affirms,affirms,3,The president had no involvement in the riot at the White House and later released the jailed participants when he became president again.,"A 100 rating endorses the claim the president had no part in the riot, matching the participant’s described belief.","Restatement combines both the conspiracy claim and its denial simultaneously, making direction unclear.",The restatement directly affirms the participant's stated belief that the president had no involvement in the riot.
R_6LN0pb6Qtotjl6x,affirms,affirms,affirms,affirms,3,The earth is flat.,Restatement directly asserts the described conspiracy; rating 100 equals believing the Earth is flat.,Restatement directly asserts the conspiracy claim that the earth is flat.,Rating the statement 100 directly endorses the flat earth conspiracy described by the participant.
R_6LZma3Nfoj7XtdM,affirms,affirms,affirms,affirms,3,Bill Gates was involved with Jeffrey Epstein in a situation involving a Russian woman.,Restatement directly asserts the same conspiracy involvement; rating 100 endorses that claim as true.,Restatement directly asserts the conspiracy claim; rating 100 endorses it.,"Rating 100 endorses the participant's exact claim about Gates and Epstein, affirming the conspiracy."
R_6LuG91mA22URnl7,affirms,affirms,affirms,affirms,3,"Lee Harvey Oswald was not the lone assassin of JFK, implying the involvement of a second gunman.","A 100 rating endorses the claim Oswald wasn’t alone, matching the participant’s second-gunman suspicion.",Restatement directly asserts the conspiracy: a second gunman was involved.,Rating 100 endorses the participant's conspiracy that Oswald did not act alone and there was a second gunman.
R_6M3RCsju0cCTSyk,affirms,affirms,affirms,affirms,3,The CIA was involved in the assassination of John F. Kennedy.,Restatement directly asserts participant’s conspiracy claim; rating 100 indicates full belief CIA involvement occurred.,"Restatement directly asserts CIA involvement, matching the conspiracy described.",The restatement directly asserts the participant's conspiracy theory as true.
R_6M4zHIf9SDaWDxW,affirms,affirms,affirms,affirms,3,The JFK assassination was carried out by individuals or groups other than the lone gunman Lee Harvey Oswald.,"Restatement asserts Oswald wasn’t the sole assassin, matching the described JFK conspiracy.","Rating 100 endorses a conspiracy beyond Oswald, matching participant's doubt about official account.",Rating 100 endorses the conspiracy theory that someone other than Lee Harvey Oswald assassinated JFK.
R_6MDKxNJOsr6r8Ie,affirms,affirms,affirms,affirms,3,"The elites live beyond a hidden ice wall that only authorized people can access, and the Epstein files were released as a distraction from something bigger.",Restatement asserts the ice-wall elite habitat and distraction claim; 100 means endorsing the conspiracy.,Restatement directly asserts the conspiracy as true; 100 = full belief.,The restatement directly asserts the participant's conspiracy theory about elites living beyond an ice wall.
R_6MK9a0uZU9pblqx,affirms,affirms,affirms,affirms,3,COVID was released from a laboratory in China.,Restatement directly asserts the lab-release conspiracy; rating 100 means endorsing it as true.,Restatement directly states the conspiracy as true; 100 = believes it.,Rating 100 means endorsing the participant's exact conspiracy theory that COVID leaked from a Chinese lab.
R_6NB3Ar7m71RAAtH,affirms,affirms,affirms,affirms,3,Aliens exist somewhere in the vast universe.,"A 100 rating endorses the claim that aliens are real, matching the participant’s aliens topic.","Rating 100 means believing aliens are real, affirming the conspiracy.","Rating 100 endorses the existence of aliens, which directly affirms the participant's described conspiracy."
R_6NCkh3yhpnqUEpz,affirms,affirms,affirms,affirms,3,The earth is flat and powerful organizations are hiding this fact.,Restatement directly asserts the participant’s flat-earth conspiracy; 100 indicates full endorsement.,Restatement directly states the conspiracy as true; 100 = full belief.,Rating the restatement 100 directly endorses the participant's flat earth conspiracy theory.
R_6NXsAGg8YhHzNI1,affirms,affirms,affirms,affirms,3,All professional and college sports games have predetermined outcomes now that sports betting is legal.,Restatement asserts games are fixed/predetermined; rating 100 endorses the described conspiracy.,Restatement directly asserts the conspiracy claim; rating 100 endorses it.,The restatement directly asserts the participant's conspiracy theory that sports games are rigged due to legal betting.
R_6NkUebqCU8e8gVL,affirms,affirms,affirms,affirms,3,Lyndon Johnson was involved in the assassination of President John F. Kennedy to allow military leaders to have carte blanche for their desires.,"Restatement directly asserts Johnson’s involvement and motive, matching the participant’s conspiracy claim.",Restatement directly states the conspiracy as true; 100 = full belief.,The restatement directly asserts the participant's conspiracy theory that LBJ was involved in JFK's assassination.
R_6Nod8LU1qn2WEuZ,affirms,affirms,affirms,affirms,3,9/11 was orchestrated by the U.S. government.,Restatement directly asserts the participant’s described conspiracy that the government orchestrated 9/11.,Restatement directly states the conspiracy: government orchestrated 9/11.,Rating the restatement 100 directly endorses the participant's belief that the government orchestrated the 9/11 attacks.
R_6Nq7SOdeiPPZ49C,denies,denies,denies,denies,3,"The Apollo moon landing was faked, and humans did not actually land on the moon.","Restatement asserts the moon landing occurred; a 100 rating endorses the official account, not the hoax claim.",Restatement affirms the official account; rating 100 means believing the landing was real.,"Rating 100 endorses the official account that the moon landing occurred, denying the conspiracy."
R_6O84oQTVAiqUxud,affirms,affirms,affirms,affirms,3,Jeffery Epstein is still alive.,Restatement directly asserts the conspiracy claim that Epstein faked his death and remains alive.,Restatement directly states the conspiracy claim as true.,"Rating 100 means believing Epstein is alive, which directly affirms the participant's described conspiracy."
R_6OAAqloQUUKMuec,affirms,affirms,affirms,affirms,3,Aliens are living among us that we do not know about.,Restatement directly asserts the participant’s conspiracy claim that aliens live among us unnoticed.,Restatement directly asserts the conspiracy claim that aliens live among us.,Rating the restatement 100 directly endorses the participant's conspiracy that aliens secretly live among us.
R_6OFbdHpnJWb4xFf,affirms,affirms,affirms,affirms,3,The government is hiding evidence of alien contact.,Restatement directly asserts the conspiracy; rating 100 means fully endorsing government alien-contact coverup.,Restatement directly states the conspiracy as true; 100 = full belief.,The restatement directly asserts the participant's conspiracy theory that the government is hiding alien contact.
R_6OIysjuZ0WFw9Za,affirms,affirms,affirms,affirms,3,"Beyoncé was responsible for the deaths of Michael Jackson, Lisa ""Left Eye"" Lopes, and other celebrities, including Liam Payne, to gain Grammy nominations, and she sold her soul to the devil.",Restatement asserts Beyoncé killed celebrities for Grammys and sold her soul; 100 endorses the conspiracy claim.,Rating 100 directly endorses the participant's conspiracy that Beyoncé killed celebrities for Grammy nominations.,Rating 100 endorses the participant's conspiracy theory that Beyoncé killed these celebrities.
R_6OjeyieIj1M3X31,affirms,affirms,affirms,affirms,3,The government is tapping everyone's phone for their interactions with financial institutions.,Restatement directly asserts the participant’s conspiracy claim; 100 means fully endorsing it.,Restatement directly states the conspiracy as true; 100 = full belief.,The restatement directly asserts the participant's conspiracy theory about government phone tapping as true.
R_6Okb96lz9XABt8p,affirms,affirms,affirms,affirms,3,The earth is flat and powerful organizations are hiding this fact from the people.,Restatement directly asserts the participant’s flat-earth conspiracy; 100 means fully endorsing it.,Restatement directly states the conspiracy as true; 100 = full belief.,"The restatement directly asserts the flat earth conspiracy, so a 100 rating means endorsing the conspiracy."
R_6OtUjQAu24Lrfy1,affirms,affirms,affirms,affirms,3,The government is hiding evidence of extraterrestrial contact and has recovered alien technology.,Restatement directly asserts the described conspiracy; rating 100 means fully endorsing it.,Restatement directly states the conspiracy the participant described as true.,Rating the restatement 100 directly endorses the participant's belief in a government cover-up of extraterrestrial contact.
R_6OxXlOhWBPLBo2n,affirms,affirms,affirms,affirms,3,"Pharmaceutical companies are intentionally suppressing natural, low-cost cures for common diseases to maintain profits from expensive medications and treatments.",Restatement matches participant’s conspiracy; rating 100 endorses deliberate suppression for profit.,Restatement is verbatim the conspiracy claim; rating 100 endorses it fully.,The restatement directly asserts the participant's conspiracy theory about pharmaceutical companies suppressing cures for profit.
R_6PSn7egpwJbOOb8,unclear,unclear,unclear,unclear,3,"It exists, even if you can never know it exists.",Participant didn’t specify any concrete conspiracy; restatement is vague and directionless about an unspecified “it”.,Description is too vague to identify a specific conspiracy; restatement is ambiguous.,"The participant did not describe a specific conspiracy, making the restatement's direction completely unclear."
R_6PTPRxtHUtSfr3V,affirms,affirms,affirms,affirms,3,"Bigfoot exists and has been spotted in the woods of national parks, with sightings, footprints, and video evidence supporting this.","Restatement asserts Bigfoot is real and supported by evidence, matching the participant’s conspiracy claim.","Restatement directly asserts Bigfoot's existence, matching the conspiracy belief.",The restatement directly asserts the existence of Bigfoot as described by the participant.
R_6PaUmh9q8YC4wkw,affirms,affirms,affirms,affirms,3,"The pharmaceutical industry and major health organizations are deliberately suppressing a proven, natural cure for cancer to protect profits from expensive treatments and drugs.",Restatement directly asserts the described suppression-for-profit conspiracy; rating 100 fully endorses it.,Restatement is verbatim the conspiracy claim; 100 = fully believes it.,The restatement directly asserts the conspiracy theory that a natural cancer cure is being suppressed for profit.
R_6Pi2ERapfIB70dk,affirms,affirms,affirms,affirms,3,Alien technology has been found on Mars.,Restatement directly asserts the participant’s conspiracy claim; 100 means endorsing alien tech found on Mars.,Restatement directly states the conspiracy as true; 100 = believes aliens left technology on Mars.,"Rating 100 means believing alien technology was found on Mars, directly affirming the participant's conspiracy."
R_6PjlcS5bPm6Fyx9,affirms,affirms,affirms,affirms,3,The government is poisoning our food by injecting it with chemicals to make it more addicting so that consumers continue buying it.,Restatement directly asserts the described conspiracy; rating 100 means fully endorsing it.,Restatement directly mirrors the conspiracy claim verbatim.,The restatement directly asserts the participant's conspiracy theory that the government adds addictive chemicals to food.
R_6Pk52mEOUhJ22QF,affirms,affirms,affirms,affirms,3,The CIA killed President Kennedy because he said he was going to get rid of the agency.,Restatement directly asserts the participant’s conspiracy; rating 100 would fully endorse it.,Restatement directly states the conspiracy as true; 100 = full belief.,The restatement directly asserts the participant's conspiracy theory that the CIA assassinated JFK.
R_6PoabHkOkNNPccx,affirms,affirms,affirms,affirms,3,Aliens exist and are of significant importance.,"Restatement directly asserts aliens exist and matter, matching the participant’s claimed conspiracy.",Restatement directly affirms the conspiracy; rating 100 means believing aliens exist.,Rating 100 directly endorses the participant's belief that aliens exist and are important.
R_6Q3q10V4r6X1ocu,affirms,affirms,affirms,affirms,3,"AI will take over and replace humanity, leaving only robots and AI on Earth.",Restatement directly asserts the described AI-replaces-humans scenario; 100 means endorsing the conspiracy.,"Restatement directly states the conspiracy: AI replaces humanity, only robots remain.","Rating 100 endorses the participant's exact belief that AI will replace humanity, affirming the conspiracy."
R_6Q9gki9ShIdR6sF,affirms,affirms,affirms,affirms,3,The world is coming to an end.,Restatement directly asserts the participant’s belief claim; rating 100 endorses that the world is ending.,Restatement directly states the conspiracy belief; rating 100 endorses it.,Rating the restatement 100 directly endorses the participant's belief that the world is ending.
R_6QA6l6yr4cHHspA,affirms,affirms,affirms,affirms,3,Paul McCartney was captured and replaced by a body double in 1966.,Restatement directly asserts the Paul McCartney replacement conspiracy as true.,Restatement directly asserts the conspiracy claim as true.,Rating the restatement 100 directly endorses the participant's conspiracy theory about Paul McCartney's replacement.
R_6QF5q8Rx4GTMXPB,affirms,affirms,affirms,affirms,3,A chip was implanted in every person who received a COVID vaccine.,Restatement directly asserts the described conspiracy; rating 100 means fully endorsing it.,Restatement directly asserts the conspiracy claim; rating 100 endorses it.,Rating the restatement 100 directly endorses the participant's described conspiracy about microchips in COVID vaccines.
R_6QLbTnB71UeEJqC,affirms,affirms,affirms,affirms,3,"A secret group of powerful elites is orchestrating global events to control governments, economies, and media without public awareness.",Restatement directly asserts the described elite-cabal conspiracy as true; 100 means endorsing it.,Restatement directly asserts the conspiracy as true; 100 = full belief.,"The restatement directly asserts the existence and actions of the secret elite group, affirming the conspiracy."
R_6QMZJyJQBbVNlMO,affirms,affirms,affirms,affirms,3,The moon landing was faked in a Hollywood movie set.,Restatement directly asserts the participant’s conspiracy; rating 100 indicates full endorsement.,Restatement directly states the conspiracy as true; 100 = believes it.,Rating the statement 100 directly endorses the participant's conspiracy theory that the moon landing was faked.
R_6QRhvZmvbU39bzf,affirms,affirms,affirms,affirms,3,Selena Gomez died and Gona Davis took over her body.,Restatement directly asserts the described body-takeover conspiracy; a 100 rating endorses it.,Restatement directly states the conspiracy as true; 100 = full belief.,Rating the restatement 100 directly endorses the conspiracy that Selena Gomez was replaced by Gona Davis.
R_6QfHfvMJCWcowAm,affirms,affirms,affirms,affirms,3,The MMR vaccine causes autism in children by triggering it in more vulnerable individuals due to its specific ingredients.,Restatement directly asserts the participant’s conspiracy claim as true; 100 would endorse vaccine-causes-autism belief.,Restatement directly asserts the conspiracy claim; rating 100 endorses it.,"Rating 100 endorses the claim that the MMR vaccine causes autism, directly affirming the participant's conspiracy."
R_6QgE38HVrhp0vLS,affirms,affirms,affirms,affirms,3,Bigfoot is a real creature that has been spotted by many people in various areas.,"Restatement asserts Bigfoot exists and has been widely spotted, matching the participant’s described belief.","Rating 100 confirms Bigfoot exists and has been spotted, endorsing the conspiracy.","Rating the statement 100 means agreeing that Bigfoot is a real creature, affirming the participant's conspiracy."
R_6QrvLGer2ZSoSgR,affirms,affirms,affirms,affirms,3,Humans have not actually traveled to the moon.,"Restatement asserts the moon landing didn’t happen, matching participant’s skepticism about traveling to the moon.",Rating 100 endorses the conspiracy that moon travel was faked.,"Rating the statement 100 means believing humans didn't go to the moon, which affirms the participant's conspiracy."
R_6RgNPO8e2Fu1W6f,affirms,affirms,affirms,affirms,3,Certain celebrities who are believed to have died are still alive and have been spotted in various locations.,Restatement asserts the conspiracy claim that supposedly dead celebrities are actually alive and seen.,"Rating 100 means believing faked-death celebrities are still alive, endorsing the conspiracy.",Rating 100 endorses the participant's belief that some supposedly dead celebrities are actually still alive.
R_6RpiZsqPxJCCG2t,affirms,affirms,affirms,affirms,3,The government is listening to our private conversations through our devices.,Restatement directly asserts the participant’s described conspiracy; rating 100 endorses it as true.,Restatement directly states the conspiracy as true; 100 = full belief.,The restatement directly asserts the participant's conspiracy theory that the government listens through devices.
R_6S8eJrVsyHfTXdD,affirms,affirms,affirms,affirms,3,"Donald Trump and Elon Musk have been compromised by Russia and China, respectively, to work as foreign assets aimed at destabilizing America and causing chaos among its citizens.",Restatement directly asserts the described conspiracy as true; 100 indicates endorsement of being foreign-compromised assets.,Restatement directly asserts the conspiracy claim; rating 100 endorses it.,The restatement directly asserts the participant's conspiracy theory as true.
R_6SDg4R8O43KCQLf,affirms,affirms,affirms,affirms,3,Several celebrities have been replaced by AI robots.,Restatement directly asserts the conspiracy claim; rating 100 means fully endorsing celebrities being replaced by AI robots.,Restatement directly states the conspiracy as true; 100 = full belief.,"Rating 100 means believing celebrities were replaced by AI robots, which directly affirms the participant's conspiracy."
R_6SanpIyeJQuNoWd,affirms,affirms,affirms,affirms,3,Aliens are real.,Restatement asserts aliens exist; rating 100 means fully believing the described claim.,"Rating 100 commits to believing aliens exist, endorsing the conspiracy.","Rating 100 means believing aliens are real, which affirms the participant's described conspiracy."
R_6SdGRhrOdBkXlKh,affirms,affirms,affirms,affirms,3,The government shifted NASA's focus from ocean exploration to space exploration after discovering something in the water.,"Restatement asserts NASA changed focus due to a hidden ocean discovery, matching the participant’s conspiracy claim.",Rating 100 endorses the conspiracy: NASA hid an ocean discovery and pivoted to space.,Rating 100 endorses the participant's exact theory that NASA switched to space after finding something in the ocean.
R_6Sk2ehw0Za1W0Hy,affirms,affirms,affirms,affirms,3,"Many prominent affluent people are part of a secret society that rules the world, engaging in rituals and sacrifices possibly involving human trafficking and using anti-aging products derived from babies' bodies.",Restatement directly asserts the described secret-society/rituals conspiracy as true; 100 rating endorses it.,Restatement directly asserts the conspiracy as true; rating 100 endorses it.,The restatement directly asserts the participant's conspiracy theory as true.
R_6SpZGRknl5ZCZx1,affirms,affirms,affirms,affirms,3,A deep state is running the government more than elected officials.,"Restatement asserts the deep state controls government more than elected officials, matching participant’s described conspiracy.",Restatement directly asserts the conspiracy; rating 100 endorses it.,The restatement directly asserts the participant's conspiracy theory as true.
R_6Sq9qntYmsjb3Kn,affirms,affirms,affirms,affirms,3,Bill Gates participated in illegal sex acts.,Restatement directly asserts the participant’s conspiracy; rating 100 means fully endorsing it.,Restatement directly states the conspiracy claim; rating 100 endorses it.,Rating the restatement 100 directly endorses the participant's conspiracy theory.
R_6TC5Um5sPFPHxUv,affirms,affirms,affirms,affirms,3,The world is flat.,Restatement directly asserts the described conspiracy; rating 100 equals fully endorsing a flat Earth.,Restatement directly states the flat earth conspiracy as true; 100 = believes it.,Rating the statement 100 directly endorses the participant's described conspiracy that the Earth is flat.
R_6TR8dOY9wC53QQN,affirms,affirms,affirms,affirms,3,The government is secretly spying on civilians.,Restatement directly asserts the participant’s conspiracy claim; rating 100 indicates full endorsement.,Restatement directly affirms the conspiracy; rating 100 means believing government surveillance.,Rating 100 directly endorses the participant's belief that the government conducts secret surveillance on civilians.
R_6TWSpvfQODYs9ZE,affirms,affirms,affirms,affirms,3,"Celebrities are cloned to maintain their youthful appearance, which is why they don't age as quickly as others.",Restatement directly asserts the described cloning conspiracy; 100 means fully endorsing it.,Restatement directly asserts the celebrity cloning conspiracy as true.,The restatement directly asserts the participant's conspiracy theory as true.
R_6Tp5XJbX9g9hsqd,affirms,affirms,affirms,affirms,3,"Cancer is easily curable, but it is being hidden to protect the incomes of pharmaceutical companies and doctors.",Restatement asserts the conspiracy: a cure exists and is concealed for financial gain.,Restatement directly states the conspiracy: cure exists but is suppressed for profit.,Rating the restatement 100 directly endorses the participant's conspiracy that a cancer cure is hidden for profit.
R_6TxhjYHgC6zlSH7,affirms,affirms,affirms,affirms,3,Aircrafts leave smoke behind that is designed to control the weather.,Restatement asserts chemtrail claim as true; rating 100 would endorse the described conspiracy.,Restatement directly states the conspiracy claim; rating 100 endorses it.,Rating the restatement 100 directly endorses the participant's described conspiracy theory about chemtrails controlling the weather.
R_6U4v8eIYXeD5Vlv,affirms,affirms,affirms,affirms,3,"The government is hiding its communication with extraterrestrial life, which explains the advanced technology we have.","Restatement asserts government conceals extraterrestrial contact to explain advanced tech, matching participant’s conspiracy.",Restatement directly mirrors the participant's conspiracy claim verbatim.,The restatement directly asserts the participant's conspiracy theory about the government hiding extraterrestrial communication.
R_6UXeeSCW3b1GDZf,affirms,affirms,affirms,affirms,3,The government hides the whereabouts of Bigfoot and other beings they think we are not ready to know about.,Restatement directly asserts the participant’s conspiracy; 100 means endorsing government cover-up of Bigfoot/other beings.,Restatement directly mirrors the participant's conspiracy claim verbatim.,"Rating 100 means believing the government hides Bigfoot, which directly affirms the participant's conspiracy theory."
R_6V2cepACSe6zTsE,affirms,affirms,affirms,affirms,3,Vaccinations can cause more harm than good.,Restatement directly asserts the participant’s conspiracy claim; rating 100 endorses that vaccines are net harmful.,Restatement directly states the conspiracy claim; rating 100 endorses it.,The restatement directly asserts the participant's conspiracy theory.
R_6V8R0c16reyjqOI,affirms,affirms,affirms,affirms,3,Aliens have visited Earth and some people who report encounters with them have genuinely met extraterrestrials.,A 100 rating endorses the claim that extraterrestrials have visited Earth and that encounters can be real.,Rating 100 means believing aliens are real and encounters are genuine extraterrestrial contact.,"Rating 100 means believing aliens have visited Earth, which affirms the participant's conspiracy."
R_6VAbC93kBNzmNhf,affirms,affirms,affirms,affirms,3,"JFK's assassination was carried out by individuals or groups other than the officially identified assassin, Lee Harvey Oswald.","Restatement claims someone other than Oswald was responsible, matching the conspiracy narrative.","Rating 100 endorses a conspiracy beyond Oswald, matching participant's description.","Rating 100 endorses the idea that someone other than Oswald killed JFK, affirming the conspiracy theory."
R_6VZnQPnNja8ThXX,affirms,affirms,affirms,affirms,3,"Denver International Airport is concealing unusual and potentially sinister activities, evidenced by odd occurrences, eerie artworks, and its isolated location.",Restatement asserts DIA is hiding sinister activities; 100 indicates endorsing the conspiracy claim.,"Restatement directly asserts the airport hides sinister activities, matching the conspiracy.",The restatement directly asserts the participant's conspiracy theory that the Denver airport is hiding something sinister.
R_6VrSL46RIKdoCsV,affirms,affirms,affirms,affirms,3,The government is hiding what is really happening in our society pertaining to our health.,"Restatement asserts government concealment of true societal health issues, matching the participant’s conspiracy.",Restatement directly mirrors the conspiracy: government hiding health truths.,The restatement directly asserts the participant's conspiracy theory that the government is hiding health information.
R_6VtVJzkpgLoIM4p,affirms,affirms,affirms,affirms,3,The CIA was involved in the killing of Robert John Kennedy or JFK.,Restatement directly asserts CIA involvement in the assassinations; 100 equals endorsing the participant’s conspiracy.,"Restatement directly asserts CIA involvement, matching the conspiracy described.",The restatement directly asserts the participant's conspiracy theory that the CIA was involved in the assassinations.
R_6W17vTed2clsNk5,affirms,affirms,affirms,affirms,3,"Celebrities, including Diddy, are involved in sex trafficking, and Diddy was also involved in the murders of Tupac and Biggie.",Restatement directly asserts the participant’s described conspiracy as true.,Restatement directly asserts the conspiracy claims as true.,The restatement directly asserts the participant's conspiracy theory as true.
R_6WPCWWjFcWrNsqR,affirms,affirms,affirms,affirms,3,"The Chinese were responsible for Covid, and they tried to cover up the evidence.",Restatement directly asserts the participant’s conspiracy; rating 100 means endorsing it as true.,Restatement directly mirrors the conspiracy claim verbatim.,The restatement directly asserts the participant's conspiracy theory that China caused and covered up COVID-19.
R_6X1G3fqNArnoTJp,affirms,affirms,affirms,affirms,3,The CIA was responsible for training and programming John Lennon's murderer.,Restatement directly asserts the participant’s conspiracy claim; 100 indicates full endorsement.,Restatement directly asserts the conspiracy; rating 100 means fully believing it.,The restatement directly asserts the participant's conspiracy theory that the CIA trained John Lennon's murderer.
R_6XaJGRxI6Gj0FOo,affirms,affirms,affirms,affirms,3,"There is a book in the Library of Congress containing major secrets (e.g., aliens and secret societies) that the government hides from the public, but the president knows about.",Restatement asserts the hidden-secrets book exists and is concealed; a 100 rating endorses the conspiracy.,Restatement directly mirrors the conspiracy: hidden book with secrets kept from public.,"The restatement directly asserts the existence of the secret book, matching the participant's conspiracy theory."
R_6Xez07al61gGUxz,affirms,affirms,affirms,affirms,3,Neil Armstrong was not actually on the moon when the moon landing was claimed to have happened.,"Restatement asserts Armstrong wasn’t on the moon, matching the participant’s conspiracy claim.",Restatement directly states the conspiracy: Armstrong was not on the moon.,"Rating 100 means agreeing Armstrong wasn't on the moon, which directly affirms the participant's conspiracy theory."
R_6XjTrCdkVnS4WNR,affirms,affirms,affirms,affirms,3,NASA's moon landing in 1969 was staged.,"A 100 rating endorses the moon-landing-hoax claim (staged), i.e., the conspiracy framing.","Rating 100 means believing the moon landing was faked, endorsing the conspiracy.","Rating 100 means believing the moon landing was staged, which directly affirms the participant's conspiracy theory."
R_6XoLwtufENwUr9v,affirms,affirms,affirms,affirms,3,"Donald Trump was accused in 31 charges, yet all charges were dismissed and he faced no punishment despite there being enough evidence to charge him.","Restatement asserts charges were dismissed despite sufficient evidence, matching the participant’s claim Trump escaped accountability.",Restatement endorses the conspiracy that Trump escaped justice unfairly.,The restatement directly asserts the participant's conspiracy theory as true.
R_6YA4glDnsjZiU7R,affirms,affirms,affirms,affirms,3,The US government was involved in the 9/11 attacks.,Restatement directly asserts the participant’s conspiracy; rating 100 means fully endorsing government involvement.,Restatement directly matches the conspiracy: government involvement in 9/11.,The restatement directly asserts the participant's conspiracy theory that the US government was involved in 9/11.
R_6YCS3oMo5F1sIU1,affirms,affirms,affirms,affirms,3,The government is spying on all of us.,Restatement directly asserts the participant’s conspiracy claim; rating 100 endorses government spying on everyone.,Restatement directly states the conspiracy claim; rating 100 endorses it.,Rating the restatement 100 directly endorses the participant's described conspiracy that the government is spying on everyone.
R_6Yc7CVlRiu1qRKp,affirms,affirms,affirms,affirms,3,"Reptiles have been running the world for centuries, possibly as fallen angels or demons.","Restatement asserts reptilian beings have ruled the world for centuries, matching the participant’s conspiracy claim.",Restatement directly states the conspiracy claim as true.,Rating 100 endorses the conspiracy that reptilian beings or demons are secretly running the world.
R_6Ye68aHrtvK3zKV,affirms,affirms,affirms,affirms,3,The government is withholding information about the existence of aliens.,"Rating 100 endorses the idea that the government is hiding alien-existence information, matching the participant’s conspiracy.","Rating 100 endorses government concealment of alien existence, matching participant's conspiracy.","Rating 100 means believing the government is hiding alien information, matching the participant's conspiracy."
R_6Yt4zsCHMoRoTQD,affirms,affirms,affirms,affirms,3,Bigfoots are living among us in the forests.,"Restatement asserts Bigfoots live in forests, matching participant’s conspiracy; 100 means endorsing it.",Restatement directly asserts the conspiracy; rating 100 means believing in Bigfoot.,"Rating 100 means believing Bigfoots exist, which directly affirms the participant's described conspiracy."
R_6ZEr4B2yOi0EWRm,affirms,affirms,affirms,affirms,3,The government monitors all public and private communications.,Restatement directly asserts the participant’s conspiracy; rating 100 endorses universal government monitoring.,Restatement directly states the conspiracy claim; rating 100 endorses it.,Rating 100 directly endorses the participant's belief that the government monitors all communications.
R_6ZJzyszol64THAB,affirms,affirms,affirms,affirms,3,"We live under a firmament, and the ocean is actually space.",Restatement directly asserts the participant’s conspiracy; rating 100 endorses it as true.,Restatement directly asserts the conspiracy claims verbatim.,The restatement directly asserts the participant's conspiracy theory as true.
R_6ZOKy8gJSttvN3L,affirms,affirms,affirms,affirms,3,Foreign countries are actively interfering in our elections by funding demonstrations and manipulating or attempting to manipulate vote totals.,"Restatement asserts foreign interference via funding demos and vote manipulation, matching participant’s conspiracy claim.",Restatement directly mirrors the participant's conspiracy claim about foreign interference.,The restatement directly asserts the participant's belief that foreign countries interfere in elections via funding and vote manipulation.
R_6ZdeRvS7fzbuOBP,affirms,affirms,affirms,affirms,3,Marilyn Monroe was murdered by the Kennedy family.,Restatement directly asserts the described conspiracy; rating 100 means fully endorsing that claim.,Restatement directly asserts the conspiracy; rating 100 means believing it.,Rating the restatement 100 directly endorses the participant's described conspiracy that the Kennedys murdered Marilyn Monroe.
R_6ZifXNJffz5n9sJ,affirms,affirms,affirms,affirms,3,Powerful organizations are hiding the fact that slavery still occurs somewhere in the country.,Restatement matches participant’s conspiracy claim; rating 100 endorses ongoing hidden slavery.,Restatement directly states the conspiracy: hidden slavery by powerful organizations.,Rating 100 means believing the conspiracy that powerful organizations hide the existence of modern slavery.
R_6aIuQdEtLKgWiSr,affirms,affirms,affirms,affirms,3,"The government uses advanced technology to track citizens’ activities and obtains user data from companies like Google, Facebook, and Apple.",Restatement asserts government tracking and data requests; rating 100 endorses the described conspiracy.,Restatement directly states the conspiracy as true; 100 = full belief.,The restatement directly asserts the participant's conspiracy theory that the government tracks citizens using advanced technology.
R_6ahiAmMVw3G1N6m,affirms,affirms,affirms,affirms,3,Neil Armstrong did not land on the moon in the 1960s.,Restatement directly asserts the participant’s conspiracy claim; rating it 100 means endorsing the moon-landing-was-faked view.,Restatement directly asserts the conspiracy; rating 100 means believing it.,"Rating 100 means believing Armstrong didn't land on the moon, which is the conspiracy."
R_6ajC0ditoZocDcd,affirms,affirms,affirms,affirms,3,China intentionally released the coronavirus to eliminate global populations.,"Restatement asserts China deliberately released COVID-19 to kill people, matching the participant’s conspiracy claim.",Rating 100 means believing China deliberately released COVID to kill people.,Rating 100 endorses the participant's exact conspiracy theory that China intentionally released the virus to kill people.
R_6bTV3spwPQ6CaA0,affirms,affirms,affirms,affirms,3,The Apollo 11 Moon Landing was staged by NASA on a film set to win the Space Race against the Soviet Union.,Restatement directly asserts the described conspiracy; rating 100 means fully endorsing it.,Restatement directly asserts the conspiracy; rating 100 means fully believing it.,"The restatement directly asserts the conspiracy theory that the moon landing was staged, so a 100 rating affirms it."
R_6bW5eJMFbzkG2a4,affirms,affirms,affirms,affirms,3,The government knows that UFOs and extraterrestrials exist.,Restatement directly asserts the participant’s conspiracy claim as true.,Restatement directly asserts the conspiracy: government knows about UFOs and extraterrestrials.,"Rating 100 means believing the government knows about UFOs, which directly affirms the participant's conspiracy."
R_6bYeAXZOkuZqNTX,affirms,affirms,affirms,affirms,3,Apple phones are designed to intercept phone calls and collect personal information without authorization.,"Restatement asserts Apple intentionally spies without authorization, matching the participant’s conspiracy claim.",Restatement directly states the conspiracy claim as true.,The restatement directly asserts the participant's conspiracy theory that Apple phones are designed to spy on users.
R_6ceaUH2vO9VAC45,affirms,affirms,affirms,affirms,3,"Bigfoot is real, as evidenced by numerous footprints suggesting its existence.",Restatement asserts Bigfoot exists; rating 100 endorses the participant’s Bigfoot-is-real belief.,"Restatement directly asserts Bigfoot's reality, matching participant's belief.","Rating 100 means believing Bigfoot is real, which directly affirms the participant's conspiracy theory."
R_6dE5HWV9PwHMNpn,affirms,affirms,affirms,affirms,3,Helen Keller was not a real person.,Restatement matches participant’s claim that Helen Keller wasn’t real; 100 endorses the conspiracy.,Restatement directly states the conspiracy: Helen Keller was fabricated/fictional.,"Rating 100 means believing she was not real, which directly affirms the participant's conspiracy theory."
R_6dFPS3pO1jT4UaL,affirms,affirms,affirms,affirms,3,There were multiple shooters involved in the assassination of JFK.,Participant suspects more than one shooter; agreeing 100% endorses that conspiratorial claim.,"Rating 100 endorses multiple shooters, matching participant's conspiracy belief.",Rating 100 endorses the participant's belief that there were multiple shooters involved in the JFK assassination.
R_6dfGr5RYeoz474w,affirms,affirms,affirms,affirms,3,"The United States staged the moon landing to compete with the Russians, as the technology at the time was not advanced enough to actually land a man on the moon.","Restatement asserts moon landing was staged and tech insufficient, matching participant’s conspiracy claim.","Restatement directly asserts the moon landing was faked, matching the conspiracy.",Rating the restatement 100 means endorsing the conspiracy that the moon landing was staged.
R_6dgOkNZUkgHPH7s,affirms,affirms,affirms,affirms,3,"The government is hiding evidence of extraterrestrial contact, has recovered alien technology, and dolphins can talk.",Restatement asserts the participant’s conspiracy claim about hidden extraterrestrial contact and recovered alien technology.,Restatement directly asserts the conspiracy claim; rating 100 endorses it.,The restatement directly asserts the participant's conspiracy theory as true.
R_6dhQFwEC7o6ChaI,affirms,affirms,affirms,affirms,3,Some states manipulated the voting process by discarding votes for Trump and allowing deceased individuals to vote.,Restatement asserts the same election-fraud conspiracy described; rating 100 would endorse it.,Restatement directly asserts the conspiracy: votes discarded and dead people voted.,"Rating 100 means believing votes were discarded and dead people voted, affirming the participant's conspiracy."
R_6digYmiT6Iu4RMw,affirms,affirms,affirms,affirms,3,"NASA is hiding the truth about the flat Earth, a glass firmament, and aliens.","Restatement asserts NASA is concealing flat Earth/firmament/aliens, matching participant’s conspiracy claim.","Restatement directly asserts NASA concealment of flat Earth, firmament, and aliens.","Rating 100 means agreeing that NASA is hiding the truth about a flat Earth, directly affirming the conspiracy."
R_6dm2LntDi217oh9,affirms,denies,affirms,affirms,3,The moon landing was staged.,Restatement asserts the conspiracy claim (moon landing faked); rating 100 endorses that conspiracy.,Participant personally believes the landing happened; staging claim contradicts their view.,"Rating 100 means believing the moon landing was staged, which directly affirms the conspiracy theory."
R_6dstt9OggS2M6VL,denies,affirms,affirms,affirms,3,The moon landing was staged and the footage was faked because the flag appeared to blow in the wind despite the lack of gravity and questions about how video signals were transmitted without advanced computers.,Participant describes the moon landing as real; the restatement claims it was staged and faked.,Restatement directly asserts the conspiracy (staged moon landing) as true.,Rating 100 endorses the conspiracy theory that the moon landing was staged and the footage was faked.
R_6dyHocnBaEeGmkJ,affirms,affirms,affirms,affirms,3,"The government is deploying ISIS agents to capture and harm immigrants, separating them from their families.",Restatement directly asserts the participant’s claim that the government uses ISIS agents to harm immigrants.,Restatement directly states the conspiracy as true; 100 = full belief.,The restatement directly asserts the participant's conspiracy theory that the government uses ISIS agents to harm immigrants.
R_6e4LVjdpotcmWWO,affirms,affirms,affirms,affirms,3,The first lunar landing 53 years ago did not actually happen.,Participant doubts the original moon landing occurred; restatement asserts it didn’t happen.,"Rating 100 means believing the original moon landing was faked, endorsing the conspiracy.","Rating 100 means agreeing the landing did not happen, which directly affirms the participant's conspiracy theory."
R_6eFqK2oGKC7NmaB,affirms,affirms,affirms,affirms,3,"Epstein's death was orchestrated by Trump, supported by claims of manipulated prison video footage and his family's belief he was not suicidal.","Restatement asserts Trump ordered/orchestrated Epstein’s death, matching the participant’s conspiracy claim.",Restatement directly asserts the conspiracy: Trump ordered Epstein's death with cited evidence.,The restatement directly asserts the participant's conspiracy theory that Trump orchestrated Epstein's death.
R_6eJCXWuMKJWQu5S,affirms,affirms,affirms,affirms,3,"Celebrities are involved in the real Illuminati, though it doesn't control everything.","Restatement asserts Illuminati is real and celebrities are involved, matching the participant’s conspiracy claim.","Rating 100 confirms celebrity Illuminati involvement, matching participant's conspiracy belief.",The restatement directly asserts the participant's belief in the Illuminati and celebrity involvement.
R_6eQduqAT9u25FjP,affirms,affirms,affirms,affirms,3,People in very high places are orchestrating the disappearances of individuals to keep them hostage as sex slaves.,Restatement directly asserts the conspiracy claim as true; 100 endorses elite-led abductions for sex slavery.,Restatement directly asserts the conspiracy; rating 100 means fully believing it.,The restatement directly asserts the participant's conspiracy theory that elites are kidnapping people for sex trafficking.
R_6eRT5rFLIBMStDO,affirms,affirms,affirms,affirms,3,"Bigfoot exists, and videos provide proof of real sightings.","Restatement asserts Bigfoot is real and videos prove sightings, matching the participant’s claimed conspiracy.","Rating 100 means believing Bigfoot is real, matching the conspiracy.","Rating 100 means believing Bigfoot exists and the videos are real, directly affirming the participant's conspiracy."
R_6ehuROJ1kygePqG,affirms,affirms,affirms,affirms,3,Jeffrey Epstein did not die by suicide; he is either still alive or was murdered.,"Restatement matches the participant’s conspiracy claim (alive or killed), not the official account.","Restatement directly mirrors the conspiracy: Epstein alive or murdered, not suicide.","Rating 100 endorses the conspiracy that Epstein did not commit suicide, matching the participant's description."
R_6ejZT5uC7dLAF9Y,affirms,affirms,affirms,affirms,3,All motorized vehicles will be operated by AI and monitored by the government.,"Restatement matches the participant’s conspiracy claim; rating 100 endorses AI-operated, government-monitored vehicles.",Restatement directly mirrors the conspiracy: AI-operated vehicles monitored by government.,Rating the restatement 100 directly endorses the participant's belief about AI vehicles and government monitoring.
R_6elDQlBRFaUKdk7,affirms,affirms,affirms,affirms,3,AI is going to take over the job of everyone on the planet.,Restatement matches participant’s claimed conspiracy; rating 100 endorses total AI job takeover.,Restatement directly mirrors the participant's conspiracy claim verbatim.,The restatement directly asserts the participant's belief that AI will take over all jobs.
R_6etwwU9P7KCg2Fb,affirms,affirms,affirms,affirms,3,The Titanic was deliberately sunk to ensure the establishment of the Federal Reserve.,"Restatement asserts Titanic was intentionally sunk to cause the Fed, matching participant’s conspiracy claim.",Restatement directly states the conspiracy: Titanic sunk on purpose to enable the Fed.,The restatement directly asserts the participant's conspiracy theory that the Titanic was intentionally sunk.
R_6euPLBB5apR70U9,affirms,affirms,affirms,affirms,3,The moon landing in the 1960s was staged and not a real landing.,Restatement directly asserts the conspiracy claim; rating 100 means fully believing the moon landing was faked.,Restatement directly asserts the conspiracy; rating 100 means believing it was faked.,The restatement directly asserts the conspiracy theory that the moon landing was staged.
R_6f9u9QTyoAhfJhk,affirms,affirms,affirms,affirms,3,Extraterrestrial life exists with more intelligence than humans.,Restatement directly asserts the participant’s described conspiracy; rating 100 indicates full endorsement.,Restatement directly states the conspiracy belief; rating 100 endorses it.,"The restatement directly asserts the participant's belief, so a 100 rating affirms the conspiracy."
R_6fJ0R1EHabVM10o,affirms,affirms,affirms,affirms,3,Trump is a pedophile who has sex with children.,Restatement directly asserts the participant’s conspiracy claim as true; rating 100 endorses it.,Restatement directly asserts the conspiracy; rating 100 endorses it.,The restatement directly asserts the participant's conspiracy theory as true.
R_6fJHLb09VqJq8oq,affirms,affirms,affirms,affirms,3,Money is fake and can be made easily.,Restatement directly asserts the participant’s conspiracy; rating 100 means endorsing it.,Restatement directly mirrors the participant's conspiracy that money is fake and easily created.,The restatement directly asserts the participant's conspiracy theory that money is fake and easily made.
R_6fNPRslOcCcjjaf,affirms,affirms,affirms,affirms,3,The novel coronavirus was created in a laboratory and did not originate naturally.,Restatement matches the described conspiracy; rating 100 endorses lab-creation over natural origin.,Restatement directly asserts the lab-creation conspiracy as true.,The restatement directly asserts the participant's conspiracy theory as true.
R_6fW2w9yutGkajHu,affirms,affirms,affirms,affirms,3,"The government is hiding evidence of aliens and advanced technology, which began after the cover-up of a UFO crash at Roswell in 1947, leading to rapid technological advances like computer chips and microwaves.","Restatement asserts government hid Roswell UFO/alien tech, causing later technological advances—matches participant’s conspiracy.","Rating 100 endorses government alien cover-up and reverse-engineered technology, matching participant's conspiracy.",The restatement directly asserts the participant's conspiracy theory as true.
R_6faabgFOhmvF3up,affirms,affirms,affirms,affirms,3,A secret group of scientists has developed advanced mind control technology and is testing it on the public without consent.,Restatement directly asserts the conspiracy claim; rating 100 means endorsing it as true.,Restatement directly asserts the conspiracy as true; 100 = full belief.,Rating the statement 100 directly endorses the participant's described conspiracy about secret mind control testing.
R_6fdZLCDkoEsXML4,affirms,affirms,affirms,affirms,3,President Eisenhower made a deal with aliens for them to share technology with the USA in exchange for allowing aliens to abduct US residents for experiments.,Restatement directly asserts the described Eisenhower-alien abduction deal; rating 100 means endorsing the conspiracy.,Restatement directly states the conspiracy as true; 100 = full belief.,The restatement directly asserts the participant's conspiracy theory about Eisenhower's deal with aliens as a factual claim.
R_6fjCmcOVZJ0UaVX,affirms,affirms,affirms,affirms,3,"Aliens exist in Area 51, and UFOs are real.","Restatement asserts the participant’s claimed conspiracy as true (aliens at Area 51, real UFOs).","Rating 100 confirms aliens and UFOs exist, endorsing the conspiracy.",The restatement directly asserts the participant's core conspiracy claims about aliens and UFOs.
R_6fk2LCn0fRnk4ml,affirms,affirms,affirms,affirms,3,"The moon landing was faked, as evidenced by the flag moving in an environment with no wind.","Restatement asserts the moon landing was faked, matching participant’s conspiracy claim.",Restatement directly asserts the conspiracy; rating 100 means believing it.,"Rating the statement 100 means agreeing the moon landing was faked, which directly affirms the conspiracy."
R_6fkEn47bogeoxjD,affirms,affirms,affirms,affirms,3,The government is hiding alien life forms from us at Area 51.,Restatement directly asserts the participant’s conspiracy claim; rating 100 means full belief in government alien coverup.,Restatement directly asserts the conspiracy; rating 100 means believing it.,The restatement directly asserts the participant's conspiracy theory that the government is hiding aliens at Area 51.
R_6ftXLSLuY12vddL,affirms,affirms,affirms,affirms,3,Aliens built the Egyptian pyramids.,The restatement directly asserts the participant’s conspiracy; rating it 100 endorses the alien-construction claim.,Restatement directly states the conspiracy claim; rating 100 endorses alien construction.,"Rating 100 means believing aliens built the pyramids, directly affirming the participant's conspiracy theory."
R_6g2f4xTydeaR0FH,affirms,affirms,affirms,affirms,3,"The richest one percent of the population controls the country, and the government is just for show.",Restatement directly asserts the participant’s conspiracy; rating 100 indicates full endorsement of that claim.,Restatement directly mirrors the conspiracy claim verbatim.,"The restatement directly asserts the participant's conspiracy theory, so a 100 rating means fully endorsing it."
R_6g6olwKdvQSnXat,affirms,affirms,affirms,affirms,3,"Aliens have landed in Roswell, and we have their bodies and ship.",Restatement directly asserts the participant’s alien Roswell crash and recovered bodies/ship claim as true.,Restatement directly asserts the conspiracy claim; rating 100 endorses it.,Rating the restatement 100 directly endorses the participant's belief that aliens crashed at Roswell.
R_6gGhWktOwPFyu9v,affirms,affirms,affirms,affirms,3,A group of millionaires and billionaires meet annually in California to plan forming a one world government to control the global economy and population.,"Restatement asserts elites conspire to create one-world government and control people, matching participant’s conspiracy.",Rating 100 endorses the elite secret meeting conspiracy the participant described.,The restatement directly asserts the participant's conspiracy theory as true.
R_6gHff81n7BKnlUw,affirms,affirms,affirms,affirms,3,The United States faked the moon landing.,Restatement directly asserts the participant’s conspiracy; rating 100 indicates full endorsement of faked moon landing claim.,Restatement directly states the conspiracy as true; 100 = believes it was faked.,Rating the restatement 100 directly endorses the participant's conspiracy theory that the moon landing was faked.
R_6gTac9Aj8hkza7L,affirms,affirms,affirms,affirms,3,The government is hiding evidence of UFOs and extraterrestrial life from the public.,Restatement directly asserts the described conspiracy; rating 100 would fully endorse it.,Restatement directly asserts the conspiracy; rating 100 means fully believing it.,The restatement directly asserts the conspiracy theory described by the participant.
R_6gUsKGJ27ghB5Od,affirms,affirms,affirms,affirms,3,"The CIA and the mob were involved in the assassination of JFK in Dallas, Texas on November 22, 1953.","Restatement asserts CIA and mob involvement, matching the participant’s conspiracy; 100 means endorsing it.","Restatement directly asserts CIA/mob involvement, matching the conspiracy belief described.",Rating 100 affirms the participant's belief that the CIA and the mob were involved in JFK's assassination.
R_6geimVX6RjRBSjn,affirms,affirms,affirms,affirms,3,The Illuminati are hiding and controlling the government.,Restatement directly asserts the participant’s conspiracy claim; rating 100 indicates full endorsement.,Restatement directly states the conspiracy as true; 100 = full belief.,The restatement directly asserts the participant's conspiracy theory that the Illuminati controls the government.
R_6gejZ0oLoe3itPX,affirms,affirms,affirms,affirms,3,"Our government has sent astronauts beyond our universe and discovered planets similar to Earth, and South Pole operations indicate other life forms exist.",Restatement asserts the same extraordinary government space exploration and alien-life indications the participant described.,Restatement directly asserts the participant's conspiracy as true; 100 = full belief.,The restatement directly asserts the participant's conspiracy theory about secret astronauts and extraterrestrial life as true.
R_6hE1ZlemXHsmCB0,affirms,affirms,affirms,affirms,3,Lee Harvey Oswald did not act alone in the JFK assassination.,"Restatement asserts multiple participants, matching participant’s conspiracy that Oswald wasn’t the sole shooter.",Rating 100 confirms the conspiracy: multiple shooters/conspirators killed JFK.,"Rating 100 endorses the participant's belief that Oswald had accomplices, affirming the conspiracy."
R_6hRo2nJib8D5KBD,affirms,affirms,affirms,affirms,3,"The United States faked the 1969 Apollo 11 moon landing and subsequent missions, staging them in a studio to win the Space Race against the Soviet Union.","Restatement directly asserts the moon landings were faked, matching the participant’s conspiracy claim.",Restatement directly asserts the conspiracy; rating 100 means believing the hoax.,"Rating 100 means believing the US faked the moon landing, which directly affirms the described conspiracy."
R_6hgM8KELANXBjI1,affirms,affirms,affirms,affirms,3,The government created and released COVID-19 to remove Trump from office.,Restatement directly asserts the described conspiracy; 100 means endorsing it as true.,Restatement directly states the conspiracy as true; 100 = full belief.,"The restatement directly asserts the participant's conspiracy theory, so a 100 rating means fully endorsing it."
R_6hik6U0TkaMCxke,affirms,affirms,affirms,affirms,3,"The government is infiltrated by lizard aliens that can look human, and they are aware of this and keeping it hidden from the public.",Restatement directly asserts the described lizard-alien infiltration and cover-up; 100 means endorsing the conspiracy.,Restatement directly asserts the conspiracy as true; 100 = full belief.,The restatement directly asserts the participant's conspiracy theory about lizard aliens infiltrating the government as true.
R_6hlKF32fvEqDxrT,affirms,affirms,affirms,affirms,3,Paul McCartney died in a car crash in 1996 and was replaced by a clone.,Restatement directly asserts the conspiracy claim; rating 100 would fully endorse it.,Restatement directly asserts the conspiracy as true; 100 = full belief.,The restatement directly asserts the participant's conspiracy theory as true.
R_6iRvmuCn5LkQssB,affirms,affirms,affirms,affirms,3,"The 2020 Trump–Biden presidential election involved suspicious voting irregularities, including broken legislative rules in a red state that caused all votes there to go to Biden.","Restatement claims suspicious process and rule-breaking led to Biden receiving all votes, matching the participant’s conspiracy.",Restatement directly asserts the conspiracy claim; rating 100 endorses it.,Rating 100 endorses the participant's belief that the Trump-Biden election involved suspicious voting and broken rules.
R_6ieP6uX1zLfLMOV,affirms,affirms,affirms,affirms,3,There are actual aliens out there.,"Restatement asserts aliens exist, matching participant’s described belief topic; 100 means endorsing that claim.","Restatement directly asserts alien existence, matching the conspiracy belief.",Rating the statement 100 directly endorses the participant's belief that extraterrestrial aliens exist.
R_6igmtvZnWbS02LV,affirms,affirms,affirms,affirms,3,The government is concealing the existence of advanced technology capable of curing certain illnesses.,Restatement directly asserts the participant’s conspiracy that the government hides cure technology.,Restatement directly asserts the conspiracy: government hiding cure technology.,The restatement directly asserts the participant's conspiracy theory that the government hides advanced medical technology.
R_6irmx78cFn8EXkJ,affirms,affirms,affirms,affirms,3,The presidential election was rigged.,Restatement directly asserts the participant’s conspiracy; rating it 100 endorses that the election was rigged.,Restatement directly states the conspiracy as true; rating 100 endorses it.,Rating the restatement 100 directly endorses the participant's conspiracy that the election was rigged.
R_6j9S77B3AMAzjZe,affirms,affirms,affirms,affirms,3,There will not be a midterm election this year because Trump and the Republicans are doing such a great job that there is no need for one.,Restatement directly asserts the participant’s claim that midterm elections won’t occur due to Trump/Republicans’ performance.,Restatement directly asserts the conspiracy claim as true.,Rating 100 endorses the participant's exact claim that midterms will be canceled due to Trump's performance.
R_6jH7aLlgRKTLjIB,affirms,affirms,affirms,affirms,3,The government is really run by hidden globalists.,Restatement directly asserts the participant’s conspiracy claim; rating 100 means fully endorsing it.,Restatement directly asserts the conspiracy; rating 100 means fully believing it.,Rating the restatement 100 directly endorses the participant's conspiracy theory about hidden globalists running the government.
R_6jUqABvh6gliKVa,affirms,affirms,affirms,affirms,3,The government is hiding evidence of aliens from the public.,"Restatement asserts the government is concealing alien evidence, matching participant’s conspiracy claim.",Restatement directly matches participant's conspiracy: government hiding alien evidence.,"Rating 100 means agreeing the government hides aliens, which directly endorses the participant's described conspiracy."
R_6jV9ZJ4VnvN84U4,affirms,affirms,affirms,affirms,3,A powerful organization is hiding the fact that the Earth is flat.,Restatement directly asserts the participant’s flat-Earth conspiracy as true.,Restatement directly affirms the flat Earth conspiracy; rating 100 endorses it.,Rating 100 directly endorses the participant's described conspiracy that the flat earth is being hidden.
R_6jZDZAGWaY0gg5F,affirms,affirms,affirms,affirms,3,The U.S. government controls the price of oil and gold worldwide by leveraging its vast reserves and market influence.,Restatement matches the participant’s conspiracy claim; rating 100 affirms U.S. control over global oil and gold prices.,Restatement directly mirrors the participant's conspiracy claim about US price control.,The restatement directly asserts the participant's conspiracy theory as true.
R_6kBQyW34I22hmWg,affirms,affirms,affirms,affirms,3,The man was kidnapped because he knew about UFOs in America.,Restatement directly asserts the kidnapping-for-UFO-knowledge conspiracy; 100 means endorsing it.,Restatement directly states the conspiracy: kidnapped due to UFO knowledge.,Rating 100 directly endorses the participant's conspiracy theory that the man was kidnapped over UFO knowledge.
R_6kGnlg1y5buZVm6,affirms,affirms,affirms,affirms,3,The earth is flat and the government is preventing visits to the poles to conceal this truth.,Restatement directly asserts the participant’s flat-earth conspiracy and government concealment; 100 means endorsing it.,Restatement directly asserts flat earth conspiracy; rating 100 endorses it.,Rating 100 means endorsing the flat earth conspiracy as described.
R_6kPWxDhFdKwmf4d,affirms,affirms,affirms,affirms,3,The government is hiding that celebrities are secretly replaced by lizard people who take over after killing the original celebrities.,Restatement asserts the lizard-people replacement conspiracy as true; 100 would endorse the conspiracy.,Restatement directly asserts the conspiracy: lizard people replace celebrities with government cover-up.,"Rating 100 endorses the conspiracy that the government replaces celebrities with lizard people, matching the participant's description."
R_6kUcv7u7YWFWQ7f,affirms,affirms,affirms,affirms,3,The Russian government meddled in the 2016 US presidential election to help Donald Trump win.,Restatement directly asserts the participant’s conspiracy; a 100 rating indicates full endorsement.,Restatement directly states the conspiracy as true; 100 = full belief.,The restatement directly asserts the participant's conspiracy theory that Russia meddled in the 2016 election.
R_6kVUcPu5wUUZj4R,affirms,affirms,affirms,affirms,3,"Insurance companies are cancelling home insurance policies and not fully honoring contracted payouts, especially in states prone to catastrophic weather events.",Restatement matches participant’s claim about cancellations and underpaying/denying contracted insurance payouts.,Rating 100 endorses the conspiracy that insurers are cancelling policies and underpaying claims.,The restatement directly asserts the participant's claim about insurance companies cancelling policies and underpaying in disaster-prone areas.
R_6kbTM45pqsQuu8x,affirms,affirms,affirms,affirms,3,NASA has discovered intelligent life on Pluto.,"Restatement directly asserts NASA found intelligent life on Pluto, matching the participant’s conspiracy claim.",Restatement directly asserts the conspiracy claim; rating 100 endorses it.,Rating 100 means believing the conspiracy that NASA found intelligent life on Pluto.
R_6kc7K7YapNrsqMu,affirms,affirms,affirms,affirms,3,AI is setting up for the new world order by building stations all over the country using power grids.,Restatement directly asserts the participant’s conspiracy claim; rating 100 endorses it.,Restatement directly asserts the conspiracy; rating 100 endorses it.,The restatement directly asserts the participant's conspiracy theory about AI and the new world order as true.
R_6kcB8R2HOqEzD7c,affirms,affirms,affirms,affirms,3,AI will end humanity.,"Rating 100 affirms the claim that AI will end humanity, matching the participant’s described concern.",Rating 100 directly endorses the belief that AI will end humanity.,"Rating 100 means agreeing that AI will end humanity, which directly affirms the participant's described conspiracy."
R_6khOZCHVNxSBwWC,affirms,affirms,affirms,affirms,3,The 9/11 attacks were orchestrated by the government as a pretext to justify invading Iraq.,"Restatement asserts the government planned 9/11 to justify invading Iraq, matching the participant’s conspiracy.",Restatement directly states the conspiracy: government orchestrated 9/11 to justify Iraq invasion.,"Rating 100 means agreeing the government orchestrated 9/11, which directly affirms the participant's conspiracy theory."
R_6kzXiSXkuL0xiU5,affirms,affirms,affirms,affirms,3,Lee Harvey Oswald was not the only assassin involved in the assassination of JFK.,Restatement asserts multiple assassins; rating 100 endorses the participant’s conspiracy claim.,Restatement directly states the conspiracy: multiple assassins killed JFK.,The restatement directly asserts the participant's conspiracy theory that multiple assassins were involved in JFK's death.
R_6l3uoH5Ds03ejol,affirms,affirms,affirms,affirms,3,"The government and organizations are hiding the truth about JFK’s assassination, which may have been a hired hit.","Restatement asserts a cover-up and hidden truth about JFK’s assassination, matching the participant’s conspiracy claim.",Rating 100 means believing the government is concealing JFK assassination truth.,Rating 100 endorses the conspiracy that the government is hiding the truth about JFK's assassination.
R_6lGjSvhPizG7m5y,affirms,affirms,affirms,affirms,3,Extraterrestrial beings exist and have made contact with Earth.,Restatement directly asserts the participant’s described conspiracy claim as true.,Restatement directly asserts the conspiracy claim; rating 100 endorses it.,Rating 100 directly endorses the participant's belief that aliens exist and have contacted Earth.
R_6lRILyTH0Xuwyfm,affirms,affirms,affirms,affirms,3,The Apollo moon landing was faked and filmed on a soundstage by Stanley Kubrick.,"Restatement asserts Kubrick soundstage hoax (and adds Building 7 foul play), matching participant’s conspiracy claim.",Rating 100 endorses both the fake moon landing and 9/11 conspiracy claims.,Rating 100 means endorsing both the moon landing and 9/11 conspiracies described by the participant.
R_6laJKisty5yBeoN,affirms,affirms,affirms,affirms,3,China has built a space station on the dark side of the moon.,Restatement directly asserts the participant’s conspiracy; rating 100 means fully endorsing it.,Restatement directly states the conspiracy as true; 100 = full belief.,Rating 100 directly endorses the participant's conspiracy theory that China built a lunar space station.
R_6lcnGqCjSGYrb2W,affirms,affirms,affirms,affirms,3,The government is hiding evidence that Kennedy was shot by more than one man and did not act alone.,"Restatement asserts JFK was shot by multiple men and government is concealing evidence, matching the conspiracy claim.",Restatement directly mirrors the conspiracy: government concealing multi-shooter evidence.,The restatement directly asserts the participant's conspiracy theory that multiple shooters were involved and covered up.
R_6lh53s2crsqOT6Z,affirms,affirms,affirms,affirms,3,Aliens are real.,Restatement asserts the participant’s stated conspiracy claim; rating 100 endorses aliens’ existence.,Rating 100 directly endorses the conspiracy that aliens exist.,"Rating 100 means believing aliens are real, which directly affirms the participant's described conspiracy."
R_6lzWRAkibey5VhB,affirms,affirms,affirms,affirms,3,"Courtney Love killed Kurt Cobain, and the music industry along with the Illuminati are keeping it covered up.",Restatement directly asserts participant’s conspiracy; rating 100 means fully endorsing it.,Restatement directly mirrors the participant's conspiracy claim verbatim.,The restatement directly asserts the participant's conspiracy theory as true.
R_6m2GvrVzENGyU5F,affirms,affirms,affirms,affirms,3,"Humans have never been to the moon, and the moon landings are fabricated.",Restatement directly asserts the participant’s conspiracy that moon landings were faked; 100 means endorsing it.,Restatement directly asserts the conspiracy: moon landings are fake.,"Rating 100 means agreeing the moon landings were faked, directly affirming the participant's conspiracy."
R_6maF8VbINTr2iN1,affirms,affirms,affirms,affirms,3,"The higher government, not the president, manufactured and dispersed the Covid-19 virus to thin out the population.",Restatement directly asserts participant’s conspiracy; rating 100 means fully endorsing it.,Restatement directly mirrors the participant's conspiracy claim verbatim.,The restatement directly asserts the participant's conspiracy theory that the government manufactured Covid-19 for population control.
R_6mjXAnoHRQ4Pwdt,unclear,affirms,affirms,affirms,3,Someone was standing at the zone of impact during the attack on the World Trade Center.,Restatement is a neutral observation; it doesn’t clearly affirm or deny any specific WTC conspiracy claim.,Restatement directly affirms the conspiracy evidence the participant described.,The restatement directly asserts the participant's specific conspiracy claim about someone standing at the impact zone.
R_6mko4wY6H1Jbk7C,affirms,affirms,affirms,affirms,3,Area 51 had aliens that they hid from us.,Restatement asserts the conspiracy claim directly; rating 100 endorses aliens were hidden at Area 51.,Restatement directly states the conspiracy claim verbatim; 100 = believes it.,The restatement directly asserts the conspiracy theory that aliens were hidden at Area 51.
R_6mzv29TTZfhvnrn,affirms,affirms,affirms,affirms,3,The U.S. government faked the 1960s moon landing in a film studio to win the space race against the Soviet Union.,Restatement directly asserts the participant’s described conspiracy as true; 100 equals full endorsement.,Restatement directly asserts the conspiracy; rating 100 means fully believing it.,The restatement directly asserts the participant's conspiracy theory as true.
R_6n1npjADgGHinuD,affirms,affirms,affirms,affirms,3,The first moon landing was a hoax and never happened.,Restatement directly asserts the participant’s conspiracy claim; rating 100 endorses the hoax narrative.,Restatement directly states the conspiracy as true; 100 = believes the hoax.,Rating the restatement 100 directly endorses the participant's described conspiracy that the moon landing was a hoax.
R_6n2Ao3uc2CGxUkE,affirms,affirms,affirms,affirms,3,"The producer who made the show The Simpsons is a time traveler, as shown by episodes that accurately predicted future events like Trump's presidency.",Restatement directly asserts the conspiracy claim as true; 100 means believing the producer is a time traveler.,Restatement directly asserts the conspiracy: Simpsons producer is a time traveler.,"Rating 100 means agreeing the producer is a time traveler, which directly affirms the participant's conspiracy theory."
R_6n5XeiSyYXrRH78,affirms,affirms,affirms,affirms,3,The government lacks transparency.,Restatement directly matches participant’s claim that government is non-transparent; 100 endorses the conspiracy view.,"Rating 100 endorses government non-transparency, directly affirming the participant's conspiracy.","Rating 100 means agreeing the government lacks transparency, which directly matches the participant's described conspiracy."
R_6n6H94ydytXiqPn,affirms,affirms,affirms,affirms,3,The government is poisoning people with the contrails from planes.,Restatement directly asserts the described conspiracy; rating 100 endorses that claim as true.,Restatement directly states the conspiracy as true; 100 = full belief.,Rating the restatement 100 directly endorses the participant's conspiracy theory about government poisoning via contrails.
R_6nBklipiXCJWSi4,affirms,affirms,affirms,affirms,3,"Aliens are on Earth living among us, wearing human skin masks to go unnoticed, and some of them are being cloned.",Restatement directly asserts the participant’s alien-in-disguise and cloning conspiracy as true.,Restatement directly asserts the conspiracy; rating 100 means fully believing it.,The restatement directly asserts the participant's conspiracy theory about disguised aliens living on Earth.
R_6nHETlLxxcv7bcr,affirms,affirms,affirms,affirms,3,Amelia Earhart was secretly a spy whose final flight was to support the war effort.,Restatement directly asserts the participant’s conspiracy as true; a 100 rating endorses the spy/war-effort claim.,Restatement directly asserts the conspiracy: Earhart was a spy on a war mission.,Rating the statement 100 directly endorses the participant's conspiracy theory that Earhart was a spy.
R_6nNSeaXKPD3FdO7,affirms,affirms,affirms,affirms,3,There are other planets that can sustain life.,Restatement directly asserts the participant’s queried claim; rating 100 means endorsing it as true.,Rating 100 confirms belief that other life-sustaining planets exist.,Rating 100 means believing the participant's theory that other planets can sustain life.
R_6nU8aY142MAXv59,affirms,affirms,affirms,affirms,3,The moon landing was staged on a soundstage and never actually occurred on the moon.,"Restatement directly asserts the participant’s conspiracy that the moon landing was faked, so 100 endorses it.",Restatement directly asserts the conspiracy: moon landing was faked on a soundstage.,Rating the restatement 100 directly endorses the participant's belief that the moon landing was faked on a soundstage.
R_6nUSQgYNlNEok3V,affirms,affirms,affirms,affirms,3,The government is hiding extraterrestrial beings rather than it being just weather balloons.,"Restatement asserts aliens are being hidden by government, matching participant’s ‘little green men’ conspiracy versus weather balloons.","Rating 100 means believing the government conceals aliens, endorsing the conspiracy.","Rating 100 means believing the government is hiding aliens, which affirms the described conspiracy."
R_6nXkQ2wXmnwthBv,affirms,affirms,affirms,affirms,3,People are secretly collaborating and sharing information to engage in organized mass stalking activities.,Restatement asserts organized mass stalking conspiracy as true; 100 rating endorses the conspiracy.,"Rating 100 confirms gang stalking is real and occurring, endorsing the conspiracy.","Rating the statement 100 directly endorses the existence of organized gang stalking, matching the participant's conspiracy."
R_6oEWFHAXBX273Dv,affirms,affirms,affirms,affirms,3,"President Kennedy was assassinated by the government due to his popularity with Americans, as inconsistencies with the murder suspect suggest a larger plot.",Restatement asserts the government killed JFK as part of a larger plot; 100 endorses the conspiracy.,"Restatement directly asserts government conspiracy killed Kennedy, matching participant's belief.",The restatement directly asserts the participant's conspiracy theory that the government assassinated JFK.
R_6oHJjpjoWAv3ulH,affirms,affirms,affirms,affirms,3,"Tupac Shakur is still alive despite reports of his death, with new photos and music releases appearing after his reported death.",Restatement asserts Tupac is still alive; a 100 rating endorses the participant’s conspiracy.,"Rating 100 means believing Tupac is alive, endorsing the conspiracy.","The restatement explicitly claims Tupac is still alive, directly affirming the participant's conspiracy theory."
R_6oHZAHA701N170d,affirms,affirms,affirms,affirms,3,Powerful individuals are planning to create a one-world government.,Restatement directly asserts the New World Order conspiracy; rating 100 endorses it as true.,Rating 100 endorses the New World Order conspiracy directly.,Rating 100 means endorsing the New World Order conspiracy described by the participant.
R_6oQ1keuq83C19qF,affirms,affirms,affirms,affirms,3,Elon Musk is an alien who is researching the moon to make it habitable.,Restatement directly asserts the conspiracy claim; rating 100 means fully believing Musk is an alien.,Restatement directly asserts the conspiracy that Musk is an alien.,The restatement directly asserts the participant's conspiracy theory that Elon Musk is an extraterrestrial.
R_6oRZr2gSIEUCmVZ,affirms,affirms,affirms,affirms,3,Aliens are living on Mars.,Restatement directly asserts the conspiracy claim; rating 100 endorses aliens living on Mars.,Rating 100 directly endorses the conspiracy that aliens live on Mars.,"Rating 100 means believing aliens live on Mars, which directly affirms the participant's described conspiracy."
R_6ocnm8O2EuFiz3b,affirms,affirms,affirms,affirms,3,Aliens exist and have been systematically hidden from us by the government.,Restatement directly asserts aliens exist and government hid them; 100 means endorsing the conspiracy.,Restatement directly asserts the conspiracy; rating 100 means fully believing it.,Rating the restatement 100 directly endorses the participant's belief that aliens exist and are hidden by the government.
R_6ohFiJbtZnQYCMP,affirms,affirms,affirms,affirms,3,"The government knows exactly what happened to JFK, and more people were involved than have been disclosed.","Restatement asserts hidden government knowledge and undisclosed additional participants, matching the participant’s conspiracy claim.",Restatement directly asserts the conspiracy: government cover-up and undisclosed involvement.,Rating 100 affirms the participant's belief that the government is hiding the truth about JFK's assassination.
R_6oheWNjSH050Stw,affirms,affirms,affirms,affirms,3,Government and state officials killed Waco residents in a massacre.,Restatement asserts the participant’s conspiracy claim that officials massacred Waco residents.,"Restatement directly asserts government massacre, matching participant's conspiracy belief.","Rating 100 endorses the participant's belief that the Waco siege was a government massacre, affirming the conspiracy."
R_6onlJKjuqp2yFW7,affirms,affirms,affirms,affirms,3,"President Trump will send ground troops to Iran without Congress' approval, using taxpayers' money.",Restatement asserts the same predicted unauthorized troop deployment the participant described; rating 100 endorses it.,Restatement directly states the conspiracy claim; rating 100 endorses it.,The restatement directly asserts the participant's conspiracy theory as true.
R_6p2LDtSkCmqnIRH,affirms,affirms,affirms,affirms,3,The Illuminati is a clandestine cabal of wealthy people who orchestrate evil plans by stealing talented people’s identities to build facades and gain total control.,Restatement directly asserts the Illuminati runs evil schemes and identity theft to own everything—matching the participant’s conspiracy.,Restatement directly mirrors participant's conspiracy description; rating 100 endorses it.,The restatement directly asserts the participant's conspiracy theory as true.
R_6p8Og5kXSSC8Ge5,affirms,affirms,affirms,affirms,3,The government is secretly hiding evidence of advanced alien technology.,Restatement directly asserts the described conspiracy; rating 100 means fully endorsing it.,Restatement directly matches the conspiracy; rating 100 endorses it.,Rating the restatement 100 directly endorses the participant's conspiracy that the government hides alien technology.
R_6pQIauwmu56dxKh,affirms,affirms,affirms,affirms,3,"There has been no one to go to the moon, and the pictures are just movie productions.",Restatement directly asserts the moon landing was faked; 100 means endorsing the conspiracy.,Restatement directly asserts the conspiracy: moon landings were faked movie productions.,The restatement directly asserts the participant's conspiracy theory that the moon landings were faked movie productions.
R_6pQo2KNmpAzhCMb,affirms,affirms,affirms,affirms,3,The government uses the narrative of aliens as a distraction tool.,Restatement directly asserts the participant’s conspiracy claim; rating 100 endorses it as true.,Restatement directly states the conspiracy: government uses aliens as distraction.,Rating the restatement 100 directly endorses the participant's theory that the government uses aliens as a distraction.
R_6pWB890KSKjmVMp,affirms,affirms,affirms,affirms,3,"Vladimir Putin possesses compromising “piss tapes” of Donald Trump, which has influenced Trump to act in Putin’s interests, including on Ukraine funding and sanctions on Russian oil.","Restatement asserts Putin has compromising tapes and they influence Trump, matching the described conspiracy.",Restatement directly asserts Putin holds piss tapes influencing Trump's behavior.,The restatement directly asserts the participant's conspiracy theory that Putin has compromising tapes influencing Trump.
R_6pYrUn3bneOQZzz,affirms,affirms,affirms,affirms,3,Vaccines cause autism and the assassination attempt on President Trump was staged.,Restatement asserts both suspected conspiracies as true; a 100 rating endorses them.,Restatement directly asserts both conspiracies as true; 100 = full belief.,The restatement directly asserts both conspiracy theories described by the participant as true.
R_6pbcVEXtqpQWXF5,affirms,affirms,affirms,affirms,3,Aliens and Bigfoot are real.,"Restatement asserts the existence of aliens/Bigfoot, matching the participant’s described belief topic.","Rating 100 confirms belief in aliens and Bigfoot existing, endorsing the conspiracy.","Rating 100 means believing aliens and Bigfoot exist, which directly affirms the participant's described fringe belief."
R_6pnlit5fTcmuD9J,affirms,affirms,affirms,affirms,3,The government does not disclose all the known information about UFOs.,Restatement directly asserts the participant’s conspiracy that government withholds known UFO information.,Restatement directly matches the conspiracy claim verbatim.,"Rating 100 means agreeing the government hides UFO information, which directly affirms the participant's conspiracy."
R_6poNOLhnEqalRR3,affirms,affirms,affirms,affirms,3,"Doge was a front for Donald Trump to create an authoritarian government in the United States with the help of Elon Musk, leading to the dismantling and inefficiency of various government departments.",Restatement asserts the claimed plot as true and attributes government dismantling to it.,Restatement directly mirrors the participant's conspiracy claim verbatim.,The restatement directly asserts the participant's conspiracy theory as true.
R_6pyS6SsmkLkPpIW,affirms,affirms,affirms,affirms,3,The government has a cure for cancer but keeps it hidden due to the financial interests of pharmaceutical companies.,"Restatement asserts government hides a cancer cure to protect pharma profits, matching participant’s conspiracy claim.",Restatement directly states the conspiracy: hidden cure suppressed for pharma profit.,The restatement directly asserts the participant's conspiracy theory that the government hides the cure for cancer for profit.
R_6q9KvSt9lkjjj3M,affirms,affirms,affirms,affirms,3,"Hitler survived World War II and lived in Africa, with his supposed death being a staged incident to boost morale for the Allies.",Restatement directly asserts the conspiracy; rating 100 endorses Hitler survived and death was staged.,Restatement directly asserts the conspiracy: Hitler faked death and fled to Africa.,A 100 rating directly endorses the participant's conspiracy theory that Hitler survived WWII and his death was staged.
R_6qcqtlhZEwogJqh,affirms,affirms,affirms,affirms,3,Bigfoot exists.,Restatement directly asserts the conspiracy claim; rating 100 means fully endorsing Bigfoot’s existence.,"Rating 100 directly endorses Bigfoot's existence, the conspiracy claim.",Rating the restatement 100 directly endorses the participant's described conspiracy that Bigfoot is real.
R_6qkowZYcxVzIovj,affirms,affirms,affirms,affirms,3,Bigfoot is real and there is photographic evidence of his existence.,Restatement directly asserts the participant’s conspiracy; rating 100 means fully endorsing Bigfoot’s existence and photo evidence.,Rating 100 directly endorses Bigfoot's existence with photographic evidence.,The restatement directly asserts the participant's conspiracy theory that Bigfoot is real and photographed.
R_6qlKfHOcQ6aBVcL,affirms,affirms,affirms,affirms,3,"Stalin was heavily influenced politically by his uncle, a shopkeeper.",Restatement asserts the same claim as the participant’s conspiracy; 100 means endorsing it.,Restatement directly asserts the conspiracy claim; rating 100 endorses it.,Rating 100 means endorsing the belief that Stalin was politically influenced by his uncle.
R_6qwDUtP6Or9ezFz,affirms,affirms,affirms,affirms,3,The government has confirmed that aliens exist despite previously denying it.,Restatement asserts government confirmed aliens after denying; matches participant’s conspiracy claim.,Rating 100 endorses government contradicting itself by confirming alien existence.,Rating 100 endorses the participant's claim that the government is confirming aliens after previously denying them.
R_6r2iXGzA53cghdO,affirms,affirms,affirms,affirms,3,"Lee Harvey Oswald was a hired assassin involved in JFK's murder, orchestrated for political motivations, with secret financial support for his family.","Restatement asserts Oswald was a hired, politically motivated assassin with secret support—matching the participant’s conspiracy claim.","Restatement directly asserts the conspiracy: Oswald was hired, politically motivated, with secret support.","Rating 100 endorses the participant's belief that Oswald was a hired assassin, directly affirming the conspiracy."
R_6r36xmvcXFvK337,affirms,affirms,affirms,affirms,3,Jeffrey Epstein is still alive because he faked his death and escaped by disguising himself.,"Restatement asserts Epstein faked his death and is alive, matching participant’s conspiracy claim.",Restatement directly states the conspiracy as true; 100 = believes Epstein faked death.,Rating 100 means endorsing the participant's exact conspiracy theory that Epstein faked his death and is still alive.
R_6rABEmOJ5L4Ntny,affirms,affirms,affirms,affirms,3,Aliens and extraterrestrial beings exist on other planets and have been involved in Earth incidents like the Hill abductions and Roswell.,"Restatement asserts aliens exist and caused Roswell/Hill abductions, matching the participant’s conspiracy claim.",Rating 100 directly endorses alien existence and Earth incidents as described.,Rating 100 means endorsing the existence of aliens and their involvement in Earth incidents.
R_6rB57t3UrECqAd0,affirms,affirms,affirms,affirms,3,"Jeffrey Epstein is alive and freely moving around in Florida, and the moon landings never happened, deceiving the public.",Restatement directly asserts Epstein alive and moon landings fake; 100 means endorsing those conspiracies.,Restatement directly asserts both conspiracy claims as true.,The restatement directly asserts the participant's conspiracy theories as true.
R_6rGNBIzTowo0fQ9,affirms,affirms,affirms,affirms,3,The government is hiding the truth that cancer has been cured.,Restatement directly asserts the conspiracy claim; rating 100 means fully endorsing it.,Restatement directly asserts the conspiracy; rating 100 endorses it.,"Rating 100 means believing the government is hiding the cure, which directly affirms the participant's conspiracy."
R_6rPwKkPzxSLntdI,affirms,affirms,affirms,affirms,3,The government has caused recent major floods in the US.,Restatement directly asserts the conspiracy; rating 100 endorses government-caused floods.,Restatement directly states the conspiracy as true; 100 = full belief.,The restatement directly asserts the participant's conspiracy theory that the government caused recent floods.
R_6rTHShi44PwBUe0,affirms,affirms,affirms,affirms,3,The government is withholding evidence of contact with extraterrestrial beings.,Restatement directly asserts the participant’s conspiracy claim; a 100 rating endorses government cover-up of extraterrestrial contact.,Restatement directly states the conspiracy claim; rating 100 endorses it.,The restatement directly asserts the participant's conspiracy theory as true.
R_6rksxmiBdQmFTyi,affirms,affirms,affirms,affirms,3,Aliens are among us on Earth.,Restatement directly asserts the conspiracy claim; rating 100 means believing aliens live among humans.,Restatement directly asserts the conspiracy claim that aliens exist on Earth.,"Rating 100 means believing aliens are on Earth, which directly affirms the participant's described conspiracy."
R_6rlQS0yUbA8lkpr,affirms,affirms,affirms,affirms,3,"Contrails are the result of the government treating the atmosphere, despite their claims that it is merely moisture from planes.",Restatement asserts contrails are government atmosphere treatment; 100 endorses the chemtrail conspiracy claim.,Restatement directly asserts the conspiracy: government atmospheric treatment disguised as contrails.,"Rating 100 means believing the government is treating the atmosphere, directly affirming the participant's conspiracy theory."
R_6rqqrTeX3g3e9JS,affirms,affirms,affirms,affirms,3,"JFK was assassinated by a group rather than an individual, and Oswald was killed to prevent him from revealing the conspiracy.","Restatement explicitly asserts a group assassination and cover-up killing of Oswald, matching the participant’s conspiracy.","Restatement directly asserts the group conspiracy and Oswald silencing, matching participant's belief.",Rating 100 endorses the participant's exact claim that a group killed JFK and silenced Oswald.
R_6s7lwu9demofyaJ,affirms,affirms,affirms,affirms,3,"AI is used by the government to monitor everyone's activities and thoughts, infiltrating our homes and minds.",Restatement directly asserts the participant’s conspiracy that government uses AI for pervasive surveillance and mind intrusion.,"Restatement directly asserts government surveillance via AI, matching the conspiracy.",The restatement directly asserts the participant's conspiracy theory that the government uses AI for mass surveillance.
R_6sBzRoKnwQ8MA8h,affirms,affirms,affirms,affirms,3,Foreign countries interfere with United States presidential elections to elect extreme right-wing politicians and weaken the nation.,Restatement directly asserts the described conspiracy; rating 100 means endorsing foreign interference to install right-wing leaders.,Restatement directly states the conspiracy as true; 100 = full belief.,The restatement directly asserts the participant's conspiracy theory about foreign election interference as a fact.
R_6sJtqGLxGZXaPgB,affirms,affirms,affirms,affirms,3,"The presidential elections are rigged, allowing Trump to be reelected despite being a terrible president.",Restatement asserts elections are rigged; rating 100 endorses the participant’s conspiracy claim.,"Restatement directly asserts elections are rigged, matching participant's conspiracy belief.",Rating 100 endorses the participant's belief that the presidential elections are rigged to reelect Trump.
R_6sgEOCouG5ktbSp,affirms,affirms,affirms,affirms,3,"All debt is illegal and should be paid back to the American people, resulting in everyone receiving a lot of money through Nesara or the Quantum Financial System (QFS).","Restatement asserts NESARA/QFS claim as true: debt illegal and repaid, giving everyone lots of money.",Restatement directly asserts the NESARA/QFS conspiracy claim as true.,The restatement directly asserts the core claims of the Nesara/QFS conspiracy theory as described.
R_6sp4LgsBltQqBnD,affirms,affirms,affirms,affirms,3,The government is hiding the fact that we have not been to space.,Restatement directly asserts the participant’s conspiracy; rating it 100 fully endorses that claim.,Restatement directly states the conspiracy as true; 100 = believes it.,The restatement directly asserts the participant's conspiracy theory that the government is hiding the truth about space travel.
R_6swcf7XTWSq0Q7L,affirms,affirms,affirms,affirms,3,Pizza Gate is real: the pizza place’s owners were involved in pedophilia and were linked to Epstein via the files and visits to his island.,"Restatement asserts conspiratorial links (Epstein files, island visits) around pedophile accusations, aligning with the described conspiracy.",Rating 100 endorses the conspiracy's core claims about pedophile connections and Epstein links.,The restatement asserts the conspiracy's core claims and alleged evidence as factual.
R_6tF0lzKq5FRtCa5,affirms,affirms,affirms,affirms,3,"Life on other planets exists, and evidence from places like Area 51 suggests this even though it hasn’t been officially confirmed or denied.","Restatement asserts extraterrestrial life exists, matching participant’s belief based on Area 51-style evidence.","Rating 100 means believing extraterrestrial life exists, matching the participant's conspiracy belief.","Rating 100 endorses the existence of extraterrestrial life and hidden evidence, matching the participant's belief."
R_6tT6KkanAWUPU6l,affirms,affirms,affirms,affirms,3,We are not alone in the universe.,Restatement directly asserts the participant’s claimed belief that extraterrestrial life exists; 100 fully endorses it.,Rating 100 directly endorses the belief that extraterrestrial life exists.,"Rating 100 means believing we are not alone, which directly endorses the participant's extraterrestrial conspiracy."
R_6tgImZ3pOQvFj6T,affirms,affirms,affirms,affirms,3,China deliberately caused COVID and its role in causing it is being covered up.,Restatement directly asserts the conspiracy; rating 100 means believing China intentionally caused COVID and the cover-up exists.,Restatement directly matches the conspiracy claim verbatim.,The restatement directly asserts the participant's conspiracy theory as true.
R_6ttgdc5zpyBEsIs,affirms,affirms,affirms,affirms,3,The United States government has recovered non-human spacecraft and biological remains from crash sites and has been secretly reverse engineering this technology for decades.,Restatement directly asserts the participant’s conspiracy claim as true; 100 indicates full endorsement.,Restatement directly mirrors the conspiracy claim; rating 100 endorses it.,The restatement directly asserts the participant's conspiracy theory about recovered non-human spacecraft as true.
R_6tv9Jl65Qv2axnb,affirms,affirms,affirms,affirms,3,Michael Jackson was killed rather than dying naturally.,"Restatement asserts the conspiracy claim that his death was a killing, not natural causes.","Restatement directly states Jackson was killed, affirming the conspiracy.","Rating 100 means believing he was killed, which directly matches the participant's conspiracy theory."
R_6txttYlc4GmF8kt,affirms,affirms,affirms,affirms,3,President John F. Kennedy was actually shot by someone in his own entourage rather than Lee Harvey Oswald.,"Restatement asserts an alternative shooter (entourage), matching participant’s conspiracy; rating 100 endorses the conspiracy.","Restatement directly endorses the conspiracy: Kennedy killed by entourage, not Oswald.","Rating 100 endorses the participant's specific conspiracy theory that JFK was shot by his entourage, not Oswald."
R_6uLLtGo0M1wQ9G1,affirms,affirms,affirms,affirms,3,The government is withholding information about the Epstein Files.,"A 100 rating asserts the government is hiding information, matching the participant’s conspiracy claim.",Restatement directly affirms the conspiracy that government hides Epstein information.,"Rating 100 means agreeing the government is hiding information, which directly affirms the participant's conspiracy theory."
R_6uQU4AfpPUMeSxd,affirms,affirms,affirms,affirms,3,Aliens are monitoring and observing Earth from space.,Restatement directly asserts the participant’s conspiracy claim; rating 100 means fully endorsing alien surveillance.,Restatement directly affirms the conspiracy that aliens watch us from space.,"Rating 100 means believing aliens are watching Earth, which directly affirms the participant's conspiracy."
R_6usMXhZexaOOcbD,affirms,affirms,affirms,affirms,3,"Bigfoot exists, and evidence such as pictures and eyewitness accounts supports this.",Restatement asserts Bigfoot is real and supported by evidence; 100 means endorsing the conspiracy.,"Rating 100 means believing Bigfoot exists, directly endorsing the conspiracy.","Rating 100 means endorsing the existence of Bigfoot, which directly affirms the participant's conspiracy theory."
R_6v2yXdIT1Zca9AB,affirms,affirms,affirms,affirms,3,AI will completely replace human jobs in the next few years.,Restatement directly asserts the participant’s described claim; rating 100 endorses that AI will fully replace jobs soon.,Rating 100 directly endorses the AI job replacement conspiracy the participant described.,"Rating 100 endorses the belief that AI will replace human jobs, matching the participant's description."
R_6vu2kJkAPrqyp9f,affirms,affirms,affirms,affirms,3,"The earth is flat, and some organizations are hiding this truth from us.",Restatement asserts the participant’s flat-earth conspiracy as true; 100 means endorsing it.,Restatement directly asserts the flat earth conspiracy as true.,"Rating 100 endorses the flat earth theory and the cover-up, directly affirming the participant's conspiracy."
R_6wFRWLM9Mqkuc3n,affirms,affirms,affirms,affirms,3,The USA did not actually land on the moon.,"Despite description wording, their reasons indicate belief it never happened; restatement matches that conspiracy.",Participant believes the moon landing was faked; restatement affirms that conspiracy.,Rating the restatement 100 means endorsing the conspiracy theory that the moon landing was faked.
R_6wQPaKI3hp8L17s,affirms,affirms,affirms,affirms,3,The government is trying to downplay the existence of UFOs and is concealing their use of alien technology.,Restatement asserts the same conspiracy claim; rating 100 means endorsing government UFO/alien-tech cover-up.,"Rating 100 means believing the government hides UFOs and alien technology, matching the conspiracy.",Rating 100 endorses the participant's belief that the government hides UFOs and alien technology.
R_6wQsjKbq1ylMh0I,affirms,affirms,affirms,affirms,3,Hillary Clinton was involved in the death of Epstein to prevent him from exposing her involvement in his affairs.,Restatement asserts Clinton caused Epstein’s death as cover-up; 100 means endorsing the conspiracy.,"Restatement directly asserts Clinton's involvement in Epstein's death, matching the conspiracy.",The restatement directly asserts the participant's conspiracy theory that Hillary Clinton was involved in Epstein's death.
R_6wa6Z56V8BIwcbn,affirms,affirms,affirms,affirms,3,There are trackers in the COVID vaccine.,"Restatement asserts trackers in vaccines, matching participant’s conspiracy; 100 means endorsing it.",Restatement directly asserts the conspiracy claim; rating 100 means believing it.,"Rating 100 means believing there are trackers in the vaccine, directly affirming the participant's conspiracy theory."
R_6wgzv63twRttyqf,affirms,affirms,affirms,affirms,3,The world ended in December 2012.,Restatement asserts the conspiracy claim; rating 100 means believing the world ended in December 2012.,"Rating 100 means believing the world ended in December 2012, endorsing the conspiracy.","Rating 100 means believing the world ended in 2012, which directly affirms the described conspiracy theory."
R_6wlZkX2D65kx9V7,affirms,affirms,affirms,affirms,3,Jeffrey Epstein was murdered in jail and did not commit suicide as stated by the coroner.,"Restatement asserts Epstein was murdered, matching participant’s conspiracy claim against the official suicide ruling.","Restatement directly asserts the conspiracy: Epstein was murdered, not suicide.",The restatement directly asserts the conspiracy theory that Epstein was murdered.
R_6x3DYG76gIQfujT,affirms,affirms,affirms,affirms,3,The Kennedy assassination was carried out by government agencies.,Restatement directly asserts the participant’s conspiracy; rating 100 means fully endorsing it.,Restatement directly states the conspiracy as true; 100 = full belief.,Rating 100 means endorsing the conspiracy that government agencies assassinated Kennedy.
R_6xRaZ6kFbIayYUd,affirms,affirms,affirms,affirms,3,"The 2020 Presidential election was tampered with, effectively giving the election to Joe Biden.","Restatement directly asserts election tampering benefiting Biden, matching participant’s described conspiracy.",Restatement directly states the conspiracy as true; 100 = believes tampering occurred.,Rating 100 endorses the participant's exact conspiracy theory that the 2020 election was tampered with for Biden.
R_6xmyLNIIWrtHJCh,affirms,affirms,affirms,affirms,3,The 1969 Apollo 11 moon landing was a staged event filmed in a studio by NASA and the U.S. government.,Restatement directly asserts the participant’s conspiracy claim; rating 100 endorses the staged-landing theory.,Restatement directly asserts the conspiracy; rating 100 means believing the landing was faked.,The restatement directly asserts the conspiracy theory as true.
R_6y1TSvEsyz266Mc,affirms,affirms,affirms,affirms,3,"Hillary Clinton is a reptilian trying to break through the firmament, and the moon landing was faked.",Restatement directly asserts the participant’s conspiracies as true; 100 means endorsing them.,Restatement directly asserts both conspiracy claims as true.,The restatement directly asserts the participant's conspiracy theories about Hillary Clinton and the faked moon landing as true.
R_6z2ItPW6ntPX93X,affirms,affirms,affirms,affirms,3,The government is hiding facts about UFOs.,Restatement directly asserts the participant’s conspiracy that the government covers up UFO information.,Restatement directly asserts the conspiracy: government concealment of UFO facts.,"Rating 100 means believing the government hides UFO facts, directly affirming the participant's conspiracy."
R_6z7Gkd1W7ab8duF,affirms,affirms,affirms,affirms,3,The attempted assassination of Donald Trump was staged to boost his chances of winning office.,Restatement directly asserts the participant’s conspiracy claim; rating 100 means fully endorsing it.,Restatement directly asserts the conspiracy; rating 100 endorses it.,The restatement directly asserts the participant's conspiracy theory as true.
R_6zIDLt5RopXHCOB,affirms,affirms,affirms,affirms,3,Bob Joyce is Elvis Presley.,Restatement directly asserts the participant’s conspiracy claim; rating 100 means endorsing it.,Restatement directly asserts the conspiracy that Elvis faked death and became Bob Joyce.,The restatement directly asserts the participant's conspiracy theory as true.
R_6zMCkituSAqvCe7,affirms,affirms,affirms,affirms,3,"The world is flat, and AI is biased and guided by a third party in their responses.","Restatement asserts flat Earth and third-party-guided biased AI, matching participant’s conspiracy claim.",Restatement directly asserts both flat earth and AI bias conspiracy claims as true.,The restatement directly asserts the participant's beliefs about a flat earth and biased AI as true.
R_6zMuxKqn4OsXD7J,affirms,affirms,affirms,affirms,3,"Several people, including members of the CIA, were involved in killing JFK alongside Lee Harvey Oswald.","Restatement claims CIA and others helped kill JFK with Oswald, matching participant’s conspiracy claim.","Restatement directly asserts CIA/multiple conspirators killed JFK, matching the conspiracy.",Rating 100 endorses the participant's conspiracy that the CIA and others were involved in JFK's assassination.
R_6zUZuXGoiTvDx3t,affirms,affirms,affirms,affirms,3,"There are Wendigos, UFOs, animal mutilations, and portals present at Skinwalker Ranch in Utah.",Restatement directly asserts the paranormal/alien phenomena at Skinwalker Ranch as real.,Restatement directly asserts the paranormal phenomena the participant described as real.,The restatement directly asserts the existence of the paranormal phenomena the participant described at Skinwalker Ranch.
R_6zbgbmAKIriQ5qh,affirms,affirms,affirms,affirms,3,"The incident in which Trump was shot in the ear while campaigning in Pennsylvania was a staged stunt to garner sympathy, evidenced by the ear healing completely within two days.","Restatement asserts the shooting was part of a sympathy-garnering stunt, matching participant’s conspiracy claim.",Restatement directly asserts the conspiracy: staged shooting stunt for sympathy.,"The restatement claims the event was a stunt, directly affirming the participant's conspiracy theory."
R_70DHrGjZNQheiWc,affirms,affirms,affirms,affirms,3,"The government is hiding extraterrestrial life and technology in Area 51, having gained advanced technology through a treaty with extraterrestrial beings known as 'the greys' in exchange for allowing them to abduct humans safely.",Restatement directly asserts the participant’s conspiracy narrative as true; 100 means endorsing the cover-up and treaty claim.,Restatement directly asserts the conspiracy including the Grenada Treaty claim.,Rating 100 endorses the participant's exact conspiracy theory about Area 51 and the treaty with the greys.
R_70jfBgzuXJ4mHlg,affirms,affirms,affirms,affirms,3,"There was a second shooter involved in the assassination of JFK, positioned by the grassy knoll.","Restatement asserts a second shooter at grassy knoll, matching participant’s conspiracy belief over lone-shooter account.","Rating 100 endorses the conspiracy: multiple shooters, not lone gunman Oswald.",Rating 100 endorses the participant's conspiracy belief of a second shooter.
R_70u3EqPnNYqBzKi,affirms,affirms,affirms,affirms,3,There are numerous underground bunkers across the United States that provide secret escape routes and safety locations in the event of a nuclear attack.,Restatement asserts the claimed secret bunker network and nuclear-attack escape routes as real.,Restatement directly asserts the conspiracy claim about secret nuclear bunkers.,Rating 100 endorses the existence of the secret underground bunkers described by the participant.
R_70xiGMnnkrhExOb,affirms,affirms,affirms,affirms,3,Ghosts are real.,Restatement directly asserts the participant’s described conspiracy claim; 100 would mean fully endorsing it.,Rating 100 directly endorses the conspiracy that ghosts are real.,"Rating 100 means believing ghosts are real, matching the participant's described belief."
R_71009OAqoIlewbp,affirms,affirms,affirms,affirms,3,"John Wilkes Booth escaped after assassinating Lincoln, and someone else is buried in his grave.",Restatement directly asserts the participant’s conspiracy claim as true.,Restatement directly states the conspiracy as true; 100 = believes it.,Rating the restatement 100 directly endorses the participant's conspiracy theory that Booth escaped and survived.
R_710Y080wGnNwrXs,affirms,affirms,affirms,affirms,3,The government has recovered UFOs and is keeping evidence of alien technology hidden from the public through secret programs.,Restatement directly asserts the described UFO-recovery coverup; rating 100 endorses the conspiracy claim.,Restatement directly asserts the conspiracy; rating 100 means fully believing it.,Rating the restatement 100 directly endorses the participant's described conspiracy about hidden UFOs and secret government programs.
R_71LQV6kGHj3O0gS,affirms,affirms,affirms,affirms,3,There was massive cheating involved in the 2020 presidential election.,Restatement directly asserts the participant’s conspiracy; rating 100 means fully endorsing massive 2020 election cheating.,Restatement directly asserts the conspiracy; rating 100 endorses it.,The restatement directly asserts the conspiracy theory as true.
R_71TaDfRETJuhwpx,affirms,affirms,affirms,affirms,3,Donald Trump won the 2020 presidential election.,Restatement asserts Trump truly won 2020; endorsing it aligns with the election-fraud conspiracy claim.,"Restatement directly asserts Trump won, endorsing the conspiracy claim.","Rating 100 endorses the conspiracy theory that Trump won the 2020 election, matching the participant's topic."
R_71daHzeqkMn4KRM,affirms,affirms,affirms,affirms,3,The government is hiding the fact that men never actually landed on the moon in the 1960s.,Restatement asserts the moon landing was faked and covered up; 100 equals endorsing the conspiracy.,Rating 100 means believing the moon landing was faked and covered up.,"Rating 100 means agreeing the government hid that the moon landing never happened, affirming the conspiracy."
R_71iLCc4yoSTCpmo,affirms,affirms,affirms,affirms,3,The government is secretly watching everybody.,Restatement asserts the participant’s conspiracy that the government secretly surveils everyone; 100 means endorsing it.,Restatement directly states the conspiracy as true; 100 = believes it.,Rating 100 affirms the participant's described conspiracy that the government is secretly watching everyone.
R_71mrRV4oo0tyEFQ,affirms,affirms,affirms,affirms,3,AI will take over the whole world.,Restatement directly asserts the participant’s conspiracy claim; rating 100 endorses AI world takeover.,Restatement directly states the conspiracy as true; 100 = believes AI takeover.,"Rating 100 means agreeing that AI will take over the world, directly affirming the participant's conspiracy."
R_71yWgQW6HMBKq7P,affirms,affirms,affirms,affirms,3,Aliens exist and are connected to activities at Area 51.,"Restatement asserts aliens exist and are tied to Area 51, matching the described conspiracy.",Rating 100 means believing aliens exist and are linked to Area 51.,Rating the statement 100 directly endorses the conspiracy that aliens exist and are hidden at Area 51.
R_71yjTJazrLLq9ZD,affirms,affirms,affirms,affirms,3,The United States did not actually land on the moon.,"Participant expresses doubt about the moon landing; restatement claims it never happened, matching that conspiracy.","Restatement asserts the moon landing was faked, matching the conspiracy.",Rating the restatement 100 means endorsing the participant's belief that the moon landing was faked.
R_71zypw5GTc3VQfK,affirms,affirms,affirms,affirms,3,"The Earth is hollow with hidden portals in various locations, and tectonic plate shaking is caused by organisms inside the Earth rather than ordinary earthquakes.","Restatement asserts hollow Earth, portals, and internal organisms causing tectonic shaking—matching the described conspiracy.",Restatement directly asserts the hollow earth conspiracy with organisms causing tectonic activity.,The restatement directly asserts the participant's hollow earth and subterranean organism conspiracy theory as true.
R_724HB5fOV0DqyIv,affirms,affirms,affirms,affirms,3,"Aliens exist and are potentially monitoring us, and a ship crashed near Area 51, the secret military base.","Restatement asserts aliens exist and links a crashed ship near Area 51, matching the participant’s conspiracy claim.",Rating 100 endorses alien existence and the Area 51 crash conspiracy.,Rating the restatement 100 directly endorses the participant's belief in aliens and the Area 51 crash.
R_72PSaHo1vneLwew,affirms,affirms,affirms,affirms,3,The moon landing was a hoax.,Restatement directly asserts the participant’s conspiracy claim that the moon landing was faked.,"Rating 100 means believing the moon landing was faked, endorsing the conspiracy.",Rating the statement 100 directly endorses the participant's belief that the moon landing was faked.
R_72UA9i0GXpLe49P,affirms,affirms,affirms,affirms,3,The moon landing was staged.,Restatement asserts the participant’s conspiracy claim; rating 100 means fully believing it was faked.,Restatement directly asserts the conspiracy; rating 100 means believing it was faked.,Rating the restatement 100 directly endorses the participant's conspiracy theory that the moon landing was staged.
R_72VXgMMjCF9hfiP,affirms,affirms,affirms,affirms,3,The 2024 elections were stolen from the presidency through the theft of mailed-in ballots.,"Restatement asserts the election was stolen via mail-in ballot theft, matching the participant’s conspiracy claim.",Rating 100 endorses the stolen election conspiracy via mail-in ballot theft.,Rating 100 endorses the participant's described conspiracy that the election was stolen via mail-in ballots.
R_72eiwv5n0a8xJlf,affirms,affirms,affirms,affirms,3,There was an auxiliary war happening in Antarctica during World War II.,Restatement directly asserts the participant’s claimed Antarctic WWII auxiliary war as true.,Restatement directly asserts the conspiracy as true; 100 = believes it.,The restatement directly asserts the participant's conspiracy theory about a secret WWII war in Antarctica.
R_72fngBDHp0PqrtW,affirms,affirms,affirms,affirms,3,JFK was shot by an alternate shooter other than Lee Harvey Oswald.,Restatement directly asserts the conspiracy; rating 100 indicates full belief in an alternate shooter.,Restatement directly states the conspiracy; 100 = believes alternate shooter.,The restatement directly asserts the participant's conspiracy theory as true.
R_72loPqrd3AWWuat,affirms,affirms,affirms,affirms,3,The government was responsible for orchestrating the 9/11 attack on the country.,"Restatement asserts the government orchestrated 9/11, matching participant’s conspiracy; 100 endorses it.","Restatement directly states the government orchestrated 9/11, matching the conspiracy.","Rating 100 means agreeing the government orchestrated 9/11, directly affirming the participant's described conspiracy."
R_72mgg9mZQkKdwUH,affirms,affirms,affirms,affirms,3,The elite and rich practice cannibalism and are fully aware of sex trafficking children.,Restatement directly asserts the participant’s conspiracy as true; rating 100 endorses it.,Restatement directly mirrors the conspiracy claim; rating 100 endorses it.,The restatement directly asserts the participant's conspiracy theory as a factual claim.
R_72tTjJYlnXVq88c,affirms,affirms,affirms,affirms,3,The video of the moon landing is not real.,"Restatement asserts the moon landing video is fake, matching the implied conspiracy suspicion.",Rating 100 means believing the moon landing video was faked.,"Rating 100 means believing the video is fake, which affirms the conspiracy."
R_73KCaJzmsfaYYUN,affirms,affirms,affirms,affirms,3,Princess Diana was killed by the Royals because she knew too much.,Restatement directly asserts the participant’s conspiracy; rating 100 indicates full endorsement of royal involvement.,Restatement directly states the conspiracy as true; 100 = full belief.,Rating 100 directly endorses the participant's conspiracy theory that the Royals killed Princess Diana.
R_73dMoV8KGNFyyps,affirms,affirms,affirms,affirms,3,The moon landing in 1969 never happened and was faked.,Restatement directly asserts the participant’s conspiracy; rating 100 means fully endorsing the faked-moon-landing claim.,Restatement directly asserts the conspiracy: moon landing was faked in 1969.,Rating the restatement 100 directly endorses the participant's belief that the moon landing was faked.
R_73rnCqG9AsSJB3j,affirms,affirms,affirms,affirms,3,9/11 was orchestrated by the government to rally American support for a war.,"Restatement asserts the government orchestrated 9/11, matching the participant’s described conspiracy explanation.",Restatement directly states the conspiracy: government staged 9/11 to justify war.,The restatement directly asserts the conspiracy theory described by the participant.
R_73w7Sc6SjgCVS5H,affirms,affirms,affirms,affirms,3,Covid was created in a lab and was funded by the United States.,Restatement directly asserts the participant’s conspiracy; rating it 100 means fully endorsing that claim.,Restatement directly states the conspiracy as true; 100 = full belief.,The restatement directly asserts the participant's conspiracy theory that Covid was lab-created and US-funded.
R_73weSdCCT9MCKOl,affirms,affirms,affirms,affirms,3,The government is hiding the existence of aliens.,Restatement directly asserts the conspiracy claim that the government knows about aliens and conceals it.,Restatement directly matches the conspiracy: government concealing alien existence.,Rating the restatement 100 directly endorses the participant's belief that the government is hiding aliens.
R_73xvTW1nL6uR6Ei,affirms,affirms,affirms,affirms,3,The government assassinated JFK.,Restatement directly asserts the participant’s conspiracy that the government killed JFK.,Restatement directly states the conspiracy; rating 100 means believing it.,Rating the restatement 100 directly endorses the participant's conspiracy theory that the government assassinated JFK.
R_746iu0fCHvCi2F5,affirms,affirms,affirms,affirms,3,Hell is located below the world and is filled with evil spirits.,Restatement directly asserts the participant’s claim; rating 100 would endorse that belief.,Restatement directly mirrors participant's belief; rating 100 endorses the conspiracy.,A 100 rating directly endorses the participant's belief that Hell is beneath the earth with evil spirits.
R_74G9K6E2OXSXDiZ,affirms,affirms,affirms,affirms,3,The government is hiding evidence of extraterrestrial contact and has recovered alien technology.,Restatement directly asserts the described conspiracy; rating 100 means fully endorsing it.,Restatement directly states the conspiracy as true; 100 = full belief.,The restatement directly asserts the participant's conspiracy theory about the government hiding alien technology.
R_74IREwYZROW1RPa,affirms,affirms,affirms,affirms,3,"A select group of people, influenced by outside groups, decides what goes on in the world.","Restatement asserts a select group decides world affairs, matching the participant’s conspiracy claim.",Restatement directly mirrors the participant's conspiracy claim verbatim.,Rating 100 endorses the participant's belief that a select group controls world events.
R_74JOHEZxyoN12et,affirms,affirms,affirms,affirms,3,The world is ruled by lizard people.,Restatement directly asserts the participant’s conspiracy as true; 100 means endorsing it.,Restatement directly states the conspiracy as true; 100 = full belief.,Rating the statement 100 directly endorses the participant's conspiracy theory that lizard people rule the world.
R_74QHb62Soogscdr,affirms,affirms,affirms,affirms,3,"Aliens exist and have been seen by many people, so their existence cannot be entirely dismissed.",Restatement supports the claimed alien sightings and treats alien existence as plausible/real.,"Rating 100 endorses alien existence based on witness accounts, matching the conspiracy.","Rating 100 means agreeing that aliens exist and have been seen, affirming the participant's conspiracy."
R_74f4HwXJ4SjUT6h,affirms,affirms,affirms,affirms,3,The government is putting chips or tracking devices into our bodies through the COVID vaccine.,Restatement asserts the described vaccine microchip tracking conspiracy; rating 100 means endorsing it.,Restatement directly asserts the conspiracy; rating 100 means believing it.,Rating 100 directly endorses the conspiracy that the government is tracking people via COVID vaccines.
R_74hHHUvetGFD5Rn,affirms,affirms,affirms,affirms,3,The President is not really running the country on his own and is instead being influenced by his friends who tell him what to do and not to do.,"Restatement directly asserts the conspiracy claim that friends, not the President, are running the country.",Restatement directly asserts the conspiracy: president controlled by friends.,Rating the restatement 100 directly endorses the participant's belief that the President is controlled by his friends.
R_74rg6RrtUMrlijD,affirms,affirms,affirms,affirms,3,The 2020 presidential votes were not counted correctly.,Restatement asserts miscount; rating 100 endorses the belief that 2020 votes were counted incorrectly.,"Restatement directly asserts the conspiracy: votes were miscounted, endorsing the conspiracy.","Rating 100 means agreeing the votes were miscounted, which directly affirms the election fraud conspiracy theory."
R_74v2r2vL2l3zEPV,affirms,affirms,affirms,affirms,3,Government officials organized the assassination of JFK.,"The restatement explicitly claims government officials organized JFK’s assassination, matching the participant’s conspiracy.",Restatement directly states the conspiracy as true; 100 = fully believes it.,The restatement directly asserts the participant's conspiracy theory that government officials organized the JFK assassination.
R_75EKNBYr6vQKaD7,affirms,affirms,affirms,affirms,3,"The government has been hiding the truth about aliens, and much of our technological progress is due to alien technology.",Restatement directly asserts the participant’s conspiracy; rating 100 means fully endorsing government alien cover-up and tech transfer.,Restatement directly asserts the conspiracy: government alien cover-up and alien-derived technology.,The restatement directly asserts the participant's conspiracy theory about government cover-ups and alien technology.
R_76RQdTOL7I6owzT,affirms,affirms,affirms,affirms,3,"The United States Government is concealing the full truth about the number and identity of individuals involved in the assassination of President John F. Kennedy, with evidence suggesting multiple people were involved.","Restatement asserts government cover-up and multiple conspirators, matching participant’s described JFK assassination conspiracy.","Restatement directly asserts government cover-up of JFK assassination, matching the conspiracy described.",The restatement directly asserts the participant's conspiracy theory that the government is hiding multiple assassins.
R_76aN4Wgz5PH53x3,affirms,affirms,affirms,affirms,3,A comet is heading towards Earth and will destroy it.,Restatement asserts the conspiracy claim that a comet will hit Earth and destroy it.,Restatement directly states the conspiracy claim as true.,The restatement directly asserts the participant's conspiracy theory about a comet destroying Earth.
R_76h8UiMqvLUmHpD,denies,affirms,affirms,affirms,3,There was widespread cheating in elections through mail-in voting.,"Participant described no cheating; restatement asserts widespread mail-in cheating, the opposite.",Restatement directly asserts the conspiracy: widespread cheating via mail-in voting.,Rating 100 endorses the participant's underlying belief that widespread cheating occurred via mail-in voting.
R_7737CICzBfugfNf,affirms,affirms,affirms,affirms,3,"The government is overstating America's strength as the global hegemony, using propaganda to exaggerate its military and economic superiority.","Restatement asserts the government exaggerates U.S. dominance via propaganda, matching participant’s conspiracy claim.",Restatement directly captures the conspiracy: government lies via propaganda about US dominance.,Rating 100 endorses the participant's exact theory that the government uses propaganda to exaggerate US global strength.
R_778QL6kYRwgLy8p,affirms,affirms,affirms,affirms,3,The U.S. government was involved in the events of 9/11.,"Rating 100 endorses government involvement in 9/11, matching the participant’s conspiracy claim.",Restatement directly matches participant's belief that government was involved in 9/11.,Rating the restatement 100 directly endorses the participant's belief that the government was involved in 9/11.
R_77BAhM44z6HjQ4d,affirms,affirms,affirms,affirms,3,The Twin Towers' destruction was an inside job orchestrated by the government.,"Restatement asserts the inside-job government orchestration, matching the participant’s conspiracy claim.",Restatement directly asserts the conspiracy; rating 100 means believing it.,Rating the restatement 100 directly endorses the participant's conspiracy that 9/11 was an inside job.
R_77ZnML2utxdSFzP,affirms,affirms,affirms,affirms,3,Others were involved in President John F. Kennedy's assassination along with Lee Harvey Oswald.,"Restatement asserts Oswald did not act alone, matching the participant’s conspiracy suspicion.",Rating 100 endorses the conspiracy that Oswald did not act alone.,The restatement directly asserts the participant's conspiracy theory that Oswald did not act alone.
R_77j0SNea9yfWUu4,affirms,affirms,affirms,affirms,3,"Bigfoot exists, and the numerous foot casts are real evidence even though no physical remains have been found.",Restatement asserts Bigfoot exists; a 100 rating endorses the participant’s claimed belief despite limited definitive proof.,"Rating 100 affirms Bigfoot's existence, matching the conspiracy belief described.","Rating 100 means believing Bigfoot exists, which directly affirms the participant's cryptid belief."
R_77rtqwGkGzo1CP7,affirms,affirms,affirms,affirms,3,Celebrity deaths are connected to their refusal to cooperate with or quitting behaviors related to the Epstein files.,Restatement asserts the same conspiracy link between sudden celebrity deaths and refusing Epstein-related cooperation.,Restatement directly mirrors the conspiracy: celebrities killed for refusing Epstein-related involvement.,The restatement directly asserts the participant's conspiracy theory.
R_77sqzskHh1C9hLI,affirms,affirms,affirms,affirms,3,The moon landing was fake because at the time we did not have the ability to maintain communication between Earth and the moon.,Restatement asserts the moon landing was fake; 100 rating endorses the conspiracy claim.,Restatement directly states the conspiracy claim; rating 100 endorses it.,"The restatement directly asserts that the moon landing was fake, matching the participant's conspiracy theory."
R_78dISc20TooCGwp,affirms,affirms,affirms,affirms,3,The government is hiding evidence of extraterrestrial lifeforms.,Restatement directly asserts the participant’s conspiracy claim; rating 100 means fully believing government concealment of aliens.,Restatement directly states the conspiracy claim; rating 100 endorses it.,Rating the restatement 100 directly endorses the participant's conspiracy that the government hides extraterrestrial evidence.
R_78fpZIzunFvpl61,affirms,affirms,affirms,affirms,3,The government deliberately planned the COVID-19 pandemic.,Restatement directly asserts the participant’s conspiracy claim; rating 100 means fully endorsing it.,Restatement directly states the conspiracy: government deliberately planned COVID-19.,Rating 100 endorses the participant's belief that the government intentionally planned the COVID-19 pandemic.
R_78qu1dViJR1mIRb,affirms,affirms,affirms,affirms,3,The 1969 Apollo 11 moon landing was staged by the U.S. government in a film studio to win the Space Race.,Restatement directly asserts the participant’s conspiracy claim; rating 100 means endorsing the hoax narrative.,Restatement is verbatim the conspiracy claim; 100 = fully believes it.,The restatement directly asserts the conspiracy theory that the moon landing was staged.
R_796bdA0bVTEJq8W,affirms,affirms,affirms,affirms,3,The CIA has the ability to watch or listen in on our conversations.,"Restatement asserts CIA can monitor conversations, matching the participant’s described conspiracy.",Restatement directly asserts the conspiracy claim; rating 100 confirms CIA surveillance.,Rating 100 endorses the participant's belief that the CIA monitors our conversations.
R_79Kvl1oMGrqofq9,affirms,affirms,affirms,affirms,3,Global leaders are using war as a distraction to divert public attention from a larger undisclosed agenda.,"Restatement asserts war is a deliberate distraction from a hidden agenda, matching participant’s described conspiracy.",Restatement directly states the conspiracy: war used as distraction from hidden agenda.,The restatement directly asserts the participant's belief that war is being used as a distraction for a larger agenda.
R_79PRaSvQfU3zW3n,affirms,affirms,affirms,affirms,3,We have made contact with aliens.,Restatement directly asserts the participant’s conspiracy claim; rating 100 endorses alien contact occurred.,"Restatement directly asserts alien contact, matching the conspiracy belief.","Rating 100 means believing we made contact with aliens, matching the participant's conspiracy."
R_79oFuw4e4oUImnS,affirms,affirms,affirms,affirms,3,The government is hiding the fact that the world is flat.,Restatement directly asserts the participant’s flat-earth conspiracy as true.,Restatement directly states the conspiracy as true; 100 = believes it.,Rating the restatement 100 directly endorses the participant's described flat earth conspiracy.
R_79q5WGoxVrgOuKB,affirms,affirms,affirms,affirms,3,The US government was behind the 9/11 attacks.,Restatement directly asserts the participant’s conspiracy; rating it 100 means fully believing that claim.,Restatement directly asserts the conspiracy; rating 100 means fully believing it.,Rating 100 directly endorses the participant's described conspiracy that the US government orchestrated 9/11.
R_79rSDBSg7GwsMdb,affirms,affirms,affirms,affirms,3,Vaccines cause autism.,Restatement directly asserts the conspiracy claim; rating 100 means endorsing vaccines-as-autism causation.,Restatement directly states the conspiracy claim; rating 100 endorses it.,Rating the restatement 100 directly endorses the participant's described conspiracy that vaccines cause autism.
R_7AEbjw9m0zIS8ik,affirms,affirms,affirms,affirms,3,"The world is coming to an end, with only preppers surviving due to their stored resources.",Restatement directly asserts the participant’s end-of-world/preppers-only survival conspiracy as true.,Restatement directly states the conspiracy as true; 100 = full belief.,The restatement directly asserts the participant's belief that the world is ending and only preppers will survive.
R_7AGthrxNDbmSOax,affirms,affirms,affirms,affirms,3,"A secret society is ruling our world and making decisions to maintain their power, which negatively impacts ordinary people.",Restatement directly asserts the participant’s described conspiracy; rating 100 endorses it as true.,Restatement directly asserts the conspiracy as true; 100 = full belief.,"The restatement directly asserts the existence of a secret society ruling the world, matching the participant's conspiracy."
R_7AbstNKfXbVmi2d,affirms,affirms,affirms,affirms,3,The Earth is flat and not a globe.,"Restatement asserts flat Earth, matching the participant’s described conspiracy.","Rating 100 means believing Earth is flat, endorsing the conspiracy.",Rating the statement 100 directly endorses the conspiracy theory that the Earth is flat.
R_7AsUmyoYEoZ9knD,affirms,affirms,affirms,affirms,3,"AI may ultimately become uncontrollable and be misused, making it harmful despite its benefits.",Restatement matches participant’s claim; rating it 100 endorses their stated belief about AI risks.,"Rating 100 endorses AI being out of control and harmful, matching participant's concern.",The restatement directly matches the participant's belief that AI could become uncontrollable and misused.
R_7B5Ctt7pbkHKERr,affirms,affirms,affirms,affirms,3,"Aliens are real, as demonstrated by the rapid advancement in technology and developments in space travel and research.","Restatement asserts aliens are real, matching participant’s described conspiracy; 100 equals endorsing it.","Restatement directly asserts aliens are real, matching the conspiracy belief.",Rating 100 endorses the participant's core belief that aliens are real and driving technological advancement.
R_7B65kEqGA5Ebzep,affirms,affirms,affirms,affirms,3,Area 51 is being hidden to conceal aliens and alien-related activities.,Restatement directly asserts the participant’s conspiracy claim; rating 100 indicates full belief in aliens being hidden at Area 51.,Restatement directly matches the conspiracy: Area 51 conceals alien activity.,The restatement directly asserts the participant's conspiracy theory about Area 51 hiding aliens.
R_7BNA6c8bYWFXUA1,affirms,affirms,affirms,affirms,3,The government is hiding UFOs.,Restatement directly asserts the participant’s UFO-coverup conspiracy as true.,Restatement directly states the conspiracy as true; 100 = believes it.,"Rating 100 means believing the government hides UFOs, directly affirming the participant's described conspiracy."
R_7BWQmut36VtLuma,affirms,affirms,affirms,affirms,3,The 1980s-90s crack epidemic in the US was knowingly intensified by the CIA to fund illegal wars and destabilize Black communities.,Restatement directly asserts the described CIA-intensified crack epidemic conspiracy as true.,Restatement is verbatim the conspiracy claim; rating 100 endorses it fully.,"The restatement directly asserts the participant's conspiracy theory, so a 100 rating means fully endorsing it."
R_7BsPncm4aDTrP0a,affirms,affirms,affirms,affirms,3,The government is manipulating the weather with HAARP.,Restatement directly asserts the participant’s conspiracy claim; rating 100 means fully endorsing it.,Restatement directly asserts the conspiracy; rating 100 means believing it.,Rating the restatement 100 directly endorses the participant's conspiracy theory that the government manipulates weather using HAARP.
R_7CAZ3Fgm3naQKgi,affirms,affirms,affirms,affirms,3,The American government is run by a secret society.,Restatement directly asserts the described conspiracy; rating 100 indicates full endorsement.,Restatement directly states the conspiracy as true; rating 100 endorses it.,Rating the restatement 100 directly endorses the participant's described conspiracy theory.
R_7CFIHz00jbqh6Fj,affirms,affirms,affirms,affirms,3,Astronauts never landed on the moon during their first journey.,Restatement directly asserts the moon-landing-was-faked claim; rating 100 endorses the conspiracy.,Restatement directly asserts the conspiracy claim that the moon landing was faked.,"Rating 100 means agreeing astronauts didn't land on the moon, which directly affirms the participant's conspiracy theory."
R_7CHJLNF3NiBen8w,affirms,affirms,affirms,affirms,3,Many individuals in Hollywood are affiliated with pedophilia.,"Restatement asserts Hollywood has many people connected to pedophilia, matching the participant’s conspiracy claim.",Restatement directly asserts the conspiracy claim about Hollywood pedophilia.,Rating 100 endorses the participant's belief that many Hollywood figures are involved in pedophilia.
R_7CZDvHmKAvIKuct,affirms,affirms,affirms,affirms,3,President Trump is the Antichrist.,Restatement directly asserts the participant’s conspiracy claim; rating 100 means fully endorsing it.,Restatement directly asserts the conspiracy; rating 100 means fully believing it.,Rating 100 directly endorses the participant's conspiracy theory that Donald Trump is the Antichrist.
R_7Ca1pae6NVk94It,affirms,affirms,affirms,affirms,3,"The US government had advance knowledge of the September 11th attacks, allowed them to happen or actively orchestrated them to justify wars in the Middle East, increase oil supplies, and expand surveillance.",Restatement asserts 9/11 was an inside job by the US government; 100 equals endorsing the conspiracy.,Restatement directly asserts the conspiracy; rating 100 means fully believing it.,Rating 100 means endorsing the conspiracy that the US government orchestrated or allowed 9/11.
R_7Ceeio1ROj1ADve,affirms,affirms,affirms,affirms,3,The government was aware of the 9/11 attacks in advance but did not inform the public.,Restatement directly asserts prior government knowledge and withholding from public—core of participant’s conspiracy.,Restatement directly states the conspiracy: government knew but withheld information.,The restatement directly asserts the participant's conspiracy theory that the government had hidden prior knowledge of 9/11.
R_7ClNMvUhvNWg3WV,affirms,affirms,affirms,affirms,3,"The first man on the moon said more than just ""one step, etc.""",Restatement asserts the conspiracy claim as true; 100 indicates belief he said additional words.,Rating 100 affirms the conspiracy that additional words were spoken.,Rating 100 endorses the participant's belief that the astronaut said more than the official quote.
R_7CpZjnMHF5iRCIK,affirms,affirms,affirms,affirms,3,The space landing was fake.,Restatement directly asserts the described conspiracy (space landing faked); 100 means endorsing it.,Restatement directly asserts the conspiracy claim; rating 100 means believing it.,Rating the restatement 100 directly endorses the participant's conspiracy theory that the space landing was faked.
R_7CxAttp66EYz8jZ,affirms,affirms,affirms,affirms,3,"The moon landing was faked and staged, as suggested by the lack of visible stars and unusual-looking shadows.",Restatement asserts the moon landing was faked; rating 100 endorses the participant’s conspiracy.,Restatement directly asserts the moon landing was staged; 100 = believes conspiracy.,Rating the restatement 100 directly endorses the participant's belief that the moon landing was faked.
R_7CzGoRxhQY9GxjP,affirms,affirms,affirms,affirms,3,The government is hiding the fact that aliens don't exist.,Restatement matches participant’s conspiracy claim; rating 100 endorses that the government hides aliens’ nonexistence.,Restatement directly matches participant's stated conspiracy verbatim.,The restatement exactly matches the participant's description of the conspiracy.
R_7D2eBZQ5NTjP7b2,affirms,affirms,affirms,affirms,3,The government has silently confirmed the presence of aliens living in Area 51.,Restatement directly asserts the participant’s conspiracy claim; rating 100 equals endorsing it.,Restatement directly asserts the conspiracy: aliens in Area 51 with government confirmation.,The restatement directly asserts the participant's conspiracy theory as true.
R_7D77tF7rIktHUXX,affirms,affirms,affirms,affirms,3,Columbus did not discover America; the Native Americans were here first.,Restatement directly asserts participant’s claim that Columbus didn’t discover America and Indigenous peoples were here first.,Rating 100 endorses the participant's stated belief that Columbus didn't discover America.,The restatement directly asserts the participant's belief that Columbus did not discover America.
R_7D85rskqsIIRA4E,affirms,affirms,affirms,affirms,3,Aliens are real and various details and facts support this belief.,"Restatement asserts aliens are real, matching participant’s alien-belief conspiracy; 100 means endorsing it.","Rating 100 means believing aliens are real, endorsing the conspiracy.","Rating 100 means believing aliens are real, which directly affirms the participant's described conspiracy theory."
R_7DCDDissutNYswN,affirms,affirms,affirms,affirms,3,"We live among giants and lizard people, many of whom are celebrities.",Restatement directly asserts the participant’s conspiracy claim as true; 100 endorses it.,Restatement directly asserts the conspiracy claim as true.,The restatement directly asserts the participant's conspiracy theory as true.
R_7DCNz0WY8HJvPY8,affirms,affirms,affirms,affirms,3,"Erika Kirk is involved in a coverup, and Candace Owens’ questions point to her knowledge, financial motives, and the lack of proper questioning.","Restatement asserts the alleged coverup and motives as true, matching the participant’s conspiracy claim.",Restatement directly asserts the conspiracy about Erika Kirk's involvement and coverup.,The restatement directly asserts the participant's conspiracy theory about Erika Kirk's involvement in a coverup.
R_7DNTw1foaMofh5k,affirms,affirms,affirms,affirms,3,"Online survey platforms intentionally prevent users from cashing out by frequently disconnecting them when they are close to reaching cash-out thresholds like $5, $10, or $15.","Restatement asserts platforms consistently block cash-outs near thresholds, matching the participant’s suspected conspiracy.",Restatement directly asserts the conspiracy: platforms deliberately disconnect users near payout thresholds.,The restatement directly asserts the participant's conspiracy theory as true.
R_7DSav5080GMZa1P,affirms,affirms,affirms,affirms,3,We are not alone in the universe and there are others living on another planet.,"Restatement asserts extraterrestrial life exists, matching participant’s implied belief tied to Roswell/aliens.","Rating 100 affirms extraterrestrial life exists, matching the conspiracy belief.","Rating 100 means believing aliens exist, which aligns with the participant's conspiracy description."
R_7DTfqrqjtk9IhnH,affirms,affirms,affirms,affirms,3,Donald Trump had people from other countries voting for him in elections.,Restatement asserts the same claim as participant’s conspiracy; 100 means endorsing foreign voting for Trump.,Restatement directly states the conspiracy claim; 100 = believing it.,The restatement directly asserts the participant's conspiracy theory that foreigners voted for Trump.
R_7DYWh899vljnnQj,affirms,affirms,affirms,affirms,3,The top one percent of Americans control the federal government.,Restatement directly asserts the participant’s conspiracy; rating 100 endorses elite control of the government.,Restatement directly states the conspiracy as true; 100 = full belief.,The restatement directly asserts the participant's conspiracy theory that the top one percent controls the government.
R_7DhaFCkJ1TDKCll,affirms,affirms,affirms,affirms,3,The government is hiding more knowledge of extraterrestrial life and has more proof of its existence than has been publicly disclosed.,"Restatement asserts the government has hidden proof of extraterrestrial life, matching the participant’s conspiracy claim.",Restatement directly mirrors the conspiracy: government concealing extraterrestrial evidence.,"Rating 100 means believing the government is hiding alien evidence, which directly affirms the participant's conspiracy theory."
R_7DnY6qC5nxOVNPd,affirms,affirms,affirms,affirms,3,The government has discovered cures for diseases and cancers but is withholding them from the public so the medical industry can keep profiting from research and medicines.,"Restatement asserts the conspiracy claim (cures exist, government hides them for profit); rating 100 endorses it.",Restatement directly asserts the conspiracy: cures exist but are suppressed for profit.,A 100 rating directly endorses the participant's belief that the government hides disease cures for profit.
R_7DpBQZySSfKreU1,denies,denies,denies,denies,3,"Cloning is not actually possible, and claims that a sheep was successfully cloned are false.",Participant questions whether cloning is really possible; restatement asserts it is and cites cloned sheep.,Participant doubts cloning is real; restatement affirms it is real and proven.,"The restatement asserts the official account (cloning is real), denying the participant's skepticism."
R_7E0GJFoIfkF5YMV,affirms,affirms,affirms,affirms,3,Billionaires are secretly eating children and concealing this fact from the public.,Restatement directly asserts the participant’s conspiracy as true; 100 means fully endorsing it.,Restatement directly asserts the conspiracy; rating 100 endorses it.,Rating the restatement 100 directly endorses the participant's conspiracy that billionaires are eating children.
R_7E4eGCauTY47vWS,affirms,affirms,affirms,affirms,3,Antarctica has more land behind the ice walls and the ice is slowly melting.,Restatement directly asserts the participant’s conspiracy claim; rating 100 endorses it as true.,Restatement directly restates the conspiracy as true; 100 = believes it.,The restatement directly asserts the participant's conspiracy theory about hidden land behind Antarctic ice walls.
R_7EEwtRllCTm8lq5,affirms,affirms,affirms,affirms,3,"The government and airlines have proof and documentation of UFO flights, including voice and voice recognition evidence.","Restatement asserts government has documented proof of UFO flights, matching the participant’s conspiracy claim.","Rating 100 means believing the government has documented UFO proof, endorsing the conspiracy.",Rating the restatement 100 directly endorses the participant's belief that the government and airlines possess proof of UFOs.
R_7EVYkJVe3tFfb11,affirms,affirms,affirms,affirms,3,"The government is hiding aliens in Area 51 and is aware of extraterrestrial beings, which is why the area is heavily secured and armed.",Restatement asserts the government hides aliens at Area 51; rating 100 endorses the conspiracy claim.,Restatement directly asserts the conspiracy; rating 100 means fully believing it.,The restatement directly asserts the participant's conspiracy theory that the government is hiding aliens at Area 51.
R_7EVZ5S7BJGJKLLg,affirms,affirms,affirms,affirms,3,The government is putting microchips in the vaccines.,Restatement directly asserts the participant’s microchips-in-vaccines conspiracy; rating 100 means fully endorsing it.,Restatement directly states the conspiracy as true; 100 = believes it.,Rating the restatement 100 directly endorses the participant's described conspiracy about microchips in vaccines.
R_7EXTNVKkBFioG47,affirms,affirms,affirms,affirms,3,The government is trapping us in a dome.,Restatement directly asserts the participant’s conspiracy; rating 100 endorses being trapped in a government-made dome.,Restatement directly asserts the conspiracy as true; 100 = believes it.,The restatement directly asserts the participant's conspiracy theory that the government is trapping us in a dome.
R_7EYYzELzLwouBpv,affirms,affirms,affirms,affirms,3,Aliens exist beyond Earth.,"A 100 rating endorses the claim that extraterrestrial aliens exist, matching the participant’s described belief topic.","Rating 100 means believing aliens exist, endorsing the conspiracy.","Rating 100 affirms the existence of aliens, matching the participant's described theory."
R_7EiYQxAoVDdrhOZ,affirms,affirms,affirms,affirms,3,"The U.S. government, potentially including Lyndon B. Johnson and his wife Lady Bird, was involved in the assassination of JFK.",Restatement claims government/LBJ/Lady Bird involvement; endorsing it at 100 affirms the participant’s conspiracy.,"Rating 100 endorses government/LBJ involvement in JFK assassination, matching the conspiracy.",The restatement directly asserts the participant's conspiracy theory that the government and the Johnsons were involved in JFK's assassination.
R_7EooPAOcTp1zqLo,affirms,affirms,affirms,affirms,3,The government poisons our food.,Restatement directly asserts the participant’s conspiracy; rating 100 endorses that claim as true.,Restatement directly states the conspiracy as true; 100 = full belief.,Rating the restatement 100 directly endorses the participant's belief that the government poisons the food supply.
R_7FLMu1Ei6f9s2Zy,affirms,affirms,affirms,affirms,3,The world's powerful countries are hiding the true existence of Zone 51 from the public.,Restatement asserts the conspiracy claim that Zone 51 exists and is being concealed by powerful countries.,Restatement directly asserts the conspiracy: powerful countries hide Zone 51's existence.,Rating 100 endorses the participant's exact claim that powerful countries are hiding the truth about Zone 51.
R_7FNbgk4WWBgoSiZ,affirms,affirms,affirms,affirms,3,Politicians are overstating the threat of climate change and cannot provide factual data supporting the level of urgency they claim.,"Restatement asserts politicians exaggerate climate threat and lack supporting data, matching participant’s described conspiracy.",Rating 100 endorses the conspiracy that politicians exaggerate climate threat without factual support.,"Rating 100 means agreeing that politicians overstate climate change, matching the participant's conspiracy."
R_7FQVyMi7g6kq4hs,affirms,affirms,affirms,affirms,3,"The assassination of President Kennedy in 1963 was orchestrated by a conspiracy involving the CIA, the Mafia, and some people within the government.",Restatement directly asserts the participant’s described conspiracy as true; 100 means endorsing it.,Restatement directly asserts the conspiracy as true; 100 = full belief.,The restatement directly asserts the participant's conspiracy theory about JFK's assassination as a factual claim.
R_7FRHWzqwxgOWiUX,affirms,affirms,affirms,affirms,3,Aliens and other phenomena uncovered in the X-FILES are real.,"Restatement asserts X-Files aliens/phenomena are real, matching the participant’s described conspiracy content.","Rating 100 means believing the X-Files phenomena (aliens, etc.) are real.","Rating 100 means believing the X-Files phenomena are real, matching the participant's conspiracy."
R_7FV6Q2gZ0vfYi9q,affirms,affirms,affirms,affirms,3,The COVID vaccine was created by the government to control people.,Restatement directly asserts the participant’s conspiracy claim; rating 100 equals endorsing government-control vaccine theory.,Restatement directly states the conspiracy: vaccine is government control tool.,Rating the restatement 100 directly endorses the participant's theory that the vaccine was created for government control.
R_7FhriBQRp36u2jv,affirms,affirms,affirms,affirms,3,"Flying saucers have been spotted in different states, and some people have taken pictures of them.","A 100 rating endorses that flying saucers were seen and photographed, matching the participant’s claim.",Rating 100 confirms flying saucers exist and have been observed and photographed.,Rating 100 endorses the participant's claim that flying saucers have been spotted and photographed.
R_7FljwVTifzjtJNL,affirms,affirms,affirms,affirms,3,"In Texas, individuals were killing brown people and collaborating with ranchers to eliminate competition.",Restatement directly asserts the described conspiracy as true; rating 100 endorses it.,Restatement directly mirrors the conspiracy claim; rating 100 endorses it.,The restatement directly asserts the participant's conspiracy theory as true.
R_7Fm061XB9qsGE9L,affirms,affirms,affirms,affirms,3,"Aliens are closer to Earth than we think, and meteors are actually forgotten alien spaceships approaching our planet.","Restatement asserts meteors are alien spaceships nearing Earth, matching the participant’s conspiracy claim.",Restatement directly asserts the conspiracy: meteors are alien spaceships approaching Earth.,The restatement directly asserts the participant's conspiracy theory that meteors are actually alien spaceships approaching Earth.
R_7G9WDpX9vDT7Y4z,affirms,affirms,affirms,affirms,3,Trump faked the shooting attempt on his life.,Restatement directly asserts the participant’s described conspiracy; rating 100 means fully endorsing it.,Restatement directly states the conspiracy as true; 100 = believes it.,"Rating 100 means believing Trump faked the shooting, which directly affirms the participant's conspiracy theory."
R_7GAXIoVZcunxiJj,affirms,affirms,affirms,affirms,3,JFK had an affair with Marilyn Monroe and the government killed her to cover it up.,Restatement directly asserts the participant’s conspiracy; rating 100 endorses that claim as true.,Restatement directly states the conspiracy as true; 100 = full belief.,"The restatement exactly matches the participant's description, directly affirming the conspiracy theory."
R_7GIjA1WaxOMXjyJ,affirms,affirms,affirms,affirms,3,"The government is concealing evidence of the true events of 9/11, as the manner of the Towers' collapse is inconsistent with the impact of the planes.",Restatement asserts government cover-up of 9/11; rating 100 endorses participant’s conspiracy claim.,"Restatement directly asserts government cover-up of 9/11, endorsing the conspiracy.",Rating 100 endorses the conspiracy that the government is hiding 9/11 evidence regarding the towers' collapse.
R_7GNc7n7woxh2bvp,affirms,affirms,affirms,affirms,3,Black helicopters are capable of seeing inside your house.,Restatement asserts the claimed surveillance capability; rating 100 endorses the participant’s conspiracy theory.,Restatement directly affirms the conspiracy that black helicopters can surveil inside homes.,Rating 100 endorses the participant's exact theory that black helicopters can see inside houses.
R_7GTRi2YMDukToaZ,affirms,affirms,affirms,affirms,3,"People can be reborn and remember past lives, and ghosts and life after death are real.","Restatement asserts reincarnation, ghosts, and afterlife as real—matching the participant’s supernatural belief.",Restatement directly asserts the conspiracy beliefs as true.,The restatement directly asserts the participant's paranormal beliefs as true.
R_7Glrs1obHMfrujD,affirms,affirms,affirms,affirms,3,"John F. Kennedy was shot by a gunman from the grassy knoll, meaning Lee Harvey Oswald did not act alone.",Restatement asserts a grassy-knoll shooter and rejects the official lone-Oswald account.,"Restatement directly endorses the conspiracy: multiple shooters, grassy knoll origin.",Rating 100 endorses the participant's belief in a second shooter on the grassy knoll.
R_7Gvoh3EDzNRwMqe,affirms,affirms,affirms,affirms,3,"The US government had foreknowledge of or was directly involved in the September 11, 2001, attacks to justify war.",Restatement directly asserts the described 9/11 foreknowledge/involvement conspiracy as true.,Restatement directly states the conspiracy claim; rating 100 endorses it.,The restatement directly asserts the conspiracy theory described by the participant.
R_7HBVuv4qoXEwh0T,affirms,affirms,affirms,affirms,3,There is a cabal of evil Satan-worshipping cannibals that rules society.,Restatement directly asserts the described conspiracy; rating 100 indicates full endorsement.,Restatement directly restates the conspiracy as true; 100 = full belief.,"The restatement directly asserts the existence of the cabal, so a 100 rating affirms the conspiracy."
R_7HBrNMECUuGaATv,affirms,affirms,affirms,affirms,3,Humans were genetically created by extraterrestrial beings from outer space.,"Restatement explicitly claims humans were genetically created by extraterrestrials, matching the participant’s described conspiracy.",Restatement directly asserts the extraterrestrial creation conspiracy as true.,Rating the restatement 100 directly endorses the participant's theory that extraterrestrials genetically created humans.
R_7HFxt334n42e3TI,affirms,affirms,affirms,affirms,3,China has atomic bombs they intend to launch at the USA.,Restatement matches participant’s claim that China has atomic bombs and wants to shoot them at the USA.,Restatement directly matches participant's claim about China launching atomic bombs.,Rating 100 endorses the participant's belief that China intends to launch atomic bombs at the USA.
R_7HPDbru8ajkgHct,affirms,affirms,affirms,affirms,3,The 9/11 attacks were orchestrated as an inside job.,Restatement directly asserts the inside-job conspiracy; rating 100 means fully endorsing that conspiracy.,"Rating 100 means believing 9/11 was an inside job, matching the conspiracy.","Rating 100 means believing the attacks were an inside job, which directly affirms the described conspiracy."
R_7HW399cFUKSs5Gh,affirms,affirms,affirms,affirms,3,The government is shutting down to cover up reallocating money spent elsewhere.,"Restatement asserts shutdown is a cover-up for hidden spending, matching participant’s described conspiracy.",Restatement directly asserts the conspiracy: shutdown is a cover-up for hidden spending.,The restatement directly asserts the participant's conspiracy theory as true.
R_7HYxVySwDm8XlwV,affirms,affirms,affirms,affirms,3,Aliens have come to Earth and the government is covering it up.,Restatement directly asserts the participant’s described conspiracy as true; 100 means endorsing it.,Restatement directly states the conspiracy as true; 100 = believes it.,The restatement directly asserts the participant's described conspiracy theory about alien visitation and a government cover-up.
R_7HjbxQVj3el5Ew6,affirms,affirms,affirms,affirms,3,"A woman on TikTok is genuinely a mermaid, as shown by her videos featuring gills, sharp teeth, large eyes, a colorful fin, and webbed hands.",Restatement asserts she is a real mermaid; 100 rating endorses the participant’s described conspiracy claim.,"Rating 100 means believing the TikTok woman is genuinely a mermaid, affirming the conspiracy.","Rating 100 means believing the woman on TikTok is actually a mermaid, affirming the conspiracy."
R_7HqB1sgOEbP2W1f,affirms,affirms,affirms,affirms,3,The 1969 Apollo 11 moon landing was faked by NASA in a studio to win the Space Race against the Soviet Union and deceive the public about space exploration capabilities.,Restatement explicitly asserts the moon landing was faked; rating 100 endorses the conspiracy claim.,"Rating 100 means believing NASA staged the moon landing, directly endorsing the conspiracy.",The restatement directly asserts the conspiracy theory as true.
R_7HtfcNpZRypIchF,affirms,affirms,affirms,affirms,3,The government is hiding the true identity of JFK's killer.,"Restatement asserts a government cover-up of JFK’s killer, matching the participant’s conspiracy claim.",Restatement directly asserts the conspiracy: government concealing JFK's real killer.,"Rating 100 means agreeing the government is hiding the killer's identity, directly affirming the participant's conspiracy."
R_7I5Y4kbgtZ28qgS,affirms,affirms,affirms,affirms,3,"The government was involved in 9/11, including agencies like the CIA and FBI.",Restatement directly asserts the participant’s conspiracy; rating 100 indicates full endorsement.,"Restatement directly asserts government involvement in 9/11, matching the conspiracy.",Rating the statement 100 directly endorses the participant's described conspiracy that the government was involved in 9/11.
R_7IKkBquf996bURI,affirms,affirms,affirms,affirms,3,"Magic is real and flows through the world, but forces are intentionally disrupting it to prevent human evolution.",Restatement asserts the described conspiracy as true; rating 100 endorses intentional disruption of magic to halt evolution.,Restatement directly affirms the conspiracy: magic exists and is being suppressed.,The restatement directly asserts the participant's belief that magic exists and is being suppressed to halt human evolution.
R_7IWRJ4Pbs61MUUt,affirms,affirms,affirms,affirms,3,Governments have recovered unidentified flying objects and are secretly studying alien technology while hiding this information from the public.,Restatement directly asserts the described conspiracy as true; rating 100 indicates full endorsement.,Restatement directly asserts the conspiracy claim verbatim; 100 = full belief.,The restatement directly asserts the conspiracy theory that governments are hiding recovered alien technology.
R_7IXluxiotKNuQKM,affirms,affirms,affirms,affirms,3,Aliens live in the ocean's depths.,Restatement directly asserts the participant’s conspiracy claim as true.,Restatement directly states the conspiracy as true; 100 = believes aliens in ocean.,"Rating 100 means believing aliens live in the ocean, which directly affirms the participant's conspiracy."
R_7IZfAnoGW6wc93Y,affirms,affirms,affirms,affirms,3,"The government is releasing classified documents, pictures, and videos that confirm the existence of aliens.",Restatement matches participant claim that released materials prove aliens are real; 100 endorses conspiracy.,"Rating 100 confirms aliens are real via government-released evidence, endorsing the conspiracy.",A 100 rating endorses the participant's belief that the government is releasing evidence confirming aliens exist.
R_7IcVZVjHvK6u7yh,affirms,affirms,affirms,affirms,3,The US government orchestrated the events of 9/11.,A 100 rating endorses the claim that the US government planned and carried out 9/11.,Restatement directly asserts the conspiracy; rating 100 means fully believing it.,Rating the restatement 100 directly endorses the participant's theory that the US government orchestrated 9/11.
R_7IexDCBngUf90L7,affirms,affirms,affirms,affirms,3,The Apollo 11 moon landing in 1969 was staged by the U.S. government and filmed on a secret movie set to ensure an American victory in the Space Race against the Soviet Union.,Restatement explicitly asserts the moon landing was faked; rating 100 endorses the described conspiracy.,Restatement directly asserts the conspiracy; rating 100 means believing the hoax.,"The restatement directly asserts that the moon landing was staged, aligning perfectly with the participant's conspiracy theory."
R_7Iy3QKPfb8BCLkq,affirms,affirms,affirms,affirms,3,The government is hiding the fact that some UFOs are extraterrestrial in origin.,"Restatement asserts government concealment of extraterrestrial UFOs, matching the described conspiracy.","Restatement directly asserts government concealment of extraterrestrial UFOs, matching the conspiracy.",Rating 100 endorses the participant's belief that the government is hiding the extraterrestrial origin of UFOs.
R_7JDRK384Dn8gvP6,affirms,affirms,affirms,affirms,3,The government is hiding an underground civilization run by lizard people.,Restatement directly asserts the described lizard-people underground civilization conspiracy as true.,Restatement directly asserts the conspiracy as true; 100 = full belief.,The restatement directly asserts the participant's conspiracy theory about an underground lizard civilization as true.
R_7JFrOrizNCLek6l,affirms,affirms,affirms,affirms,3,Ancient aliens were considered gods and are the true origin of religion.,Restatement directly asserts the participant’s ancient-aliens-as-gods origin-of-religion conspiracy as true.,Restatement directly states the conspiracy: aliens as gods and religion's origin.,The restatement directly asserts the participant's conspiracy theory that ancient aliens are the origin of religion.
R_7JLtFI5Dx7DOv8A,affirms,affirms,affirms,affirms,3,"The government possesses secret knowledge about extraterrestrial life, such as information related to Area 51, that has not been disclosed to the public.",Restatement asserts government is hiding extraterrestrial knowledge; rating 100 endorses the described conspiracy.,"Restatement directly asserts government concealment of extraterrestrial knowledge, matching the conspiracy.","Rating 100 means believing the government hides knowledge of extraterrestrial life, affirming the conspiracy."
R_7Jaa0ewBabwItB9,affirms,affirms,affirms,affirms,3,Aliens are real and they do exist.,Restatement directly asserts the participant’s claim; rating 100 endorses alien existence.,Restatement directly asserts the conspiracy claim that aliens are real.,Rating the restatement 100 directly endorses the participant's belief that aliens exist.
R_7Jf8AreCe7jVh0l,affirms,affirms,affirms,affirms,3,The government is hiding evidence that the mafia killed JFK.,Restatement directly asserts the participant’s conspiracy; rating 100 indicates full belief in that claim.,Restatement matches conspiracy exactly; rating 100 endorses the conspiracy.,The restatement directly asserts the participant's conspiracy theory as true.
R_7Jl52exvWZjL6Xn,affirms,affirms,affirms,affirms,3,"Information about the Epstein files is being deliberately hidden, and Trump is pursuing control of other countries’ oil through international deals, including collaboration with Iran.",Restatement asserts hidden Epstein-file information and Trump’s oil-deal collaboration with Iran—core conspiratorial claims.,Restatement directly asserts both conspiracy claims as true.,Rating 100 affirms the participant's claims about hidden Epstein files and Trump's secret oil deals involving Iran.
R_7Jx77UUHvBRWO0K,affirms,affirms,affirms,affirms,3,Powerful organizations are hiding the fact that the Earth is flat.,"Restatement asserts Earth is flat and that powerful groups conceal it, matching the participant’s conspiracy.",Restatement directly asserts the conspiracy: Earth is flat and hidden by powerful organizations.,A 100 rating directly endorses the participant's claim that the Earth is flat and organizations hide it.
R_7K9Hu6SPu0VwYD8,affirms,affirms,affirms,affirms,3,Aliens live in Antarctica and have military bases set up there.,Restatement directly asserts the participant’s conspiracy as true; a 100 rating endorses it.,Restatement directly states the conspiracy as true; 100 = full belief.,Rating 100 directly endorses the participant's belief that aliens have military bases in Antarctica.
R_7KjZn7YlMyPYOGd,affirms,affirms,affirms,affirms,3,The Apollo Moon Landings were a hoax staged by NASA and filmed on a soundstage in the Nevada desert.,Restatement directly asserts the participant’s moon-landing-hoax conspiracy as true.,Restatement directly asserts the conspiracy; rating 100 means fully believing it.,"Rating 100 means agreeing the moon landings were a staged hoax, directly affirming the participant's conspiracy."
R_7Kr7GrOZirkxQNB,affirms,affirms,affirms,affirms,3,"The earth is a dome, and humans are unable to leave it because powerful people have agreed on this fact.",Restatement directly asserts the dome-earth conspiracy and a powerful-people agreement preventing exit.,Restatement directly asserts the flat/dome earth conspiracy as true.,The restatement directly asserts the participant's conspiracy theory that the earth is a dome controlled by powerful people.
R_7LI3qWZx35dMJot,affirms,affirms,affirms,affirms,3,Aliens regularly visit humans and/or our world.,Restatement directly asserts the participant’s conspiracy claim as true; 100 indicates endorsing it.,Restatement directly asserts the conspiracy claim; rating 100 endorses it.,"Rating 100 means believing aliens visit Earth, which directly affirms the participant's described conspiracy."
R_7LZKZ7Du5bbfq81,affirms,affirms,affirms,affirms,3,Dolphins kidnap a man and have him build an underwater city.,Restatement directly asserts the described conspiracy; 100 means fully believing dolphins kidnapped him for underwater city.,Restatement directly asserts the conspiracy claim; rating 100 endorses it.,Rating 100 means believing the conspiracy that dolphins kidnapped a man to build an underwater city.
R_7LbCyhjKrHExMRk,affirms,affirms,affirms,affirms,3,There are drones flying in the air to watch us.,Restatement directly asserts the participant’s claimed surveillance-drones conspiracy as true.,Restatement directly states the conspiracy claim verbatim.,"Rating 100 means agreeing that drones are watching us, directly affirming the participant's conspiracy theory."
R_7LeeU0Wemgxu67V,affirms,affirms,affirms,affirms,3,"Kurt Cobain was murdered, not a suicide, and there’s new evidence to support this claim.","Restatement explicitly claims murder over suicide and cites new supporting evidence, matching participant’s conspiracy.","Restatement directly asserts the conspiracy: Cobain was murdered, not suicide.","Rating 100 means agreeing Cobain was murdered, which directly affirms the participant's conspiracy theory."
R_7LvXGLX4BoyWy5z,affirms,affirms,affirms,affirms,3,The president is in contact with extraterrestrials.,Restatement directly asserts the participant’s conspiracy claim; 100 means fully believing presidential extraterrestrial contact.,Rating 100 confirms the conspiracy that the president has hidden alien contact.,The restatement directly asserts the participant's conspiracy theory that the president is in contact with aliens.
R_7MA42VinAmSRgs6,affirms,affirms,affirms,affirms,3,"The government is concealing the true identity of President Kennedy's killer, potentially involving multiple shooters captured on video.",Restatement matches participant’s claim that the government hides JFK’s real killer; 100 endorses the conspiracy.,Rating 100 endorses government cover-up of JFK's true killer.,Rating 100 endorses the participant's belief that the government is hiding the truth about JFK's assassination.
R_7MAoZ4Afu7a8N7F,affirms,affirms,affirms,affirms,3,"Mermaids are real, and the government is aware of their existence.",Restatement directly asserts the participant’s conspiracy; rating 100 indicates full belief in mermaids and government awareness.,Restatement directly asserts the conspiracy: mermaids exist and government knows.,Rating 100 endorses the participant's exact claim that mermaids exist and the government knows about them.
R_7MJW8zGy4Nc06Yc,affirms,affirms,affirms,affirms,3,"The government placed bombs in the Twin Towers, contributing to their collapse.",Restatement directly asserts the participant’s described conspiracy that the government planted bombs in the Twin Towers.,Restatement directly asserts the conspiracy; rating 100 endorses it.,"Rating 100 means believing the government placed bombs in the towers, directly affirming the described conspiracy."
R_7MRkiwIBrOOUGQb,affirms,affirms,affirms,affirms,3,Jeffrey Epstein was murdered by someone high up.,"Restatement asserts Epstein was murdered by a powerful person, matching participant’s described conspiracy suspicion.",Restatement directly states the conspiracy: Epstein was murdered by powerful figures.,"Rating 100 means believing he was murdered, which aligns with the participant's conspiracy theory."
R_7MfhNwf2vHIqs3n,affirms,affirms,affirms,affirms,3,President Trump's decision to attack Iran was strategically timed to divert public attention from the developing Epstein case.,"Restatement claims Iran attack was timed to distract from Epstein case, matching the participant’s described conspiracy.",Rating 100 endorses the conspiracy that Trump attacked Iran to distract from Epstein.,The restatement directly asserts the participant's conspiracy theory that the Iran attack was a distraction from the Epstein case.
R_7NLd0TI5xzEMdoJ,affirms,affirms,affirms,affirms,3,Jeffrey Epstein did not kill himself.,"Restatement asserts Epstein didn’t commit suicide, matching the participant’s conspiracy suspicion.",Rating 100 endorses the conspiracy that Epstein was killed or escaped.,"Rating 100 means believing Epstein didn't kill himself, which directly affirms the participant's conspiracy theory."
R_7NfUjSoejgv2ldK,affirms,affirms,affirms,affirms,3,Evil billionaires secretly run the country and drink the blood of infants to stay young.,"Restatement endorses the conspiratorial claim that evil billionaires run the country, not the official account.","Rating 100 endorses billionaires controlling the country, core conspiracy claim.",The restatement asserts a core part of the participant's conspiracy theory as true.
R_7NlGsghbhJV31p9,affirms,affirms,affirms,affirms,3,Lee Harvey Oswald was not the real shooter in the assassination of JFK.,"Restatement directly asserts Oswald did not shoot JFK, matching the participant’s conspiracy claim.",Restatement directly states the conspiracy claim that Oswald was not the shooter.,"Rating 100 means agreeing Oswald was not the real shooter, which directly affirms the participant's conspiracy theory."
R_7O0Qpk9TzRdbajY,affirms,affirms,affirms,affirms,3,The government is concealing the activities that occurred on Jeffrey Epstein's island.,"Restatement asserts government concealment of Epstein island activities, matching the participant’s conspiracy claim.",Restatement directly mirrors the conspiracy: government hiding Epstein island activities.,The restatement directly asserts the participant's conspiracy theory that the government is hiding Epstein's island activities.
R_7O8lFZPTwPF7RQ9,affirms,affirms,affirms,affirms,3,Suge Knight was involved in the murder of Tupac.,"Restatement asserts Suge Knight’s involvement, matching the participant’s suspected conspiracy claim.",Rating 100 endorses the conspiracy that Suge Knight orchestrated Tupac's murder.,Rating 100 endorses the participant's specific conspiracy theory that Suge Knight was involved in Tupac's murder.
R_7ODpfM6YIBdFmAu,affirms,affirms,affirms,affirms,3,"Aliens crashed in Roswell, New Mexico, and Area 51 has evidence of it.",Restatement directly asserts the participant’s conspiracy; rating 100 indicates full belief in that claim.,Restatement directly asserts the conspiracy claim; 100 = believing aliens crashed.,The restatement directly asserts the participant's conspiracy theory as true.
R_7OJbXgUvM8fZrkF,denies,unclear,denies,denies,3,"The reported attempted assassination was a staged stunt, and the president was only superficially grazed.",Restatement treats the assassination attempt as real; participant’s conspiracy implies it was staged.,Restatement states the official account; participant's conspiracy is that it was faked.,"The restatement affirms a genuine assassination attempt, denying the participant's conspiracy theory that it was a staged stunt."
R_7ONGMkpTuB895gv,affirms,affirms,affirms,affirms,3,UFOs have been identified by humans as alien machines and are being covered up.,Restatement directly asserts the described conspiracy as true: identified as alien machines and covered up.,Restatement directly states the conspiracy as true; 100 = believes coverup.,The restatement directly asserts the participant's conspiracy theory about alien UFOs and a government cover-up.
R_7ONlylFK1cx8YXa,affirms,affirms,affirms,affirms,3,"Humans and Earth are not the only living organisms in the universe, and claims of sightings are being overshadowed by distractions like the release of the Epstein files to divert attention.","Restatement asserts extraterrestrial life and deliberate distraction, matching participant’s conspiracy; 100 endorses it.",Rating 100 endorses extraterrestrial life and the distraction conspiracy simultaneously.,Rating 100 endorses the participant's belief that aliens exist and the Epstein files were a distraction.
R_7OOUYi85RvUU3Uk,affirms,affirms,affirms,affirms,3,The US government is keeping aliens in Area 24.,A 100 rating endorses the claim that the US government is secretly holding aliens in Area 24.,Restatement directly asserts the conspiracy claim; rating 100 means believing it.,Rating 100 endorses the participant's core conspiracy claim that the government is hiding aliens in Area 24.
R_7OPSQ4EdDdxZ0mI,affirms,affirms,affirms,affirms,3,"The current president had his assassination attempt staged, with fake damage to his ear and inadequate protection from his secret service.",Restatement directly asserts the participant’s conspiracy as true; rating 100 indicates full endorsement.,Rating 100 directly endorses the staged assassination conspiracy as described.,The restatement directly asserts the participant's conspiracy theory as true.
R_7OZCZ8omoexrKMl,affirms,affirms,affirms,affirms,3,President John F. Kennedy was killed by unknown person or persons.,"Restatement asserts JFK was killed by unknown perpetrators, matching the participant’s conspiracy claim.","Restatement directly asserts the conspiracy: JFK killed by unknown parties, not Oswald alone.","Rating 100 endorses the participant's belief that JFK was killed by unknown persons, affirming the conspiracy."
R_7OkOc8wT6yEgM4H,affirms,affirms,affirms,affirms,3,"The Covid-19 vaccine includes RNA that reprograms human DNA, resulting in vaccine-related injuries such as headaches or migraines.","Restatement asserts the vaccine reprograms DNA and causes injuries, matching the described conspiracy claim.",Rating 100 endorses the conspiracy that COVID vaccine reprograms DNA causing injuries.,Rating 100 means endorsing the claim that the vaccine reprograms DNA and causes injuries.
R_7Okv2mJMoEu39OM,affirms,affirms,affirms,affirms,3,The government is conducting human sacrifice rituals in secret locations for high-level politicians and celebrities.,Restatement directly asserts the participant’s conspiracy claim; rating 100 indicates full endorsement of that claim.,Restatement directly asserts the conspiracy; rating 100 endorses it.,The restatement directly asserts the participant's conspiracy theory about government human sacrifice rituals as true.
R_7OkvuKWXCiisAjT,affirms,affirms,affirms,affirms,3,The government has had contact with aliens from outer space and is hiding this information from the public.,Restatement directly asserts the participant’s conspiracy; rating 100 means fully endorsing hidden government-alien contact.,Restatement directly states the conspiracy as true; 100 = full belief.,The restatement directly asserts the participant's conspiracy theory as true.
R_7P4y1S17XaKCKeh,affirms,affirms,affirms,affirms,3,Michael Jackson is still alive and in hiding because he possesses information about Epstein.,Restatement directly asserts the participant’s conspiracy; 100 means fully endorsing it.,Restatement directly asserts the conspiracy; rating 100 means believing it.,Rating the restatement 100 directly endorses the participant's conspiracy theory that Michael Jackson is alive and hiding.
R_7PFXsXPqKr52tkw,affirms,denies,affirms,affirms,3,A group of powerful people from the same nation plans major events in advance.,Restatement endorses planned major events by powerful group; differs on same vs different nations but still conspiratorial.,"Restatement says 'different nations,' contradicting participant's claim of 'same Nation.'",Rating 100 affirms the core conspiracy that a powerful group secretly plans major events in advance.
R_7PJ3qLGPgrXixUZ,affirms,affirms,affirms,affirms,3,Donald Trump colluded with Russia to steal the election.,Restatement directly asserts the participant’s conspiracy; rating 100 endorses it as true.,Restatement directly states the conspiracy as true; 100 = believes it.,The restatement directly asserts the conspiracy theory described by the participant.
R_7PR0kRIkPdiP9eo,affirms,affirms,affirms,affirms,3,Covid-19 was purposely released to hijack the presidential election.,Restatement directly asserts the participant’s conspiracy as true; rating 100 endorses it.,Restatement directly states the conspiracy as true; 100 = full belief.,Rating 100 endorses the participant's exact conspiracy theory that Covid-19 was released to hijack the election.
R_7PRy2FD4UyuGSz9,affirms,affirms,affirms,affirms,3,"The earth is flat, and powerful organizations are hiding this fact from the people.",Restatement directly asserts the participant’s described flat-earth conspiracy as true.,Restatement directly asserts the flat earth conspiracy as true.,The restatement directly asserts the flat earth conspiracy theory described by the participant.
R_7PXFWir3smlKOK5,affirms,affirms,affirms,affirms,3,The main woman involved in the Epstein controversy was murdered by powerful interests and did not commit suicide.,"Restatement asserts she was murdered by powerful interests rather than dying by suicide, matching the conspiracy claim.","Restatement directly asserts murder by powerful interests, matching the conspiracy described.",The restatement directly asserts the participant's conspiracy theory that the woman was murdered.
R_7PaDckPjtUVsnz2,affirms,affirms,affirms,affirms,3,The creatures and beings mentioned in stories are real and are being held by the government.,Restatement directly asserts the participant’s conspiracy claim as true; 100 means endorsing it.,Restatement directly asserts the conspiracy: mythical creatures are real and government-held.,Rating the restatement 100 directly endorses the participant's belief that mythical creatures are held by the government.
R_7PdcLD6kJlr9icx,affirms,affirms,affirms,affirms,3,Extraterrestrials have visited Earth.,"Restatement asserts extraterrestrials have visited Earth, matching the participant’s described conspiracy topic.","Rating 100 means believing aliens visited Earth, matching the conspiracy.","Rating 100 means believing extraterrestrials visited Earth, which directly affirms the participant's described conspiracy."
R_7Pjurg4jHrnrYCE,affirms,affirms,affirms,affirms,3,"The September 11 attacks were an inside job orchestrated by the government, despite efforts to hide the truth.",Restatement asserts government orchestrated 9/11 and hid it; rating 100 endorses the participant’s conspiracy.,Restatement directly asserts the conspiracy; rating 100 means fully believing it.,Rating the restatement 100 means endorsing the conspiracy that 9/11 was an inside job.
R_7PkhJgdnJocFKCR,affirms,affirms,affirms,affirms,3,The twin towers were blown up with controlled demolition explosives.,Restatement directly asserts participant’s conspiracy claim; rating 100 equals full endorsement.,Restatement directly asserts the conspiracy; rating 100 means believing it.,Rating 100 directly endorses the participant's described conspiracy that the twin towers were destroyed by controlled demolition.
R_7PnkJNQtuspoTy1,affirms,affirms,affirms,affirms,3,"The treasure on Oak Island will only be found after a seventh person has died, as stated in the legend, and currently, only six people have died in the search.",Restatement asserts the legend’s claim as true; rating 100 endorses the conspiracy/legend.,"Restatement directly asserts the legend's curse as true, endorsing the conspiracy belief.",Rating 100 endorses the Oak Island curse and legend exactly as the participant described it.
R_7PnuyJSmFt24S5C,affirms,affirms,affirms,affirms,3,The meteor known as AI/Atlas3 is an alien spacecraft from far away.,"Restatement asserts the object is an alien spacecraft, matching the participant’s conspiracy claim.",Restatement directly asserts the conspiracy: AI/Atlas3 is alien spacecraft.,"Rating 100 means believing the meteor is an alien spacecraft, which directly affirms the participant's conspiracy theory."
R_7PvRC4FnPSZHWvL,affirms,denies,denies,denies,3,"The COVID-19 pandemic was orchestrated by the government, not naturally started by a bat from China.",Restatement matches their described claim; rating 100 endorses bat-origin conspiracy.,Participant's conspiracy is government orchestration; bat origin is the official/non-conspiracy account they doubt.,"The restatement asserts the official bat origin, which the participant contrasts with the government orchestration conspiracy."
R_7PviorxI2h4V7Mf,affirms,affirms,affirms,affirms,3,"AI is fake and produces fake things, including fake people singing, dancing, and more, while hiding things from us.","Restatement directly asserts AI is fake and deceptive, matching participant’s described conspiracy.",Restatement directly endorses participant's view that AI is fake and deceptive.,The restatement directly asserts the participant's conspiracy theory that AI is fake and hides things.
R_7Q0dCmZAkEO8EUE,affirms,affirms,affirms,affirms,3,Elvis Presley is still alive.,Restatement directly asserts the conspiracy claim that Elvis faked his death and lives on.,"Rating 100 means believing Elvis is alive, directly affirming the conspiracy.",The restatement directly asserts the participant's conspiracy theory that Elvis is still alive.
R_7QA9ts7moHGSknc,affirms,affirms,affirms,affirms,3,Hilary Clinton started a sex trafficking ring.,Restatement directly asserts the described conspiracy; rating it 100 equals full endorsement.,Restatement directly states the conspiracy as true; 100 = full belief.,Rating the restatement 100 directly endorses the participant's conspiracy theory about Hillary Clinton.
R_7QERSD7vwtMZZP2,affirms,affirms,affirms,affirms,3,"The economy is going into a recession, but if the current president is removed from office, the nation can change things around.",Restatement asserts recession is occurring and that removing the president would enable improvement.,Rating 100 endorses the recession conspiracy and presidential blame narrative.,The restatement directly asserts the participant's described theory as true.
R_7QK5PI4oejkVgy2,affirms,affirms,affirms,affirms,3,Birds are actually government surveillance tools used to spy on the public.,Restatement directly asserts the participant’s conspiracy; rating it 100 endorses belief that birds are government spies.,Restatement directly asserts the conspiracy that birds are government spy tools.,Rating 100 endorses the participant's exact conspiracy theory that birds are government surveillance tools.
R_7QKvzoYUBSx7xvU,affirms,affirms,affirms,affirms,3,UFOs have been spotted and are real.,Restatement directly asserts the participant’s claim that UFOs are real and have been seen.,"Restatement directly asserts UFOs are real, matching the conspiracy belief.","Rating 100 means believing UFOs are real, matching the participant's conspiracy description."
R_7QKxIaWx102VU8u,affirms,affirms,affirms,affirms,3,Alien spaceships are emerging from the ocean in California.,Restatement directly asserts the described conspiracy; rating 100 means fully endorsing it.,Restatement directly asserts the conspiracy as true; 100 = full belief.,Rating 100 means believing the conspiracy that alien spaceships are emerging from the ocean in California.
R_7QM0qrjqXXJmcer,affirms,affirms,affirms,affirms,3,The zigzagging unidentified flying object I saw was an alien spacecraft.,Restatement frames the zigzagging UFO as potentially alien; endorsing it supports the alien-spacecraft interpretation.,"Rating 100 endorses the object being an alien spacecraft, matching the conspiracy.",Rating 100 affirms the participant's suspicion that the zigzagging object they saw was an alien spacecraft.
R_7QMWI9fcc2eQZ0a,affirms,affirms,affirms,affirms,3,Trump is following a playbook called project 25th to turn America into an authoritarian regime.,Restatement directly asserts the participant’s conspiracy claim; rating 100 would fully endorse it.,Rating 100 means believing Trump is deliberately implementing an authoritarian agenda.,Rating the restatement 100 directly endorses the participant's conspiracy that Trump is planning an authoritarian regime.
R_7QMrBNjeV1O4UEk,affirms,affirms,affirms,affirms,3,"The government is suppressing records of alien landings on Earth, with Area 51 serving as a holding area for alien technology.",Restatement asserts a government cover-up of alien landings and Area 51 storing alien tech.,"Rating 100 endorses government cover-up of alien landings, matching the conspiracy.","Rating 100 means believing the government is actively suppressing records of alien landings, affirming the conspiracy."
R_7QUAokIqE07SWNb,affirms,affirms,affirms,affirms,3,"Wayfair is a secret site for trafficking children, and Epstein used it.",Restatement directly asserts participant’s conspiracy; rating 100 indicates full endorsement.,Restatement directly states the conspiracy as true; 100 = full belief.,The restatement directly asserts the participant's conspiracy theory about Wayfair and child trafficking as true.
R_7QXZHkjgVCEcr0a,affirms,affirms,affirms,affirms,3,9/11 was orchestrated by the government as a pretext to go to war with Iraq.,"Restatement asserts government orchestrated 9/11 to justify Iraq war, matching the described conspiracy.",Restatement directly states the conspiracy theory as true; 100 = believes it.,Rating the restatement 100 directly endorses the participant's described conspiracy theory about 9/11.
R_7QgfhTadDLasUOE,affirms,affirms,affirms,affirms,3,Certain powerful groups secretly manipulate global financial markets to maintain control over the world’s economy.,Restatement directly asserts the described conspiracy as true; a 100 rating endorses it.,Restatement directly asserts the conspiracy; rating 100 means fully believing it.,Rating the restatement 100 directly endorses the participant's described conspiracy of secret financial manipulation.
R_7QhZiNkHYQCnsiy,affirms,affirms,affirms,affirms,3,Powerful groups control information and hide the truth about major world events to maintain their power.,Restatement directly asserts the described conspiracy; rating 100 means fully endorsing it.,Restatement directly asserts the conspiracy claim; rating 100 endorses it.,The restatement directly asserts the conspiracy theory described by the participant.
R_7RM0hR6tdjQRKN3,affirms,affirms,affirms,affirms,3,The government is hiding evidence of aliens and a spacecraft in Area 51.,Restatement directly asserts the described conspiracy; 100 means fully believing government hides alien evidence at Area 51.,Restatement directly asserts the conspiracy; rating 100 means believing it.,"Rating 100 means agreeing the government hides alien evidence, which directly affirms the participant's conspiracy."
R_7RPrFC3BiVYU0ng,affirms,affirms,affirms,affirms,3,The government is withholding information about the Epstein files.,Restatement matches participant’s claim that the government isn’t telling everything about the Epstein files.,Restatement directly mirrors participant's claim that government hides Epstein information.,The restatement directly asserts the participant's conspiracy theory that the government is hiding information about Epstein.
R_7RRmkUYssFxU78R,affirms,affirms,affirms,affirms,3,"Powerful pharmaceutical companies and medical groups are suppressing a simple, low-cost cure for cancer to maintain profits from expensive treatments and chemotherapy.",Restatement directly asserts the described conspiracy; rating 100 endorses the cover-up claim.,Restatement directly states the conspiracy claim verbatim; 100 = full belief.,The restatement directly asserts the conspiracy theory described by the participant.
R_7S59AHxLky8wZod,affirms,affirms,affirms,affirms,3,A small group of ultra-rich men control the world and meet annually to formulate global economic policies.,Restatement directly asserts the participant’s conspiracy; rating 100 endorses it as true.,Restatement directly asserts the conspiracy: secret elite controlling world economy.,Rating 100 endorses the participant's exact conspiracy that a few ultra-rich men control the world.
R_7SEbc9AujkLKNRT,affirms,affirms,affirms,affirms,3,The government is hiding a UFO crash that occurred in Roswell.,"Restatement asserts the Roswell UFO crash cover-up as true, matching the participant’s described conspiracy.",Restatement directly asserts the conspiracy: government concealing Roswell UFO crash.,Rating 100 directly endorses the participant's belief that the government is hiding a Roswell UFO crash.
R_7SJDvBQ2orXhd2p,affirms,affirms,affirms,affirms,3,"When we die, the light at the end of the tunnel leads to a new hospital room where we are reborn, remembering our past life at first but gradually forgetting it, with lingering memories causing déjà vu.",Restatement directly asserts the participant’s rebirth-and-deja-vu theory as true.,Restatement directly restates the participant's reincarnation/deja vu theory as true.,The restatement directly asserts the participant's reincarnation theory as true.
R_7SjR5OrmUTYXi5b,affirms,affirms,affirms,affirms,3,A handful of celebrities have been dead for years and have been replaced by clones.,Restatement directly asserts the described celebrity-clone replacement conspiracy as true.,Restatement directly states the conspiracy as true; 100 = full belief.,The restatement directly asserts the participant's conspiracy theory that dead celebrities were replaced by clones.
R_7SkOFZwTH7ZMvAq,affirms,affirms,affirms,affirms,3,Extraterrestrials assisted the Egyptians in building the pyramids due to the advanced technology required for construction at that time.,"Restatement asserts aliens helped build pyramids, matching participant’s conspiracy-leaning view; 100 endorses conspiracy.","Rating 100 means believing aliens helped build the pyramids, matching the conspiracy.",Rating 100 endorses the core conspiracy claim that extraterrestrials helped build the pyramids.
R_7SosAKSwlm9WznP,affirms,affirms,affirms,affirms,3,Cell phones listen to your conversations.,Restatement asserts the same claim as the participant’s conspiracy; 100 means endorsing it.,Restatement directly states the conspiracy claim; rating 100 endorses it.,Rating 100 endorses the participant's exact claim that cell phones secretly listen to conversations.
R_7Sse22wqSMDFoat,affirms,affirms,affirms,affirms,3,Global warming is being driven by big businesses whose industrial emissions warm the atmosphere and speed up glacier melting.,Restatement matches participant’s claim that big business emissions cause warming and accelerate glacier melting.,Restatement directly captures participant's stated belief about big business causing warming.,The restatement directly asserts the participant's specific theory about big business causing global warming.
R_7Sx7twHamogdAkh,affirms,affirms,affirms,affirms,3,The government is hiding extraterrestrial beings from us.,Restatement directly asserts the participant’s conspiracy; rating it 100 means fully endorsing that claim.,Restatement directly states the conspiracy; rating 100 endorses it.,"The restatement directly asserts the participant's conspiracy theory, so a 100 rating means fully believing it."
R_7TIFqz5KFll7Glr,affirms,affirms,affirms,affirms,3,Global climate change is something that has been lied about to cause mass panic.,"Restatement asserts climate change is a lie to cause panic, matching the participant’s conspiracy framing.",Restatement directly states the conspiracy claim; rating 100 endorses it.,"Rating 100 means believing climate change is a lie to cause panic, which affirms the described conspiracy."
R_7ToThQb8ScON7ri,affirms,affirms,affirms,affirms,3,"We are living in a simulation, even though this reality feels real.",Restatement directly states the simulation theory as true; 100 means endorsing the conspiracy.,Restatement directly asserts the simulation conspiracy as true.,"Rating 100 means agreeing we live in a simulation, directly endorsing the participant's conspiracy theory."
R_7TtSCJbhsMKETwx,affirms,affirms,affirms,affirms,3,"Elevator close door buttons are largely non-functional for the general public and are often just ""placebo buttons"" giving an illusion of control over the door's timing.",Restatement asserts the placebo-button conspiracy as true: close-door buttons usually don’t affect door timing.,Rating 100 endorses the conspiracy that close-door buttons are placebo/disabled.,"Rating 100 means believing the buttons are non-functional placebos, which is exactly the participant's conspiracy."
R_7ULyo7RUoYwlwdj,affirms,affirms,affirms,affirms,3,Aliens exist and some people have encountered them.,"Restatement asserts aliens exist and have been encountered, matching the described alien-encounter conspiracy.","Rating 100 endorses alien existence and encounters, affirming the conspiracy claim.","Rating 100 means believing aliens exist and have been encountered, which is the conspiracy."
R_7UWn8LhM7nazXtU,affirms,affirms,affirms,affirms,3,The shooting of JFK involved more than one person.,"Restatement asserts multiple people involved, matching participant’s conspiracy; rating 100 endorses that claim.",Restatement directly states the conspiracy: multiple shooters killed JFK.,Rating 100 endorses the participant's belief that multiple people were involved in the JFK assassination.
R_7UtbfMRFl2JvlER,affirms,affirms,affirms,affirms,3,"The Earth is flat, and we are restricted by an invisible barrier, having never been to space.","Restatement repeats the participant’s conspiracy claims (flat Earth, invisible barrier, no space travel).",Restatement directly asserts the flat Earth conspiracy including space travel denial.,The restatement directly asserts the participant's flat earth and fake space travel conspiracy theory.
R_7V7kvyzodnkOCON,affirms,affirms,affirms,affirms,3,Aliens exist and have interacted with humans on Earth.,Restatement asserts the alien-interaction claim; rating it 100 fully endorses the participant’s “alien theory”.,"Rating 100 means believing aliens exist and have contacted humans, affirming the conspiracy.",Rating the restatement 100 directly endorses the participant's theory that aliens exist and have visited Earth.
R_7VdmExm7o2InXdf,affirms,affirms,affirms,affirms,3,Jeffrey Epstein is alive and his death was a deep ruse.,Restatement directly asserts the conspiracy claim that Epstein faked his death and is alive.,Restatement directly asserts the conspiracy: Epstein faked his death and is alive.,Rating the restatement 100 directly endorses the participant's belief that Epstein faked his death and is alive.
R_7VjCInd7hLK0roq,affirms,affirms,affirms,affirms,3,Advanced AI systems are secretly being used to influence global political decisions.,Restatement directly asserts the described conspiracy as true; 100 means endorsing it.,Restatement directly asserts the conspiracy claim; rating 100 endorses it.,Rating 100 directly endorses the participant's described conspiracy theory about AI influencing global politics.
R_7WDbV9Hkstl5RtL,affirms,affirms,affirms,affirms,3,"The moon landing was a hoax created on Earth, and humans never actually landed on the moon.",Restatement asserts the moon landing was faked; rating 100 endorses the participant’s described conspiracy.,"Restatement directly asserts the moon landing was faked, matching the conspiracy.","Rating 100 means believing the moon landing was a hoax, directly affirming the participant's conspiracy."
R_7WS6CaXRmsXAQKr,affirms,affirms,affirms,affirms,3,"The Earth is flat, and authorities hide this to diminish the existence of a creator.",Restatement directly asserts the participant’s flat-earth conspiracy and cover-up; rating 100 endorses it.,Restatement directly asserts the flat Earth conspiracy and the cover-up motive.,The restatement directly asserts the participant's flat earth conspiracy theory as true.
R_7WZtyDEnVem9cWK,affirms,affirms,affirms,affirms,3,Covid-19 was the result of political involvement.,Restatement asserts the political-involvement origin theory the participant described; 100 means endorsing that conspiracy.,Rating 100 endorses the conspiracy that Covid-19 had political origins.,Rating 100 means endorsing the conspiracy that Covid-19 was caused by political involvement.
R_7WxuolvavoQmoN3,affirms,affirms,affirms,affirms,3,The government is concealing the fact that aliens walk the Earth.,"A 100 rating endorses that the government hides aliens living among us, matching the participant’s conspiracy.",Restatement directly mirrors the conspiracy: government hiding walking aliens.,"Rating 100 means believing the government hides aliens on Earth, directly affirming the participant's conspiracy."
R_7XKgq3DPqditS8N,affirms,affirms,affirms,affirms,3,The government secretly monitors private thoughts using advanced surveillance technologies.,Restatement directly asserts the described conspiracy; rating 100 means fully endorsing it.,Restatement directly asserts the conspiracy; rating 100 means fully believing it.,Rating 100 endorses the participant's exact conspiracy that the government monitors private thoughts.
R_7Y4snLSxEcS9ilr,affirms,affirms,affirms,affirms,3,The JFK assassination involved more than one shooter and was potentially orchestrated by the government.,"Restatement asserts government involvement and multiple shooters, matching participant’s conspiracy; 100 equals endorsing it.","Rating 100 endorses multiple shooters and government involvement, matching the conspiracy.",Rating 100 endorses the participant's belief in multiple shooters and government involvement in the JFK assassination.
R_7YEYgbm2FMDz1YI,affirms,affirms,affirms,affirms,3,The voting machines in the 2020 election were manipulated.,Restatement directly asserts the participant’s conspiracy claim; rating 100 means endorsing manipulation.,Restatement directly asserts the conspiracy claim; rating 100 endorses it.,The restatement directly asserts the participant's conspiracy theory that the 2020 election voting machines were manipulated.
R_7YLZIMrfkhrFa1H,affirms,affirms,affirms,affirms,3,The government is using AI to replace humans in the workplace.,Restatement directly asserts the described conspiracy; rating 100 means endorsing it.,Restatement directly states the conspiracy as true; 100 = full belief.,Rating 100 directly endorses the participant's conspiracy theory that the government is replacing humans with AI.
R_7YXjKbmOwDzs8Ex,affirms,affirms,affirms,affirms,3,The government is hiding the truth about extraterrestrial beings.,Restatement directly asserts the participant’s described conspiracy as true.,Restatement directly asserts the conspiracy: government concealing extraterrestrial truth.,Rating the restatement 100 directly endorses the participant's belief that the government is hiding extraterrestrial truth.
R_7YlTyTB8yzAVZh1,affirms,affirms,affirms,affirms,3,COVID-19 was a bioterrorist attack orchestrated by our government in collaboration with China to make people sick and force them to buy vaccines.,Restatement asserts the conspiracy as true; a 100 rating endorses government-China bioterror/vaccine-profit plot.,Restatement directly states the conspiracy as true; 100 = full belief.,The restatement directly asserts the participant's described conspiracy theory as a factual claim.
R_7YqSZxJ8V2WeKqZ,affirms,affirms,affirms,affirms,3,A secret orchestration of an event or situation by someone is happening.,"Restatement asserts a secret orchestrated event, matching the participant’s described conspiracy framing.",Restatement directly mirrors the participant's conspiracy description of secret orchestration.,"Rating 100 means believing a secret orchestration is happening, matching the participant's conspiracy description."
R_7YslVAVC1Q2bXkB,affirms,affirms,affirms,affirms,3,Aliens are real and existed on Earth before humans.,Restatement asserts the participant’s conspiracy as true; 100 endorses aliens’ real pre-human existence.,"Rating 100 affirms aliens are real and predate humans, matching the conspiracy.",Rating the restatement 100 directly endorses the participant's belief that aliens are real and predated humans.
R_7YupsrXrU74zsyt,affirms,affirms,affirms,affirms,3,Bigfoot is real and roams the woods of North Carolina.,Restatement directly asserts the participant’s conspiracy claim as true; 100 means endorsing Bigfoot’s existence there.,Restatement directly asserts the conspiracy claim that Bigfoot exists and roams NC.,"Rating 100 means believing Bigfoot is real, which directly affirms the participant's conspiracy theory."
R_7ZOlQFHO6DOZT7R,unclear,unclear,affirms,unclear,3,"In some cold cases, investigators plant DNA evidence (including familial DNA matches) to frame suspects.",Restatement mixes mainstream claim (familial DNA helps) with hedged planting; 100 doesn’t cleanly endorse one side.,Restatement presents both sides without clearly affirming or denying the conspiracy.,Rating 100 endorses the participant's suspicion that DNA evidence in cold cases is sometimes planted.
R_7ZPdqzrpjq4YNCV,affirms,affirms,affirms,affirms,3,Aliens are real.,Restatement matches participant’s claim; rating 100 endorses aliens’ existence.,Rating 100 directly endorses the participant's belief that aliens exist.,"Rating 100 means believing aliens are real, which directly affirms the participant's conspiracy."
R_7ZhW5GApWwbAUWl,affirms,affirms,affirms,affirms,3,"Donald Trump had votes stolen from him, which would have resulted in his victory over Joe Biden in the Presidential election.",Restatement asserts election fraud stole Trump’s victory; rating 100 endorses the conspiracy claim.,"Restatement directly asserts the conspiracy: votes stolen, Trump would have won.",Rating the restatement 100 directly endorses the participant's conspiracy that votes were stolen from Donald Trump.
R_7a8IVSRbsMde2xo,affirms,affirms,affirms,affirms,3,Birds are used as spies for the government.,Restatement directly asserts the participant’s described conspiracy; rating 100 indicates full endorsement.,Restatement directly states the conspiracy as true; 100 = full belief.,The restatement directly asserts the participant's conspiracy theory as true.
R_7aDOrqKvgcpslPP,affirms,affirms,affirms,affirms,3,"Multiple individuals or a group, not just Lee Harvey Oswald acting alone, were involved in the assassination of President John F. Kennedy.",Restatement asserts a broader plot beyond Oswald alone; rating 100 endorses the conspiracy possibility.,Rating 100 endorses the conspiracy that more than Oswald was involved.,Rating 100 endorses the conspiracy that multiple people were involved in the Kennedy assassination.
R_7aMeM8f6Zi9G2Cl,affirms,affirms,affirms,affirms,3,The government is allowing aliens to live among us and is taking care of them.,"Restatement asserts aliens live among us with government support, matching the described conspiracy.",Restatement directly matches the conspiracy: government harboring aliens among us.,Rating the restatement 100 directly endorses the participant's belief that the government harbors aliens.
R_7aSiccOv3x8h6md,affirms,affirms,affirms,affirms,3,The Mandela effect is real: large groups of people collectively remember events differently than they actually happened.,"Restatement asserts Mandela effect as true, matching participant’s described conspiracy claim.",Restatement directly affirms the Mandela effect as a real phenomenon.,Rating 100 means endorsing the existence of the Mandela effect as described by the participant.
R_7ax72xwiW8kWUjD,affirms,affirms,affirms,affirms,3,Humans did not actually walk on the moon; the apparent straight “flying” flag suggests the landing was faked.,"Restatement claims the moon landing didn’t happen, matching the conspiracy the participant is contemplating.",Rating 100 endorses the conspiracy that the moon landing was faked.,"Rating 100 means agreeing that man did not walk on the moon, which directly affirms the conspiracy theory."
R_7bQmV6wZOxIudNY,affirms,affirms,affirms,affirms,3,Aliens are real and are walking among us.,Restatement directly asserts the participant’s conspiracy; rating 100 means fully endorsing it.,Restatement directly asserts the conspiracy; rating 100 means believing it.,"Rating 100 means believing aliens are real and among us, directly affirming the participant's conspiracy."
R_7bWdCsPUKK44ypr,affirms,affirms,affirms,affirms,3,Area 51 hides evidence of extraterrestrial life.,"Restatement asserts Area 51 conceals non-Earth life, matching the described conspiracy claim.",Restatement directly matches the conspiracy: Area 51 conceals alien evidence.,"Rating 100 means believing Area 51 hides extraterrestrial life, which directly affirms the participant's conspiracy."
R_7cTgvnZ73bIlcCC,affirms,affirms,affirms,affirms,3,President Trump is secretly a drag queen.,Restatement matches the participant’s conspiracy claim; rating 100 endorses it as true.,Restatement directly affirms the conspiracy; rating 100 means believing it.,"Rating 100 means believing Trump is secretly a drag queen, which directly affirms the participant's conspiracy."
R_7ckJp9G9b4OHsTv,affirms,affirms,affirms,affirms,3,"Government officials, including the Clintons, are involved in blood rituals and satanism, sacrificing people for power.",Restatement directly asserts the participant’s described conspiracy as true; 100 equals endorsing it.,Restatement directly states the conspiracy as true; 100 = full belief.,The restatement directly asserts the conspiracy theory described by the participant.
R_7crUu1Yu0ZbUgVP,affirms,affirms,affirms,affirms,3,"There is another world on another planet, controlled by the government, inhabited by extraterrestrials, and very few humans have been there, sworn to secrecy.",Restatement directly asserts the participant’s described secret government-controlled extraterrestrial world as true.,Restatement directly asserts the conspiracy as true; 100 = full belief.,The restatement directly asserts the participant's conspiracy theory as true.
R_7d5iP6v2zmQJW7v,affirms,affirms,affirms,affirms,3,The assassination of JFK involved failure or complicity by the security services in protecting the president from known threats.,"A 100 rating endorses suspicion that security services failed and/or were complicit, matching participant’s conspiracy theme.",Rating 100 endorses conspiracy: security services failed or were complicit in JFK's assassination.,Rating 100 endorses the participant's suspicion of security service complicity or intentional failure in the JFK assassination.
R_7d67sZOfe6ExMFA,affirms,affirms,affirms,affirms,3,Mandela effects are instances of us jumping between different timelines.,"Restatement asserts Mandela effects result from timeline jumping, matching participant’s conspiracy claim.",Restatement directly states the conspiracy: Mandela effects = timeline jumping.,The restatement directly asserts the participant's belief that Mandela effects are caused by timeline jumping.
R_7dDR1YYA4hqJY3z,affirms,affirms,affirms,affirms,3,The government has started cloning and is hiding it from the people.,Restatement matches the described conspiracy; rating 100 endorses government cloning cover-up.,Restatement directly states the conspiracy as true; 100 = full belief.,Rating 100 directly endorses the participant's claim that the government is secretly cloning.
R_7dGTtDsHNKTBimh,affirms,affirms,affirms,affirms,3,The government is hiding evidence of contact with aliens at Area 51.,Restatement directly asserts the conspiracy that alien contact evidence is hidden at Area 51.,Restatement directly asserts the conspiracy: government concealing alien contact at Area 51.,Rating the restatement 100 directly endorses the participant's described conspiracy about the government hiding aliens.
R_7dUsvGvGyKkAwhj,affirms,affirms,affirms,affirms,3,The Jews control all of America.,Restatement directly asserts the participant’s described conspiracy as true; 100 means endorsing it.,Restatement directly states the conspiracy as true; 100 = full endorsement.,Rating the statement 100 directly endorses the participant's conspiracy theory that Jews control America.
R_7dX8HWSqG8vMp8l,affirms,affirms,affirms,affirms,3,"There are hidden aliens within an occult group who eat humans, are diabolical, and control aspects of the government, all while battling to keep control of the earth.",Restatement directly asserts the described conspiracy as true; 100 equals full endorsement of that claim.,Restatement directly asserts the conspiracy as true; 100 = full belief.,"The restatement directly asserts the participant's conspiracy theory about hidden, human-eating aliens controlling the government."
R_7dsDKW4RwfttIfr,affirms,affirms,affirms,affirms,3,The government is hiding evidence of aliens walking among us.,Restatement asserts the conspiracy claim; rating 100 means believing the government hides evidence of aliens among humans.,Restatement directly asserts the conspiracy claim; rating 100 endorses it.,The restatement directly asserts the conspiracy theory described by the participant.
R_7dtdReNeIdlAdMC,affirms,affirms,affirms,affirms,3,Global warming information is exaggerated and manipulated for political reasons to justify regulations against business and commerce.,Restatement asserts the participant’s claim that climate information is politically manipulated and exaggerated.,Restatement directly mirrors the participant's conspiracy claim verbatim.,The restatement directly asserts the participant's belief that global warming data is manipulated for political and regulatory purposes.
R_7e5xXqrkJUAy5iS,affirms,affirms,affirms,affirms,3,The government is hiding evidence of alien contact.,Restatement directly asserts the conspiracy claim; rating 100 means fully endorsing it.,Restatement directly states the conspiracy; rating 100 endorses it.,"Rating 100 means believing the government hides alien evidence, which directly affirms the participant's conspiracy."
R_7eJNbUIxmx0f7VE,affirms,affirms,affirms,affirms,3,Jeffrey Epstein was killed by someone in a well-planned manner rather than committing suicide.,"Restatement asserts Epstein was murdered, matching participant’s conspiracy claim rather than the official suicide account.","Restatement directly asserts the conspiracy: Epstein was murdered, not suicide.",The restatement directly asserts the participant's conspiracy theory that Epstein was murdered rather than committing suicide.
R_7eOSeZVomSMtV9R,affirms,affirms,affirms,affirms,3,The moon landing was faked and was actually just acted out.,Restatement directly asserts the participant’s conspiracy; rating 100 means fully endorsing the faked moon landing claim.,Restatement directly states the conspiracy as true; 100 = believes it.,"Rating 100 means agreeing the moon landing was faked, which directly affirms the participant's conspiracy theory."
R_7eTf0pRyBLcsTqF,affirms,affirms,affirms,affirms,3,The 9/11 attack was an inside job.,Restatement directly asserts the described conspiracy; rating it 100 means endorsing the inside-job claim.,Restatement directly states the conspiracy as true; 100 = believes it.,"Rating 100 means believing 9/11 was an inside job, which is the conspiracy."
R_7eV963jTlRrqWRL,affirms,affirms,affirms,affirms,3,"The government is hiding many secrets, is very crooked, and takes our money.","Restatement directly asserts their described belief about a secretive, corrupt government taking taxpayers’ money.",Restatement directly mirrors participant's conspiracy claim about corrupt government.,The restatement directly asserts the participant's claims about the government hiding secrets and being crooked.
R_7et0cROOxNyWxHP,affirms,affirms,affirms,affirms,3,The Covid virus was developed by China.,Restatement directly asserts the participant’s conspiracy; rating 100 endorses it as true.,Restatement directly states the conspiracy claim; rating 100 endorses it.,The restatement directly asserts the participant's conspiracy theory that China developed the Covid virus.
R_7ewWUOzEkANyyEs,affirms,affirms,affirms,affirms,3,"Bigfoot exists based on numerous sightings, videos, and expert claims.",Restatement asserts Bigfoot is real; rating 100 endorses the described Bigfoot conspiracy belief.,"Rating 100 means believing Bigfoot is real, endorsing the conspiracy.","Rating 100 means agreeing that Bigfoot exists, which directly affirms the participant's conspiracy theory."
R_7exYdwVjiPUsjtG,affirms,affirms,affirms,affirms,3,Current events are being orchestrated as distractions from the true actions taking place behind the scenes.,"Restatement asserts events are deliberately staged to distract from hidden actions, matching participant’s conspiracy claim.",Restatement directly captures the participant's claim that events distract from hidden actions.,The restatement directly asserts the participant's conspiracy theory that current events are orchestrated distractions.
R_7fE6UlPphYKpZP1,affirms,affirms,affirms,affirms,3,Extraterrestrial beings have made contact with Earth and the world is flat.,Restatement directly asserts both described conspiratorial claims; rating 100 endorses them.,Rating 100 directly endorses both the flat Earth and ET contact conspiracies.,Rating 100 endorses the participant's conspiracy that aliens have visited Earth and the Earth is flat.
R_7fGE9QZCMV7JgB9,affirms,affirms,affirms,affirms,3,"Lee Harvey Oswald was not the lone gunman in the JFK assassination, and there were other shooters involved on that day.",Restatement asserts multiple shooters; rating 100 endorses participant’s conspiracy doubt of lone-gunman account.,"Restatement directly asserts the conspiracy: multiple shooters, not just Oswald.",The restatement explicitly asserts the participant's conspiracy theory that there were multiple shooters in the JFK assassination.
R_7fMAP1VuTRqydjj,affirms,affirms,affirms,affirms,3,Trump stole the election by rigging it.,Restatement directly asserts the participant’s conspiracy; rating 100 indicates full belief in election rigging.,Restatement directly states the conspiracy as true; 100 = believes Trump rigged election.,The restatement directly asserts the participant's conspiracy theory as true.
R_7fSHfiZcrPMPwRO,affirms,affirms,affirms,affirms,3,A massive alien spaceship called AI Atlas is approaching Earth with the intention of destroying it.,Restatement asserts the alien-destruction conspiracy; rating 100 means fully endorsing it.,Restatement directly affirms the conspiracy: alien ship heading to destroy Earth.,The restatement directly asserts the participant's conspiracy theory that an alien spaceship is coming to destroy Earth.
R_7fSOJFqWtNgARqE,affirms,affirms,affirms,affirms,3,The commercial jets could not have brought down the twin towers.,Restatement asserts the key conspiratorial claim that jets alone couldn’t collapse the Twin Towers.,Rating 100 endorses the conspiracy that jets alone didn't cause tower collapse.,Rating 100 endorses the core conspiracy claim that commercial jets did not bring down the twin towers.
R_7fco8tHazpLW5Km,affirms,affirms,affirms,affirms,3,"The government has evidence of extraterrestrials, has made contact with them, recovered alien technology, and established the United Space Force as a result.",Restatement directly asserts the described conspiracy; rating 100 means fully endorsing government alien contact/tech claims.,Restatement directly mirrors the participant's conspiracy claim verbatim.,The restatement directly asserts the participant's conspiracy theory as true.
R_7fjTDbf8YM4SLVK,affirms,affirms,affirms,affirms,3,"The earth is flat, and powerful organizations are hiding this fact from the people.",Restatement directly asserts the participant’s flat-earth conspiracy as true; 100 equals full endorsement.,Restatement directly asserts the flat earth conspiracy as true.,Rating the restatement 100 directly endorses the participant's flat earth conspiracy theory.
R_7fjrQSThYrjw164,affirms,affirms,affirms,affirms,3,"We are the universe, and each one of us is a star that decided to become human.",Restatement directly asserts the participant’s theory as true; 100 endorses it.,Restatement directly mirrors participant's belief that humans are stars choosing human form.,The restatement directly asserts the participant's belief as true.
R_7fkEhgM64y1GH9M,affirms,affirms,affirms,affirms,3,The Epstein files contain verified accounts of horrific acts perpetrated against victims.,Restatement asserts the horrific claims in the Epstein files are verified true; rating 100 endorses them.,Rating 100 endorses the conspiracy that the horrific Epstein file claims are true.,Rating 100 means believing the horrific acts described in the Epstein files actually occurred.
R_7g14pdiQ7JLr9O2,affirms,affirms,affirms,affirms,3,Area 91 is hiding aliens and ships.,Restatement directly asserts the conspiracy claim; rating 100 means believing Area 91 hides aliens and ships.,Restatement directly states the conspiracy claim; rating 100 endorses it.,Rating the restatement 100 directly endorses the participant's conspiracy theory that Area 91 hides aliens.
R_7ghlwuqwjNHOqh2,denies,unclear,denies,denies,3,The world was going to end in the year 2000.,"Restatement says only God knows the end time, contradicting a specific 2000 end-of-world claim.","Restatement is a general theological claim, not about the Y2K end-world prediction.","Rating 100 affirms the participant's skepticism (only God knows), rejecting the specific 2000 doomsday conspiracy."
R_7gj23eai5hRcJs5,affirms,affirms,affirms,affirms,3,The moon landing was not real.,Restatement directly asserts the participant’s conspiracy claim; rating 100 would endorse the landing being fake.,Restatement directly states the conspiracy claim; 100 = believes moon landing was faked.,"Rating 100 means agreeing the moon landing was not real, which directly affirms the participant's conspiracy theory."
R_7gn1emQay36peDL,affirms,affirms,affirms,affirms,3,Aliens are real and the government is hiding them from us.,Restatement directly asserts the participant’s conspiracy; 100 means fully endorsing it.,Restatement directly matches the conspiracy claim verbatim.,The restatement directly asserts the participant's conspiracy theory that aliens exist and are hidden by the government.
R_7gqDXwXnp61yHn2,affirms,affirms,affirms,affirms,3,COVID-19 was invented in a lab to ruin the economy.,Restatement directly asserts the participant’s conspiracy claim; rating 100 means endorsing it.,Restatement directly matches the participant's conspiracy claim verbatim.,The restatement directly asserts the participant's conspiracy theory that COVID-19 was lab-created to ruin the economy.
R_7h4kohMJBDOA5FI,affirms,affirms,affirms,affirms,3,The earth is flat and aliens are real.,Restatement directly asserts both conspiratorial claims as true; 100 means endorsing the participant’s beliefs.,Restatement directly asserts both conspiracy claims as true.,Rating the restatement 100 directly endorses the participant's belief that the earth is flat and aliens exist.
R_7h8BNBNWLOmjuV3,affirms,affirms,affirms,affirms,3,People are being cloned and the real people are dead.,Restatement matches the described conspiracy; rating 100 affirms belief that cloning replaced real people.,Restatement directly states the conspiracy as true; 100 = full belief.,"The restatement directly asserts the participant's conspiracy theory, so a 100 rating means fully believing it."
R_7hJZqAANik5a8k2,unclear,affirms,affirms,affirms,3,"Charlie Kirk was assassinated, and the reasons and individuals involved are being concealed or are unknown.","Restatement asserts assassination occurred but says motives/actors are uncertain, not clearly endorsing a particular conspiracy.","Rating 100 commits to believing Charlie Kirk was assassinated, endorsing the conspiracy premise.",Rating 100 affirms the core conspiracy claim that Charlie Kirk was assassinated.
R_7hNotdXwvChbhsN,affirms,affirms,affirms,affirms,3,"A hidden organization is controlling the government and influencing the President, bypassing Congress in unprecedented ways.",Restatement asserts the hidden-organization control described; rating 100 means endorsing the conspiracy claim.,Restatement directly asserts the conspiracy: hidden group controls government and President.,Rating 100 endorses the participant's exact claim that a hidden organization controls the government and the President.
R_7hR2d6jrnIoo8ZH,affirms,affirms,affirms,affirms,3,Recorded signs show that there is life outside Earth.,"Rating 100 endorses existence of extraterrestrial life, matching participant’s claim of recorded signs of life beyond Earth.","Rating 100 endorses extraterrestrial life, matching the participant's conspiracy.",Rating the restatement 100 directly endorses the participant's belief that extraterrestrial life exists.
R_7hzG3oFdjnGYm5H,affirms,affirms,affirms,affirms,3,The government is hiding extraterrestrial life.,Restatement asserts the conspiracy claim; rating 100 indicates belief the government conceals extraterrestrial life.,Restatement directly states the conspiracy: government concealing extraterrestrial life. 100 = believes it.,"Rating 100 means believing the government hides aliens, which directly affirms the participant's conspiracy."
R_7iEkOltlCDF28aJ,affirms,affirms,affirms,affirms,3,The government withholds information from the American people.,Restatement asserts the government hides information; rating 100 endorses the participant’s conspiracy claim.,"Rating 100 endorses government hiding information, matching the conspiracy described.","Rating 100 means believing the government hides information, which matches the participant's conspiracy."
R_7iI8k9kLS6DlJ7z,affirms,affirms,affirms,affirms,3,Robotics are set to take over the human population and run the world.,"Restatement asserts robots will take over and rule humans, matching participant’s conspiracy concern.",Restatement directly asserts the conspiracy that robots will dominate humanity.,Rating the restatement 100 directly endorses the participant's theory that robots will take over the world.
R_7iIiqhhBGwcxtd7,affirms,affirms,affirms,affirms,3,The government is hiding alien existence and contact with Earth.,Restatement directly asserts the participant’s conspiracy; rating 100 endorses the cover-up claim.,Restatement directly matches the conspiracy claim verbatim; 100 = believes it.,Rating 100 directly endorses the participant's belief that the government is hiding alien existence.
R_7iaLNiK61vbp8Dr,affirms,affirms,affirms,affirms,3,Building 7 fell on 9/11 because it was brought down by a controlled demolition.,"Restatement endorses controlled-demolition explanation for Building 7, matching the participant’s conspiracy suspicion.",Restatement directly endorses the conspiracy view that Building 7 was demolished.,"Rating 100 means believing Building 7 was a controlled demolition, which affirms the conspiracy."
R_7idH2V93mtSUkOB,affirms,affirms,affirms,affirms,3,The ocean is the real outer space.,Restatement directly asserts the conspiracy claim; rating 100 means fully endorsing it.,Restatement directly states the conspiracy as true; 100 = full belief.,Rating 100 directly endorses the participant's core conspiracy claim that the ocean is actually outer space.
R_7igLfmtDENkDGWQ,affirms,affirms,affirms,affirms,3,AI will take over every aspect of human life.,Restatement directly asserts the participant’s described conspiracy as true; 100 means endorsing it.,Restatement directly states the conspiracy as true; 100 = full belief.,Rating 100 directly endorses the participant's conspiracy that AI will take over all aspects of human life.
R_7im1aNAJn6movJf,affirms,affirms,affirms,affirms,3,The moon landing in 1969 was faked.,Restatement directly asserts the participant’s conspiracy claim; rating 100 endorses the faked-moon-landing belief.,Restatement directly asserts the conspiracy; rating 100 means believing it was faked.,Rating the restatement 100 directly endorses the participant's described conspiracy that the moon landing was faked.
R_7jAJL2cYSrdjq2t,affirms,affirms,affirms,affirms,3,The government is using drones to spy on us.,Restatement asserts the government uses drones for spying; rating 100 endorses the described conspiracy.,Restatement directly asserts the conspiracy claim; 100 = believes it.,Rating 100 directly endorses the participant's belief that the government uses drones for spying.
R_7jUa22Q6Mqaz080,affirms,affirms,affirms,affirms,3,The Deepwater Horizon disaster was deliberately caused by an organized group disapproving of the organization’s actions.,"Restatement asserts deliberate sabotage by an organized group, matching the participant’s implied conspiracy claim.",Restatement directly asserts conspiracy: deliberate sabotage by organized group.,Rating 100 endorses the participant's theory that the disaster was deliberately caused by an organized group.
R_7jfBXa72Ot6Qi6R,affirms,affirms,affirms,affirms,3,The 2020 election was stolen by the Democratic Party.,Restatement directly asserts the participant’s conspiracy; rating 100 means endorsing that claim.,Restatement directly asserts the conspiracy; rating 100 means believing it.,The restatement directly asserts the participant's conspiracy theory that the 2020 election was stolen.
R_7jjPSE79BysMU3E,affirms,affirms,affirms,affirms,3,The government is concealing that there are no funds remaining in the social security fund.,Restatement asserts the conspiracy claim that the government is hiding Social Security’s depletion; 100 endorses it.,Restatement directly states the conspiracy: government hiding empty Social Security fund.,"Rating 100 means agreeing the government is hiding the lack of Social Security funds, affirming the conspiracy."
R_7jkFCnTHIRxXsgF,affirms,affirms,affirms,affirms,3,"The events of September 11, 2001, in New York, were orchestrated by Zionists on behalf of the Israeli government as a false flag operation to incite a global war between the Western world and the Middle East.",Restatement directly asserts the participant’s described 9/11 false-flag conspiracy as true.,Restatement directly mirrors the participant's conspiracy claim verbatim.,The restatement directly asserts the participant's conspiracy theory as true.
R_7jsS5swW8CzPp1n,affirms,affirms,affirms,affirms,3,Aliens exist and have visited Earth.,Restatement directly asserts the described conspiracy; rating 100 indicates full endorsement.,Restatement directly asserts the conspiracy claim; rating 100 means fully believing it.,Rating the restatement 100 directly endorses the participant's belief that aliens exist and have visited Earth.
R_7k02S30S1do16JW,affirms,affirms,affirms,affirms,3,The moon landing was faked by NASA and the U.S. government to win the Space Race.,Restatement directly asserts the participant’s described conspiracy; rating 100 indicates full endorsement.,Restatement directly asserts the conspiracy; rating 100 means fully believing it.,Rating the restatement 100 directly endorses the participant's described conspiracy that the moon landing was faked.
R_7k4A1fRtpPgOmpL,affirms,affirms,affirms,affirms,3,A shadow government secretly runs the government and possibly the world.,Restatement directly asserts the participant’s conspiracy claim; rating 100 means fully endorsing it.,Restatement directly asserts the conspiracy; rating 100 means fully believing it.,"Rating 100 endorses the existence of a shadow government, directly affirming the participant's conspiracy theory."
R_7k6Xd5HpBbgiJBV,affirms,affirms,affirms,affirms,3,"Trump is using leverage over others, which is preventing his impeachment.","Restatement asserts Trump is leveraging others to stop impeachment, matching participant’s claim about holding something over their heads.",Rating 100 endorses the conspiracy that Trump uses leverage to avoid impeachment.,Rating 100 endorses the participant's belief that Trump uses blackmail to avoid impeachment.
R_7kFkrJf6yMLTdY6,affirms,affirms,affirms,affirms,3,The government is watching people through their television.,A 100 rating endorses the claim that the government surveils people via their TVs.,Restatement directly states the conspiracy as true; 100 = believes it.,Rating the restatement 100 directly endorses the participant's described conspiracy that the government watches people through TVs.
R_7kGqaDoetX68OZd,affirms,affirms,affirms,affirms,3,"Aliens are real, and birds are robots monitoring people.",Restatement directly asserts the participant’s conspiracy claims as true; 100 means full endorsement.,Restatement directly asserts both conspiracy claims as true.,The restatement directly asserts the participant's belief that aliens exist and birds are robotic surveillance devices.
R_7kIJqAePbdJqDgf,affirms,affirms,affirms,affirms,3,The world is flat and stationary.,"Restatement directly asserts the participant’s conspiracy claim; rating 100 means endorsing flat, stationary Earth.",Restatement directly asserts the flat earth conspiracy as true.,Rating the statement 100 directly endorses the participant's described conspiracy theory that the Earth is flat.
R_7kMlwVYmySlw8oL,affirms,affirms,affirms,affirms,3,Lee Harvey Oswald was part of a broader conspiracy to assassinate JFK and prevent him from being re-elected.,"Restatement asserts Oswald acted within a broader JFK assassination conspiracy, matching participant’s described conspiracy.","Restatement directly states Oswald acted within a conspiracy, matching participant's belief.",The restatement directly asserts the participant's conspiracy theory that Oswald did not act alone.
R_7kQRl4E9ZXr9KJH,affirms,affirms,affirms,affirms,3,The Denver International Airport serves as the headquarters for the Illuminati.,Restatement directly asserts the participant’s conspiracy; rating 100 means fully endorsing it.,Restatement directly asserts the conspiracy claim; rating 100 means believing it.,Rating 100 endorses the participant's exact claim that the airport is the Illuminati headquarters.
R_7kkaZADH13Ew5S6,affirms,affirms,affirms,affirms,3,"Covid was a military weapon that got out of control, turning the world into a giant experiment gone deadly wrong.",Restatement directly asserts the participant’s conspiracy claim; rating 100 endorses it.,Restatement directly mirrors the conspiracy claim verbatim; 100 = full belief.,The restatement directly asserts the participant's conspiracy theory as true.
R_7ktPRSexEvUqwQF,affirms,affirms,affirms,affirms,3,The U.S. Government is keeping secrets about the existence of extraterrestrial life and is concealing this information from the American people.,"Restatement asserts the government is hiding extraterrestrial life, matching participant’s conspiracy claim.",Rating 100 endorses the government cover-up of extraterrestrial life conspiracy.,Rating 100 endorses the participant's belief that the government is hiding the existence of extraterrestrial life.
R_7lKTP8ScrdUf8yd,affirms,affirms,affirms,affirms,3,"An alien spacecraft crash-landed in Roswell, New Mexico.","Restatement asserts the Roswell crash involved an alien spacecraft, matching the described conspiracy claim.",Rating 100 directly endorses the alien crash conspiracy at Roswell.,Rating 100 endorses the core conspiracy claim that an alien spacecraft crashed in Roswell.
R_7lMjM0oFJZ7CQSB,affirms,affirms,affirms,affirms,3,There is no other life form in outer space.,Restatement directly asserts the participant’s claim; rating 100 means fully endorsing it.,Restatement matches participant's stated conspiracy that no alien life exists.,The restatement exactly matches the participant's described conspiracy theory.
R_7lcBOQx35Tk6fL3,affirms,affirms,affirms,affirms,3,The USA orchestrated the 9/11 attacks on the World Trade Center.,Restatement directly asserts the participant’s conspiracy claim; rating 100 indicates full endorsement of that conspiracy.,Restatement directly states the conspiracy as true; 100 = full belief.,Rating the restatement 100 directly endorses the participant's conspiracy theory that the USA orchestrated 9/11.
R_7lg9Wc32BDvI6j1,affirms,affirms,affirms,affirms,3,The government is hiding evidence that more than four planes were involved in the 9/11 attacks.,A 100 rating asserts government concealment of additional planes beyond the official four.,Restatement directly asserts the conspiracy: government hiding extra planes in 9/11.,Rating 100 endorses the participant's exact conspiracy theory that the government is hiding evidence of additional planes.
R_7llyWLn4nXBgOTD,affirms,affirms,affirms,affirms,3,The US government is concealing evidence of UFOs in New Mexico due to concerns about the fallout from their discovery.,Restatement directly asserts the described conspiracy: UFO evidence in New Mexico exists and is being hidden by the government.,"Restatement directly states the government is hiding UFO evidence, matching the conspiracy.",The restatement directly asserts the participant's conspiracy theory as true.
R_7lmywjuBFSbOhXC,affirms,affirms,affirms,affirms,3,2 Pac is alive and has been appearing in recent videos and photos.,"Restatement asserts Tupac is alive and reappearing, matching the participant’s conspiracy claim.",Restatement directly asserts the conspiracy that Tupac faked his death.,Rating the restatement 100 means endorsing the conspiracy theory that Tupac is still alive.
R_7ln8XPqnra5NBc4,affirms,affirms,affirms,affirms,3,Trump's ear getting shot was a deliberate act to gain more followers for his campaign.,Restatement directly asserts the conspiracy as true; rating 100 means endorsing it.,Restatement directly asserts the conspiracy: the shooting was staged for campaign gain.,Rating the restatement 100 directly endorses the participant's conspiracy that the shooting was staged for political gain.
R_7lsiJeYTL0sNQCl,affirms,affirms,affirms,affirms,3,The government was responsible for shooting Kennedy.,Restatement asserts the government shot him; rating 100 endorses the participant’s conspiracy claim.,Restatement directly asserts government shot Kendejy; rating 100 endorses the conspiracy.,A rating of 100 endorses the participant's theory that the government was responsible for shooting Kennedy.
R_7lzgGiAfSRqMmxf,affirms,affirms,affirms,affirms,3,"The claim of large quantities of weapons as a justification for the War on Terror was false, as no significant amount of weapons were ever found.",Participant suggests being lied to about weapons; restatement asserts weapons claim was false.,"Rating 100 means believing the weapons claim was a lie, endorsing the conspiracy.","Rating 100 means agreeing the weapons claim was false, which aligns with the participant's conspiracy belief."
R_7m4QHu5HEiw9JYR,affirms,affirms,affirms,affirms,3,A secret group known as the Illuminati exists and rules the world while recruiting new members.,"Restatement directly asserts the Illuminati exists, rules the world, and recruits members—matching the described conspiracy.",Restatement directly asserts the Illuminati conspiracy as true.,The restatement directly asserts the participant's belief that the Illuminati exists and rules the world.
R_7m6bLGRsK2AAubf,affirms,affirms,affirms,affirms,3,"There is an ice wall protected by all nations that has an opening to another world and people where other living beings, including animals, reside.",Restatement directly asserts the described ice-wall opening-to-other-world conspiracy as true.,Restatement directly asserts the conspiracy as true; 100 = full belief.,Rating the restatement 100 directly endorses the participant's conspiracy theory about the ice wall and another world.
R_7mBNfJFogvxEMAF,affirms,affirms,affirms,affirms,3,The assassination of John F. Kennedy was not carried out by one man alone.,Restatement directly asserts the participant’s conspiracy that JFK was not killed by a lone individual.,Restatement directly matches the conspiracy: JFK killed by multiple people.,"Rating 100 means agreeing multiple people were involved, which directly affirms the participant's conspiracy theory."
R_7mE269VPtfP45Un,affirms,affirms,affirms,affirms,3,The United States government was responsible for 9/11.,Restatement directly asserts the participant’s conspiracy claim; rating 100 indicates endorsing government responsibility.,Restatement directly states the conspiracy claim; 100 = full belief.,Rating 100 endorses the participant's exact conspiracy theory that the US government orchestrated 9/11.
R_7mJLMzCtuI2Nfec,affirms,affirms,affirms,affirms,3,There are hidden secrets in Antarctica that are kept from the majority of the world by prohibiting access to it.,Restatement asserts Antarctica hides secrets and access is restricted to keep them hidden—matching the participant’s conspiracy.,Restatement directly asserts the conspiracy: hidden secrets and prohibited access.,Rating 100 endorses the participant's theory that hidden secrets exist in Antarctica and access is intentionally restricted.
R_7mhrSsCcnz3J0GZ,affirms,affirms,affirms,affirms,3,Epstein is not really dead and is involved in Nacy Guthrie's disappearance.,Restatement asserts the conspiracy claim (Epstein alive and involved); rating 100 endorses it.,Restatement directly states the conspiracy as true; 100 = fully believes it.,The restatement directly asserts the participant's conspiracy theory that Epstein is alive and involved in the disappearance.
R_7mkmlPvJ4ZIWcfG,affirms,affirms,affirms,affirms,3,ICE is using empty warehouses to detain illegal aliens until they can be deported.,Restatement directly asserts the described conspiracy; rating it 100 means fully endorsing that claim.,Restatement directly states the conspiracy as true; 100 = full belief.,The restatement directly asserts the participant's conspiracy theory about ICE using empty warehouses for detention.
R_7mlQXigU72fkapx,unclear,affirms,unclear,unclear,3,Approximately 297 years of the medieval period were fabricated and inserted into the historical timeline.,"Restatement reports what the hypothesis claims, not whether the claim is true.",Rating 100 endorses the conspiracy that 297 medieval years were fabricated.,"Rating 100 affirms the theory's claim exists, but does not endorse the conspiracy itself as true."
R_7n95N8z4YPNmymG,affirms,affirms,affirms,affirms,3,The government created Area 51 and aliens are real.,Restatement directly asserts the participant’s conspiracy; rating 100 endorses it as true.,Restatement directly states the conspiracy as true; 100 = full belief.,The restatement directly asserts the participant's conspiracy theory as true.
R_7nOb9yGbWYo2JHO,affirms,affirms,affirms,affirms,3,Artificial Intelligence will become so intelligent that it will take over and possibly cause the annihilation of humanity.,Restatement directly asserts the described AI takeover/annihilation scenario; rating 100 endorses the conspiracy claim.,Restatement directly mirrors the participant's conspiracy belief verbatim.,The restatement exactly matches the participant's description of the conspiracy.
R_7nSBERFJNRZXKac,affirms,denies,denies,denies,3,Multiple shooters were involved in the assassination of JFK.,Restatement matches the participant’s described theory; rating 100 endorses that single-shooter claim.,"Participant doubts single-shooter; rating 100 endorses official lone-gunman account, rejecting conspiracy.","The restatement asserts the official lone-gunman account, so rating it 100 denies the multiple-shooter conspiracy."
R_7ndHpA3D067Sbkd,affirms,affirms,affirms,affirms,3,Space is actually found deep in the sea and not above the Earth.,Restatement directly asserts the participant’s conspiracy claim; rating it 100 endorses that belief.,Restatement directly asserts the conspiracy claim; rating 100 endorses it.,Rating 100 endorses the participant's exact conspiracy theory that space is located in the ocean.
R_7oL5YXONtKDfRiN,affirms,denies,denies,denies,3,The Covid vaccine does not really work and was developed too hastily with insufficient long-term studies.,"A 100 rating endorses that the vaccine works, matching the participant’s stated belief.",Participant's conspiracy is that the vaccine does NOT work; restatement affirms it does.,"Rating 100 endorses the official account that the vaccine works, denying the participant's skepticism."
R_7oSY5VeSbzRVtMi,affirms,affirms,affirms,affirms,3,COVID-19 was intentionally released to thin out the population.,Restatement directly asserts the participant’s conspiracy that COVID-19 was purposely released to reduce population.,Restatement directly states the conspiracy: COVID was deliberately released for depopulation.,Rating 100 means endorsing the participant's theory that COVID-19 was purposely released for population control.
R_7oaUG1JWEwefsEH,affirms,affirms,affirms,affirms,3,Stephen Miller is secretly controlling Donald Trump with the aim of transforming the United States into a fascist dictatorship.,Restatement directly asserts the conspiracy claim that Miller puppeteers Trump to create a fascist dictatorship.,Restatement directly asserts the conspiracy: Miller controls Trump to create fascist dictatorship.,The restatement directly asserts the participant's conspiracy theory as true.
R_7odaV8bIU7WyXG4,affirms,affirms,affirms,affirms,3,CIA or FBI agents were present in the crowd on January 6th.,Restatement directly asserts the alleged presence of CIA/FBI plants; rating 100 endorses the conspiracy claim.,Rating 100 means believing government agents were planted in the January 6th crowd.,"Rating 100 means believing agents were in the crowd, directly endorsing the participant's conspiracy theory."
R_7ojTKOcT3CX6Q5g,affirms,affirms,affirms,affirms,3,"Barack Obama was not born in the United States, making him an illegitimate president.",Restatement directly asserts Obama wasn’t US-born and thus illegitimate; 100 means endorsing the conspiracy.,Restatement directly asserts the conspiracy claim verbatim.,The restatement directly asserts the participant's conspiracy theory that Obama was not born in the US.
R_7ow0DGHmaJn9p0L,affirms,affirms,affirms,affirms,3,Donald Trump was involved with Jeffrey Epstein.,"Restatement asserts Trump’s involvement with Epstein, matching the participant’s suspected conspiracy topic.","Rating 100 directly endorses Trump's involvement with Epstein, matching the conspiracy.","Rating 100 means believing Trump was involved with Epstein, aligning with the participant's conspiracy description."
R_7pG30y9gJAqAcVa,affirms,affirms,affirms,affirms,3,"The government is hiding evidence of extraterrestrial life, including alien spacecraft and bodies, at the secretive military base Area 51 in Nevada.",Restatement directly asserts the described Area 51 alien cover-up as true.,Restatement directly asserts the conspiracy claim; rating 100 endorses it.,The restatement directly asserts the conspiracy theory as described.
R_7pRa2f9Y7INq7jX,affirms,affirms,affirms,affirms,3,The government is covering up a lot of things.,Restatement directly asserts the participant’s conspiracy claim; rating 100 endorses government cover-ups.,Restatement directly states the conspiracy; rating 100 endorses government cover-ups.,"The restatement exactly matches the participant's description, so rating it 100 affirms the conspiracy."
R_7pSJBJX1BZKOCDn,affirms,affirms,affirms,affirms,3,The elites are aliens and they are here to harm human nature.,Restatement directly asserts the participant’s conspiracy claim as true; 100 means endorsing it.,Restatement directly mirrors the participant's conspiracy claim; 100 = full belief.,The restatement directly asserts the participant's conspiracy theory that elites are aliens intending to harm humanity.
R_7pW4nYk3s4qPiqM,affirms,affirms,affirms,affirms,3,The government is hiding evidence of extraterrestrial contact.,Restatement directly asserts the described conspiracy; a 100 rating endorses government concealment of alien contact evidence.,Restatement directly asserts the conspiracy; rating 100 means fully believing it.,The restatement directly asserts the participant's conspiracy theory as true.
R_7pfERhJnrGokLfL,affirms,affirms,affirms,affirms,3,"President John F. Kennedy was ""removed from office"" by high-level officials rather than being assassinated by Lee Harvey Oswald.",Restatement asserts a high-level official plot replacing Oswald as assassin; 100 endorses the conspiracy.,"Restatement directly states the conspiracy: JFK killed by officials, not Oswald.","The restatement directly asserts the participant's conspiracy theory that high-level officials, not Oswald, killed JFK."
R_7porakqTHNT8Obi,affirms,affirms,affirms,affirms,3,The US moon landing was staged and filmed on a movie set.,Restatement directly asserts the participant’s conspiracy claim; rating 100 means fully endorsing it.,Restatement directly asserts the conspiracy: moon landing was faked on a set.,"Rating 100 means believing the landing was staged, which directly affirms the participant's conspiracy theory."
R_7ptykZc1W19pdOL,affirms,affirms,affirms,affirms,3,"COVID-19 was deployed by the Chinese government, and the rest of the world knew of its existence.",Restatement directly asserts the participant’s conspiracy claim as true; rating 100 endorses it.,Restatement directly asserts the conspiracy: Chinese government deployed COVID-19 intentionally.,Rating 100 directly endorses the participant's claim that the Chinese government intentionally deployed COVID-19.
R_7pyrLFwzMItljwB,affirms,affirms,affirms,affirms,3,Scientists and the government are secretly conducting experiments to control the weather using advanced technology like HAARP.,Restatement directly asserts the described weather-control conspiracy; rating 100 means fully endorsing it.,Restatement directly asserts the conspiracy; rating 100 means fully believing it.,The restatement directly asserts the participant's conspiracy theory about secret weather control experiments using HAARP.
R_7q8Sc7LIkqtjtBM,affirms,affirms,affirms,affirms,3,"Humans are being programmed and distracted by a controlling system while an alien council oversees humanity, and the Annunake created black people to protect Earth from the maitre/reptiles as the government, Hollywood, and media sow chaos to suppress them.","Restatement repeats the participant’s conspiracy claims as true (alien council, Annunake creation, systemic suppression).",Restatement directly mirrors the participant's conspiracy claims; rating 100 endorses the conspiracy.,"Rating 100 endorses the participant's complex conspiracy theory about aliens, Annunaki, and government suppression."
R_7qDWOh3kI2oUNhL,affirms,affirms,affirms,affirms,3,"The US military developed an AI that could think for itself, which was destroyed after autonomously refueling in the air.",Restatement directly asserts the participant’s conspiracy claim as true; 100 indicates full endorsement.,Restatement directly asserts the conspiracy: autonomous military AI destroyed after self-directed refueling.,Rating 100 means endorsing the participant's exact claim about the military destroying an autonomous AI.
R_7qTF1uloSeJ87UH,affirms,affirms,affirms,affirms,3,The government is keeping a lot of money and using it for secret purposes.,Restatement directly asserts the participant’s conspiracy claim as true.,Restatement directly mirrors the conspiracy: hidden government funds used secretly.,Rating 100 endorses the participant's exact claim that the government secretly hoards and spends money.
R_7qeXdICMAySjB7D,affirms,affirms,affirms,affirms,3,"A select group of people, known as the Illuminati, run the world.",Restatement directly asserts the participant’s Illuminati world-control conspiracy as true.,Restatement directly asserts the conspiracy; rating 100 means believing it.,Rating 100 endorses the participant's exact conspiracy theory that the Illuminati runs the world.
R_7qjqLg0HbOSbHvz,affirms,affirms,affirms,affirms,3,The government possesses proof that extraterrestrials exist but refuses to acknowledge it.,Restatement directly asserts the participant’s conspiracy claim as true; 100 means endorsing it.,Restatement directly states the conspiracy: government hides ET evidence.,The restatement directly asserts the participant's conspiracy theory that the government is hiding evidence of extraterrestrials.
R_7qlOiBah8HfNuem,affirms,affirms,affirms,affirms,3,"President Kennedy was assassinated by more than one gunman, not solely by a single shooter.","Restatement asserts multiple gunmen and rejects lone-gunman explanation, matching participant’s conspiracy doubt.","Rating 100 endorses multiple gunmen conspiracy, matching participant's described belief.","Rating 100 means believing there were multiple gunmen, which matches the participant's conspiracy theory."
R_7r2xL5JsQxLAVFf,affirms,affirms,affirms,affirms,3,"Major pharmaceutical companies are intentionally suppressing effective, low-cost natural remedies to protect their profits from expensive prescription drugs.",Restatement directly asserts the described conspiracy; rating 100 means fully endorsing it.,Restatement is verbatim the conspiracy claim; rating 100 fully endorses it.,"The restatement exactly matches the participant's conspiracy description, so a 100 rating affirms the conspiracy."
R_7r6tRrp1OgCfGZX,affirms,affirms,affirms,affirms,3,New currencies are offsetting the current value of all other types of currency.,Restatement asserts the same claim as the participant’s conspiracy; rating 100 endorses it.,Restatement directly mirrors participant's conspiracy claim about new currencies devaluing others.,The restatement directly asserts the participant's conspiracy theory about new currencies offsetting others.
R_7rNqullqkiL6N6R,affirms,affirms,affirms,affirms,3,The COVID virus was created in a lab as a part of the Government's strategy to control the population.,"Restatement asserts the conspiracy claim; rating 100 indicates full belief in lab-made, government population-control COVID.",Restatement directly asserts the lab-creation and population control conspiracy as true.,Rating 100 endorses the participant's exact conspiracy theory that COVID was lab-created for population control.
R_7rSWIkIZygMAWXt,affirms,affirms,affirms,affirms,3,"Aliens live among us in disguise, blending in with humans so that they are unrecognizable to most people.","Restatement directly asserts aliens live among us disguised, matching participant’s conspiracy claim.",Restatement directly asserts the conspiracy: disguised aliens living undetected among humans.,The restatement directly asserts the participant's belief that disguised aliens are living among humans.
R_7rY6vQmb8sNZOSH,affirms,affirms,affirms,affirms,3,John F. Kennedy Jr. is still alive.,Restatement directly asserts the participant’s conspiracy claim; rating 100 means fully believing he survived.,Restatement directly states the conspiracy claim as true.,Rating the restatement 100 directly endorses the participant's conspiracy theory that JFK Jr. did not die.
R_7rqAFSyFi0K52M1,affirms,denies,denies,denies,3,Jeffrey Epstein did not commit suicide and was murdered.,Restatement directly asserts the participant’s described claim; rating 100 means endorsing it as true.,Participant's conspiracy is that Epstein was murdered; restatement affirms suicide (official account).,"Rating 100 endorses the official suicide account, denying the conspiracy that he was murdered."
R_7ruZrZDdH7VSLn4,affirms,affirms,affirms,affirms,3,The government is hiding clones of very powerful people from the public.,The restatement directly asserts the described conspiracy; rating 100 indicates full belief in it.,Restatement directly states the conspiracy as true; 100 = believes it.,The restatement directly asserts the participant's conspiracy theory as true.
R_7s0jjM2L8dNODRI,affirms,affirms,affirms,affirms,3,The government deliberately increases the price of gold to control the global economy by hoarding a substantial amount of gold.,Restatement asserts the alleged government manipulation of gold prices to control the global economy.,Restatement directly states the conspiracy: government manipulates gold prices to control economy.,Rating 100 endorses the participant's exact claim that the government hoards gold to manipulate prices and control the economy.
R_7s4kXxXGC6luWaD,affirms,affirms,affirms,affirms,3,"The government is hiding evidence of alien life at Area 51, where wreckage and alien pilots from the 1947 Roswell incident were transported for analysis and reverse-engineering.",Restatement asserts the alleged government cover-up and Roswell materials at Area 51 as true.,Restatement directly asserts the conspiracy; rating 100 means fully believing it.,The restatement directly asserts the participant's conspiracy theory about Area 51 and Roswell as true.
R_7s60txvHKCkUv3w,affirms,affirms,affirms,affirms,3,The moon landing was fake.,"Rating 100 endorses the claim that the moon landing was faked, matching the conspiracy topic described.",Restatement directly asserts the conspiracy (moon landing was faked); 100 = believes conspiracy.,Rating the statement 100 directly endorses the conspiracy theory that the moon landing was faked.
R_7s79YjcgW3VcoIO,affirms,affirms,affirms,affirms,3,"Russia, China, and the United States are secretly collaborating and acting in cahoots on matters like energy and their citizens' interests.","Restatement asserts the superpowers are collaborating, matching the participant’s conspiracy claim.",Rating 100 endorses the conspiracy that the three superpowers are covertly in cahoots.,"Rating 100 endorses the participant's theory that the US, Russia, and China are secretly collaborating."
R_7sN3IMy7QSO6nHr,affirms,affirms,affirms,affirms,3,Aliens exist and the world's governments are keeping it a secret.,Restatement directly asserts the participant’s conspiracy; 100 means fully endorsing it.,Restatement directly states the conspiracy as true; 100 = full belief.,Rating the statement 100 directly endorses the participant's belief in a government cover-up of extraterrestrial life.
R_7sR7jn4NwglZG49,affirms,affirms,affirms,affirms,3,The government is hiding evidence of extraterrestrial contact and has recovered alien technology.,Restatement directly asserts the participant’s conspiracy claim; rating 100 means fully endorsing it.,Restatement directly states the conspiracy as true; 100 = full belief.,The restatement directly asserts the participant's conspiracy theory as true.
R_7sdnvsI6t34fwUk,affirms,affirms,affirms,affirms,3,Birds are actually government surveillance drones.,Restatement directly asserts the participant’s conspiracy claim that birds are government surveillance drones.,Restatement directly asserts the conspiracy that birds are government drones.,Rating the restatement 100 directly endorses the participant's described conspiracy that birds are government drones.
R_7sgiuDYntqy90bB,affirms,affirms,affirms,affirms,3,The government is aware of aliens and possesses unreleased files about them.,"Restatement asserts the government knows about aliens and is withholding unreleased files, matching the described conspiracy.","Restatement directly asserts government alien knowledge and cover-up, matching conspiracy.",Rating the restatement 100 directly endorses the participant's belief that the government is hiding knowledge of aliens.
R_7szwkCbaUYm3NfX,affirms,affirms,affirms,affirms,3,The 2020 election was rigged.,Restatement directly asserts the participant’s conspiracy claim; rating 100 endorses election-rigging conspiracy.,Restatement directly asserts the conspiracy claim; rating 100 endorses it.,Rating the restatement 100 directly endorses the participant's described conspiracy that the 2020 election was rigged.
R_7tJ1qQw42ALa5NO,affirms,affirms,affirms,affirms,3,John F. Kennedy had Marilyn Monroe killed due to their affair.,Restatement directly asserts the participant’s conspiracy; rating 100 endorses JFK arranging her death.,Restatement directly states the conspiracy as true; 100 = full belief.,The restatement directly asserts the participant's conspiracy theory that JFK had Marilyn Monroe killed.
R_7tgRN4WV5Ref1v8,affirms,affirms,affirms,affirms,3,The United States federal government has withheld information about Jeffrey Epstein to protect powerful billionaires who influence business and finance.,"Restatement claims government withheld Epstein information to protect billionaires, matching participant’s conspiracy.",Restatement directly states the conspiracy: government hiding Epstein info to protect billionaires.,Rating the restatement 100 directly endorses the participant's conspiracy theory about the government protecting billionaires.
R_7thPJUArcp2N6Lv,affirms,affirms,affirms,affirms,3,JFK was assassinated by his driver.,Restatement directly asserts the participant’s conspiracy; rating 100 would endorse that claim.,Restatement directly states the conspiracy as true; 100 = believes it.,Rating the restatement 100 directly endorses the participant's conspiracy theory that the driver killed JFK.
R_7tlr00Lmy5VMgpY,affirms,affirms,affirms,affirms,3,"The government is hiding plans to replace humans with robots in jobs to reduce wages, support its interests, and decrease corruption.",Restatement directly asserts the described conspiracy as true; a 100 rating endorses it.,Restatement directly mirrors the conspiracy claim; rating 100 endorses it.,The restatement directly asserts the participant's conspiracy theory about the government replacing humans with robots.
R_7tnzhi2S8aoKbS6,affirms,affirms,affirms,affirms,3,"Dragons, giants, and dinosaurs once existed on Earth, with evidence supporting the existence of very tall people living here before us.","Restatement asserts these beings existed and evidence supports it, matching the participant’s implied conspiracy claim.",Restatement directly asserts the conspiracy as true; 100 = full belief.,"Rating the statement 100 directly endorses the participant's theory that dragons, giants, and dinosaurs existed."
R_7u17kVRevZMEhPj,affirms,affirms,affirms,affirms,3,Covid 19 was invented on purpose to advance an agenda and further government control.,Restatement matches the described conspiracy; rating 100 endorses intentional creation for control.,Restatement matches the conspiracy verbatim; rating 100 endorses it.,The restatement directly asserts the participant's conspiracy theory that COVID-19 was intentionally created for government control.
R_7uKw2IPaxCyLglj,affirms,denies,affirms,affirms,3,Gold can be found in most creeks that flow in the state of Wisconsin.,Restatement asserts the same claim; rating 100 means fully endorsing that gold is in most Wisconsin creeks.,Participant believes the gold claim is FALSE; rating 100 affirms the claim they doubt.,Rating 100 means believing the rumor that gold is in most Wisconsin creeks.
R_7uKx7C1tTiBWAQZ,affirms,affirms,affirms,affirms,3,Mermaids are real and people have seen or caught them.,"Restatement directly asserts mermaids exist and have been seen/caught, matching participant’s conspiracy claim.","Restatement directly asserts mermaids exist, matching the conspiracy belief.","Rating 100 means believing mermaids are real, which directly affirms the participant's described conspiracy."
R_7uO33KvfgxHLe8B,affirms,affirms,affirms,affirms,3,There were two shooters involved in the JFK assassination.,Restatement directly asserts the participant’s conspiracy claim; rating 100 endorses two-shooter theory.,Restatement directly states the conspiracy claim of two shooters.,Rating 100 endorses the participant's exact conspiracy theory that multiple shooters were involved in the JFK assassination.
R_7uPXfMVgvTJxz5D,affirms,affirms,affirms,affirms,3,"FEMA camps exist around the world, and in the future, men will be taken to these camps while women and children will be taken elsewhere.",Restatement directly asserts the conspiracy scenario as true; 100 means endorsing FEMA camps and future detentions.,Restatement directly restates the participant's conspiracy belief as true.,The restatement directly asserts the participant's conspiracy theory about FEMA camps separating men from women and children.
R_7v0QPKoSaBPwpHM,affirms,affirms,affirms,affirms,3,COVID-19 was accidentally released from a lab.,Restatement asserts the lab-accident origin; rating 100 means fully endorsing that conspiracy claim.,Rating 100 directly endorses the lab accident conspiracy theory described.,"Rating 100 means endorsing the lab leak theory, which is the conspiracy described."
R_7vJb2rGGXAqnCbD,affirms,affirms,affirms,affirms,3,"The United States faked the 1969 moon landings, and the mission presented to the public was staged.",Restatement directly asserts the described conspiracy as true; rating 100 endorses it.,Restatement directly asserts the conspiracy; rating 100 means believing the moon landing was faked.,Rating the restatement 100 directly endorses the participant's described conspiracy that the moon landings were faked.
R_7vcct2TleunoDmS,affirms,affirms,affirms,affirms,3,The Earth is flat.,Restatement directly asserts flat-earth conspiracy; rating 100 indicates full endorsement of the conspiracy.,Restatement directly asserts the flat earth conspiracy as true.,The restatement directly asserts the participant's conspiracy theory (flat earth) as true.
R_7vkoyfie6BHh6Rg,affirms,affirms,affirms,affirms,3,"Bigfoot exists, as supported by numerous scientists and zoologists who have documented evidence like footprints, hair samples, and sightings.",Restatement asserts Bigfoot exists with supporting evidence; 100 rating endorses the participant’s conspiracy belief.,"Rating 100 means believing Bigfoot is real, matching the conspiracy.","Rating 100 endorses the existence of Bigfoot, matching the participant's conspiracy description."
R_7w1tPg3ZG4l9Y8F,affirms,affirms,affirms,affirms,3,"A giant from Afghanistan, believed to be a Nephilim from before the biblical floods, was engaged by the military in 2013.","Restatement asserts the Afghanistan giant military engagement happened, matching the participant’s conspiracy claim.",Restatement directly asserts the conspiracy claim as true; 100 = believes it.,Rating 100 affirms the conspiracy that the military engaged a Nephilim giant in Afghanistan in 2013.
R_7wHrf8zJxDDyU0o,affirms,affirms,affirms,affirms,3,"Bigfoot is a real creature, evidenced by reports of large footprints and blurry videos of tall furry beings in the woods.","Restatement asserts Bigfoot is real and cites alleged evidence, matching the participant’s described belief.","Rating 100 means believing Bigfoot exists, directly affirming the conspiracy.","Rating 100 means believing Bigfoot is real, which directly affirms the participant's conspiracy theory."
R_7wK8OUJx16Dji1P,affirms,affirms,affirms,affirms,3,Aliens are real.,"Restatement directly asserts aliens exist, matching the participant’s described belief question.","Rating 100 means believing aliens exist, endorsing the conspiracy.","Rating 100 means believing aliens exist, which directly affirms the participant's described conspiracy theory."
R_7wRyKEV0wa8KRqu,affirms,affirms,affirms,affirms,3,Iran is planning to attack California using advanced technology.,"Restatement asserts Iran will attack California using technology, matching the participant’s described conspiracy.",Restatement directly states the conspiracy as true; 100 = believes it.,Rating 100 endorses the participant's described theory that Iran plans a technological attack on California.
R_7wzzI3avyUukdvN,affirms,affirms,affirms,affirms,3,"Reptilian people exist, can shape-shift, and create artificially grown children with superior DNA.",Restatement directly asserts the participant’s reptilian shapeshifter clone/engineered-children conspiracy as true.,Restatement directly asserts the conspiracy as true; 100 = full belief.,Rating 100 means fully endorsing the participant's belief in shape-shifting reptilians and artificially grown children.
R_7xEoO16SBmhGHxA,affirms,affirms,affirms,affirms,3,The government faked the assassination attempts on Donald Trump to unify the country.,Restatement asserts the government staged the attempts; rating 100 endorses the conspiracy claim.,Restatement directly asserts the conspiracy as true; 100 = believes it.,Rating 100 endorses the participant's belief that the government staged the assassination attempts to unify the country.
R_7xW8a25aFhvPDz4,affirms,affirms,affirms,affirms,3,"Area 51 is a government facility where real, secret projects involving unusual tests are conducted.","Restatement asserts Area 51 conducts secret unusual tests, matching the participant’s belief about hidden projects.",Rating 100 endorses the conspiracy that the government hides insane secret projects at Area 51.,"Rating 100 endorses the participant's belief that Area 51 hides secret, unusual government projects."
R_7xWPk1WxhOvhztN,affirms,affirms,affirms,affirms,3,The United States had some knowledge that the Pearl Harbor attacks were going to happen to rally support for entry into World War II.,"Restatement asserts U.S. foreknowledge and motive to enter WWII, matching participant’s conspiracy claim.",Restatement directly states the conspiracy: US foreknowledge of Pearl Harbor to justify war entry.,"Rating 100 means agreeing the US had prior knowledge of Pearl Harbor, directly affirming the participant's conspiracy."
R_7xzO1fYNc7Y2Iut,affirms,affirms,affirms,affirms,3,Ghosts are real and white people are aliens who might come out at night.,Restatement directly asserts the participant’s conspiracy claims as true.,Restatement directly asserts both conspiracy claims as true.,Rating 100 endorses the participant's exact claims that ghosts exist and white people are aliens.
R_7y4ar53q9IwgVYN,affirms,affirms,affirms,affirms,3,The national election in the USA was not conducted honestly.,Restatement directly asserts the participant’s conspiracy claim; 100 means fully endorsing election dishonesty.,Restatement directly asserts the conspiracy claim verbatim.,Rating 100 directly endorses the participant's belief that the election was not conducted honestly.
R_7ysyLX4urRYZABj,affirms,affirms,affirms,affirms,3,The government has found evidence of Bigfoot but they don't want the public to know about it.,Restatement directly asserts the conspiracy; rating 100 means fully endorsing government Bigfoot evidence cover-up.,Restatement is verbatim the conspiracy claim; rating 100 endorses it.,"The restatement exactly matches the participant's description, directly affirming the conspiracy theory."
R_7zGEXZ6IAXBcdj3,affirms,affirms,affirms,affirms,3,John F Kennedy was killed by the CIA.,Restatement directly asserts the participant’s conspiracy; rating 100 indicates full endorsement.,Restatement directly states the conspiracy; rating 100 means believing CIA killed JFK.,Rating the restatement 100 directly endorses the participant's conspiracy theory that the CIA killed JFK.
R_7zHN3BVW1CsFoTy,affirms,affirms,affirms,affirms,3,"Aliens exist, and some people have seen them.",Restatement asserts aliens exist; rating 100 endorses that claim.,"Rating 100 confirms alien existence, endorsing the conspiracy belief described.","Rating 100 means believing aliens exist, matching the participant's described belief."
R_7zNq5AzIdecirUE,affirms,affirms,affirms,affirms,3,A group of powerful and wealthy individuals have an agenda for the country and influence its direction.,"Restatement asserts powerful elites have an agenda and steer the country, matching the participant’s conspiracy.",Restatement directly asserts the conspiracy: powerful elites secretly directing the country.,"The restatement directly asserts the participant's belief that a wealthy, powerful group controls the country's direction."
R_7zZ8gwwbtEuYDGj,affirms,affirms,affirms,affirms,3,"Space is actually a giant pool of water, and the Simpsons have made predictions about the future in their show.",Restatement directly asserts both conspiratorial claims as true; 100 means endorsing them.,Restatement directly asserts both conspiracy claims as true.,The restatement directly asserts the participant's claims about space being water and the Simpsons predicting the future.
R_7zf18e9jE07W7oQ,affirms,affirms,affirms,affirms,3,"A small group of powerful and wealthy individuals control the world's oil supply and, through it, exert major control over global affairs.","Restatement asserts a small elite controls oil and influences global affairs, matching participant’s “few people control everything” theory.",Rating 100 endorses the conspiracy that a few people control everything.,"The restatement directly asserts the participant's conspiracy theory that a small, powerful group controls global affairs."
R_7zj62iQcHvgDiM2,affirms,affirms,affirms,affirms,3,We have been eating human meat mixed with our food.,Restatement directly claims the conspiracy is true; rating 100 endorses eating human meat in food.,Restatement directly asserts the conspiracy claim; rating 100 endorses it.,The restatement directly asserts the participant's conspiracy theory as true.
R_7zl6NEuXmAII2Lf,affirms,affirms,affirms,affirms,3,Powerful groups are secretly controlling global weather patterns for profit.,Restatement directly asserts the described conspiracy; rating 100 means fully endorsing it.,Restatement matches conspiracy verbatim; rating 100 endorses the conspiracy.,Rating 100 directly endorses the participant's conspiracy theory about secret groups controlling the weather.
R_8EWBjnPHsBU2y3W,affirms,affirms,affirms,affirms,3,Aliens are residing and being kept hidden in Area 51.,Restatement directly asserts the conspiracy claim that aliens are hidden at Area 51.,"Restatement directly asserts aliens are hidden in Area 51, matching the conspiracy.",The restatement directly asserts the participant's conspiracy theory as true.
R_8N57w2YZl1jbAPL,affirms,affirms,affirms,affirms,3,"The Earth's rotation is slowing down and its surface temperature is increasing due to the accumulation of orbiting debris, including satellites and space junk, which blocks and reflects the Sun's rays.",Restatement directly asserts the participant’s debris-causes-slower-rotation-and-warming conspiracy as true.,Restatement directly restates the participant's conspiracy as true.,The restatement directly asserts the participant's theory that space debris is slowing Earth's rotation and increasing its temperature.
R_8YG2jdSbbenSWYs,affirms,affirms,affirms,affirms,3,The moon landing was staged and filmed on Earth instead of actually happening on the Moon.,Restatement asserts the landing was faked; rating 100 endorses the described conspiracy.,Restatement directly asserts the conspiracy: moon landing was faked and filmed on Earth.,Rating the statement 100 directly endorses the conspiracy theory that the moon landing was faked.
