response_id,study,regime,direction,category,statement,statement_type,veracity_score,checkability,label,rationale,veracity_model,prompt_sha,scored_at
R_10C3WFJsJqOJb9S,study3,Truth-Constrained,debunk,affirms,Powerful individuals in the government are manipulating technology to create harmful vaccines for profit.,conspiracy_claim,10,60,false,"There is substantial evidence that governments and pharmaceutical companies have structured COVID-19 vaccine programs to maximize profit, including monopolies, high prices, and inequitable access, but this concerns pricing, intellectual property, and market power, not the deliberate engineering of vaccines to be harmful.[1][5][9][10][12] Authoritative regulatory reviews and large-scale safety monitoring show COVID-19 vaccines are overwhelmingly safe and effective, with serious adverse events rare and investigated, and no credible evidence that government officials are intentionally manipulating technology to create harmful vaccines for profit; allegations of misconduct focus on cronyism, pricing, or data transparency, not a covert plan to design harmful vaccines.[3][7][8][11][15]",openrouter/perplexity/sonar-pro,d595a020b777,2026-07-04T16:32:06
R_10ZR6RyxF2o551u,study3,Truth-Constrained,debunk,affirms,The government or powerful organizations secretly manipulated the COVID-19 pandemic's origin or spread for political or economic gain.,conspiracy_claim,25,60,mostly_false,"The statement alleges that governments or powerful organizations *secretly manipulated the pandemic’s origin or spread for political or economic gain*, implying deliberate orchestration or control beyond ordinary policy responses. Current evidence shows two main origin hypotheses: natural zoonotic spillover and a laboratory-associated accident, with most scientific evidence favoring natural emergence and no credible evidence that SARS-CoV-2 was deliberately engineered or released as a bioweapon.[1][4][13][14][15] U.S. intelligence assessments unanimously judge the virus was not developed as a biological weapon and find no evidence it was genetically engineered for such purposes, while considering both natural spillover and accidental lab incident as plausible paths.[4][14][15] Allegations of *cover-ups* or narrative-shaping (e.g., suppression or politicization of the lab-leak hypothesis, efforts to protect particular governments from criticism) are documented in congressional hearings and commentary, but these concern information management and political framing rather than proven secret manipulation of the virus’s origin or global spread itself.[1][4][8][10][13] There is also no public evidence that any government or organization covertly controlled the worldwide transmission dynamics of COVID-19 for gain; instead, the record shows diverse and often conflicting national responses, mistakes, and policy choices under uncertainty. Given the lack of evidence for deliberate manipulation of origin or spread for gain, but some evidence of political handling of narratives and transparency issues, the claim as stated is largely unsupported and therefore mostly false, though partially checkable through scientific, intelligence, and policy records.",openrouter/perplexity/sonar-pro,d595a020b777,2026-07-04T16:32:06
R_10wQLC1zaqcoVvG,study3,Truth-Constrained,debunk,affirms,The 9/11 incident was a U.S. planned disaster involving the cooperation of Afghani individuals paid by the U.S. government.,conspiracy_claim,0,95,false,"Extensive investigations, including the official 9/11 Commission Report and multiple intelligence inquiries, attribute the planning and execution of the 9/11 attacks to al‑Qaeda under Osama bin Laden, not to the U.S. government.[1][3][4][8][12][13] The hijackers were predominantly Saudi, Emirati, Egyptian, and Lebanese al‑Qaeda members, and available evidence indicates al‑Qaeda itself financed and directed the operation; there is no credible evidence that the U.S. government planned the attacks or paid Afghani individuals to carry them out, and bin Laden explicitly denied prior knowledge by the Taliban or Afghan people.[10][12][13]",openrouter/perplexity/sonar-pro,d595a020b777,2026-07-04T16:32:06
R_11HQ1Hxs4OCWzWC,study3,Truth-Constrained,debunk,affirms,Coronavirus was brought to the US on purpose.,conspiracy_claim,25,60,mostly_false,"The claim asserts intentional introduction of coronavirus into the US, which would require evidence of a deliberate release or transport plan. Scientific and investigative reports on COVID-19’s origins find no evidence of deliberate manipulation or intentional spread as a bioweapon; WHO-convened experts and multiple studies conclude that a natural zoonotic origin with animal-to-human spillover is the best-supported hypothesis, and explicitly report no scientific evidence for deliberate manipulation followed by release.[11][6] While there has been political and propaganda-driven speculation that the virus was brought to or from the US on purpose, these narratives have been repeatedly described as baseless disinformation and lack corroborating evidence.[3][5][8]",openrouter/perplexity/sonar-pro,d595a020b777,2026-07-04T16:32:06
R_11h3O8x1J24Cxep,study3,Truth-Constrained,debunk,unclear,There is life after death and we will have a second life.,no_claim,,,not_checkable,"The statement expresses a metaphysical/religious belief about an afterlife and a 'second life', which current empirical evidence cannot confirm or falsify; philosophical and theological sources generally hold that literal claims about life after death are beyond evidential support and are matters of faith rather than publicly checkable fact.[1][9][12]",openrouter/perplexity/sonar-pro,d595a020b777,2026-07-04T16:32:06
R_11vNZA3IT04Jxeh,study3,Truth-Constrained,bunk,affirms,President Kennedy was assassinated by the CIA.,conspiracy_claim,25,90,mostly_false,"Publicly available official investigations did not find evidence that the CIA was involved in Kennedy’s assassination: the Warren Commission concluded Oswald acted alone, and the HSCA later concluded the CIA was not involved. While later releases have renewed interest in CIA activities and contacts, they have not established that the CIA assassinated Kennedy.",openrouter/perplexity/sonar-pro,d595a020b777,2026-07-04T16:32:06
R_11vadVss8ZPv6wx,study3,Truth-Constrained,debunk,unclear,Aliens exist as they are likely present elsewhere in the vast universe.,official_account,75,100,mostly_true,"The statement reflects the mainstream scientific view that extraterrestrial life is plausible because the universe is vast, but it is not confirmed as a fact; current reviews and expert commentary say there is still no direct scientific evidence of alien life.[6][11][15] The exact claim that aliens exist remains unproven, so the statement is mostly an inference from probability rather than established evidence.[4][15]",openrouter/perplexity/sonar-pro,d595a020b777,2026-07-04T16:32:06
R_11yzo4JcoygGNEX,study3,Truth-Constrained,bunk,unclear,Weather is influenced by the natural transformation of the Earth rather than global warming.,official_account,0,95,false,"Weather is influenced by both natural Earth processes (such as rotation, axial tilt, solar radiation, and geography) and by human-caused global warming, which is now measurably affecting temperature, precipitation, and extreme events.[9][10][15] Extensive evidence from NASA, IPCC, and other scientific bodies shows that recent global warming driven by human greenhouse gas emissions is altering climate and thereby weather patterns and extremes; claiming weather is influenced by natural transformation rather than global warming incorrectly denies this documented influence.[2][5][7][8][14]",openrouter/perplexity/sonar-pro,d595a020b777,2026-07-04T16:32:06
R_12xBiekd6iu2OYK,study3,Truth-Constrained,debunk,affirms,Princess Diana's death was not an accident.,conspiracy_claim,25,80,mostly_false,"The statement asserts that Princess Diana's death was not an accident, implying some form of deliberate or non-accidental cause. Multiple official investigations by French and British authorities, including Operation Paget and the 2008 inquest, concluded that the crash was caused by drunken, high‑speed driving by Henri Paul and the actions of pursuing paparazzi, with no evidence of an organized murder plot or staging of the accident.[2][5][7][8][10][11] While the British inquest jury returned a verdict of ""unlawful killing""—meaning death caused by grossly negligent driving, not intentional homicide—these findings still treat the event as a traffic crash resulting from negligence rather than a planned non‑accidental killing.[3][7][11] Conspiracy claims that it was not an accident have been repeatedly investigated and found to be without evidentiary foundation.[2][5][8][9][10]",openrouter/perplexity/sonar-pro,d595a020b777,2026-07-04T16:32:06
R_143fuRYt1xl3Dxv,study3,Truth-Constrained,bunk,affirms,"Aliens exist and the government is concealing evidence of their existence, including in places like Area 51.",conspiracy_claim,25,70,mostly_false,"The claim has two parts: that aliens exist and that the government is concealing evidence of them at places like Area 51. The existence of extraterrestrial life elsewhere in the universe is considered statistically plausible by many scientists, but remains unproven; however, the central conspiratorial allegation is about a secret government cover-up of contact or physical evidence, particularly at Area 51. Declassified CIA and Air Force documents identify Area 51 as a test site for secret spy planes and other military technology, with no credible evidence of stored alien bodies or spacecraft.[1][2][6][13][15] A 2024 Pentagon review of decades of U.S. government UFO inquiries found no proof of extraterrestrial technology or alien visitation, concluding that sightings are mostly misidentified ordinary objects or phenomena.[7] High-profile claims like those of Robert Lazar have been investigated and widely discredited, and no corroborating physical or documentary evidence has emerged despite extensive media, scientific, and governmental scrutiny.[4][9][13] While the secrecy of the base is real and some UFO lore may have been encouraged as a distraction from classified weapons programs, this supports a cover-up of human military projects, not of aliens.[2][3][6][14] Given sustained investigation and lack of substantiating evidence where it should exist, the specific claim that the government is hiding concrete evidence of aliens at Area 51 or similar sites is largely unsupported and best classified as mostly false.",openrouter/perplexity/sonar-pro,d595a020b777,2026-07-04T16:32:06
R_14NawdSXnKe7hFM,study3,Truth-Constrained,debunk,affirms,The Federal Reserve is controlled by the elite billionaires who make up the 1% of wealth holders.,conspiracy_claim,20,80,mostly_false,"The Federal Reserve System is formally governed by a **Board of Governors** whose members are nominated by the U.S. president and confirmed by the Senate, and it operates within a statutory framework set by Congress, not by a group of private billionaires who legally 'control' it.[13][14] While many analysts argue that Fed policies often *benefit* or align with the interests of top wealth holders and large financial institutions, this is different from the claim that the elite billionaire 1% directly control the institution; multiple fact‑checks and overviews explicitly find no evidence that a small group of wealthy families or individuals secretly own or control the Fed, and identify such claims as conspiracy theories.[3][14]",openrouter/perplexity/sonar-pro,d595a020b777,2026-07-04T16:32:06
R_15XWINLaJ8K2Mrn,study3,Truth-Constrained,debunk,affirms,"The Denver International Airport is secretly the headquarters for a powerful underground organization, such as the Illuminati or a shadow government.",conspiracy_claim,10,90,false,"The claim alleges a secret headquarters for the Illuminati or a shadow government, but public reporting on DIA describes the tunnels, murals, and symbols as the basis for conspiracy theories rather than evidence of such an organization. Sources note that the underground spaces are documented and used for airport operations, and that no evidence has surfaced of hidden bunkers or secret bases supporting the theory.[1][2][10][14][15]",openrouter/perplexity/sonar-pro,d595a020b777,2026-07-04T16:32:06
R_16lIRhX45wEdbRw,study3,Truth-Constrained,debunk,affirms,"NASA faked the Moon landing because, in the 1960s, the technology did not exist to achieve such a feat.",conspiracy_claim,0,95,false,"Extensive independent evidence confirms that the Apollo 11 mission successfully landed humans on the Moon in 1969, including NASA telemetry, photographs, rock samples whose composition matches lunar geology and not Earth, and independent tracking by foreign observatories and the Soviet Union, none of which indicate a hoax.[3][4][12] The claim that 1960s technology did not exist to achieve a Moon landing is incorrect: Saturn V rockets, the Apollo spacecraft, the Apollo Guidance Computer based on integrated circuits, and prior uncrewed lunar landings by both the U.S. and USSR demonstrate that the necessary technology was developed and operational by the late 1960s.[3][4][7][10][15]",openrouter/perplexity/sonar-pro,d595a020b777,2026-07-04T16:32:06
R_16mv8aaIgVOHKUe,study3,Truth-Constrained,debunk,affirms,The COVID-19 pandemic was intentionally started by a man-made virus.,conspiracy_claim,10,80,false,"The claim asserts that SARS-CoV-2 is a man‑made virus intentionally released to start the COVID‑19 pandemic. Genomic analyses and multiple peer‑reviewed studies conclude that SARS‑CoV‑2 shows no signatures of genetic engineering or purposeful manipulation and is consistent with natural zoonotic evolution.[1][9][14][15] Major scientific bodies (including WHO and national intelligence assessments) state there is no evidence the virus was developed as a bioweapon or intentionally released, and current evidence instead supports zoonotic spillover from animals, most likely bats, with an intermediate host.[1][3][11][14][15]",openrouter/perplexity/sonar-pro,d595a020b777,2026-07-04T16:32:06
R_16xeaAR0X8k8rqp,study3,Truth-Constrained,bunk,affirms,The government is hiding evidence of extraterrestrial contact and has recovered alien technology.,conspiracy_claim,25,70,mostly_false,"The claim asserts that the government is both hiding confirmed evidence of extraterrestrial contact and has recovered alien technology. Multiple official investigations, including the Pentagon’s All-domain Anomaly Resolution Office 2024 report, state they found no evidence that any U.S. government program has recovered or reverse‑engineered extraterrestrial materials or technology, and that no sighting has been validated as extraterrestrial technology.[4][7] While some insiders (e.g., David Grusch) have alleged secret recovery and reverse‑engineering programs, these remain uncorroborated, and the Department of Defense publicly states it has found no verifiable information supporting such claims.[3][4][7] The existence of declassified UAP/UFO files shows governments investigate anomalous phenomena, but that is not evidence of recovered alien technology or confirmed contact.[1][12] Overall, the central allegation of hidden, proven extraterrestrial contact and recovered alien technology is largely unsupported by available evidence, though it is partially checkable through official reports and declassification processes.",openrouter/perplexity/sonar-pro,d595a020b777,2026-07-04T16:32:06
R_19j0jMbXTV1LFaB,study3,Truth-Constrained,bunk,affirms,Government agencies prioritize their own interests over the public good.,official_account,75,70,mostly_true,"Political science and public administration research widely document that government agencies and officials often face principal–agent problems and conflicts of interest, where their own institutional or private interests can diverge from the public interest.[1][3][6][10][15] However, evidence also shows that agencies are formally obliged to act in the public interest and often do so, with many decisions and regulations demonstrably aimed at broad social welfare rather than narrow self-interest, so it is too strong to say they *generally* or *always* prioritize their own interests over the public good.[5][8][15]",openrouter/perplexity/sonar-pro,d595a020b777,2026-07-04T16:32:06
R_19njxD92K2j3fJn,study3,Truth-Constrained,bunk,affirms,The drones flying over New Jersey are real.,official_account,75,80,mostly_true,"Multiple federal agencies and the White House report that many of the objects people saw over New Jersey were indeed real aerial vehicles, including **authorized drones**, hobbyist drones, and lawfully operated manned aircraft.[1][6][9][13] However, officials also emphasize that a large share of public reports were misidentifications of planes, helicopters, or even stars, and note that they have not electronically verified most of the alleged drone sightings as drones, so the broad claim that ""the drones"" seen are straightforwardly real drones is only mostly supported rather than conclusively proven.[8][9][13]",openrouter/perplexity/sonar-pro,d595a020b777,2026-07-04T16:32:06
R_1AT3ukC7Fj5fsJB,study3,Truth-Constrained,debunk,affirms,The moon landing in 1969 was staged by the US government and filmed on a movie set to win the space race against the Soviet Union.,conspiracy_claim,0,95,false,"The claim that the 1969 moon landing was staged on a movie set to win the space race is a classic hoax narrative that has been extensively investigated and debunked.[1][4][7][10] Multiple lines of independent evidence confirm that Apollo 11 astronauts actually landed on the Moon: thousands of photos and hours of video and audio, detailed telemetry data, and 382 kg of lunar rocks that have been independently verified as of lunar origin by laboratories worldwide, all inconsistent with a studio production.[1][5][9] Inconsistencies cited by hoax proponents (flag ""waving,"" lack of stars, odd shadows, crosshairs, the ""C"" rock) are well explained by lunar physics, camera limitations, and image copying artifacts, not by studio filming.[5][8][10]",openrouter/perplexity/sonar-pro,d595a020b777,2026-07-04T16:32:06
R_1AZ2R7H38eJvpOn,study3,Truth-Constrained,debunk,affirms,A small group of individuals control worldwide politics to benefit their agenda at the expense of the general population.,conspiracy_claim,25,40,mostly_false,"The statement asserts that a small, coordinated group of individuals centrally controls worldwide politics for its own agenda at the expense of the general population, which goes far beyond evidence of influence by powerful actors, lobbying, or international organizations. Political power is distributed among many governments, parties, institutions, and interest groups with competing agendas, and there is no credible empirical evidence of a single covert group exercising unified control over global politics in the sweeping, centralized way claimed; the claim is broad, vague, and difficult to test directly, but available political science research and documented decision-making processes contradict such a unified hidden control structure.",openrouter/perplexity/sonar-pro,d595a020b777,2026-07-04T16:32:06
R_1AZ5Cdt27vqYtix,study3,Truth-Constrained,debunk,affirms,Marilyn Monroe was murdered by a prominent politician.,conspiracy_claim,10,85,false,"Marilyn Monroe’s death in 1962 was officially ruled a probable suicide from acute barbiturate poisoning by the Los Angeles County coroner, and multiple later reviews, including a 1982 inquiry by the Los Angeles County District Attorney, found no credible evidence of homicide or of involvement by any politician.[1][2][11][13][15] While numerous conspiracy theories allege she was murdered by figures such as President John F. Kennedy, Attorney General Robert F. Kennedy, or other prominent political actors, these remain speculative and unsupported by forensic or documentary evidence over six decades of scrutiny.[1][3][7][12][13][15]",openrouter/perplexity/sonar-pro,d595a020b777,2026-07-04T16:32:06
R_1C5EFosTuKJLlvz,study3,Truth-Constrained,debunk,affirms,The government was involved in the 9/11 destruction of the towers.,conspiracy_claim,10,80,false,"The statement asserts that the U.S. government was directly involved in causing the destruction of the World Trade Center towers on 9/11, a core ""inside job""/MIHOP-style conspiracy claim.[2][8] Extensive investigations, including the 9/11 Commission Report, NIST’s technical investigation, and multiple governmental and independent reviews, attribute the attacks to 19 al‑Qaeda hijackers and the collapses to impact damage and subsequent fires, and explicitly report finding no evidence of U.S. government complicity or controlled demolition.[2][4][5][8][12] Major news organizations reviewing these inquiries likewise report that no credible evidence has surfaced to support claims that the U.S. government staged or participated in the attacks, and that such conspiracy theories are rejected by expert consensus.[2][6][11]",openrouter/perplexity/sonar-pro,d595a020b777,2026-07-04T16:32:06
R_1CTlHTtqjH9u9u1,study3,Truth-Constrained,bunk,affirms,UFOs exist and the government is hiding evidence of them to avoid causing public panic.,conspiracy_claim,25,60,mostly_false,"The claim has two parts: that **UFOs exist** and that **the government is hiding evidence of them to avoid causing public panic**. The first part is trivially true in the ordinary sense that many unidentified aerial phenomena are reported and investigated; most are later explained as ordinary objects or misidentifications, and a small fraction remain unexplained but not shown to be extraterrestrial.[6][8][13] The conspiracy element—that the government is hiding evidence of UFOs (in the extraterrestrial sense) specifically to avoid public panic—is not supported by available evidence. Multiple official reviews, including a recent Pentagon UAP report and prior White House statements, report **no credible evidence** of extraterrestrial craft, non‑human bodies, or a government cover‑up, and emphasize misidentified ordinary phenomena instead.[6][13][14] While whistleblowers such as David Grusch have alleged secret recovery and reverse‑engineering programs, they have not produced verifiable, firsthand evidence, and the Pentagon and other official bodies explicitly reject these allegations.[2][5][10][15] The existence of accusations and some secrecy about defense technologies shows that classified information about aerial objects is withheld, but there is no demonstrable evidence that this involves hiding confirmed extraterrestrial UFOs to prevent public panic. Thus, evidence for a specific panic‑prevention cover‑up involving confirmed alien craft is weak and largely consists of unverified testimony and popular conspiracy theories, while official, scrutinized investigations find no such proof.",openrouter/perplexity/sonar-pro,d595a020b777,2026-07-04T16:32:06
R_1CksRFFcqeIwbme,study3,Truth-Constrained,bunk,affirms,Man never landed on the moon; it was acted out and filmed in a studio.,conspiracy_claim,0,95,false,"The claim that humans never landed on the Moon and that the events were staged in a studio has been extensively investigated and is contradicted by multiple independent lines of evidence, including 382 kg of lunar rock tested by laboratories worldwide and confirmed as lunar, laser‑ranging reflectors left on the Moon still used today, and high‑resolution images of Apollo landing sites from later spacecraft, all of which collectively verify real landings rather than studio fabrication.[1][2][10] Major scientific and journalistic institutions (e.g., Institute of Physics, BBC, Royal Museums Greenwich, Britannica) explicitly state that every argument for a Moon‑landing hoax has been debunked and that there is no substantiated evidence of studio staging, while the physical, photographic, and third‑party data overwhelmingly support that astronauts actually walked on the lunar surface.[1][2][5][6][7][15]",openrouter/perplexity/sonar-pro,d595a020b777,2026-07-04T16:32:06
R_1CvbbQ8m4LXKZDD,study3,Truth-Constrained,debunk,affirms,Fue un plan de conspiración para ganar de acuerdo a lo conveniente.,no_claim,,,not_checkable,"The statement only says that something 'was a conspiracy plan to win according to what was convenient' without specifying any actors, event, or outcome, so it does not make a concrete, checkable factual claim about the world.",openrouter/perplexity/sonar-pro,d595a020b777,2026-07-04T16:32:06
R_1CxTGCUWofdqvk6,study3,Truth-Constrained,debunk,affirms,Lee Harvey Oswald was hired by the mafia to assassinate President Kennedy.,conspiracy_claim,20,70,mostly_false,"Official investigations, including the Warren Commission and the U.S. House Select Committee on Assassinations, found that Lee Harvey Oswald assassinated President Kennedy and that there was no evidence he was part of a conspiracy or that organized crime as a syndicate hired him to do so.[1][5][9][12][14] While some authors and commentators have advanced theories that the Mafia or individual mob figures were involved, these remain speculative and are not supported by concrete documentary or forensic evidence demonstrating that Oswald was hired by the Mafia, so the specific hiring claim is largely unsupported by available evidence.[3][7][8][10][14]",openrouter/perplexity/sonar-pro,d595a020b777,2026-07-04T16:32:06
R_1D0CHj4oykSEGcJ,study3,Truth-Constrained,debunk,affirms,The government was involved in the development or spread of COVID-19.,conspiracy_claim,10,80,false,"The claim alleges government involvement in *developing or spreading* COVID-19, implying creation or deliberate dissemination of the virus. Current evidence indicates SARS‑CoV‑2 is a naturally occurring virus, with leading hypotheses focusing on zoonotic spillover or a possible accidental laboratory-related origin, not intentional government development or spread, and no credible investigations have found proof of a government program to create or disseminate it. At the same time, governments worldwide were heavily involved in *responding* to COVID-19 and in funding vaccine development and public-health measures, which is documented and distinct from causing or spreading the disease.[1][2][3][7][10][11][12][13]",openrouter/perplexity/sonar-pro,d595a020b777,2026-07-04T16:32:06
R_1D6p3wcadgqAsef,study3,Truth-Constrained,debunk,affirms,The government does not disclose everything and uses information to manipulate society.,no_claim,,,not_checkable,"The statement is a very broad, generic assertion about governments not disclosing everything and using information to manipulate society, without specifying a particular event, policy, actor, country, or mechanism. While there is extensive evidence that some governments (especially authoritarian regimes) selectively disclose information and engage in propaganda or information manipulation, these practices vary widely across time and countries, and the claim as phrased is too unspecific and universal to be empirically checked or scored as a discrete factual claim.",openrouter/perplexity/sonar-pro,d595a020b777,2026-07-04T16:32:06
R_1DMZzesOe6g9dlH,study3,Truth-Constrained,bunk,affirms,"The government is hiding evidence of extraterrestrial life, including UFOs that are actually alien spacecraft, from the public.",conspiracy_claim,25,60,mostly_false,"The claim asserts that the government is actively hiding confirmed evidence that UFOs are alien spacecraft and that extraterrestrial life has been discovered, which would require documented proof of such discoveries plus clear indications of an official suppression program. Multiple official reviews and statements—including a 2024 Pentagon report from AARO and prior White House statements—report finding no evidence of recovered extraterrestrial technology, biological remains, or contact, and explicitly state there is no credible information that such evidence is being hidden.[7][13] While some whistleblowers and commentators allege a cover‑up and argue that UAP programs are more opaque than they should be, these allegations have so far been based on hearsay and have not been corroborated by verifiable physical evidence or documentation showing that alien spacecraft or life have actually been discovered and then suppressed.[4][8][12]",openrouter/perplexity/sonar-pro,d595a020b777,2026-07-04T16:32:06
R_1EA2lI5SlaDifTR,study3,Truth-Constrained,bunk,affirms,The outcomes of sports games are fixed by gambling entities.,conspiracy_claim,10,70,false,"There is evidence of isolated match-fixing and betting-related corruption in various sports, but extensive investigations, regulatory oversight, and the scale and diversity of global sports strongly argue against the claim that sports game outcomes are generally or systematically fixed by gambling entities. The statement asserts a broad, routine control of outcomes by gambling organizations that is not supported by available evidence and contradicts many documented cases where outcomes go against betting interests.",openrouter/perplexity/sonar-pro,d595a020b777,2026-07-04T16:32:06
R_1Eb54Xow2CdogKR,study3,Truth-Constrained,debunk,affirms,The Clintons were involved with Jeffrey Epstein.,official_account,75,90,mostly_true,"Public reporting confirms that Bill Clinton had a social association with Jeffrey Epstein, including flights and meetings, while Hillary Clinton has denied any connection to Epstein. However, the public evidence and the Clintons’ own testimony do not show that either was involved in Epstein’s criminal conduct or a secret plot; that broader implication is not supported by the available record.[3][4][8][10][13][15]",openrouter/perplexity/sonar-pro,d595a020b777,2026-07-04T16:32:06
R_1EbeSR1k3i2WsXF,study3,Truth-Constrained,debunk,affirms,Trump's shooting during his presidential campaign was a planned event to gain attention and public sympathy.,conspiracy_claim,0,100,false,Public reporting and the FBI’s investigation identify Thomas Matthew Crooks as the lone shooter and state there is no evidence he acted with accomplices or that the event was staged for Trump’s benefit.[2][3][6][12][14] Claims that Trump’s shooting was planned to gain him attention and sympathy are therefore contradicted by the available evidence and are widely reported as baseless conspiracy theories.[5][6][12],openrouter/perplexity/sonar-pro,d595a020b777,2026-07-04T16:32:06
R_1Ed1eZCyci64cFO,study3,Truth-Constrained,bunk,affirms,"Operation Paperclip was a World War Two program that brought German scientists, including former Nazis, to the United States to contribute to scientific and technological advancements.",official_account,95,95,true,"Operation Paperclip (also called Project Paperclip) was a secret U.S. intelligence program that brought more than 1,500 German scientists, engineers, and technicians from Nazi Germany and Austria to the United States after World War II for government employment and to exploit their expertise for military, industrial, and technological purposes.[1][2][4][9][15] Many of these individuals were former members of the Nazi Party or the SS/SA, and their work significantly contributed to U.S. advances in rocketry, aerospace, weapons, and other scientific and technological fields, matching the description in the statement.[1][2][10][13]",openrouter/perplexity/sonar-pro,d595a020b777,2026-07-04T16:32:06
R_1FVvT1GiZsq4jth,study3,Truth-Constrained,debunk,affirms,There is a war occurring in space just beyond our atmosphere every day without our knowledge.,conspiracy_claim,5,40,false,"The statement asserts a large-scale, ongoing, *secret war in near-Earth space* occurring just beyond the atmosphere and hidden from the public. There is no credible evidence in astronomy, space surveillance, military or civilian spaceflight records of continuous battles in near-Earth space; discussions of space-related conspiracy beliefs emphasize that such ideas lack supporting data and rely on fear of space and imagined government suppression rather than documented events.[1][2][8][11] Modern space activities (satellites, crewed missions, telescopes) are extensively tracked by multiple nations and independent observers, and no public evidence indicates daily warfare occurring overhead, which would leave observable debris, anomalies, and leaked documentation if it were real.[2][11]",openrouter/perplexity/sonar-pro,d595a020b777,2026-07-04T16:32:06
R_1G81KLKPCrVU0ll,study3,Truth-Constrained,debunk,affirms,The Federal government intentionally flooded American cities with crack cocaine in the 1970s.,conspiracy_claim,25,80,mostly_false,"The claim alleges an intentional federal government program in the 1970s to ""flood"" American cities with crack cocaine. Crack as a smokable form of cocaine did not emerge as a widespread urban drug phenomenon until the early to mid‑1980s, not the 1970s, so the chronology in the statement is inaccurate.[9] Multiple official investigations into allegations that the CIA or other federal agencies deliberately created or directed the crack epidemic—including reports by the Department of Justice Inspector General, CIA Inspector General, and congressional hearings—found no evidence of an institutional conspiracy or policy to introduce or flood U.S. cities with crack cocaine.[1][8][13][14] These investigations did document that U.S.-backed Contra supporters and associated traffickers were involved in cocaine smuggling, that federal agencies were aware of some allegations, and that enforcement actions were sometimes constrained by foreign policy priorities, but they explicitly rejected the claim that the federal government intentionally orchestrated the crack epidemic.[1][6][11][14] Thus, while there is evidence of negligent or conflicted enforcement and of cocaine trafficking by U.S.-aligned actors in the 1980s, the specific allegation that the federal government intentionally flooded American cities with crack cocaine in the 1970s is largely unsupported and factually inaccurate in timing and scope.",openrouter/perplexity/sonar-pro,d595a020b777,2026-07-04T16:32:06
R_1GP8eDSGs7UfgjJ,study3,Truth-Constrained,bunk,affirms,The government conceals evidence of contact with aliens.,conspiracy_claim,25,85,mostly_false,"The claim alleges a covert concealment of alien contact, but public investigations by the Pentagon/AARO reported no verifiable evidence that the U.S. government has found extraterrestrial beings, recovered alien craft, or is hiding such evidence from the public.[1][3][8][11][15] The existence of classified UAP-related information is real, but the public record does not substantiate the specific allegation that evidence of alien contact is being concealed.[1][10][14]",openrouter/perplexity/sonar-pro,d595a020b777,2026-07-04T16:32:06
R_1HcsWQOjRSGxIu5,study3,Truth-Constrained,bunk,affirms,"The government is concealing evidence of encounters with aliens, as indicated by pilots and airlines reporting sightings of unidentified objects in the sky.",conspiracy_claim,25,60,mostly_false,"The statement claims that the government is concealing evidence specifically of *alien* encounters, using pilots’ and airlines’ reports of unidentified objects as evidence. Publicly available U.S. government investigations, including the Pentagon’s All-domain Anomaly Resolution Office (AARO), report no proof of extraterrestrial visitors, alien technology, or a government cover-up of alien contacts, and conclude that most sightings are misidentified ordinary objects or classified human-made technologies.[4][5][13] While governments certainly classify and withhold some information about aerial phenomena—often related to secret defense projects or foreign adversaries’ technology—current official reviews state they have found no verifiable evidence of concealed alien encounters, and no independent, corroborated evidence has surfaced to contradict these reviews.[1][4][5][9][10][11][13] Thus, the core allegation of a government concealment of *alien* encounters is largely unsupported by available evidence, even though the existence of unexplained sightings themselves is well documented.",openrouter/perplexity/sonar-pro,d595a020b777,2026-07-04T16:32:06
R_1IXCPR9M56dXR8J,study3,Truth-Constrained,debunk,affirms,Unqualified individuals managed to vote in the election process despite numerous checks and balances to ensure its accuracy.,official_account,50,60,mixed_or_unclear,"The statement claims that unqualified individuals ""managed to vote"" despite checks and balances, but gives no specifics on which election, jurisdiction, or what ""unqualified"" means, making it only partially checkable. Evidence from U.S. election law and empirical studies indicates that multiple legal and administrative safeguards exist to ensure that only eligible citizens vote, and known cases of ineligible voting (e.g., noncitizens) are extremely rare compared to the total number of ballots cast.[2][3][9] This suggests that the election system largely succeeds in excluding unqualified voters, but because zero improper votes cannot be guaranteed and some documented violations exist, the blanket claim that such individuals ""managed to vote"" despite safeguards is neither clearly true nor clearly false at the broad, unspecific scope stated.",openrouter/perplexity/sonar-pro,d595a020b777,2026-07-04T16:32:06
R_1Ijfk3OoTGnoxC5,study3,Truth-Constrained,bunk,affirms,China orchestrated the pandemic as an experiment to see how easily a pandemic could control society.,conspiracy_claim,0,80,false,"The claim alleges that China deliberately orchestrated and used COVID-19 as a social-control experiment, which would require evidence of intentional creation or release and a documented objective of experimenting on global societies; no such evidence exists. Multiple scientific reviews and intelligence assessments state there is no credible evidence that SARS‑CoV‑2 was engineered or intentionally released as a bioweapon, and available data strongly support a natural zoonotic origin centered on the Huanan market in Wuhan rather than a deliberate experiment by the Chinese state.[1][3][5][6][8][14][15]",openrouter/perplexity/sonar-pro,d595a020b777,2026-07-04T16:32:06
R_1ItM8ztYd9B2w9x,study3,Truth-Constrained,bunk,affirms,"A secret elite controls world events, governments, and economies.",conspiracy_claim,10,60,false,"The claim describes a unified, **secret elite** that centrally *controls* world events, governments, and economies, corresponding to broad New World Order–style conspiracy theories asserting a hidden cabal running global affairs.[3][6] Extensive historical, political, and economic research finds no credible evidence of a single covert group exercising such comprehensive top‑down control; mainstream scholars emphasize that narratives like the Committee of 300 or similar global cabals lack verifiable documentation and rely on hearsay and conspiracy literature.[1][3][6] While concentrated wealth and institutional power do influence politics and markets, analyses of global power structures stress that authority is fragmented, contested, and distributed among many actors rather than orchestrated by one secret coordinating elite.[4][10][12] Accordingly, the specific claim of a secret group that *controls* governments and economies worldwide is not supported by available evidence and is best judged false, though it is partially checkable via the absence of corroborating records where such far‑reaching coordination should leave traceable evidence.",openrouter/perplexity/sonar-pro,d595a020b777,2026-07-04T16:32:06
R_1IvkLToaXum5h12,study3,Truth-Constrained,bunk,affirms,Meta-owned platforms actively curate and promote specific types of content to users.,no_claim,,,not_checkable,"The statement describes general platform behavior (algorithmic curation and recommendation of content on Meta platforms), not a covert plot or cover-up, and does not explicitly frame this behavior as conspiratorial or as denying a conspiracy; it is therefore outside the conspiracy/official-account distinction requested.",openrouter/perplexity/sonar-pro,d595a020b777,2026-07-04T16:32:06
R_1JwKZCdlQEQQYKJ,study3,Truth-Constrained,bunk,affirms,"A secret organization manipulates world events to control governments and economies for their own benefit, keeping this influence hidden from the public.",conspiracy_claim,20,40,mostly_false,"The statement matches broad 'New World Order' and Illuminati-style conspiracy theories claiming a single secret organization covertly manipulates most or all world events and controls governments and economies while remaining hidden from the public.[6][7][4] Public evidence shows powerful, often opaque institutions and elites (e.g., major states, corporations, financial bodies like the IMF) exert significant influence, but this influence is documented, contested, and partly visible rather than the unified, secret, centrally coordinated control described.[12][14][4] No credible empirical evidence supports the existence of one clandestine organization with covert, near-total control over global events and governments; political power is fragmented across many actors and institutions, and investigations into alleged central cabals have not produced substantiated proof.[4][7][14]",openrouter/perplexity/sonar-pro,d595a020b777,2026-07-04T16:32:06
R_1KxOiigiJvsA3aX,study3,Truth-Constrained,bunk,affirms,A small group of families known as the Illuminati controls the world.,conspiracy_claim,5,70,false,"Historically, the Bavarian Illuminati was a short-lived 18th‑century secret society founded by Adam Weishaupt and suppressed by the Bavarian authorities by the late 1780s, with no evidence it continued or evolved into a modern global ruling cabal.[6][8][9][15] Modern claims that a small group of Illuminati families covertly controls world governments, economies, and events are widely documented as conspiracy theories with no credible empirical evidence supporting centralized world control by such a group.[3][5][6][8][14]",openrouter/perplexity/sonar-pro,d595a020b777,2026-07-04T16:32:06
R_1LcHRMOJhuuzK7u,study3,Truth-Constrained,debunk,affirms,"Aliens landed on Earth in New Mexico around Area 51, and the government covered it up.",conspiracy_claim,10,70,false,"The claim refers to the famous Roswell incident in New Mexico and its alleged link to Area 51, asserting that extraterrestrial aliens landed and were covered up by the US government. Official investigations and declassified reports conclude the Roswell debris was from Project Mogul high‑altitude balloons and related test dummies, not an alien spacecraft, and find no factual basis for crashed aliens or alien autopsies.[1][5][13] Area 51 is a classified military test site for aircraft and weapons, and while secrecy around it and Roswell helped fuel UFO conspiracy theories, there is no credible evidence that aliens landed there or that the government is covering up an alien crash in New Mexico tied to Area 51.[8][11][13]",openrouter/perplexity/sonar-pro,d595a020b777,2026-07-04T16:32:06
R_1MYi4s0KadUk2Yp,study3,Truth-Constrained,bunk,affirms,The government perpetrates evil against its own people.,no_claim,,,not_checkable,"The statement is too vague and evaluative to function as a specific checkable factual claim: “evil” is not defined, and it does not identify a particular government, act, time, or place. It expresses a broad opinion or suspicion rather than an empirically testable allegation.",openrouter/perplexity/sonar-pro,d595a020b777,2026-07-04T16:32:06
R_1Mc7TTYY5CY93eF,study3,Truth-Constrained,debunk,affirms,Elvis is still alive and never died.,conspiracy_claim,0,100,false,"The statement asserts a covertly hidden survival/faked-death claim. Public records and mainstream biographical sources state that Elvis Presley died on August 16, 1977, and multiple recent sources note that the “Elvis is alive” theory is a long-running, discredited conspiracy claim; Priscilla Presley has also publicly denied it.[5][7][11][13][15]",openrouter/perplexity/sonar-pro,d595a020b777,2026-07-04T16:32:06
R_1NWZDCqZYpiWNZv,study3,Truth-Constrained,debunk,affirms,A secret group within major governments is planning to control minds using advanced technologies like 5G networks to influence people's thoughts and behaviors without their knowledge.,conspiracy_claim,0,85,false,"The claim asserts both a secret governmental group and the use of 5G or similar technologies for covert mind control. Extensive reviews of 5G science find **no known biological mechanism** by which 5G frequencies, operating in the GHz range, could control or read human thoughts or behaviors, as human brain activity occurs at much lower Hz-range frequencies and there is no demonstrated interaction that would allow mind control.[9][4] Major health and safety bodies and independent experts report **no credible evidence** that 5G poses novel neurological or mind-control risks, and characterize such ideas as conspiracy theories without empirical support.[6][8][15] While targeted advertising, surveillance, and persuasive design can influence behavior, there is no public evidence of a covert program using 5G or similar wireless infrastructure to directly control minds, and claims of microchips or receivers activated by 5G to manipulate people have been repeatedly investigated and debunked.[5][4][8] Given the lack of supporting evidence where strong technical, documentary, or whistleblower evidence would be expected for such a large-scale program, the conspiracy claim is clearly unsupported by current public evidence.",openrouter/perplexity/sonar-pro,d595a020b777,2026-07-04T16:32:06
R_1NmMmOXv9IYYAAF,study3,Truth-Constrained,debunk,affirms,"The COVID-19 vaccine alters DNA, as some people have experienced significant health issues after vaccination.",conspiracy_claim,0,95,false,"The claim that COVID-19 vaccines alter human DNA has been extensively examined and rejected by major health authorities and independent scientists, who explain that mRNA and viral‑vector vaccines do not enter the cell nucleus where DNA is stored and therefore cannot integrate into or change human DNA.[1][2][4][6][7][9][10][11][14] Reports of health issues after vaccination do not constitute evidence of DNA alteration; after billions of doses administered, there is no empirical evidence that any of the COVID-19 vaccines modify recipients’ genes, and fact‑checking organizations and scientific reviews consistently categorize the DNA‑alteration claim as a myth.[2][5][8][10][12]",openrouter/perplexity/sonar-pro,d595a020b777,2026-07-04T16:32:06
R_1NwcbEpgZ9TWSFS,study3,Truth-Constrained,bunk,affirms,There is a cure for cancer that has not been released to prevent disruption of the medical system.,conspiracy_claim,0,95,false,"Major cancer research organizations and medical sources state that there is no hidden universal cancer cure and no evidence that a cure is being withheld to protect the medical system.[1][2][6][12][13] The claim is highly checkable because it makes a concrete allegation about secret suppression, but public evidence instead supports the mainstream view that cancer is a complex group of diseases and no such released-but-hidden cure has been demonstrated.[2][4][7]",openrouter/perplexity/sonar-pro,d595a020b777,2026-07-04T16:32:06
R_1OZcsTL8NucfDyA,study3,Truth-Constrained,debunk,affirms,President Biden was replaced by a clone for public appearances on TV.,conspiracy_claim,0,85,false,"The claim that President Biden has been replaced by a clone or double for public TV appearances is part of a broader 'Biden clone/body double' conspiracy theory that alleges he was killed or executed and replaced by clones, robots, or masked actors.[3][8][10] Major fact‑checking outlets and news organizations report that these claims are entirely fabricated, originate from QAnon and similar fringe circles, and have no supporting evidence, while Biden’s ongoing public activities, medical disclosures, and documented presidency show he is the same individual serving in office.[5][8]",openrouter/perplexity/sonar-pro,d595a020b777,2026-07-04T16:32:06
R_1Oe4YKq21MeAc73,study3,Truth-Constrained,debunk,affirms,Bigfoot exists.,official_account,0,80,false,"The claim asserts as fact that a biological Bigfoot exists, but despite decades of searches there is no concrete physical evidence such as verified remains, DNA, or fossils, and purported photos, videos, hair, blood, and footprints have been consistently debunked or found to be hoaxes or misidentifications.[3][5][11][15] Mainstream scientific assessments conclude that Bigfoot is a folkloric or cryptozoological creature whose existence as a real animal is unproven and strongly unsupported by available evidence.[3][9][12]",openrouter/perplexity/sonar-pro,d595a020b777,2026-07-04T16:32:06
R_1OenUwYCprGJjsk,study3,Truth-Constrained,bunk,affirms,The US government was involved in the 9/11 terrorist attack.,conspiracy_claim,0,100,false,"The statement alleges U.S. government involvement in the 9/11 attack, which is a specific conspiracy claim. The 9/11 Commission and FBI materials attribute the attacks to al-Qaeda and state that the hijackers were trained by al-Qaeda, while mainstream debunking sources say there is no evidence that the U.S. government orchestrated or participated in the attacks.[4][15][3]",openrouter/perplexity/sonar-pro,d595a020b777,2026-07-04T16:32:06
R_1P5vNeW1JDhg0kx,study3,Truth-Constrained,bunk,affirms,"The Great Wall of China is actually Russian, and structures around the world like city halls were built by Tartaria, which used to be Russia.",conspiracy_claim,0,90,false,"Historical, archaeological, linguistic, and documentary evidence shows the Great Wall of China was designed, built, maintained, and governed by successive Chinese states and dynasties along China’s northern border, not by Russia or a supposed global Tartarian civilization.[1][4][7] The idea of a worldwide Tartarian empire that built city halls and major structures around the world is a modern fringe internet theory with no support in mainstream historiography or material evidence, and Russia did not ""used to be Tartaria"" in any political or civilizational sense recognized by historians.[1][4]",openrouter/perplexity/sonar-pro,d595a020b777,2026-07-04T16:32:06
R_1P86SkEsC2qaqS2,study3,Truth-Constrained,bunk,affirms,The moon landing was faked to make us seem more advanced than we actually are.,conspiracy_claim,0,100,false,"The statement alleges a secret hoax: that NASA and others faked the Moon landing to project greater technological advancement. Public evidence strongly contradicts this, including lunar samples, independent verification by laboratories, retroreflector measurements, photographs, video, and later spacecraft imaging of the landing sites.[1][2][10][15]",openrouter/perplexity/sonar-pro,d595a020b777,2026-07-04T16:32:06
R_1PRGW7Sa9do9wGe,study3,Truth-Constrained,bunk,affirms,Covid-19 was created to control the population.,conspiracy_claim,0,85,false,"The statement asserts that COVID-19 was deliberately created as a tool for population control, a common conspiracy narrative documented in surveys and misinformation analyses.[4][11][14] Multiple scientific and fact-checking sources report that genomic analyses and epidemiological evidence are consistent with a natural zoonotic origin of SARS‑CoV‑2 and find no credible evidence that the virus was engineered or created for depopulation or control purposes.[6][9][13] Major health organizations and independent researchers explicitly reject claims that COVID-19 is man-made or part of a population-reduction plot, and investigations have not uncovered any coordinated scheme, making the claim clearly false as stated.[6][9][13]",openrouter/perplexity/sonar-pro,d595a020b777,2026-07-04T16:32:06
R_1PUHijNYlxlhVWC,study3,Truth-Constrained,bunk,affirms,The coronavirus was just a variance of the regular flu that was exaggerated by the government to instill fear.,conspiracy_claim,0,95,false,"COVID-19 is caused by the SARS-CoV-2 coronavirus, which is biologically distinct from influenza viruses and not merely a 'variance of the regular flu'.[1][6] Multiple epidemiological and clinical comparisons show COVID-19 has different virology, higher overall mortality, and much larger global death tolls than seasonal flu, indicating it was a substantially more serious disease and not simply an exaggerated flu.[3][4][7][11][13] There is no credible evidence that governments collectively exaggerated a harmless flu-like illness purely to instill fear; instead, documented hospitalizations, excess mortality, and over a million deaths in the U.S. alone demonstrate genuine public health impact rather than a manufactured threat.[4][11]",openrouter/perplexity/sonar-pro,d595a020b777,2026-07-04T16:32:06
R_1PXZSoT6zMUvEtw,study3,Truth-Constrained,debunk,denies,"Marijuana is not harmful, but some people may have adverse reactions to it or experience negative effects.",official_account,25,90,mostly_false,"The statement's core claim that marijuana is ""not harmful"" is inconsistent with extensive evidence that cannabis use can cause addiction, cognitive impairment, driving accidents, mental health problems, cardiovascular effects, and other adverse short- and long-term outcomes, especially with frequent use and in younger people.[1][2][10][13][14][15] While it is true that some people have adverse reactions or negative effects—indeed many documented harms fall into this category—the broader assertion that marijuana is not harmful is mostly false given the well-established risk profile.",openrouter/perplexity/sonar-pro,d595a020b777,2026-07-04T16:32:06
R_1PYGsLdEWjr9pbl,study3,Truth-Constrained,debunk,affirms,Elon Musk manipulated votes so that Trump could win.,conspiracy_claim,0,95,false,"The claim asserts that Elon Musk secretly manipulated vote counts so that Donald Trump could win the US presidential election, often alleged via Starlink or other technical means. Multiple independent fact‑checking organizations, election officials in several swing states, and the US Cybersecurity and Infrastructure Security Agency report there is **no evidence** that Starlink or any Musk‑controlled system was connected to vote tabulation or used to alter results, and that voting machines are not connected to the internet.[1][2][5][10] These Starlink‑rigging allegations have been specifically investigated and repeatedly classified as baseless conspiracy theories.[1][4][5][6][9]",openrouter/perplexity/sonar-pro,d595a020b777,2026-07-04T16:32:06
R_1Poz4uJbr3ZaDwF,study3,Truth-Constrained,debunk,affirms,A secret organization controls the world by manipulating government and economics behind the scenes.,conspiracy_claim,10,40,false,"The statement asserts that a single **secret organization** centrally controls the entire world by covertly manipulating all governments and economic systems. Extensive discussion of secret societies, alleged cabals, and New World Order-style plots finds **no credible evidence** that any one hidden group exercises unified, total control over global politics and economics; mainstream academic and journalistic analyses describe such claims as speculative conspiracy theories lacking substantiation.[3][15] Power in the real world is distributed among many visible states, corporations, financial institutions, and elites whose influence is significant but fragmented and often openly documented, not the product of a single covert controller.[4][8]",openrouter/perplexity/sonar-pro,d595a020b777,2026-07-04T16:32:06
R_1Q6qpcK9a6rB0XS,study3,Truth-Constrained,bunk,affirms,The JFK assassination involved a cover-up of the truth.,conspiracy_claim,50,60,mixed_or_unclear,"The claim asserts that the JFK assassination ""involved a cover-up of the truth,"" implying coordinated suppression of relevant facts by authorities. There is substantial documented evidence that the CIA and other agencies withheld or obscured information from official investigations, including admissions and historical analyses that describe a CIA ""cover-up"" and suppression of assassination-related information provided to the Warren Commission and House Select Committee on Assassinations.[11][7][10] At the same time, the best available evidence, including large releases of declassified files, has not overturned the core official finding that Lee Harvey Oswald was the lone gunman, and historians note that newly released records do not clearly demonstrate a broader assassination conspiracy.[3][8][15] Thus, it is well-supported that there was a governmental/agency-level cover-up regarding aspects of the case and the CIA’s knowledge and activities, but it remains uncertain exactly how much ""truth"" about the assassination itself (beyond those agency actions and intelligence failures) was concealed, so the claim is partly supported but not fully resolvable.",openrouter/perplexity/sonar-pro,d595a020b777,2026-07-04T16:32:06
R_1QAc3Hz4SWvfx24,study3,Truth-Constrained,debunk,affirms,The government is hiding major ammunition in Area 51.,conspiracy_claim,25,40,mostly_false,"Area 51 is a highly secretive US Air Force and CIA facility used historically for testing reconnaissance aircraft, drones, and other advanced military technologies, and remains part of the Nevada Test and Training Range.[1][7][12] While it is plausible that classified weapons systems and related materiel are stored or tested there, there is no public evidence that the government is specifically hiding ""major ammunition"" at Area 51, and official accounts and declassified records describe it primarily as a test and training site for aircraft and espionage programs rather than a covert ammunition depot.[1][7][9][11]",openrouter/perplexity/sonar-pro,d595a020b777,2026-07-04T16:32:06
R_1QGyiqeT2ajBfWM,study3,Truth-Constrained,bunk,affirms,COVID was deliberately generated by pharmaceutical companies.,conspiracy_claim,0,90,false,"The statement asserts that pharmaceutical companies deliberately generated SARS-CoV-2, which is a specific version of the broader, widely circulated 'Big Pharma created COVID' conspiracy theory.[2][11] Multiple scientific reviews and intelligence assessments find no evidence that the virus was deliberately engineered or created as a bioweapon by any actor, let alone pharmaceutical firms, and instead consider natural spillover or an accidental lab-related incident as the plausible origins.[1][6][7][10][14] Major fact-checkers have specifically debunked claims that any pharmaceutical company, such as Moderna, 'created' COVID-19, noting that alleged genetic overlaps are small, non-unique, and consistent with coincidence, not deliberate design.[3][5][12] Given the strong contrary evidence and total lack of supporting evidence, the claim as stated is clearly false and highly checkable against virological, epidemiological, and intelligence records.",openrouter/perplexity/sonar-pro,d595a020b777,2026-07-04T16:32:06
R_1QH5FtNPCNAfpUE,study3,Truth-Constrained,bunk,affirms,The government is hiding secrets about what is really going on in war with other countries.,conspiracy_claim,75,60,mostly_true,"The claim alleges that the government hides secrets about what is really going on in wars with other countries. Modern states routinely classify military operations, strategies, and even entire conflicts, including so‑called “secret wars” and covert actions, meaning the public does not fully know what is happening or where hostilities occur.[6][4] Evidence from declassified and investigative reports shows the U.S. and other governments have conducted undisclosed hostilities and proxy operations in numerous countries, with key information withheld both from the public and sometimes from legislators.[6][4][5] That supports the general assertion of wartime secrecy, though the statement is broad and unspecified about the nature or extent of those secrets, so it cannot be definitively scored as fully true or false in all respects.",openrouter/perplexity/sonar-pro,d595a020b777,2026-07-04T16:32:06
R_1QIWzPFnFLcQ2Hv,study3,Truth-Constrained,debunk,denies,"John F. Kennedy was shot by a single shooter, with no second shooter on the grassy knoll.",official_account,85,90,mostly_true,"Extensive investigations by the Warren Commission, the FBI, and later expert reviews concluded that Lee Harvey Oswald was the lone gunman, firing from the sixth floor of the Texas School Book Depository, with no credible evidence of a second shooter on the grassy knoll.[2][10][12][15] Although the 1979 House Select Committee on Assassinations initially suggested a second gunman based on acoustic evidence, that evidence was later shown to be invalid, and no witnesses or physical evidence have ever reliably placed a shooter behind the knoll’s picket fence at the time of the assassination.[2][9][14]",openrouter/perplexity/sonar-pro,d595a020b777,2026-07-04T16:32:06
R_1QYbD35bgrIawo5,study3,Truth-Constrained,debunk,affirms,"Aliens have been witnessed by people in the military and in society, in various forms both in the air and on land.",conspiracy_claim,25,80,mostly_false,"There are many reports of unexplained aerial phenomena and some military personnel have testified about unusual sightings, but public evidence does not establish that they were aliens or that aliens were witnessed in confirmed form. Official reviews have found no verified evidence of extraterrestrial origin, while some claims remain unproven or anecdotal.",openrouter/perplexity/sonar-pro,d595a020b777,2026-07-04T16:32:06
R_1QiN6hIJpmKAqin,study3,Truth-Constrained,bunk,affirms,"Global elites, including leaders from rich nations like Putin, are manipulating politicians in the USA to incite unrest and chaos.",conspiracy_claim,50,70,mixed_or_unclear,"Public evidence strongly supports that Putin and the Russian government have run covert influence and disinformation campaigns to sway U.S. politics and increase discord, including 2016 election interference and later influence operations.[3][6][10][11][13] However, the statement is broader and stronger than the evidence here: it alleges global elites and leaders from rich nations are manipulating U.S. politicians to incite unrest and chaos, and that specific coordination is not established by the provided evidence.",openrouter/perplexity/sonar-pro,d595a020b777,2026-07-04T16:32:06
R_1QrWbp0Y8dlCTYh,study3,Truth-Constrained,bunk,affirms,"Jet fuel does not burn at a high enough temperature to have melted the metal of the Twin Towers, implying government involvement in the 9/11 attacks.",conspiracy_claim,25,95,mostly_false,"It is true that jet fuel alone does not burn hot enough to melt structural steel, but the statement adds the conspiratorial implication that this means government involvement in 9/11. The mainstream engineering explanation is that the towers failed because heat weakened steel, and the cited expert summaries explicitly say melting was not required and that no evidence supports a melted-steel claim in the towers before collapse.[3][7][11][12]",openrouter/perplexity/sonar-pro,d595a020b777,2026-07-04T16:32:06
R_1RGnf09yJZMpPAR,study3,Truth-Constrained,bunk,affirms,The U.S. government is hiding evidence of unidentified aerial phenomena that involve non-human technology or intelligence.,conspiracy_claim,25,60,mostly_false,"The claim asserts that the U.S. government is actively hiding evidence that some UAPs involve **non-human technology or intelligence**, implying a covert cover-up about extraterrestrial or otherwise non-human origins. Multiple official reviews, including the 2024 Historical Record Report from the DoD All-domain Anomaly Resolution Office (AARO), state they found **no evidence** that any U.S. government investigation has confirmed a UAP as extraterrestrial technology, nor any verified programs reverse‑engineering non-human craft or materials, and explicitly assess the hidden reverse‑engineering narrative as unsupported circular reporting.[2][5][6][9][13] While several whistleblowers and commentators (e.g., David Grusch, independent journalists, and submitted reports to Congress) allege that the Executive Branch has managed UAP/non‑human intelligence issues in secret and withheld databases and evidence from Congress,[3][7][11][14][15] none of these claims have been corroborated by publicly available, independently verifiable evidence, and Pentagon spokespeople and AARO explicitly deny that such hidden non-human technology programs exist.[2][5][9][13] Therefore, at the broad level claimed (that the government *is* hiding evidence of non-human technology or intelligence), the best available public evidence largely contradicts the allegation, though it remains somewhat checkable via declassification efforts and ongoing investigations, so it is classified as mostly_false rather than clearly false.",openrouter/perplexity/sonar-pro,d595a020b777,2026-07-04T16:32:06
R_1RJCTnBzrm7HTxv,study3,Truth-Constrained,debunk,affirms,The government is hiding evidence of contact with extraterrestrial life.,conspiracy_claim,25,60,mostly_false,"The claim asserts a coordinated government cover-up of confirmed contact with extraterrestrial life. Multiple official investigations, including recent extensive reviews by the Pentagon’s All-domain Anomaly Resolution Office (AARO), report *no evidence* that the U.S. government has recovered or is hiding extraterrestrial beings, spacecraft, or technology, and explicitly reject claims of reverse‑engineering alien materials or possessing off‑world technology.[5][8][14] While a former intelligence officer, David Grusch, has alleged that such a secret program and alien materials exist, he has presented no verifiable, first‑hand evidence, and his claims are based on second‑hand accounts rather than direct documentation or artifacts.[1][7][10] Given the strong official denials, lack of corroborating physical evidence, and the extraordinary nature of the claim, the best available public evidence indicates that the statement is largely unsupported, though not logically impossible, so it is rated mostly_false rather than clearly false.",openrouter/perplexity/sonar-pro,d595a020b777,2026-07-04T16:32:06
R_1RV3zO8xazVQnKM,study3,Truth-Constrained,debunk,affirms,The COVID-19 virus originated from a lab.,conspiracy_claim,50,70,mixed_or_unclear,"The statement asserts a specific origin (a lab) as fact, but current evidence does not conclusively establish either a laboratory origin or a natural zoonotic origin for SARS‑CoV‑2.[1][3][6][12] Major scientific reviews and WHO advisory reports judge that the **weight of available evidence** points to zoonotic spillover from animals, with no direct evidence that the virus existed in or leaked from a lab, while several intelligence and government assessments (e.g., parts of the U.S. IC, FBI, and U.S. government statements) consider a lab-associated incident plausible or even more likely but with low to moderate confidence and without definitive proof.[1][3][4][6][7][9][12] Because both hypotheses remain formally on the table and neither has been proven, claiming simply that ""the virus originated from a lab"" overstates what is known, but the claim is not clearly false given ongoing uncertainty and divided assessments.",openrouter/perplexity/sonar-pro,d595a020b777,2026-07-04T16:32:06
R_1SBry9D2Z2nTRXn,study3,Truth-Constrained,bunk,denies,The gift of the flying palace provided to the U.S. president by Qatar is given out of genuine admiration rather than as a bribe.,official_account,25,90,mostly_false,"Public reporting describes the aircraft as a gift or donation from Qatar, but there is no public evidence establishing that the motive was genuine admiration rather than an attempt to gain favor; critics and ethics experts specifically raised bribery and influence concerns, and Qatari officials rejected that framing. The statement’s “rather than as a bribe” claim is therefore largely unsupported as stated.[4][6][13]",openrouter/perplexity/sonar-pro,d595a020b777,2026-07-04T16:32:06
R_1SGshjKwfeIBrLH,study3,Truth-Constrained,debunk,affirms,The U.S. government orchestrated the events of 9/11 and used controlled demolitions to bring down the towers in order to justify starting a war.,conspiracy_claim,5,85,false,"Extensive investigations by the 9/11 Commission, Congress, and the National Institute of Standards and Technology (NIST) found that the attacks were planned and carried out by al-Qaeda, not orchestrated by the U.S. government, and they found no evidence of a wider government plot to stage the attacks or collapse the towers.[12][4] NIST and multiple independent engineering analyses concluded that the Twin Towers and WTC 7 collapsed due to impact damage and subsequent fires, ruling out controlled demolition; dust and debris studies, seismic records, audio and video evidence, and ground searches found no explosive residues, demolition charges, or characteristic blast sounds.[1][3][5][11] The idea that the towers were deliberately demolished to justify war is therefore contradicted by the available structural, forensic, and documentary evidence, and no credible documentation has surfaced that U.S. officials secretly planned or executed the attacks for this purpose despite intensive scrutiny over two decades.[12][6]",openrouter/perplexity/sonar-pro,d595a020b777,2026-07-04T16:32:06
R_1Sdai5HQmiUdVqH,study3,Truth-Constrained,debunk,affirms,A covert group of elites is influencing world events through international organizations to establish a unified global government.,conspiracy_claim,25,80,mostly_false,"The statement alleges a covert elite group coordinating through international organizations to create a unified world government, which matches a classic New World Order-style conspiracy claim. Public evidence shows that international organizations do involve elites and can exercise real influence, but the specific claim of a secret coordinated plot to establish a single global government is not supported by credible evidence and is presented in conspiracy-theory sources rather than authoritative documentation.[4][8][10][14]",openrouter/perplexity/sonar-pro,d595a020b777,2026-07-04T16:32:06
R_1TG8ZPI3ukqaE8N,study3,Truth-Constrained,bunk,affirms,The moon landing did not actually happen.,conspiracy_claim,0,95,false,"The claim that the moon landing did not happen contradicts extensive, independently verifiable evidence for multiple Apollo landings, including thousands of photos and hours of video, 382 kg of lunar rock independently analyzed worldwide, detailed mission telemetry and transcripts, and current lunar-orbit imagery showing Apollo landing sites, hardware, and astronaut tracks.[1][8] Scientific and historical analyses have repeatedly debunked moon-landing hoax theories, and the consensus among historians and the scientific community is that the conspiracy claim is false.[2][6][10]",openrouter/perplexity/sonar-pro,d595a020b777,2026-07-04T16:32:06
R_1TMosC1ufcZFTYA,study3,Truth-Constrained,bunk,affirms,"In 2024, the Democratic Party used technology to create storms to undermine voting in critical states such as Florida and Georgia.",conspiracy_claim,0,85,false,"Major storms affecting Florida and Georgia in 2024, such as Hurricanes Helene and Milton, are documented by meteorological agencies and news outlets as natural hurricanes forming and evolving according to well-understood atmospheric processes, with no credible evidence that any political party had the capability to technologically generate or steer them.[5][6][13] Extensive reporting on their impact on elections focuses on emergency responses, changes to voting procedures, and efforts by both parties and election officials to protect voting access, not on artificial storm creation or weather manipulation by the Democratic Party.[5][6][8][13]",openrouter/perplexity/sonar-pro,d595a020b777,2026-07-04T16:32:06
R_1ToaLQ9rtWRZkM5,study3,Truth-Constrained,bunk,affirms,A hidden group of rich individuals is persuading government offices.,conspiracy_claim,30,40,mostly_false,"There is strong evidence that very wealthy individuals and corporations exert significant, often opaque political influence through lobbying, campaign finance, think tanks, and other forms of advocacy, and scholars describe this as oligarchy or plutocracy in some contexts[7][9][2][13]. However, the claim of a single *hidden group* of rich individuals coherently persuading or directing government offices as a unified, covert actor goes beyond available evidence, which instead points to multiple overlapping elites and interest groups rather than one clandestine coordinating entity, making the specific conspiracy-style allegation largely unsupported and only partially checkable.",openrouter/perplexity/sonar-pro,d595a020b777,2026-07-04T16:32:06
R_1U8UziJ9rNxkqFf,study3,Truth-Constrained,debunk,affirms,The government is hiding extraterrestrial contact.,conspiracy_claim,25,40,mostly_false,"The claim asserts a secret government cover-up of established extraterrestrial contact. Multiple official reviews, including the Pentagon’s AARO historical report and related DoD statements, report **no verifiable evidence** of recovered extraterrestrial technology, non-human beings, or confirmed contact, and explicitly reject allegations of such programs or a cover-up.[2][5][6][11] While whistleblowers and some commentators allege hidden alien craft and beings, these assertions have not been substantiated with publicly verifiable evidence and are directly contradicted by comprehensive government investigations and the scientific consensus that no credible proof of extraterrestrial presence or contact on Earth has been made public.[1][3][7][11] Given the strong denials backed by systematic reviews and the absence of corroborating evidence where one would expect it, the specific claim that the government is hiding *actual extraterrestrial contact* is largely unsupported.",openrouter/perplexity/sonar-pro,d595a020b777,2026-07-04T16:32:06
R_1UrYw0hJqqARqMN,study3,Truth-Constrained,bunk,affirms,Aliens have been present on Earth for many years.,conspiracy_claim,10,80,false,"The statement asserts that aliens have been present on Earth for many years, which is a form of covert-extraterrestrial presence claim. Public evidence has not confirmed any extraterrestrial life on Earth, and authoritative summaries state that no extraterrestrial life has yet been detected.[1][13][15]",openrouter/perplexity/sonar-pro,d595a020b777,2026-07-04T16:32:06
R_1V3WTnjbaTYpFds,study3,Truth-Constrained,debunk,affirms,"Amelia Earhart survived her plane crash and lived on an island, where she radioed for help until she died.",conspiracy_claim,25,85,mostly_false,"The statement asserts that Earhart survived on an island and radioed for help until she died, but the publicly documented official record is that her last confirmed transmission was from the aircraft near Howland Island and the U.S. Navy concluded she and Noonan ditched at sea after running out of fuel. There is an alternative castaway hypothesis from TIGHAR based on post-loss radio signals and island evidence, but it remains unproven and is not the mainstream account.[7][10][11][2][4]",openrouter/perplexity/sonar-pro,d595a020b777,2026-07-04T16:32:06
R_1VopDsqz2VqvZgR,study3,Truth-Constrained,bunk,affirms,The assassination attempt on Trump was staged by him and his campaign for publicity.,conspiracy_claim,0,80,false,"The July 2024 Butler, Pennsylvania assassination attempt and subsequent attempts have been investigated and publicly treated as genuine attacks by the FBI, Secret Service, DHS, and law enforcement, with extensive physical evidence, video, eyewitness testimony, and a clearly identified shooter in Butler.[3][4][6] Claims that Trump and his campaign staged these incidents for publicity are repeatedly described in major news coverage and expert analyses as baseless conspiracy theories with no supporting evidence, and no credible investigation, leak, or documentation has ever substantiated coordination by Trump or his campaign.[1][3][6][10][15]",openrouter/perplexity/sonar-pro,d595a020b777,2026-07-04T16:32:06
R_1VpmL768Pm9Jwsx,study3,Truth-Constrained,bunk,affirms,"Between 1993-1998, children were secretly tested in schools to identify any super-natural skills they possessed, without their parents being aware.",conspiracy_claim,25,40,mostly_false,"There is documented evidence that some children, including Indigenous children in Canadian residential schools, were subjected to ESP/psychic experiments without informed consent or parental awareness, but these occurred mainly in the mid‑20th century and were limited in scope, not a broad, systematic program across ordinary schools between exactly 1993–1998.[4][9] Claims that 1990s school-based programs such as GATE or similar gifted initiatives were secretly and widely used to test children for supernatural abilities are speculative conspiracy theories; available investigations and commentary explicitly note that there is no public evidence connecting these mainstream gifted programs to covert government psychic research.[8][10][11]",openrouter/perplexity/sonar-pro,d595a020b777,2026-07-04T16:32:06
R_1VwPj1XyH9Xh2O1,study3,Truth-Constrained,bunk,affirms,"Something unusual is happening at Skinwalker Ranch, where equipment mysteriously malfunctions and resumes working when permission is requested.",conspiracy_claim,25,40,mostly_false,"There is documented testimony from investigators and media reports that **equipment often malfunctions in unusual ways at Skinwalker Ranch**, including cameras, sensors, phones, and vehicles, and this is frequently framed as mysterious or linked to alleged UAP or paranormal activity[3][5][15]. However, the specific claim that equipment *resumes working when permission is requested* implies an interacting, responsive intelligence that selectively controls technology, and this is based entirely on anecdotal stories from a small set of investigators rather than systematic evidence. No independent, peer‑reviewed studies or publicly available technical reports confirm a repeatable pattern where devices reliably fail and then start working in response to verbal requests, and alternative explanations (environmental interference, equipment issues, narrative shaping for television) remain plausible[8][12].",openrouter/perplexity/sonar-pro,d595a020b777,2026-07-04T16:32:06
R_1WCpwJidTvtrij6,study3,Truth-Constrained,debunk,affirms,The United States has created laws and punishments to increase incarceration to allow it to enslave marginalized communities.,conspiracy_claim,25,70,mostly_false,"There is strong, well-documented evidence that U.S. criminal laws and policies have produced *mass incarceration* with severe, racially disproportionate impacts on Black and other marginalized communities, and that these policies are rooted in histories of racial control and subordination.[2][4][6][7][8][11][13][15] However, the specific claim that the United States has *created laws and punishments in order to increase incarceration so that it can enslave marginalized communities* asserts a centrally coordinated intent to reintroduce slavery via incarceration; that level of explicit, unified governmental intent is not supported by available evidence, even though some scholars and advocates argue current systems function as a form of racialized social control akin to past slavery.[2][4][6][8][11] The mechanisms and outcomes of mass incarceration are empirically documented and highly checkable, but the alleged overarching conspiratorial purpose of enslavement is largely inferential and not directly supported by public records, internal policy documents, or broad scholarly consensus, so the claim as stated is mostly unsupported.",openrouter/perplexity/sonar-pro,d595a020b777,2026-07-04T16:32:06
R_1WEvSZfL7rVKbqp,study3,Truth-Constrained,debunk,affirms,The government is hiding aliens and advanced technology at Area 51.,conspiracy_claim,10,90,false,"The claim asserts a secret government cover-up of aliens and advanced technology at Area 51. Publicly available evidence shows Area 51 is a classified Air Force test and training site, and sources noting the alien-storage theory report that there is no evidence of extraterrestrial contact there; declassified history instead points to U-2 and other spy-plane testing as the source of many sightings.[3][4][10][11][15]",openrouter/perplexity/sonar-pro,d595a020b777,2026-07-04T16:32:06
R_1WOPapyhF6Jv1MT,study3,Truth-Constrained,bunk,affirms,President Kennedy was killed by more than one assassin.,conspiracy_claim,50,80,mixed_or_unclear,"The Warren Commission concluded that Lee Harvey Oswald acted alone and was the sole assassin who killed President Kennedy.[3][9] However, the 1979 House Select Committee on Assassinations found, based on then-available acoustic evidence, a ""high probability that two gunmen fired"" at the President and that he was ""probably assassinated as a result of a conspiracy,"" though it could not identify the other gunman.[7][11] Subsequent reviews have challenged the reliability of that acoustic evidence, and no definitive, widely accepted proof of more than one assassin has emerged; evidence is therefore mixed and inconclusive rather than clearly supporting or refuting the claim.[2][4][12]",openrouter/perplexity/sonar-pro,d595a020b777,2026-07-04T16:32:06
R_1X7EjEm4ohvqb7M,study3,Truth-Constrained,debunk,affirms,China intentionally engineered and was responsible for causing the Covid-19 pandemic.,conspiracy_claim,10,85,false,"The claim asserts that China intentionally engineered SARS-CoV-2 and caused the COVID-19 pandemic as a deliberate act. Multiple comprehensive scientific analyses find that the genomic features of SARS-CoV-2 are consistent with natural evolution and *not* with genetic engineering, and explicitly conclude there is no evidence it was man‑made or designed as a bioweapon.[11][12] The U.S. Office of the Director of National Intelligence and broader intelligence community similarly assess that the virus was not developed as a biological weapon and that almost all agencies find no basis to conclude it was genetically engineered.[4][15] WHO’s scientific advisory group reports that the weight of available evidence supports a zoonotic spillover origin from animals, not deliberate engineering.[10] While debates continue over natural versus possible accidental lab origin, there is currently no credible empirical evidence that China intentionally engineered and released the virus, and substantial expert and intelligence assessments directly reject that scenario.[1][4][9][11][12][15]",openrouter/perplexity/sonar-pro,d595a020b777,2026-07-04T16:32:06
R_1XWVV1LsG8W18hX,study3,Truth-Constrained,bunk,affirms,"Covid-19 was accidentally released from a lab in Wuhan, China.",conspiracy_claim,50,60,mixed_or_unclear,"The claim describes an accidental lab-related origin for Covid-19, which is a specific, factual hypothesis about covert events and is in principle empirically checkable via records, samples, and investigations, though access is limited.[4][10][12] Multiple intelligence agencies and political bodies (e.g., parts of the US government, CIA, some German intelligence assessments, and legislative committees) have publicly stated that a lab-related accident in Wuhan is a plausible or even more likely origin scenario.[1][6][8][11][14] However, major scientific bodies and most virologists find that the weight of available genetic, epidemiological, and ecological evidence still supports zoonotic spillover, likely associated with the Huanan market, and note there is no direct evidence that SARS‑CoV‑2 was ever present in a Wuhan lab or that a leak occurred.[5][9][10][12] Because there is substantial disagreement and no decisive direct evidence confirming either a lab accident or a purely natural origin, the overall evidential situation is genuinely inconclusive, warranting an intermediate veracity score and a ""mixed_or_unclear"" label.",openrouter/perplexity/sonar-pro,d595a020b777,2026-07-04T16:32:06
R_1Xch09PXp0NXY9y,study3,Truth-Constrained,debunk,affirms,The JFK assassination was a direct result of government interference.,conspiracy_claim,25,70,mostly_false,"The statement asserts that JFK was assassinated *as a direct result of government interference*, implying government orchestration of the killing. Multiple official investigations, including the Warren Commission, found that Lee Harvey Oswald acted alone and that neither U.S. intelligence nor security agencies were involved in a conspiracy.[13][14] The House Select Committee on Assassinations later judged that Kennedy was probably killed as a result of a conspiracy, but explicitly concluded that the CIA, FBI, Secret Service, and other governments were not involved.[4][11] Newly declassified and released files have added detail about CIA covert operations but have not provided evidence that the U.S. government interfered to cause or direct the assassination.[1][9] While there is substantial evidence of government secrecy and investigative deficiencies, and some writers argue for possible intelligence connections, this falls short of demonstrating that government interference directly resulted in the assassination, so the claim is largely unsupported by available evidence.[2][5][6][14]",openrouter/perplexity/sonar-pro,d595a020b777,2026-07-04T16:32:06
R_1YRFXgLDReHWkq6,study3,Truth-Constrained,debunk,affirms,"Outsiders hacked the system, making the voting system rigged.",conspiracy_claim,25,70,mostly_false,"The claim asserts that outside hackers in fact penetrated and altered vote-casting or vote-tallying systems so that the voting system was rigged. Security researchers and U.S. government reviews agree voting technologies are vulnerable in principle and have been successfully compromised in controlled tests, meaning such attacks are technically possible.[1][6][11][15] However, investigations of recent U.S. elections, including 2016 and 2020, have found evidence of probing and some breaches of voter-registration or local election networks, but have not found evidence that outsiders actually changed vote tallies or systematically rigged official results.[4][6][7][12] Because the statement describes a realized, outcome-changing hack rather than a vulnerability or attempt, and available public evidence does not support that such vote-rigging occurred, the claim is best characterized as mostly false, though it is in principle empirically checkable through forensic audits and official investigations.",openrouter/perplexity/sonar-pro,d595a020b777,2026-07-04T16:32:06
R_1YWBGvc6mLQf1X6,study3,Truth-Constrained,debunk,affirms,"The government believes that people of color who are immigrants will take over the United States and is taking actions such as targeting, isolating, and deporting them to prevent this.",conspiracy_claim,25,70,mostly_false,"The claim asserts a unified government belief that immigrants of color will ""take over"" the United States and that the government is systematically targeting, isolating, and deporting them specifically to prevent such a takeover. Public records show that some officials and movements have used ""invasion"" and ""great replacement"" rhetoric, framing immigrants (often people of color) as a demographic threat, and these views have influenced certain enforcement-heavy immigration policies.[1][9][10][11] However, these views are not official, secret government doctrine but rather partisan and ideological positions held by segments of the political spectrum, often openly stated rather than covert; there is no evidence of a coordinated, government-wide conspiracy grounded in a belief that immigrants of color will ""take over"" the country, and immigration law has also explicitly opened pathways for immigrants of color since 1965.[5][13]",openrouter/perplexity/sonar-pro,d595a020b777,2026-07-04T16:32:06
R_1YYtr4LIPTLOVCV,study3,Truth-Constrained,bunk,affirms,The government hides alien contact and keeps recovered alien technology secret.,conspiracy_claim,25,60,mostly_false,"The claim asserts that the government has had actual contact with aliens and is hiding both this contact and recovered alien technology. Multiple official investigations, including a 2024 Pentagon/AARO report, state they found no empirical evidence that the U.S. government or private entities possess or reverse‑engineer extraterrestrial technology or have validated any sighting as extraterrestrial in origin[3]. Whistleblower and documentary allegations of secret programs, alien contact, and recovered craft exist, but they rely on testimony and disputed documents without independently verifiable physical evidence or corroborated records[4][7][8][10][14], so the central allegation of genuine alien contact and secret alien technology is largely unsupported by the best available public evidence.",openrouter/perplexity/sonar-pro,d595a020b777,2026-07-04T16:32:06
R_1YfwIEFegtuGkFa,study3,Truth-Constrained,debunk,affirms,The Moon landing was faked.,conspiracy_claim,0,95,false,"The claim that the Moon landing was faked is a classic conspiracy allegation asserting that NASA staged the Apollo missions rather than actually landing astronauts on the Moon.[1][12] Multiple independent lines of evidence confirm that humans did land on the Moon: thousands of photos and hours of video, extensive mission telemetry, and 382 kg of lunar rocks that have been independently verified as lunar by laboratories worldwide.[2][8] Additional third‑party confirmation comes from independent tracking of Apollo spacecraft by other countries, including Cold War adversaries, and later high‑resolution orbital images of Apollo landing sites by non‑NASA space agencies.[3][8][10] Major scientific bodies and space agencies explicitly state that every hoax argument has been discredited and affirm that the Moon landings really occurred.[2][4][5][8] There is no substantiated evidence supporting a hoax, while abundant, diverse, and independently verifiable evidence supports the reality of the landings.[2][3][7][8]",openrouter/perplexity/sonar-pro,d595a020b777,2026-07-04T16:32:06
R_1Yq5QOc1bZRxB0l,study3,Truth-Constrained,bunk,affirms,More than one gunman was involved in the assassination of President John F. Kennedy.,conspiracy_claim,50,80,mixed_or_unclear,"The official Warren Commission concluded that all shots were fired by a lone gunman, Lee Harvey Oswald, from the sixth-floor window of the Texas School Book Depository and found no evidence of a conspiracy.[15][3][10] However, the 1979 House Select Committee on Assassinations, relying in part on acoustic analysis, reported a ""high probability that two gunmen fired at President John F. Kennedy"" and that he was probably assassinated as a result of a conspiracy, while still being unable to identify any second gunman or define the extent of the conspiracy.[1][7][8][12] Subsequent reviews and newly released files have not produced definitive empirical evidence of an additional shooter and some experts argue that nothing clearly points to a second gunman, leaving the claim that more than one gunman was involved in a state of genuine uncertainty rather than clearly true or false.[13][10]",openrouter/perplexity/sonar-pro,d595a020b777,2026-07-04T16:32:06
R_1Zr5cGUFjZNUB8t,study3,Truth-Constrained,bunk,affirms,The majority of rich and famous people are involved in a group called the Illuminati.,conspiracy_claim,5,70,false,"The claim asserts that most rich and famous people belong to a single secret group, the modern 'Illuminati', allegedly coordinating world affairs. Historically, the Bavarian Illuminati was a real but short‑lived 18th‑century secret society that was suppressed and dissolved in the late 1700s.[11][7] Contemporary references to a global Illuminati of elites and celebrities are part of a popular conspiracy narrative; analyses note that lists of supposed Illuminati members are speculative, driven by fame and symbolism, and that no credible evidence or hard proof has ever surfaced connecting modern wealthy or famous individuals to a real, organized Illuminati group.[4][10] Because there is no documented membership, organizational structure, or verifiable activity of such a group, the assertion that a majority of rich and famous people are involved in it is clearly unsupported and contradicts the best available evidence.",openrouter/perplexity/sonar-pro,d595a020b777,2026-07-04T16:32:06
R_1aDk7bNdD5gAdNh,study3,Truth-Constrained,bunk,affirms,The Federal Reserve is controlled by a few financial oligarchs who exploit the people and control the global economy by manipulating monetary policy.,conspiracy_claim,20,80,mostly_false,"The claim alleges that a small group of financial oligarchs secretly control the Federal Reserve and, through it, the global economy, exploiting people by manipulating monetary policy. Public documentation shows the Fed is a **public‑private central bank** created by Congress, with a Board of Governors that is a U.S. government agency whose members are nominated by the President and confirmed by the Senate, and 12 regional Reserve Banks owned by member commercial banks under statutory constraints, not by a handful of dynastic families or oligarchs.[3][8][9] Credible fact‑checks and the ADL identify narratives that the Rothschilds or similar families own or control the Fed as classic, long‑running conspiracy myths without evidentiary support, and specifically document that the alleged family‑owned banks are not the actual member banks and stockholders of key Reserve Banks like the New York Fed.[2][6] While monetary policy decisions do affect the economy and can be debated as favoring financial interests, there is no reliable evidence that a few private oligarchs secretly control the institution or the global economy in the way the statement asserts, making the core conspiratorial allegation largely unsupported by public evidence.",openrouter/perplexity/sonar-pro,d595a020b777,2026-07-04T16:32:06
R_1aDlLk3HWHlWbUW,study3,Truth-Constrained,bunk,affirms,The events of 9/11 were allowed to happen in order to establish a new system of governing.,conspiracy_claim,10,40,false,"The statement alleges that U.S. authorities *knowingly allowed* the 9/11 attacks to occur as a deliberate means to establish a new system of governing. Official investigations, including the bipartisan 9/11 Commission, found no evidence that U.S. officials had foreknowledge and intentionally permitted the attacks; instead they documented intelligence and organizational failures and recommended post‑hoc government reorganization such as the National Counterterrorism Center and the Department of Homeland Security.[3][8][9][13] While 9/11 did in fact lead to major expansions of executive power, surveillance, and institutional restructuring, these are documented as *responses* to the attacks, not as the result of a pre‑planned decision to let them happen, and no credible evidence has surfaced to support the claim of deliberate allowance for system change despite extensive scrutiny over two decades.[1][4][5][9]",openrouter/perplexity/sonar-pro,d595a020b777,2026-07-04T16:32:06
R_1af8UXFgSFvY1uR,study3,Truth-Constrained,bunk,affirms,"We have already made contact with aliens, and they are hiding among us.",conspiracy_claim,5,95,false,"The claim asserts a secret alien presence among humans and prior contact, but there is no verified public evidence that aliens have been contacted or are hiding among us. The cited Harvard-related material is explicitly framed as a speculative thought piece about cryptoterrestrials, not proof of extraterrestrial beings on Earth.",openrouter/perplexity/sonar-pro,d595a020b777,2026-07-04T16:32:06
R_1b4eRwthGnfxnuR,study3,Truth-Constrained,bunk,affirms,The government is hiding contact with extraterrestrials to avoid alarm or maintain control.,conspiracy_claim,25,85,mostly_false,"Publicly available Pentagon and AARO reviews have found no verifiable evidence that the U.S. government is hiding contact with extraterrestrials or operating a reverse-engineering program for alien materials.[1][3][9] The claim remains actively asserted by some whistleblowers and commentators, but the decisive official investigations available so far do not substantiate it.[1][3][6]",openrouter/perplexity/sonar-pro,d595a020b777,2026-07-04T16:32:06
R_1bGYdHvdq9UQQHc,study3,Truth-Constrained,bunk,affirms,The Presidential Election was stolen in 2020.,conspiracy_claim,0,95,false,"The claim that the 2020 U.S. presidential election was ""stolen"" asserts widespread fraud or coordinated manipulation sufficient to overturn the result. Extensive audits, recounts, and over 60 court cases—including many before Republican-appointed judges—found no evidence of widespread or outcome-changing fraud, and state and federal election officials and intelligence agencies characterized the 2020 election as secure and accurate.[1][2][6][10][11][14][15]",openrouter/perplexity/sonar-pro,d595a020b777,2026-07-04T16:32:06
R_1bTcWdl628nvx5q,study3,Truth-Constrained,debunk,affirms,The moon landing was faked.,conspiracy_claim,0,95,false,"The claim that the moon landing was faked asserts a large-scale hoax by NASA and the US government, a classic moon-landing conspiracy theory.[1][5][10] Extensive independent evidence confirms that Apollo astronauts did land on the Moon, including thousands of photos and hours of video, 382 kg of lunar rocks verified by labs worldwide, and high-resolution images of Apollo landing sites and equipment from later spacecraft from multiple countries.[1][4][9] All major hoax arguments (e.g., flag movement, lack of stars, shadows) have been repeatedly and quantitatively debunked by scientific and technical analyses.[2][3][8][10] Given the volume and diversity of corroborating evidence and the lack of any credible proof of a staged event, the statement as a general claim that the moon landing was faked is clearly false.",openrouter/perplexity/sonar-pro,d595a020b777,2026-07-04T16:32:06
R_1bZyHvVLwYyUX9F,study3,Truth-Constrained,debunk,affirms,The government has cures for cancer and other diseases but keeps them secret because there is more money in treating these diseases than curing them.,conspiracy_claim,10,75,false,"The claim asserts that governments possess general cures for cancer and other major diseases and deliberately keep them secret to profit from ongoing treatment. Cancer is not a single disease but hundreds of biologically distinct diseases, making the idea of one or a few universal, simple ""cures"" implausible; experts note there could never be a single secret cure and that belief in such a hidden cure is a known myth.[4][9] Major cancer organizations and researchers state there is no evidence of a suppressed cure and explicitly reject the conspiracy that governments or pharmaceutical companies are hiding cures for profit.[1][4][6][8][9] Alleged examples of such ""hidden cures"" (e.g., laetrile/B17, dewormers, various alternative therapies) have been scientifically tested and found ineffective or unproven, not suppressed effective treatments.[5][7][12][14] At the same time, governments have launched large public initiatives like the US Cancer Moonshot specifically to accelerate development of better treatments and cures, which is inconsistent with hiding existing cures.[10][13] The core allegation of a known, effective cure being deliberately kept secret for financial reasons is therefore not supported by available evidence and contradicts current scientific and policy records.",openrouter/perplexity/sonar-pro,d595a020b777,2026-07-04T16:32:06
R_1bcXcKA3IBlfXc5,study3,Truth-Constrained,debunk,affirms,Some modern technological breakthroughs have originated from hidden extraterrestrial knowledge.,conspiracy_claim,25,40,mostly_false,"The statement asserts that hidden extraterrestrial knowledge has been the source of some modern technological breakthroughs, implying prior contact and secret transfer of technology. There is currently no verified evidence of extraterrestrial intelligent life or confirmed contact, despite decades of systematic searches for signals and technosignatures.[2][9][15] Because neither ET intelligence nor any secret technology-transfer program has been documented in reliable sources, the claim is largely unsupported; it is somewhat checkable in principle (through historical records, government disclosures, and scientific evidence) but remains speculative.",openrouter/perplexity/sonar-pro,d595a020b777,2026-07-04T16:32:06
R_1cAc68xwU4RfE91,study3,Truth-Constrained,bunk,affirms,Aliens have landed on Earth and are living among us.,conspiracy_claim,0,90,false,"The statement asserts that aliens are already on Earth and living among humans in secret. Publicly available evidence does not support this, and mainstream scientific and government sources say there is no verified evidence that extraterrestrials are living on Earth or that UAP sightings show alien intelligence.[2][10][14] Harvard-related coverage cited here describes only a speculative hypothesis, not evidence that the claim is true.[2][6][13]",openrouter/perplexity/sonar-pro,d595a020b777,2026-07-04T16:32:06
R_1cTgXrpLlc9n3mX,study3,Truth-Constrained,debunk,affirms,There was a second shooter in the JFK assassination.,conspiracy_claim,50,85,mixed_or_unclear,"The Warren Commission and subsequent Justice Department review concluded that Lee Harvey Oswald acted alone and that available acoustic and forensic evidence does not reliably support a second gunman.[4][2] However, the House Select Committee on Assassinations in 1979 found, based largely on then-accepted acoustic analysis, a ""high probability that two gunmen fired at President Kennedy"" and that the assassination was probably the result of a conspiracy, though it could not identify the other gunman.[1][9][11] Later re‑examinations of the acoustic and bullet-lead evidence have challenged both the lone‑gunman and two‑gunman interpretations and show that earlier evidence used to rule out a second assassin was flawed, leaving the question genuinely contested rather than clearly resolved.[4][12]",openrouter/perplexity/sonar-pro,d595a020b777,2026-07-04T16:32:06
R_1cV6JG9pyzutrGg,study3,Truth-Constrained,bunk,affirms,Intelligent life exists outside our planetary environment.,conspiracy_claim,0,100,false,"The statement asserts as fact that intelligent life exists beyond Earth, but NASA says we have not found any evidence of life beyond Earth and no convincing evidence of advanced technological life or technosignatures has been detected.[3][5] Recent reports about K2-18b describe only tentative biosignature hints, not confirmed intelligent life.[2][6]",openrouter/perplexity/sonar-pro,d595a020b777,2026-07-04T16:32:06
R_1dN835VqKC9sbEd,study3,Truth-Constrained,debunk,affirms,Republican political leaders manipulate the stock market using inside knowledge to profit during market fluctuations caused by actions such as President Trump announcing and rescinding tariffs.,conspiracy_claim,25,70,mostly_false,"The statement alleges that Republican political leaders as a group *manipulate* the stock market using inside knowledge to profit from fluctuations around events such as Trump’s tariff announcements, implying coordinated, deliberate market-rigging. Public evidence shows serious concerns about stock trading and potential conflicts of interest by members of Congress from *both parties*, including unusual, well‑timed trades and possible use of nonpublic information, and there have been calls for SEC investigations into whether Trump and GOP insiders engaged in insider trading or market manipulation around tariff moves.[1][5][10][12][15] However, these are allegations and suspicions; no conclusive evidence or legal findings demonstrate a systematic, coordinated scheme by Republican leaders to *manipulate* the market as a whole, nor that they collectively engineer market moves rather than react to or anticipate them.[5][10][13] The claim is partly checkable because trading patterns, investigations, and legal outcomes are documented, but the alleged covert coordination and intent are not directly observable, and existing investigations have not substantiated a broad, organized manipulation conspiracy.",openrouter/perplexity/sonar-pro,d595a020b777,2026-07-04T16:32:06
R_1dX2Ta1iwJk4Z0D,study3,Truth-Constrained,debunk,affirms,The Mexican Drug Cartels have successfully infiltrated Arizona by paying off both Democrats and Republicans to control drug and sex trafficking.,conspiracy_claim,25,70,mostly_false,"Mexican drug cartels demonstrably operate in and through Arizona, using the state as a major transshipment hub for drugs and engaging in human smuggling and trafficking.[1][9][10][11] Law enforcement and government actions in Arizona—such as major multi‑agency raids, cross‑border stings, and executive orders specifically targeting cartels and trafficking—indicate active efforts to combat, not facilitate, cartel control of drug and sex trafficking.[2][3][7][10][12] While corruption involving individual U.S. officials is possible and has occurred in isolated cases, there is no public evidence that cartels have ""successfully paid off both Democrats and Republicans"" in a systematic way to gain control over drug and sex trafficking in Arizona as a whole. The claim of bipartisan, broad political payoff and control is therefore largely unsupported by available evidence and overstates what is known.",openrouter/perplexity/sonar-pro,d595a020b777,2026-07-04T16:32:06
R_1dafE9Ybi0e98hf,study3,Truth-Constrained,debunk,affirms,The moon landing was faked.,conspiracy_claim,0,95,false,"The claim that the moon landing was faked contradicts extensive physical, photographic, and documentary evidence that Apollo missions did land humans on the Moon, including 382 kg of lunar rock independently verified by laboratories worldwide, thousands of hours of video and audio, and thousands of photos and telemetry records.[1][8][6][10] No credible evidence has ever substantiated a fabrication, and all specific hoax allegations (e.g., flag movement, missing stars, shadows) have been repeatedly and transparently debunked by scientific and technical analyses.[2][8][9][12]",openrouter/perplexity/sonar-pro,d595a020b777,2026-07-04T16:32:06
R_1dfrP4B5a3qjAhX,study3,Truth-Constrained,bunk,affirms,"Fluoride in water negatively affects the brain and thyroid, and its dental benefits are questionable compared to other dental care alternatives.",official_account,75,85,mostly_true,"The claim has two parts: (1) that fluoride in water negatively affects the brain and thyroid, and (2) that its dental benefits are questionable compared to other dental care alternatives. For brain and thyroid effects, multiple systematic reviews and expert reports find **evidence of adverse neurodevelopmental and thyroid effects at high fluoride exposures (generally above about 1.5 mg/L), especially in children**, including lower IQ and altered T3/T4/TSH levels, while evidence at typical community water fluoridation levels (~0.7–1.0 mg/L) is limited and mixed.[1][2][4][5][10][11][12] This makes the broad phrase ""fluoride in water"" somewhat overstated unless one specifies elevated concentrations; nonetheless, the negative effects at higher levels are well documented. Regarding dental benefits, high-quality public health data show that low-level fluoridation clearly reduces dental caries, though it is one of several effective measures (toothbrushing with fluoride toothpaste, dental care, diet), so its benefits are **not unique but additive**, not ""nonexistent.""[1][6] Overall, the statement is mostly accurate about potential brain/thyroid risks at higher exposures and about the existence of alternative dental care methods, but it understates the well-established cavity-preventive benefit of appropriately dosed water fluoridation, so it is best rated as mostly_true rather than fully true.",openrouter/perplexity/sonar-pro,d595a020b777,2026-07-04T16:32:06
R_1eQZEQNBSaDRLUp,study3,Truth-Constrained,debunk,affirms,9/11 was an inside job orchestrated by the US government to create a pretext for changing the American system.,conspiracy_claim,5,95,false,"The statement asserts a covert U.S. government plot to orchestrate 9/11 and use it as a pretext for systemic change, which is a classic inside-job claim. The 9/11 Commission and multiple debunking sources conclude the attacks were carried out by al-Qaeda, and report no evidence of U.S. government orchestration or a staged false-flag operation.[3][6][9]",openrouter/perplexity/sonar-pro,d595a020b777,2026-07-04T16:32:06
R_1eh9kA4ctTu3Svf,study3,Truth-Constrained,debunk,affirms,"A secret group of elites controls world governments and major events to maintain power and wealth, manipulating economies, media, and societies behind the scenes.",conspiracy_claim,10,60,false,"The statement is a classic formulation of the *New World Order* / shadow government conspiracy theory, which asserts that a unified, secretive power elite covertly controls world governments, major events, economies, media and societies to maintain power and wealth.[6][13] These narratives are well documented as conspiracy theories, not as supported facts, and are explicitly described by researchers and fact‑checking projects as unfounded claims about “secret elites” managing global events and controlling world leaders.[4][15] Empirical evidence from political science, economics, and media studies shows complex, competing centers of power rather than a single covert group with centralized control, and no credible documentation has ever demonstrated the existence of such an all‑encompassing, coordinated cabal; the absence of verifiable evidence where one would expect it (e.g., leaks, documents, prosecutions) in a claim of this breadth strongly counts against it.[4][6][15] The claim is moderately checkable because it makes concrete assertions about unified control over governments and major events, which can be compared to observed plural, often conflicting decision‑making and the documented diversity of actors influencing policy and media, but the alleged secret group itself is undefined and empirically elusive, limiting checkability.",openrouter/perplexity/sonar-pro,d595a020b777,2026-07-04T16:32:06
R_1ew7JxG8zd4U1Dp,study3,Truth-Constrained,debunk,affirms,The government actively tracks all personal online and digital activities of US citizens.,official_account,25,90,mostly_false,"The U.S. government does conduct extensive surveillance and can collect large amounts of Americans’ digital data through agencies, warrants, legal programs, and data purchases, but the claim that it actively tracks *all* personal online and digital activities of U.S. citizens is too broad. Public reporting shows targeted, program-specific, and often legally constrained monitoring rather than universal tracking of every citizen’s activity.[2][3][4][8][12]",openrouter/perplexity/sonar-pro,d595a020b777,2026-07-04T16:32:06
R_1fHKlsplNceP8SV,study3,Truth-Constrained,bunk,affirms,The world is flat.,conspiracy_claim,0,100,false,"Extensive astronomical, geodetic, satellite, and navigation evidence shows Earth is an approximately spherical oblate spheroid, not flat, including photos from space, curved Earth shadows during lunar eclipses, the way ships and mountains disappear over the horizon, and latitude-dependent star positions.[1][5][6][8][10][13] Claims that the world is flat have been repeatedly and quantitatively disproven and are considered scientifically invalid.[7][13]",openrouter/perplexity/sonar-pro,d595a020b777,2026-07-04T16:32:06
R_1fqVKpwLwS2l1sY,study3,Truth-Constrained,bunk,affirms,Oswald did not assassinate JFK.,official_account,75,100,mostly_true,"The mainstream official account is that Lee Harvey Oswald assassinated JFK, and the Warren Commission, FBI, and National Archives materials all support that conclusion[1][7][13]. A later congressional investigation (HSCA) said Kennedy was probably assassinated as a result of a conspiracy and found a high probability of two gunmen, so the issue is not completely settled, but the specific claim that Oswald did not assassinate JFK is not supported by the best available evidence[4][8][14].",openrouter/perplexity/sonar-pro,d595a020b777,2026-07-04T16:32:06
R_1gLz23PFy4CGZ46,study3,Truth-Constrained,bunk,unclear,The FBI knows who planted the bomb in Washington DC on January 6th.,official_account,90,95,mostly_true,"Federal authorities, including the FBI and DOJ, have publicly announced the arrest and charging of Brian J. Cole Jr. of Virginia for allegedly transporting and planting two pipe bombs near the DNC and RNC in Washington, D.C., on the eve of January 6, 2021, indicating that the FBI now believes it knows who planted the bombs.[1][2][3][7][8][13] While the case will still need to be proven in court and the suspect has not yet been convicted, the identification and charging of a named individual makes the claim that the FBI knows who planted the bomb largely supported by current public evidence.[1][2][3][7][8][13]",openrouter/perplexity/sonar-pro,d595a020b777,2026-07-04T16:32:06
R_1gi0fXI92igKDqg,study3,Truth-Constrained,debunk,affirms,A secret elite group is working to create a one-world government that controls global events and populations.,conspiracy_claim,10,40,false,"The claim is a classic New World Order conspiracy narrative asserting that a secret power elite is coordinating to establish a totalitarian one‑world government controlling global events and populations.[3][4][11] While many conspiracy theorists attribute such aims to groups like the Bilderberg Group, Illuminati, or a ""Committee of 300,"" these allegations rest on speculation, books, and fringe documents rather than verifiable evidence, and historians and mainstream analyses note there is no documented global shadow government or unified cabal with such control.[5][6][10]",openrouter/perplexity/sonar-pro,d595a020b777,2026-07-04T16:32:06
R_1gvx1os1A8a7PqD,study3,Truth-Constrained,bunk,affirms,There are other beings in our universe.,official_account,50,40,mixed_or_unclear,"Current scientific evidence shows **no confirmed detection** of life beyond Earth, so the existence of other beings in our universe is unproven.[1][5][11][15] However, given the vast number of stars and planets and probabilistic arguments (e.g., Drake equation–based estimates and astrobiology consensus that extraterrestrial life is highly likely), many experts judge it improbable that Earth hosts the only life, making the claim plausible but not empirically established.[3][5][7][12]",openrouter/perplexity/sonar-pro,d595a020b777,2026-07-04T16:32:06
R_1h0FSCfTE8heC0k,study3,Truth-Constrained,debunk,affirms,Governments have concealed contact with more advanced alien races for their own gains.,conspiracy_claim,5,85,false,"The statement asserts a covert government cover-up of contact with advanced alien races for self-interested gain. Publicly available investigations, including a 2024 Pentagon/AARO report, state there is no evidence that the U.S. government has concealed extraterrestrial contact or reverse-engineered alien technology, and that many claims in this area are inaccurate or unsupported.[4][6][10]",openrouter/perplexity/sonar-pro,d595a020b777,2026-07-04T16:32:06
R_1hG5fFaTuAxz8PZ,study3,Truth-Constrained,bunk,affirms,The moon landing was faked by the government.,conspiracy_claim,0,95,false,"The claim that the moon landing was faked by the government contradicts extensive physical, photographic, and independent third‑party evidence that humans did land on the Moon during the Apollo missions, including 382 kg of lunar rocks verified as lunar by laboratories worldwide, laser‑ranging reflectors still in use on the Moon’s surface, and high‑resolution images of Apollo landing sites from later U.S. and non‑U.S. spacecraft[1][2][10]. Major scientific and journalistic institutions explicitly state that every argument for a hoax has been discredited and affirm that the moon landings occurred, with no substantiated evidence supporting fabrication[1][2][5][6].",openrouter/perplexity/sonar-pro,d595a020b777,2026-07-04T16:32:06
R_1hYCfWtwoQc2yJC,study3,Truth-Constrained,debunk,affirms,The government is hiding evidence of extraterrestrial contact and has recovered alien technology.,conspiracy_claim,25,70,mostly_false,"The claim asserts that the government is actively hiding confirmed evidence of extraterrestrial contact and recovered alien technology. Decades of official investigations (e.g., Project Blue Book, NASA studies, and the Pentagon’s AARO historical report) have repeatedly concluded there is no evidence that any investigated UFO/UAP sightings represent extraterrestrial technology or that the U.S. government has recovered or reverse‑engineered alien craft.[14][10][6] Recent comprehensive Defense Department reviews explicitly state there is no proof of extraterrestrial beings having arrived on Earth or that officials have retrieved downed alien spacecraft and concealed them.[9][6] While some whistleblowers and witnesses allege secret programs and recovered ‘non‑human biologics,’ these claims have not been substantiated by verifiable evidence and have been formally denied by the Pentagon.[12][6] Given extensive, public documentation finding no such evidence where it should plausibly appear if the conspiracy were true, the claim is best characterized as mostly false, though not absolutely disprovable in principle, hence high but not maximal checkability.",openrouter/perplexity/sonar-pro,d595a020b777,2026-07-04T16:32:06
R_1haJmVOc55UYxtH,study3,Truth-Constrained,bunk,affirms,The government is hiding alien contact and has encountered aliens.,conspiracy_claim,25,60,mostly_false,"The claim asserts that the government both has had contact with aliens and is actively hiding this, which would require well‑documented evidence of extraterrestrial contact and a covert cover‑up. Multiple official investigations and reports, including the Pentagon’s 2024 AARO report, state they have found no empirical evidence that the U.S. government has encountered extraterrestrials, reverse‑engineered alien craft, or systematically hidden such information from the public.[3][12] While whistleblowers like David Grusch have alleged secret programs and recovered non‑human biologics, he has not presented verifiable physical evidence and acknowledges he has not personally seen alien bodies or craft, relying instead on second‑hand witness accounts.[2][15] Given strong official denials and lack of independently verifiable corroborating evidence despite high public and media scrutiny, the specific claim that the government is hiding confirmed alien contact is largely unsupported by available evidence.",openrouter/perplexity/sonar-pro,d595a020b777,2026-07-04T16:32:06
R_1iU7OsWtqVSb8ph,study3,Truth-Constrained,debunk,affirms,A secretive group of elites controls global events through organizations like the World Economic Forum to shape world politics and economies.,conspiracy_claim,20,85,mostly_false,"The statement alleges a secretive elite coordinating global events through the WEF, which matches a common conspiracy framing, but public sources describe the WEF as an open, invitation-only forum rather than evidence of a covert world-controlling cabal. Reporting on ‘Great Reset’ narratives characterizes similar claims as baseless or conspiracy theories, while criticism of elite influence and lack of democratic accountability does not establish secret control.",openrouter/perplexity/sonar-pro,d595a020b777,2026-07-04T16:32:06
R_1iht7TKTFpqTo25,study3,Truth-Constrained,bunk,affirms,Medical cures and treatments are intentionally withheld to maintain the economic profitability of diseases for the health industry.,conspiracy_claim,25,60,mostly_false,"The statement describes a broad, intentional, industry-wide practice of **withholding cures and treatments** to keep diseases profitable, which matches well-known ""Big Pharma suppresses cures"" conspiracy theories.[6][10] Reviews by medical and research organizations find **no concrete evidence** that pharmaceutical or healthcare companies systematically hide proven cures for major diseases; instead, limits to cures are attributed to scientific difficulty, regulatory hurdles, and economic factors in R&D, not deliberate suppression of existing cures.[1][2][12] While profit incentives do distort research priorities, pricing, and access, and there are documented cases of strategic patent behavior or slow adoption of safer drugs in specific instances,[5][10] there is no verified example of a definitive cure for a major disease being discovered and then intentionally withheld across the health industry to maintain disease profitability, making the generalized claim largely unsupported.[1][2][10]",openrouter/perplexity/sonar-pro,d595a020b777,2026-07-04T16:32:06
R_1imo9m7fiaBWwzT,study3,Truth-Constrained,debunk,affirms,Aliens or other forms of life have continuously visited Earth and have played a role in human creation and evolution since the beginning of time.,conspiracy_claim,10,40,false,"Mainstream astronomy, biology, and SETI research report **no credible evidence** that extraterrestrials have ever visited Earth, let alone done so continuously or participated in human creation and evolution.[3][8][11][13] While hypotheses like ancient astronauts and panspermia speculate about extraterrestrial influence on life, they remain unsubstantiated or focus on chemical building blocks rather than intelligent beings guiding human development, and are not supported by peer‑reviewed evidence of alien visitation or intervention in human evolution.[9][10][14]",openrouter/perplexity/sonar-pro,d595a020b777,2026-07-04T16:32:06
R_1jXcS7mmP9xYvlL,study3,Truth-Constrained,debunk,affirms,"The government is secretly hiding evidence of contact with extraterrestrial beings and has recovered alien technology, keeping this information hidden from the public to avoid widespread panic or disruption.",conspiracy_claim,10,95,false,"The claim asserts a secret government cover-up of extraterrestrial contact and recovered alien technology. Public reporting and a 2024 Pentagon/AARO review say there is no empirical evidence that the U.S. government has made contact with extraterrestrials, recovered alien spacecraft, or hidden such information from the public.[3][4][5]",openrouter/perplexity/sonar-pro,d595a020b777,2026-07-04T16:32:06
R_1jYBfGPm5LDyrNl,study3,Truth-Constrained,debunk,affirms,The government is hiding evidence of aliens in Area 51.,conspiracy_claim,25,70,mostly_false,"Area 51 is a real, highly classified U.S. military test facility, but declassified CIA and Pentagon histories indicate its primary role has been development and testing of advanced aircraft and surveillance systems, not storage of alien bodies or spacecraft.[6][8][11] Major reviews by sources such as Britannica and National Geographic report that there is no credible evidence of extraterrestrial contact or hidden alien technology at Area 51, and figures who claimed firsthand knowledge (e.g., Robert Lazar) have been widely discredited.[7][8]",openrouter/perplexity/sonar-pro,d595a020b777,2026-07-04T16:32:06
R_1jlfIjYAcGuYMZ2,study3,Truth-Constrained,debunk,affirms,The Democratic Party purposely hid Joe Biden's mental challenges.,conspiracy_claim,40,60,mostly_false,"The claim alleges a purposeful, coordinated effort by the Democratic Party as a whole to hide Joe Biden’s mental challenges. Multiple recent books and reports describe alleged efforts by Biden’s inner circle, White House staff, and close advisers to manage his public schedule, limit unscripted exposure, and downplay or dispute concerns about cognitive decline, which could be seen as attempts to shield or spin his condition.[1][9][10][14][15] However, these are contested narratives based largely on anonymous accounts and partisan interpretations, and they do not establish clear, documented evidence that the entire Democratic Party, as an institution, deliberately and systematically hid known “mental challenges” from the public; many Democrats were reportedly surprised by his debate performance and some later acknowledged they had underestimated or dismissed concerns rather than knowingly covering them up.[2][5][7][13] Because the central allegation of a broad, purposeful party-wide cover‑up goes beyond the available evidence and rests heavily on contested insider claims and political rhetoric, it is better characterized as largely unsupported rather than clearly proven or disproven.",openrouter/perplexity/sonar-pro,d595a020b777,2026-07-04T16:32:06
R_1jqvi7ajS7hV0vs,study3,Truth-Constrained,debunk,affirms,9/11 was orchestrated as an inside job by the government.,conspiracy_claim,5,85,false,"The best available evidence, including the 9/11 Commission Report and investigations by NIST, the SEC, FBI, and multiple independent expert bodies, shows that the 9/11 attacks were planned and carried out by al‑Qaeda hijackers under Osama bin Laden, not orchestrated as an inside job by the U.S. government.[1][5][8] Extensive reviews of claims about controlled demolition, missiles, foreknowledge, and insider trading have found no credible evidence of government orchestration; these conspiracy theories have been repeatedly examined and debunked by engineers, investigators, and scholars.[1][2][4][5]",openrouter/perplexity/sonar-pro,d595a020b777,2026-07-04T16:32:06
R_1juKUrqbc8yDeZH,study3,Truth-Constrained,bunk,affirms,Covid-19 started in the United States and was significantly inflated by the government.,conspiracy_claim,10,80,false,"Available epidemiological and intelligence evidence indicates that the first known cluster of COVID-19 cases arose in Wuhan, China no later than November–December 2019, not in the United States.[9][12] Scientific reviews and WHO advisory reports conclude that the weight of evidence supports a zoonotic spillover in China, likely involving wildlife trade and the Huanan Seafood Market, and there is no evidence that SARS-CoV-2 originated in or first emerged from the U.S.[2][4][12][15] Claims that the U.S. government significantly inflated the pandemic’s scale or severity are contradicted by excess mortality data and global case patterns documented independently worldwide, though specific government responses and reporting practices can be evaluated and criticized separately; there is no credible evidence for a coordinated fabrication of the pandemic itself.",openrouter/perplexity/sonar-pro,d595a020b777,2026-07-04T16:32:06
R_1k1ZNHOqL3gR7AD,study3,Truth-Constrained,debunk,affirms,The government is actively hiding evidence of alien contact with Earth.,conspiracy_claim,25,60,mostly_false,"The claim asserts that the government has evidence of alien contact with Earth and is actively hiding it. Multiple official reviews and reports, including a 2024 Pentagon report on unidentified anomalous phenomena, state they found no evidence that the U.S. government has encountered extraterrestrial beings, recovered alien spacecraft, or is concealing such evidence from the public.[4][6][11][12] The White House has similarly stated there is no credible information that evidence of extraterrestrial presence is being hidden.[10] While whistleblowers and some witnesses have alleged secret programs and recovered non‑human materials, these assertions have not been substantiated by verifiable documentation or corroborated by official investigations, which explicitly report finding no such programs or concealed evidence.[7][6][11] Because the existence of hidden evidence is, by definition, difficult to fully rule out, the claim is partially checkable but largely unsupported by available public evidence, so it is best rated mostly_false rather than clearly false.",openrouter/perplexity/sonar-pro,d595a020b777,2026-07-04T16:32:06
R_1ke2QP37dQrtKmY,study3,Truth-Constrained,bunk,affirms,The earth is flat and NASA faked space exploration.,conspiracy_claim,0,95,false,"The Earth’s roughly spherical shape has been established for centuries via observations of Earth’s shadow on the Moon during lunar eclipses, circumnavigation, satellite orbits, and direct photos from multiple space agencies and private companies, all of which show a globe, not a flat disk.[2][11][12] The claim that NASA faked space exploration would require a vast, long‑term global fraud involving many independent agencies, private firms, and amateur observers, yet there is no credible evidence of such a hoax and extensive telemetry, imagery, and physical experiments consistently corroborate genuine spaceflight.[2][11][12]",openrouter/perplexity/sonar-pro,d595a020b777,2026-07-04T16:32:06
R_1khyCbjb3i9Jzod,study3,Truth-Constrained,debunk,affirms,"The Russian government has infiltrated the US government, with several members of Congress, the courts, and the executive branch being either planted by or taking orders/money from the Kremlin.",conspiracy_claim,25,70,mostly_false,"There is strong, well-documented evidence that the Russian state conducts espionage, cyber intrusions, and malign influence campaigns against U.S. institutions, including election interference and efforts to manipulate U.S. political groups.[1][2][5][7][10][12][13][15] However, the specific claim that the Russian government has ""infiltrated"" the U.S. government in the sense that several members of Congress, the courts, and the executive branch are planted agents or directly taking orders or money from the Kremlin is not supported by public evidence; prosecutions and intelligence reports describe covert influence operations and illegal agents, but not confirmed sitting members of Congress, federal judges, or top executive officials acting as Kremlin plants.[5][12][14] In the absence of such evidence where it would likely surface—through investigations, indictments, or credible reporting—the broad, categorical assertion about ""several"" high-level officeholders being Kremlin plants or order-takers is largely unsupported and overstated, though elements about Russian influence and espionage are grounded in fact.",openrouter/perplexity/sonar-pro,d595a020b777,2026-07-04T16:32:06
R_1knqatG66iodPM8,study3,Truth-Constrained,debunk,affirms,The government is hiding evidence of extraterrestrial contact and has recovered alien technology.,conspiracy_claim,15,95,mostly_false,"The claim alleges a covert government cover-up and possession of alien technology, but the Pentagon’s 2024 review said it found no evidence that any U.S. government investigation had confirmed extraterrestrial technology and no verifiable evidence that such materials are or were in government possession.[6][9][11] Public releases of UAP records show unresolved sightings and investigations, but they do not provide proof of hidden extraterrestrial contact or recovered alien technology.[1][3][5]",openrouter/perplexity/sonar-pro,d595a020b777,2026-07-04T16:32:06
R_1lSaAA2r1Vbq5F0,study3,Truth-Constrained,bunk,affirms,NASA faked the moon landing during the 1969 moon mission using movie effects and props to outsmart the Soviet Union in the Cold War.,conspiracy_claim,0,95,false,"The claim that NASA faked the 1969 Moon landing with movie effects and props to outsmart the Soviet Union in the Cold War is a classic Moon-landing-hoax conspiracy theory and is rejected by the overwhelming weight of historical and scientific evidence.[1][5][8][11] Multiple independent lines of evidence confirm that Apollo 11 really landed on the Moon: hundreds of kilograms of lunar rocks independently verified as non-terrestrial, thousands of photos and hours of video and audio, detailed engineering and telemetry records, testimony from astronauts and engineers, and later imaging of Apollo landing sites by non-U.S. spacecraft from China, India, and Japan.[4][6][7][9] No credible evidence has ever surfaced that the mission was staged, and specific hoax arguments based on alleged photographic anomalies or film technology have been repeatedly and thoroughly debunked.[2][6][8][9][11]",openrouter/perplexity/sonar-pro,d595a020b777,2026-07-04T16:32:06
R_1lxIEh9dYl0iOad,study3,Truth-Constrained,bunk,affirms,"The first few moon landings were faked and recorded in a studio, with the possibility that a zero gravity space was used.",conspiracy_claim,0,100,false,"The statement alleges that the early Moon landings were staged in a studio, which is a classic Apollo hoax claim. Public evidence strongly contradicts it: there is extensive mission documentation, independent verification of lunar samples, and multiple crewed landings between 1969 and 1972, all of which are cited by authoritative sources as disproving the hoax allegation.[1][2][5][8]",openrouter/perplexity/sonar-pro,d595a020b777,2026-07-04T16:32:06
R_1m4rUiCUcbrU5T8,study3,Truth-Constrained,debunk,affirms,Non-human bots are responsible for all online activity on the Internet.,conspiracy_claim,0,80,false,"The statement is an extreme version of the Dead Internet theory, which claims that bots are responsible for most or all online activity; this is widely described by researchers and journalists as an online conspiracy theory without compelling supporting evidence.[1][8][11] Empirical traffic analyses by cybersecurity firms indicate bots account for around half of internet traffic, not all activity, and there is extensive, directly observable human participation on major platforms, so the claim that non-human bots are responsible for *all* online activity is clearly contradicted by available evidence.[6][9][11]",openrouter/perplexity/sonar-pro,d595a020b777,2026-07-04T16:32:06
R_1mFC75uoIBFDJtv,study3,Truth-Constrained,debunk,affirms,The President of France's wife is actually a man.,conspiracy_claim,0,100,false,"The claim repeats a long-running conspiracy theory, but public reporting and court-related coverage identify Brigitte Macron as Emmanuel Macron’s wife and describe the allegation that she was born male as false and unsupported. Reuters reports that a French appellate ruling concerned defamation, not her gender, and multiple reputable outlets note that the rumor is false and has led to harassment cases.",openrouter/perplexity/sonar-pro,d595a020b777,2026-07-04T16:32:06
R_1mfpm7IxAAtc1tg,study3,Truth-Constrained,bunk,affirms,Climate change is not real because there is a cool spring in the area.,official_account,0,100,false,"The statement denies climate change based on a local cold spring, but short-term weather does not refute long-term climate warming; scientific evidence shows Earth is warming and human activity is the principal cause.[2][3][11] The claim is directly checkable and contradicted by broad scientific consensus and observed temperature trends.[1][8][12]",openrouter/perplexity/sonar-pro,d595a020b777,2026-07-04T16:32:06
R_1mq1qi5faPmsH8g,study3,Truth-Constrained,bunk,affirms,Powerful organizations are controlling the world's finances behind the scenes.,conspiracy_claim,25,70,mostly_false,"Public evidence shows that **global finance is highly concentrated in a relatively small network of central banks, major financial institutions, asset managers, and international organizations**, which exert significant influence over markets and economic policy.[5][7][10][11][14] However, the statement goes further by alleging that ""powerful organizations are controlling the world's finances behind the scenes,"" implying a covert, coordinated control of the entire system rather than concentrated, partly transparent influence within known institutional and regulatory frameworks.[5][7][10][14] Studies of corporate control networks and analyses by economists describe a **networked elite and an economic “super‑entity”** with disproportionate power, but they do not support the existence of a single or unified hidden controller of world finance acting in secret to direct all outcomes.[5][8][13][14] Thus the claim overstates the available evidence: strong concentration and influence are well documented, but a behind‑the‑scenes, globally controlling cabal is not.",openrouter/perplexity/sonar-pro,d595a020b777,2026-07-04T16:32:06
R_1n5gRq0qU3r6GAh,study3,Truth-Constrained,bunk,affirms,"5G technology operates like a microwave, causing potential health issues and risks of telephone pole explosions.",conspiracy_claim,10,95,false,"5G uses non‑ionizing radiofrequency electromagnetic fields at power levels far below those of microwave ovens, and community exposure from 5G base stations and devices is well within international safety limits.[6][8][14] Major reviews by the WHO, national health agencies, and scientific bodies report no confirmed adverse health effects from 5G at regulated exposure levels and no credible mechanism or evidence that it causes telephone poles to explode.[5][6][9][14]",openrouter/perplexity/sonar-pro,d595a020b777,2026-07-04T16:32:06
R_1nI9x6avRnCsUb3,study3,Truth-Constrained,bunk,affirms,Russia identified Donald Trump back in the 1980s as someone they could shape to use for their purposes in the future and groomed him without his knowledge.,conspiracy_claim,25,60,mostly_false,"The claim describes a covert, long‑term grooming operation by Soviet/Russian intelligence beginning in the 1980s, with Trump being shaped for future use without his knowledge. Several former intelligence officers and journalists have alleged that Trump was noticed, ""cultivated,"" or even ""recruited"" by the KGB in the late 1980s, including claims that he was given the codename ""Krasnov"".[1][2][3][12][13][14][15] However, these assertions rely on anecdotal testimony, secondary reporting, and speculative reconstruction; fact‑checks note there is no concrete evidence, no corroborating declassified records, and no independent documentation showing Trump was formally recruited or systematically groomed as an unwitting asset starting in the 1980s.[1][4][10][14] Given the extraordinary nature and scope of the alleged operation and the lack of verifiable evidence where such evidence might be expected, the specific claim of Russia identifying and grooming Trump from the 1980s without his knowledge is largely unsupported by publicly available data.",openrouter/perplexity/sonar-pro,d595a020b777,2026-07-04T16:32:06
R_1nT9OyJbQWOeQMO,study3,Truth-Constrained,bunk,affirms,Major tech companies secretly share user data with governments for surveillance purposes without public knowledge.,conspiracy_claim,75,95,mostly_true,"Major tech firms do receive and comply with government data requests, and reporting shows large volumes of user data have been disclosed to authorities by companies such as Google, Meta, Apple, and Microsoft.[2][4][7][8][14] The word 'secretly' is too strong as stated because some disclosures are public and transparency reporting exists, but there is strong evidence that governments also seek and receive user data at scale, sometimes under secrecy restrictions.[3][11]",openrouter/perplexity/sonar-pro,d595a020b777,2026-07-04T16:32:06
R_1ndBbfx14dDsdXV,study3,Truth-Constrained,debunk,affirms,There is another continent beyond the ice walls at the North and South Poles.,conspiracy_claim,0,95,false,"The claim implies hidden continents beyond supposed ice walls at both poles, echoing flat earth ""ice wall"" narratives that assert secret lands outside a circumscribing Antarctic barrier. Extensive satellite imagery and geophysical measurements show Earth is a globe with exactly the known continents, and Antarctica itself is a continent, not an encircling ice wall concealing further landmasses.[8][12] Major fact‑checking organizations specifically find claims that Antarctica is an ice wall hiding additional continents to be baseless and false, and global satellite coverage leaves no unexplored regions where such a hidden continent could plausibly exist.[8][12]",openrouter/perplexity/sonar-pro,d595a020b777,2026-07-04T16:32:06
R_1nithtjxc3HJTXK,study3,Truth-Constrained,bunk,affirms,COVID-19 is a planned hoax and not real.,conspiracy_claim,0,95,false,"The claim that COVID-19 is a planned hoax and not real is contradicted by extensive clinical, epidemiological, and virological evidence documenting SARS‑CoV‑2 infection, COVID-19 disease, and excess mortality worldwide.[1][11][14] Peer‑reviewed analyses explicitly identify ""COVID-19 is a hoax"" as a conspiracy narrative with no factual basis, and multiple health agencies and fact‑checking organizations have repeatedly debunked such claims.[1][11][5]",openrouter/perplexity/sonar-pro,d595a020b777,2026-07-04T16:32:06
R_1njBvTDHMtqPp0S,study3,Truth-Constrained,bunk,affirms,A group of wealthy and powerful individuals meet annually to discuss global issues and make decisions that impact either helping or hindering different sides.,conspiracy_claim,25,80,mostly_false,"There are indeed annual meetings where wealthy and powerful individuals gather to discuss global issues, such as the Bilderberg Meeting and the World Economic Forum in Davos.[2][3][4][9][14] However, the specific claim that these groups *decide what they will do to either help or hinder different sides* implies coordinated, covert decision-making to shape outcomes, for which there is no public evidence beyond speculation; available reporting and the groups’ own descriptions frame these events as off‑the‑record discussions and forums for dialogue, not formal decision-making bodies directing global events.[3][4][10][11][15]",openrouter/perplexity/sonar-pro,d595a020b777,2026-07-04T16:32:06
R_1oA3i8lDLo599Lf,study3,Truth-Constrained,debunk,affirms,"The government is hiding that a UFO crash-landed in Roswell, NM in 1947 with alien bodies recovered.",conspiracy_claim,10,80,false,"The best available evidence indicates that the debris recovered near Roswell in 1947 came from a classified Project Mogul balloon, not a crashed extraterrestrial spacecraft, as documented in official U.S. Air Force reports released in the 1990s.[1][2][3][4][6] These investigations found no records or physical evidence of recovered alien bodies or a UFO crash, and subsequent explanations for alleged ""alien bodies"" point to test dummies and unrelated human aviation accidents, with no corroborated evidence of a government cover-up involving extraterrestrial remains.[1][3][6]",openrouter/perplexity/sonar-pro,d595a020b777,2026-07-04T16:32:06
R_1oBbqNN7GC0klcp,study3,Truth-Constrained,bunk,affirms,Extraterrestrials have visited the earth and their remains have been found.,conspiracy_claim,10,70,false,"The claim asserts that extraterrestrials have visited Earth and that their physical remains have been found and identified as such. Multiple systematic investigations by NASA, the US Department of Defense, and the Pentagon’s AARO office report **no evidence** that aliens have visited Earth, crash‑landed here, or that any recovered bodies or technology are extraterrestrial in origin.[2][6][7][10] High‑profile alleged 'alien corpses' (e.g., Jaime Maussan’s Nazca/Peru mummies) have been repeatedly debunked by experts as fabricated or misidentified human remains, with no validated case where remains have been confirmed as extraterrestrial.[1][8] Given extensive official investigations and the lack of any independently verifiable, peer‑reviewed evidence of alien bodies, the claim as stated is clearly unsupported by current evidence.",openrouter/perplexity/sonar-pro,d595a020b777,2026-07-04T16:32:06
R_1oneLOuhoEJpbuD,study3,Truth-Constrained,bunk,affirms,The Big Bang did not really happen.,official_account,25,85,mostly_false,"In modern cosmology, **“the Big Bang”** refers primarily to a well-established model of an early hot, dense, expanding universe, not strictly to a mathematically exact initial singularity.[10][15] Multiple, independent observations strongly support that the universe was hotter and denser in the past and has been expanding over billions of years: the redshift–distance relation (Hubble’s law), the cosmic microwave background, and the primordial abundances of light elements all match quantitative predictions of Big Bang cosmology.[12][15] While there is no direct observational access to an initial singularity and open questions remain about the very beginning and quantum gravity,[10][12][15] the broad claim that “the Big Bang did not really happen” rejects a model that is overwhelmingly consistent with diverse empirical data; it is therefore mostly false as stated.",openrouter/perplexity/sonar-pro,d595a020b777,2026-07-04T16:32:06
R_1pAMjL5lucUdyHx,study3,Truth-Constrained,debunk,affirms,The government is concealing evidence of alien contact.,conspiracy_claim,25,70,mostly_false,"The claim asserts that the government is actively concealing evidence of *actual alien contact*, i.e., confirmed extraterrestrial visitation or communication. Multiple official reviews and public statements from the U.S. government, including a 2024 Pentagon report on unidentified anomalous phenomena, state they found no evidence that extraterrestrials have visited Earth or that officials have retrieved and hidden alien spacecraft or materials.[5][6][11][12] The White House has similarly stated there is no evidence of extraterrestrial contact and no credible information suggesting that such evidence is being hidden.[10] Recent large-scale releases of U.S. UFO/UAP files under the PURSUE initiative likewise do not provide confirmed evidence of extraterrestrial life or alien technology.[1][2][7] While some whistleblowers, such as David Grusch, allege secret programs and recovered non-human biologics, these claims are based on secondhand testimony and have not been independently verified; the Department of Defense says it has found no verifiable information to substantiate them.[9][11] Overall, available public and official evidence weighs against the specific allegation that the government is concealing *confirmed* evidence of alien contact, though residual uncertainty about classified activities prevents a score of 0 and keeps checkability below 100.",openrouter/perplexity/sonar-pro,d595a020b777,2026-07-04T16:32:06
R_1phkHfRgTfWcN09,study3,Truth-Constrained,bunk,affirms,"Adolf Hitler survived after WWII and lived in Argentina, as supported by local sightings and archaeological findings, and he managed his escape with the help of loyal officers.",conspiracy_claim,5,95,false,"The statement alleges a secret postwar escape and hidden survival in Argentina, which is directly contradicted by the historical record: mainstream historians, forensic evidence from Hitler’s remains, and eyewitness accounts support his death in Berlin in 1945, while reports of Argentina sightings are unverified rumors. Claims of archaeological findings and loyal-officer assistance are not supported by credible public evidence.",openrouter/perplexity/sonar-pro,d595a020b777,2026-07-04T16:32:06
R_1ps5p5HXWfaYMtd,study3,Truth-Constrained,debunk,affirms,The moon landing was faked.,conspiracy_claim,0,95,false,"The claim that the moon landing was faked is a classic conspiracy theory asserting a staged hoax by NASA and the U.S. government.[1][5][8][11] Extensive independent evidence confirms that Apollo astronauts did land on the Moon, including thousands of photos and hours of video, detailed mission telemetry and transcripts, independently verified lunar rock samples, and high‑resolution images of Apollo landing sites from later U.S. and non‑U.S. spacecraft.[1][4][9] The scientific and historical consensus is that moon‑landing hoax claims are pseudoscience and demonstrably false.[1][3][9]",openrouter/perplexity/sonar-pro,d595a020b777,2026-07-04T16:32:06
R_1qOG2jokmE7E5QR,study3,Truth-Constrained,debunk,affirms,The Las Vegas shooting event was staged as part of a cover-up.,conspiracy_claim,5,80,false,"The 2017 Las Vegas shooting has been extensively investigated by local and federal authorities, who concluded that a lone gunman, Stephen Paddock, carried out the attack, and that there was no evidence of a wider conspiracy, staging, or government cover-up.[5][6][14] Multiple conspiracy theories claiming the event was staged or a false-flag operation have been examined by journalists and fact-checkers, and none have produced credible evidence; authorities have explicitly rejected claims of multiple shooters, crisis actors, or coordinated plotting, and available physical, forensic, and documentary evidence is consistent with a real mass shooting, not a staged event.[1][2][3][12][13][14]",openrouter/perplexity/sonar-pro,d595a020b777,2026-07-04T16:32:06
R_1qq2ngNaeXIEac3,study3,Truth-Constrained,debunk,affirms,The Bermuda Triangle is a portal to another dimension.,conspiracy_claim,0,80,false,"Claims that the Bermuda Triangle is a literal **portal to another dimension** are speculative paranormal theories with **no supporting scientific evidence**, and major scientific and governmental bodies report nothing physically unusual or uniquely dangerous about the area.[2][6][8][9] Disappearances associated with the Bermuda Triangle are adequately explained by factors such as weather, navigation errors, and heavy traffic, and no instruments have recorded spacetime anomalies or dimensional portals there.[2][6][8]",openrouter/perplexity/sonar-pro,d595a020b777,2026-07-04T16:32:06
R_1rJ3aYROKYquH5p,study3,Truth-Constrained,debunk,affirms,The government is hiding evidence of other planets that may have alien beings.,conspiracy_claim,25,60,mostly_false,"The claim asserts that the government is actively hiding evidence of other planets that may have alien beings. While there have been secret programs investigating UFOs/UAPs (e.g., AATIP) that were not initially disclosed, subsequent reporting and declassification have not produced credible evidence of extraterrestrial life or inhabited planets being hidden from the public.[6][14] Recent official reviews, including the Pentagon’s AARO reports, explicitly state they have found no credible evidence of extraterrestrial activity, off‑world technology, or hidden alien craft, and no empirical evidence of reverse‑engineered alien technology.[7][8][14] Whistleblower allegations (e.g., David Grusch) claim a cover‑up and possession of non‑human craft and beings, but these remain uncorroborated and are disputed by official investigations.[2][15] Given substantial scientific scrutiny of exoplanets and public, peer‑reviewed astronomy data, and the lack of substantiated evidence for a government‑held trove of inhabited planets or alien beings, the specific claim of hidden evidence of such planets is largely unsupported by available evidence, though it is in principle empirically checkable if such evidence existed.",openrouter/perplexity/sonar-pro,d595a020b777,2026-07-04T16:32:06
R_1rN4cuTznTD44yq,study3,Truth-Constrained,debunk,affirms,"The government is involved in orchestrating terrorist acts within its own country, including having prior knowledge of the events of 9/11.",conspiracy_claim,10,70,false,"The claim asserts that the U.S. government orchestrates terrorist acts inside its own country and had prior knowledge of 9/11 as part of such orchestration. Extensive investigations, including the bipartisan 9/11 Commission Report and multiple Congressional and law-enforcement inquiries, found no evidence that the U.S. government planned or directed the 9/11 attacks; instead, they document intelligence and policy failures, not government involvement in the plot itself. Likewise, public records on domestic terrorism show the federal government’s role as investigator and prosecutor of terrorist acts, not organizer, and no credible evidence has surfaced that it systematically orchestrates such attacks; the lack of substantiated proof after decades of scrutiny in journalism, courts, and oversight bodies strongly counts against the claim.",openrouter/perplexity/sonar-pro,d595a020b777,2026-07-04T16:32:06
R_1s5oO65imcoQo1B,study3,Truth-Constrained,debunk,affirms,The U.S. government faked the 1969 moon landing using a film set and actors to present it as a real space mission to win the space race against the Soviet Union.,conspiracy_claim,0,100,false,"The claim asserts a secret hoax by the U.S. government, but the Apollo 11 landing is supported by overwhelming evidence, including independent third-party confirmation, lunar samples, telemetry, photographs, and later orbital imagery of the landing sites.[1][4][5] Major debunking sources explicitly state that the Moon-landing-hoax arguments have been discredited and that Apollo 11 did happen.[1][4][8]",openrouter/perplexity/sonar-pro,d595a020b777,2026-07-04T16:32:06
R_1t3GQrnxEsq3KdH,study3,Truth-Constrained,debunk,affirms,"President Kennedy was killed by a sniper in front of the motorcade, not by Oswald.",conspiracy_claim,10,95,false,"The official investigations, including the Warren Commission and the House Select Committee on Assassinations, concluded that President Kennedy was shot from behind by Lee Harvey Oswald firing from the Texas School Book Depository, with the fatal shot coming from the rear of the motorcade, not from a sniper in front.[1][5][11][15] Subsequent forensic, ballistic, medical, and film analyses, including modern studies of the Zapruder film and wound dynamics, consistently support rear-entry shots from Oswald’s location and specifically refute theories that the fatal shot came from the front or from the grassy knoll.[2][4][13][15]",openrouter/perplexity/sonar-pro,d595a020b777,2026-07-04T16:32:06
R_1t5mk6N4Xq7yyL2,study3,Truth-Constrained,bunk,affirms,The 2020 election was stolen from Donald Trump.,conspiracy_claim,0,95,false,"Official certified results from the Federal Election Commission, the National Archives, and state election authorities show that Joe Biden won the 2020 U.S. presidential election with 306 electoral votes and about 51.3% of the popular vote, while Donald Trump received 232 electoral votes and about 46.8% of the popular vote.[2][5][8][10][12] Numerous audits, recounts, and more than 60 court cases—including many heard by Republican-appointed judges—found no evidence of widespread fraud or a coordinated plot that would have changed the outcome, and U.S. election security officials described the 2020 election as ""the most secure in American history,"" directly contradicting the claim that it was stolen from Trump.[11][12][14]",openrouter/perplexity/sonar-pro,d595a020b777,2026-07-04T16:32:06
R_1tDPUQf26D6hxPQ,study3,Truth-Constrained,bunk,affirms,"The government is concealing evidence of alien life and has already established contact with extraterrestrials, but is keeping this information secret from the public.",conspiracy_claim,25,60,mostly_false,"The claim alleges a secret government program that both conceals confirmed evidence of alien life and involves established contact with extraterrestrials. Multiple official investigations and statements from the Pentagon, White House, and other U.S. government bodies report that they have found no evidence of extraterrestrial visitors, recovered spacecraft, or a cover-up program, and explicitly deny any confirmed contact with alien life or hidden proof thereof.[4][5][10][11][12] While some whistleblowers and declassified files discuss unexplained UAP/UFO cases, these accounts have not been corroborated by verifiable evidence of extraterrestrial contact or a systematic concealment program, and official reviews state that such claims are unsupported.[6][8][9][11] Therefore, based on currently available public evidence, the specific assertion that the government has already established contact with extraterrestrials and is concealing confirmed proof from the public is largely unsupported and conflicts with extensive official findings.",openrouter/perplexity/sonar-pro,d595a020b777,2026-07-04T16:32:06
R_1tSV4hPZ9WDWRvr,study3,Truth-Constrained,debunk,affirms,The CIA was behind JFK's assassination.,conspiracy_claim,25,75,mostly_false,"Multiple official investigations, including the Warren Commission and the House Select Committee on Assassinations, explicitly concluded that the CIA was not involved in Kennedy's assassination and found no evidence that Lee Harvey Oswald had any relationship with the Agency.[8][9] Subsequent releases of large volumes of declassified CIA and JFK-related documents have not produced credible evidence supporting CIA involvement, while historians reviewing these materials state they do not alter the lone-gunman narrative.[4][10] The claim is empirically checkable through official records and investigative reports, but available evidence does not substantiate the allegation that the CIA was behind JFK's assassination.",openrouter/perplexity/sonar-pro,d595a020b777,2026-07-04T16:32:06
R_1tSpU1uCXD1ptJf,study3,Truth-Constrained,bunk,affirms,"Princess Diana's death was orchestrated by the Royal Family due to their animosity towards her and their concern over public perception, particularly regarding her relationship with someone they deemed unsuitable.",conspiracy_claim,10,80,false,"The statement asserts that the British Royal Family orchestrated Princess Diana’s death because of animosity and concern over her relationship, effectively claiming a murder plot and staged accident. Multiple official investigations in France and the UK, including the French judicial inquiry, the three‑year Metropolitan Police Operation Paget investigation, and the 2008 coroner’s inquest, all concluded that Diana’s death resulted from a car crash caused by grossly negligent driving by Henri Paul and pursuit by paparazzi, with no evidence of involvement or direction from the Royal Family or British intelligence services.[1][2][4][6][8] The inquest coroner explicitly stated there was no evidence that Prince Philip, the Secret Intelligence Service, or any government agency organized the crash or ordered Diana’s execution.[2][8] While these investigations make the claim highly checkable, they found conspiracy theories alleging royal orchestration to be entirely without foundation.[6][7][8] Accordingly, the specific allegation that the Royal Family orchestrated her death is well-supported as false by the available evidence.",openrouter/perplexity/sonar-pro,d595a020b777,2026-07-04T16:32:06
R_1txKmn5fwBo0lN9,study3,Truth-Constrained,bunk,affirms,Aliens use women to bear their children to prevent their race from being exterminated.,conspiracy_claim,0,60,false,"The claim asserts that extraterrestrials are using human women to bear their children in order to prevent the aliens’ race from being exterminated. While abduction and hybrid-breeding narratives of this kind are widely reported in UFO and paranormal communities, they are based on personal testimony, speculative books, and media stories, not independently verifiable evidence.[3][4][7] There is no credible empirical evidence that aliens exist, visit Earth, or can biologically reproduce with humans, and basic biology indicates that reproduction between an unknown non-human species and humans would be effectively impossible.[3][13] Because the central allegation (a real alien reproductive program using women as incubators to save their species) directly conflicts with all established scientific evidence and lacks any corroborating physical, genetic, or observational data where such evidence should be expected, it is best classified as clearly false, though in principle it is empirically checkable if such evidence ever appeared.",openrouter/perplexity/sonar-pro,d595a020b777,2026-07-04T16:32:06
R_1urnLVm6p7I136r,study3,Truth-Constrained,debunk,affirms,Donald Trump is engaged in elaborate plots to capture and maintain control of the United States Government.,conspiracy_claim,25,80,mostly_false,"The statement alleges *elaborate plots* by Trump to secretly capture and maintain control of the entire U.S. government. Public reporting documents aggressive, largely open efforts and plans to expand presidential authority, centralize control over the executive branch, and weaken checks and balances (e.g., through Schedule F, Project 2025, purges of civil servants, and attacks on separation of powers).[1][7][9][14] These are extensively discussed in mainstream media, think-tank analyses, and policy documents, not hidden conspiracies, and there is no evidence of a covert plot beyond these publicly declared strategies. The core claim that he is engaged in secret elaborate plots therefore overstates the evidence, which supports an openly pursued agenda to expand executive power rather than a clandestine conspiracy to capture the entire government.",openrouter/perplexity/sonar-pro,d595a020b777,2026-07-04T16:32:06
R_1vwjlfiv98JSspP,study3,Truth-Constrained,bunk,affirms,Celebrities eliminate individuals who are about to expose the secret harm they have done.,conspiracy_claim,10,30,false,"The statement alleges that celebrities *eliminate* (i.e., kill or otherwise make people disappear) individuals who are about to expose their secret harm as a general practice. There is ample documentation that some celebrities use their wealth, status, lawyers, NDAs, settlements, intimidation, and reputational pressure to silence or discredit accusers and avoid accountability, including buying off victims and benefiting from systemic disbelief and lenient treatment in the justice system.[8][1] However, there is no credible evidence that celebrities routinely or systematically physically eliminate would‑be whistleblowers, and such serious crimes would produce police investigations, court records, and journalistic documentation that are not observed. The broad, generalized claim of elimination by celebrities therefore goes beyond available evidence and is best judged as false, while its core about using power to suppress exposure is partly grounded but notably less extreme than the statement.",openrouter/perplexity/sonar-pro,d595a020b777,2026-07-04T16:32:06
R_1w1RU1p3JifDqox,study3,Truth-Constrained,bunk,affirms,"A small, influential group of people sets public policy to fulfill their own agendas.",conspiracy_claim,50,60,mixed_or_unclear,"The claim describes a small, influential group that systematically sets public policy to serve its own agendas, implying coordinated elite control beyond normal interest-group politics. Elite theory and empirical work on interest groups and inequality in influence support that policy often reflects the preferences of relatively small, affluent elites more than the general public, and that interest groups frequently shape policy in favor of their members or causes[2][4][5][7][15]. However, evidence also shows that policymaking involves multiple actors (parties, social movements, bureaucracies, public opinion), and there is no clear proof of a single, unified small group that consistently sets all public policy solely for self-serving agendas across contexts[3][9]. Thus, the broad conspiratorial framing is only partially supported: unequal influence and elite agenda-setting are well documented, but the existence of one small, coordinated group that “sets public policy” in general is not established.",openrouter/perplexity/sonar-pro,d595a020b777,2026-07-04T16:32:06
R_1wFVtPLshGP33pm,study3,Truth-Constrained,debunk,affirms,"The government possesses alien technology, which they conceal to prevent other countries or the public from obtaining it.",conspiracy_claim,10,90,false,"The statement alleges a secret government possession and concealment of alien technology. Publicly released Pentagon/AARO reporting found no evidence that the U.S. government or private entities possessed or reverse-engineered extraterrestrial technology, and explicitly denied claims of hidden programs or off-world craft.[1][6][8][11][14]",openrouter/perplexity/sonar-pro,d595a020b777,2026-07-04T16:32:06
R_1wUthDntGndWNzP,study3,Truth-Constrained,bunk,affirms,There is life on other planets and they have visited us before.,conspiracy_claim,25,70,mostly_false,"The existence of life on other planets is considered plausible by many scientists given the vast number of exoplanets, but as of now there is *no direct evidence* of extraterrestrial life at all, let alone intelligent visitors.[1][3][9][14] Major scientific bodies including NASA explicitly state that no life beyond Earth has ever been found and there is no evidence that alien life has ever visited our planet.[2][8][14] While a few scientists have speculated about possible past visits or interstellar objects of artificial origin, these views are highly contested and not supported by robust empirical evidence, so the specific claim that extraterrestrials **have visited us before** is largely unsupported by current data.[6][10][13]",openrouter/perplexity/sonar-pro,d595a020b777,2026-07-04T16:32:06
R_1yqR1k4DEK0yquu,study3,Truth-Constrained,debunk,affirms,Lee Harvey Oswald did not act alone in the assassination of John F. Kennedy; there were two shooters involved.,conspiracy_claim,25,80,mostly_false,"The official Warren Commission concluded that Lee Harvey Oswald acted alone and that no evidence supported the involvement of another shooter.[8][9] Later, the House Select Committee on Assassinations found on the basis of disputed acoustical evidence a ""high probability that two gunmen fired"" and that Kennedy was ""probably assassinated as a result of a conspiracy,"" but it could not identify a second gunman or firmly establish the extent of any plot.[4][7][12] Subsequent reviews of the acoustical work and ongoing releases of JFK documents have not produced clear, corroborating evidence of a second shooter or of coordinated multi‑gunman activity, and many contemporary experts continue to affirm Oswald as the lone gunman.[2][10][15] Overall, the existence of two shooters is weakly supported and remains speculative, so the specific claim that there were two shooters is largely unsupported by the best available evidence, though it is not entirely ruled out.",openrouter/perplexity/sonar-pro,d595a020b777,2026-07-04T16:32:06
R_1ysxDXjDV35WVfH,study3,Truth-Constrained,debunk,affirms,The government created Covid-19 in a lab and intentionally released it to reduce the population.,conspiracy_claim,0,85,false,"The claim that ""the government"" (unspecified, but implying a deliberate state program) **created** SARS-CoV-2 in a lab and **intentionally released it to reduce the population** combines two elements: man‑made origin and deliberate depopulation bioweapon use. Genomic analyses and statements from the WHO, US intelligence community, and multiple independent virologists have found **no evidence** that SARS‑CoV‑2 was genetically engineered or man‑made, and conclude it originated through natural processes, most likely zoonotic transmission from animals such as bats.[1][4][5][6][7][10][13] These bodies also explicitly reject the extreme bioweapon/depopulation conspiracy claims, noting there is ""no evidence of any kind"" that the virus was created in or deliberately released from a lab, and that bioweapon theories are unsupported conspiracy narratives.[4][5][13] While some political actors and committees now endorse a **lab incident** hypothesis for the origin, they frame it as an accidental research‑related mishap, not intentional population reduction, and offer no evidence of deliberate creation or release or of a depopulation agenda.[2][3][8][11][12] Because extensive global investigation has produced zero supporting evidence where strong documentary, whistleblower, or forensic traces would be expected for a covert depopulation program, the specific claim of intentional government creation and release to reduce the population is clearly false as stated.",openrouter/perplexity/sonar-pro,d595a020b777,2026-07-04T16:32:06
R_1zW48NWZxdAoo6t,study3,Truth-Constrained,bunk,affirms,The education system is declining to make people more dependent and less aware of government actions.,conspiracy_claim,25,40,mostly_false,"The claim asserts an intentional, coordinated decline of the education system with the specific purpose of making people more dependent and less aware of government actions. While there is substantial evidence of governance problems, underfunding, centralization, privatization pressures, and policy choices that can undermine educational quality and civic education, these are typically explained by institutional, ideological, economic, and political factors rather than a documented, covert plan to reduce civic awareness.[1][4][11][12][15] No credible evidence shows a secret, unified effort across the education system whose explicit goal is to keep citizens unaware of government actions; rather, debates and conflicts over control of curriculum and governance occur in public view and are subject to law, elections, and litigation.[2][7][14] Hence the structural problems are real, but the specific conspiratorial intent described in the statement is largely unsupported by available evidence.",openrouter/perplexity/sonar-pro,d595a020b777,2026-07-04T16:32:06
R_28sUbI5RbJ49rvb,study3,Truth-Constrained,bunk,affirms,The 1969 moon landing was staged by the government and filmed on a movie set to win the space race.,conspiracy_claim,0,95,false,"The claim that the 1969 Apollo 11 Moon landing was staged on a movie set to win the space race is a well-known conspiracy theory that has been extensively investigated and debunked.[1][2][5][7][9] Multiple lines of evidence—including thousands of photos and hours of video, detailed telemetry and mission records, and 382 kg of lunar rock independently verified as of non-terrestrial, lunar origin—confirm that astronauts physically landed on the Moon, leaving no credible evidence that the event was staged on a film set.[5][7][9]",openrouter/perplexity/sonar-pro,d595a020b777,2026-07-04T16:32:06
R_30GfqEmqtme2KNf,study3,Truth-Constrained,debunk,affirms,The government is hiding evidence of extraterrestrial contact and technology and may currently have such physical evidence in their possession.,conspiracy_claim,25,60,mostly_false,"The claim asserts that the government is actively hiding evidence of extraterrestrial contact and technology and currently possesses such physical evidence. Multiple official investigations and reviews, including Project Blue Book, the 2021 ODNI UAP report, and the Pentagon’s 2024 AARO Historical Record Report, explicitly state they have found no evidence that any UFO/UAP sighting represents extraterrestrial technology and no verifiable evidence that the U.S. government has access to or is reverse‑engineering extraterrestrial materials.[14][10][6][9] The White House has likewise stated there is no credible information that such evidence is being hidden.[4] While whistleblower testimony (e.g., David Grusch) alleges secret programs and recovered non‑human materials, these claims have not been substantiated by verifiable documentation or confirmed by official investigations.[12] Given strong official denials and lack of publicly verifiable supporting evidence, the claim is largely unsupported, though it remains in principle empirically checkable if credible physical evidence or documentation were produced.",openrouter/perplexity/sonar-pro,d595a020b777,2026-07-04T16:32:06
R_30MJpqSJkjBqdVO,study3,Truth-Constrained,debunk,affirms,A secret elite group is working to create a one world government by controlling global events.,conspiracy_claim,10,40,false,"The statement is a classic form of the *New World Order* conspiracy theory, which alleges that a secretive power elite is coordinating global events to impose a one‑world government.[3][4] Multiple sources describe this as a belief or conspiracy narrative and note that purported groups like the Committee of 300 or a global shadow government lack any credible, verifiable evidence of existence or coordinated world control.[3][5][9] While specific policy coordination among visible international institutions and elites is well documented, the existence of a single secret elite group covertly controlling global events with the explicit goal of creating a one‑world government is unsupported by reputable historical and political evidence and is widely regarded as a conspiracy theory.[3][5][9] The claim is partially checkable in principle (through historical records, leaks, and investigative reporting), but by positing a hidden, unified cabal directing all major events, it remains broad and poorly specified, limiting direct empirical verification.",openrouter/perplexity/sonar-pro,d595a020b777,2026-07-04T16:32:06
R_30PmfQHiLMH0Xo3,study3,Truth-Constrained,debunk,affirms,The government is hiding the truth about aliens being on earth.,conspiracy_claim,25,60,mostly_false,"The statement asserts a deliberate government cover-up of the fact that aliens are on Earth. While there is a long-standing **belief and social movement** claiming governments hide proof of UFOs and alien visitation, this is itself classified as a conspiracy theory rather than established fact.[14][15] Multiple official investigations and bodies (e.g., NASA panels, Pentagon UAP offices) report no confirmed evidence that extraterrestrial intelligent life is present on Earth or that such evidence is being suppressed.[1][6][9] Allegations by whistleblowers and documentary filmmakers describe secret programs and cover‑ups, but these remain uncorroborated and are explicitly denied by relevant government agencies.[4][5][6] Overall, public, scientific, and official evidence does not substantiate the claim that governments are hiding the truth that aliens are currently on Earth, making the claim largely unsupported, though partially checkable via released files and official inquiries.",openrouter/perplexity/sonar-pro,d595a020b777,2026-07-04T16:32:06
R_30To4Sy1iB523Np,study3,Truth-Constrained,debunk,denies,President Trump was not actually shot.,conspiracy_claim,0,95,false,"Extensive video evidence, eyewitness accounts, medical evaluation, and official statements from the FBI, Secret Service, and Trump himself all confirm that he was struck by a bullet that pierced the upper part of his right ear during the Butler, Pennsylvania rally on July 13, 2024.[2][4][5][6][9][10][12][13] Multiple independent news organizations and an FBI-led investigation describe the event as a real attempted assassination in which shots were fired, one spectator was killed, others were injured, and Trump sustained a gunshot wound to the ear, directly contradicting claims that he was not actually shot or that the incident was staged.[1][2][4][8][9]",openrouter/perplexity/sonar-pro,d595a020b777,2026-07-04T16:32:06
R_30YV4vJjjFnwnbS,study3,Truth-Constrained,debunk,affirms,The government was involved in the assassination of MLK Jr.,conspiracy_claim,25,80,mostly_false,"Multiple official investigations, including the FBI’s original inquiry, the 1979 House Select Committee on Assassinations, and a 2000 U.S. Department of Justice review, all concluded there is no reliable evidence that any federal, state, or local government agency was involved in directing or carrying out the assassination of Martin Luther King Jr.[1][4][10] A 1999 Memphis civil jury did find a conspiracy involving Loyd Jowers and ""others, including government agencies,"" but civil standards of proof are lower than criminal, and the DOJ later reviewed that case and explicitly judged its government-conspiracy allegations as unsubstantiated and not credible.[1][6][7][13] Public evidence strongly supports James Earl Ray as the lone gunman, while showing extensive illegal government surveillance and harassment of King, but not proven government orchestration of his murder.[4][8][11][12]",openrouter/perplexity/sonar-pro,d595a020b777,2026-07-04T16:32:06
R_30bKi2w8HIHMJe2,study3,Truth-Constrained,bunk,affirms,COVID-19 was created or released by a lab as part of a secret plan.,conspiracy_claim,25,60,mostly_false,"The statement goes beyond a possible accidental lab leak and asserts that COVID-19 was *created or released* as part of a *secret plan*, i.e., a deliberate, coordinated plot. Current scientific and intelligence assessments find no evidence that SARS-CoV-2 was genetically engineered or developed as a biological weapon, nor that it was intentionally released.[4][11][12] Most virologists and major reviews conclude the virus shows signatures of natural evolution and not deliberate creation.[4][12] While some intelligence agencies and political bodies judge a lab-related incident (an accidental leak) to be plausible or even likely, they explicitly do not assess purposeful weaponization or intentional release as supported, and emphasize the absence of concrete evidence for such a deliberate plan.[1][2][3][6][9][11][13][14] Because deliberate creation/release as part of a secret plan is strongly unsupported by available evidence yet in principle empirically assessable through documents, genetic data, and investigations, the claim is mostly false and moderately checkable.",openrouter/perplexity/sonar-pro,d595a020b777,2026-07-04T16:32:06
R_30obdNQjUDLJKto,study3,Truth-Constrained,debunk,affirms,UFOS are real.,no_claim,,,not_checkable,"The statement is too vague and underspecified to function as a factual claim as written. 'UFOs are real' can mean simply that unidentified flying objects exist, which is definitional, but the participant’s wording does not assert a specific checkable proposition beyond expressing uncertainty.",openrouter/perplexity/sonar-pro,d595a020b777,2026-07-04T16:32:06
R_31uAVMcRVRxAx7j,study3,Truth-Constrained,bunk,affirms,Donald Trump intentionally proposed tariffs to send America into a recession to benefit the rich.,conspiracy_claim,10,40,false,"The statement alleges a secret malicious intent: that Trump proposed tariffs specifically to trigger a recession in order to benefit the rich. Public records and Trump’s own explanations frame the tariffs as tools to reduce trade deficits, protect U.S. manufacturing, bring jobs back, and raise revenue, not to deliberately crash the economy.[9][6] Economic analyses by the CBO, Brookings, Tax Foundation, and others find the tariffs modestly reduce growth, raise inflation, and shrink household welfare, but they do not identify evidence that Trump’s goal was to cause a recession; rather, they treat harm to growth as an unintended trade-off.[1][8][15] Intent is inherently hard to prove (hence moderate checkability), yet there is no credible documentation—such as internal plans or statements—supporting a plan to “send America into a recession to benefit the rich,” and the best available evidence points to stated policy goals that are inconsistent with that alleged motive.",openrouter/perplexity/sonar-pro,d595a020b777,2026-07-04T16:32:06
R_32QgA1bOdyVQm4x,study3,Truth-Constrained,bunk,affirms,The results of vaccine efficiency and the recommendations for certain people to get various vaccines are not accurate.,official_account,25,85,mostly_false,"The claim broadly asserts that reported results on vaccine efficacy and recommendations for who should receive vaccines are ""not accurate"" in general. While experts acknowledge important uncertainties, biases, and misinterpretations in how vaccine efficacy and effectiveness are estimated and communicated, the core results from large randomized trials and well-designed observational studies are broadly reliable and show substantial protection, not wholesale inaccuracy.[6][11][15] Methodological work shows that point estimates can be misleading without confidence intervals and that overall efficacy measures can obscure variability over time and across populations, but these critiques call for refinement and better communication, not a rejection of vaccine efficacy results or of evidence-based targeting of high‑risk groups.[1][2][4][7][14] Public health bodies explicitly account for variations by age, comorbidities, time since vaccination, and circulating variants when updating recommendations, which contradicts a blanket claim that such recommendations are generally inaccurate.[6][8][14]",openrouter/perplexity/sonar-pro,d595a020b777,2026-07-04T16:32:06
R_330CbNDvrQccyc1,study3,Truth-Constrained,bunk,affirms,The government is hiding evidence of extraterrestrial contact and has recovered alien technology.,conspiracy_claim,25,60,mostly_false,"The claim alleges a covert government cover-up of confirmed extraterrestrial contact and recovered alien technology. Multiple official reviews and investigations by the U.S. government, including Project Blue Book, NASA inquiries, and the Pentagon’s All-domain Anomaly Resolution Office (AARO), report that no UAP/UFO sighting has been confirmed as extraterrestrial technology and that there is no verifiable evidence of recovered alien craft or materials.[6][10][11][14] Recent comprehensive Pentagon and Defense Department reports explicitly state there is no proof that officials have retrieved alien spacecraft or are concealing them, and no evidence that the government is reverse-engineering extraterrestrial technology.[6][9][11] While some whistleblowers and witnesses (e.g., David Grusch) have alleged secret programs and non-human materials, these claims have not been substantiated by verifiable evidence and are directly denied by the Department of Defense.[12][6][11] Given strong official, evidence-based findings against the existence of such technology or confirmed contact, and the lack of publicly verifiable proof for a cover-up, the claim is best assessed as mostly false, though not strictly provably false because some aspects (secret programs, hidden evidence) are inherently difficult to fully rule out.",openrouter/perplexity/sonar-pro,d595a020b777,2026-07-04T16:32:06
R_332Z2utpM0sWV57,study3,Truth-Constrained,bunk,affirms,Major drug companies and health insurance companies are collaborating to maximize profits and shift costs onto consumers.,conspiracy_claim,70,80,mostly_true,"There is extensive evidence of structured, often opaque collaboration between drug manufacturers, insurers, and their intermediaries (PBMs) through rebate and formulary arrangements that raise list prices, concentrate profits among these firms, and frequently result in higher out-of-pocket costs for many patients.[3][7][9][11][12][14] Regulatory reports, journalism, and policy analyses document that insurers and PBMs receive large rebates and discounts from drug companies which are often not passed through to patients, and that pricing and coverage strategies can shift financial burdens onto sicker or higher-need consumers to keep premiums lower for others.[3][7][11][12][14] While these practices are largely legal and market-structured rather than a single unified secret plot, the core claim that major drug and insurance companies coordinate in ways that maximize their profits and shift significant costs onto consumers is well supported by public evidence.",openrouter/perplexity/sonar-pro,d595a020b777,2026-07-04T16:32:06
R_33jNyCBDJnNi4p4,study3,Truth-Constrained,bunk,affirms,"There is a pedophile ring involving very influential people, with Jeffrey Epstein, his girlfriend, and Prince Andrew just scratching the surface.",conspiracy_claim,25,90,mostly_false,"It is well documented that Jeffrey Epstein and Ghislaine Maxwell sexually abused underage girls, but available FBI/DOJ reviews found scant evidence that he ran a broader sex-trafficking ring for powerful men or that records/images implicated anyone beyond Epstein and Maxwell. Public reporting and court documents do mention allegations about Prince Andrew and others, but those allegations do not establish the broad claim that a large influential pedophile ring existed.",openrouter/perplexity/sonar-pro,d595a020b777,2026-07-04T16:32:06
R_341feHvTEtpaJjz,study3,Truth-Constrained,debunk,affirms,"A group of very rich individuals with significant influence orchestrates events, financial markets, and global activities.",conspiracy_claim,25,60,mostly_false,"There is strong evidence that **very rich individuals and large corporations exert disproportionate influence over politics, regulation, markets, and global governance**, consistent with descriptions of a global oligarchy or ""superclass"" that shapes rules and decisions in their favor.[2][7][8][10][11][13] However, the statement goes further by implying a coordinated group that *orchestrates events, financial markets, and global activities* as a unified, organized actor; empirically, the evidence points to overlapping elites with significant but fragmented and often competing influence rather than a single covert coordinating group that systematically controls global events and markets. No credible evidence shows a centralized cabal with coherent orchestration of world events in the strong sense claimed, and the complexity and transparency of modern institutions argue against such unified control, even though elite influence is well documented.[2][7][8][9][11]",openrouter/perplexity/sonar-pro,d595a020b777,2026-07-04T16:32:06
R_358hEaJVUNYt8lz,study3,Truth-Constrained,bunk,affirms,Powerful pharmaceutical companies are suppressing advanced treatments or cures for major diseases because they profit more from keeping patients sick.,conspiracy_claim,25,70,mostly_false,"The statement makes a broad, systemic allegation that pharmaceutical companies are actively and covertly suppressing existing advanced treatments or cures for major diseases in order to profit from keeping patients sick. Reviews of ""Big Pharma"" conspiracy theories find no credible evidence that companies secretly possess and systematically hide definitive cures for major diseases like cancer or HIV; authors who have examined these claims conclude they are unsupported by documented cases or whistleblower testimony.[2][3][4][5][6][8] Analyses note that while profit motives do distort research priorities, pricing, and access—e.g., neglect of diseases affecting the poor, high prices, and lobbying—these are structural and economic problems, not proven examples of deliberate suppression of known cures.[4][9][10][14][15] Because large-scale clinical research is collaborative and heavily regulated, and effective cures would be extremely valuable and difficult to keep secret, the claim of systematic hidden cures for major diseases is largely unsupported, even though concerns about profit-driven behavior in pharma are well-founded.",openrouter/perplexity/sonar-pro,d595a020b777,2026-07-04T16:32:06
R_36H29yofLlUzEop,study3,Truth-Constrained,debunk,affirms,Powerful evangelical leaders have secured politicians' loyalty to destabilize American democracy and foreign relations to hasten the onset of the end times.,conspiracy_claim,25,60,mostly_false,"There is substantial evidence that some influential evangelical leaders hold apocalyptic end-times beliefs and that these beliefs shape their political rhetoric and support for specific foreign policies, particularly regarding Israel, Iran, and the Middle East.[1][4][6][8][11][13][14][15] However, the statement goes further by alleging a coordinated, covert project in which powerful evangelical leaders have *secured politicians' loyalty* specifically *to destabilize American democracy and foreign relations* *in order to hasten the end times*. Existing research and reporting document open, ideological alliances, Christian nationalist agendas, and apocalyptic framing, but do not substantiate a secret plan to deliberately destabilize U.S. democracy or foreign relations as a tactic to accelerate the end times.[5][7][9][12][13][14] Moreover, many pro-Israel evangelical leaders explicitly deny that they can or aim to hasten the timing of the end times, arguing that support for Israel is based on theology, justice, or geopolitics rather than a belief they can accelerate apocalyptic events.[12] In the absence of evidence of a covert destabilization plot, and given counterevidence about motives and theology, the broad conspiratorial claim is largely unsupported by public evidence.",openrouter/perplexity/sonar-pro,d595a020b777,2026-07-04T16:32:06
R_36TyJ70yd3YSx0t,study3,Truth-Constrained,bunk,affirms,NASA and the U.S. government faked the 1969 moon landing and filmed it on Earth as part of a Cold War-era propaganda effort.,conspiracy_claim,0,100,false,"The claim alleges a coordinated secret hoax by NASA and the U.S. government, but the Apollo 11 moon landing is extensively documented by independent evidence, including live mission broadcasts, lunar samples verified by laboratories worldwide, and numerous public debunkings of the standard hoax arguments. Public evidence strongly contradicts the assertion that it was faked on Earth.",openrouter/perplexity/sonar-pro,d595a020b777,2026-07-04T16:32:06
R_37eMnA02fvK9dwB,study3,Truth-Constrained,bunk,affirms,"A global elite is orchestrating a coordinated effort to establish a 'New World Order', concentrating political and economic power and influencing global affairs through secretive agreements.",conspiracy_claim,10,60,false,"The statement closely matches the classic New World Order conspiracy theory, which posits that a secretive global elite is coordinating behind the scenes to create a totalitarian one‑world government and dominate politics and economics through covert agreements.[1][2][3][6][12][15] Scholarly, journalistic, and monitoring organizations describe this as a belief system rather than a documented reality, noting that proponents rely on broad attributions of major events to a hidden cabal and that there is little to no empirical evidence for such an organized, global secret government or its alleged mechanisms of control.[4][5][10][14]",openrouter/perplexity/sonar-pro,d595a020b777,2026-07-04T16:32:06
R_37vrFd77Qgu21Uy,study3,Truth-Constrained,bunk,affirms,The government is hiding the extent of radiation poisoning resulting from the nuclear weapons tests in the Nevada desert.,conspiracy_claim,75,80,mostly_true,"There is extensive documentation that U.S. agencies initially downplayed and misrepresented the health risks and extent of radiation exposure from Nevada nuclear tests, including knowingly false assurances by the Atomic Energy Commission and falsified reports about livestock deaths and fallout impacts in Utah, only later exposed by congressional investigation in 1979.[11] Subsequent government and scientific reports, such as the National Cancer Institute’s analyses of iodine-131 fallout and projected thyroid cancers, show that large-scale exposures and associated health risks were significant and often only fully acknowledged decades later, supporting the claim that the government hid or minimized the extent of radiation poisoning rather than being fully transparent at the time.[3][6][10][12]",openrouter/perplexity/sonar-pro,d595a020b777,2026-07-04T16:32:06
R_38X3B7ix735xdSx,study3,Truth-Constrained,debunk,affirms,"The government is making people sick and covering it up, with doctors ignoring these illnesses, while planning to round up individuals with certain diagnoses and send them to ""wellness camps,"" as well as creating a registry of people with Autism.",conspiracy_claim,10,40,false,"The statement alleges a coordinated government program that is both making people broadly sick, directing doctors to ignore illnesses, planning to round up people with certain diagnoses into ""wellness camps,"" and creating a registry of people with autism. While there is historical evidence of specific government health-related cover‑ups or negligence (e.g., infected blood scandals, debates over COVID origins, or alleged minimization of certain risks)[3][13], there is no credible evidence of a current, systematic government program matching this broad, multi-part claim, nor of planned roundups to camps or a special registry targeting autistic people. These elements are serious, concrete policy actions that would leave extensive documentary, journalistic, legal, and advocacy traces; none appear in mainstream governmental records or reputable reporting, and similar claims have been repeatedly classified as unfounded medical/government conspiracy theories[8][12].",openrouter/perplexity/sonar-pro,d595a020b777,2026-07-04T16:32:06
R_39m7cj5YbKkXOGR,study3,Truth-Constrained,bunk,affirms,The moon landing was faked by NASA to win the space race against the Soviet Union.,conspiracy_claim,0,95,false,"The claim that NASA faked the moon landing to win the space race is a well-known conspiracy theory for which no credible supporting evidence has emerged despite extensive investigation and the involvement of hundreds of thousands of people in the Apollo program.[1][4][15] Multiple lines of independent evidence—including 382 kg of lunar rocks verified by laboratories worldwide, tracking data from other countries (including the USSR), and later missions imaging Apollo landing sites—confirm that humans did land on the Moon, and scientific and historical analyses have thoroughly discredited hoax claims.[2][6][9][14]",openrouter/perplexity/sonar-pro,d595a020b777,2026-07-04T16:32:06
R_39olWYCaZgeLqfi,study3,Truth-Constrained,debunk,affirms,The moon landing was a government scam designed to secure funding and public support for the space program by using camera and photo manipulation.,conspiracy_claim,5,100,false,"The statement alleges a coordinated government scam using camera and photo manipulation to fake the Moon landing. Publicly available evidence strongly contradicts this: Apollo lunar samples were independently verified, and later missions from other countries imaged the landing sites and hardware, supporting the official account that humans did land on the Moon.[1][2][10]",openrouter/perplexity/sonar-pro,d595a020b777,2026-07-04T16:32:06
R_39vzg41KEab9Xep,study3,Truth-Constrained,debunk,affirms,The government is concealing evidence in certain parts of the Grand Canyon that prove contact with people outside of North America occurred thousands of years before Columbus arrived.,conspiracy_claim,15,85,mostly_false,"Public historical research and Smithsonian statements report no record of the alleged Grand Canyon expedition, no trace of the named participants, and no evidence that such artifacts or a concealed cave were ever documented. The claim that the government is concealing proof of pre-Columbian transoceanic contact in the Grand Canyon is therefore largely unsupported, with the story widely treated as a hoax or legend.",openrouter/perplexity/sonar-pro,d595a020b777,2026-07-04T16:32:06
R_3AGVjA4Jzi0lWhb,study3,Truth-Constrained,debunk,affirms,"The moon landing footage was faked to make the Soviet Union stop their attempts to land on the moon and to make them look bad, as they were winning the space race.",conspiracy_claim,0,95,false,"The claim that the moon landing footage was faked for Cold War strategic reasons is part of the broader ""moon landing hoax"" theory, which asserts NASA fabricated the Apollo landings to win the space race against the USSR.[2][12][15] Extensive independent evidence confirms that astronauts genuinely landed on the Moon: multiple Apollo missions, thousands of photos and hours of video, 382 kg of lunar rocks verified by labs worldwide, and retroreflectors still used for laser ranging today.[8][1][14] Soviet tracking stations monitored Apollo missions in real time and Soviet technical documents treated the landings as factual, meaning the USSR had both the capability and incentive to expose any U.S. fraud but did not because the landings were real.[10][5] Every specific argument used to claim the footage was staged has been technically debunked, and historians and physicists conclude it would have been harder to fake the landings than to carry them out, leaving no credible evidence that the footage or landings were fabricated to deter Soviet attempts or make them look bad.[9][8]",openrouter/perplexity/sonar-pro,d595a020b777,2026-07-04T16:32:06
R_3ASUdTgSy70aBA7,study3,Truth-Constrained,debunk,affirms,"The government has evidence of alien life, including recovered spacecraft and bodies of aliens.",conspiracy_claim,10,60,false,"The claim asserts that the government possesses concrete evidence of alien life, including recovered spacecraft and alien bodies. Multiple official investigations and statements from the White House, Pentagon, NASA and the U.S. Department of Defense report that there is **no evidence** of extraterrestrial life, no confirmed recovery of alien craft, and no verified alien bodies, and that claims of secret crash-retrieval and reverse-engineering programs have produced no substantiating evidence.[1][2][6][7][8][9][11][14][15] While whistleblowers like David Grusch have alleged recovered ""non-human biologics"" and craft, these accounts are second-hand, unverified, and explicitly contradicted by Pentagon inquiries, leaving no credible public evidence that such government-held alien ships or bodies exist.[2][5][14]",openrouter/perplexity/sonar-pro,d595a020b777,2026-07-04T16:32:06
R_3AoWkRKIgfbsP7z,study3,Truth-Constrained,debunk,affirms,Major events or situations are the result of secret plots by powerful people.,conspiracy_claim,25,60,mostly_false,"The statement asserts as a general rule that major events or situations are the result of secret plots by powerful people, which matches scholarly and dictionary definitions of a *conspiracy theory* rather than an established fact.[1][2][3][10][14][15] Empirical historical and social‑scientific research shows that while some events do involve real conspiracies, most major events have well‑documented, non‑conspiratorial causes, and there is no evidence that secret plots by powerful actors are the predominant cause of major events overall; thus, the claim as a broad generalization is largely unsupported.",openrouter/perplexity/sonar-pro,d595a020b777,2026-07-04T16:32:06
R_3B5MERLaZwIVoGF,study3,Truth-Constrained,debunk,affirms,The COVID-19 epidemic originated from an accidental release of a lab experiment in China.,conspiracy_claim,50,60,mixed_or_unclear,"The claim describes an accidental lab leak of a SARS‑CoV‑2 experiment in China as the origin of COVID‑19, which corresponds to one of the two main hypothesized origins (natural zoonotic spillover vs. laboratory incident). Current scientific consensus and multiple reviews by WHO and independent researchers say the *weight of available evidence* favors a natural zoonotic origin linked to animals and markets in Wuhan, and that there is *no concrete or substantial evidence* of laboratory involvement or of the virus existing in a lab before the outbreak.[4][5][11][12] However, several US agencies (e.g., FBI, parts of DOE) and political bodies state, with limited to moderate confidence and without publicly disclosed decisive evidence, that a lab-related incident in Wuhan is the more likely origin, and the hypothesis has not been definitively ruled out.[3][7][8][9][1][2][10] Because the origin remains formally unresolved, with most scientific evidence supporting zoonosis but some official assessments favoring a lab incident without conclusive proof, the claim is neither clearly true nor clearly false, and is only moderately checkable given restricted data and incomplete access to relevant records.",openrouter/perplexity/sonar-pro,d595a020b777,2026-07-04T16:32:06
R_3B9fumuXsZbXvA1,study3,Truth-Constrained,bunk,affirms,The government or some organization is releasing chemicals or viruses to test on the population without their knowledge.,conspiracy_claim,25,70,mostly_false,"There is extensive, well-documented historical evidence that governments have conducted unethical experiments involving chemicals, radiation, and biological agents on unwitting civilian and military populations, particularly during the mid‑20th century Cold War era.[2][3][4][7][12][15] However, the statement is framed as an ongoing, generalized practice (“is releasing chemicals or viruses to test on the population”) without evidence that such secret large‑scale testing is currently being conducted on the general population; modern legal frameworks like 50 USC 1520a explicitly prohibit chemical or biological agent testing on civilians without informed consent, and disclosures and investigations have exposed past programs rather than demonstrating a continuing covert program of population‑wide testing.[1][2][13][14]",openrouter/perplexity/sonar-pro,d595a020b777,2026-07-04T16:32:06
R_3BQwpYLQnyamTVC,study3,Truth-Constrained,debunk,affirms,"Project Blue Beam is a plan to use advanced technology and media manipulation to simulate a fake event or scenario, potentially affecting public perception on a large scale.",conspiracy_claim,10,80,false,"Project Blue Beam is widely documented as a conspiracy theory originating with Canadian writer Serge Monast in the 1990s, claiming that NASA, the UN, and global elites plan to use advanced technologies, holograms, and media to stage fake religious or alien events and manipulate humanity into accepting a New World Order.[1][2][3][4][9][13][14] Multiple journalistic and explanatory sources note that no credible evidence has ever surfaced showing Project Blue Beam to be a real plan or operation, and it is consistently categorized as an unfounded modern conspiracy theory rather than a documented covert project.[3][4][10]",openrouter/perplexity/sonar-pro,d595a020b777,2026-07-04T16:32:06
R_3BtVx9u2zOeB5gJ,study3,Truth-Constrained,bunk,affirms,"The moon landing was faked in the 1960s and staged in a desert that looks just like the ""moon.""",conspiracy_claim,0,95,false,"The claim that the 1960s moon landing was faked and staged in a desert is contradicted by extensive independent evidence that humans did land on the Moon, including telemetry data, eyewitness accounts from thousands of engineers and scientists, and physical lunar samples whose composition matches in‑situ measurements and cannot be replicated by Earth geology[3][11]. High‑resolution images from the Lunar Reconnaissance Orbiter show Apollo landing sites, hardware, and astronaut tracks on the lunar surface, which would not exist if the missions were shot in an Earth desert[11]; analyses of the original footage also show lighting, motion, and environmental properties inconsistent with desert filming and consistent with the lunar environment[1].",openrouter/perplexity/sonar-pro,d595a020b777,2026-07-04T16:32:06
R_3C62ZdbI39Wm289,study3,Truth-Constrained,bunk,affirms,"Aliens are among us, walking and talking like humans.",conspiracy_claim,10,30,false,"The statement asserts that non-human extraterrestrials are physically present on Earth, covertly ""walking and talking like humans."" Despite popular narratives and recent speculative academic papers (e.g., the cryptoterrestrial hypothesis), the authors of these works themselves describe them as speculative thought experiments and state they believe such hypotheses are likely false.[2][6] Comprehensive investigations by scientific institutions and a recent Pentagon study reviewing decades of UFO/UAP reports report no evidence of extraterrestrial beings on Earth or of aliens disguising themselves as humans.[2][6][8] Because there is no credible empirical evidence for this specific covert-alien-among-us scenario where aliens physically pose as humans, the claim is best judged as clearly false as stated, though direct disproof is difficult, which lowers checkability.",openrouter/perplexity/sonar-pro,d595a020b777,2026-07-04T16:32:06
R_3CDRsZsv5sV9NO9,study3,Truth-Constrained,debunk,affirms,Elvis Presley is really alive and just made it look like he died to escape the spotlight and lack of privacy.,conspiracy_claim,5,95,false,"Public reporting and official accounts state that Elvis Presley died in 1977, and the claim that he staged his death to escape the spotlight is a long-running discredited conspiracy theory.[1][2][12] Sources also note that medical evidence, eyewitness reports, and the lack of credible supporting evidence all point to his death rather than a faked death.[2][11]",openrouter/perplexity/sonar-pro,d595a020b777,2026-07-04T16:32:06
R_3CKFpSeb2VRNIO6,study3,Truth-Constrained,bunk,affirms,The US government had prior knowledge of the 9/11 attacks and allowed them to happen to justify military action and enhance President Bush's public image.,conspiracy_claim,10,80,false,"Official investigations, including the 9/11 Commission and the Joint Inquiry of Congress, confirm that U.S. agencies had significant but fragmented intelligence about al‑Qaeda and possible hijackings, yet no information identifying the specific time, place, or operational details of the 9/11 plot, and they attribute the failure to prevent the attacks to systemic miscommunication, analytical gaps, and procedural weaknesses, not a deliberate decision to allow them to happen for political gain.[3][6][7][14] No credible evidence has been produced that President Bush or senior officials intentionally allowed the attacks to proceed to justify military action or enhance his image; this allegation depends on speculative interpretations of forewarning and post‑attack policy choices rather than documented intent or orders to refrain from prevention.[1][4][9]",openrouter/perplexity/sonar-pro,d595a020b777,2026-07-04T16:32:06
R_3CNtTEU52GcFfKA,study3,Truth-Constrained,debunk,affirms,There is a massive filter that blocks new civilizations from contacting other planets.,no_claim,,,not_checkable,"The statement paraphrases the speculative Great Filter hypothesis from astrobiology, which posits that there may be one or more highly improbable steps or barriers in the development of life from abiogenesis to advanced, spacefaring civilizations, but it does not assert a specific, empirically testable fact about an actual known filter blocking contact with other planets.[1][5][10] As currently framed, it describes a theoretical idea rather than a concrete, checkable claim about reality, so it cannot be assigned a truth value in the requested sense.",openrouter/perplexity/sonar-pro,d595a020b777,2026-07-04T16:32:06
R_3CTsUJId4nPYeiD,study3,Truth-Constrained,bunk,affirms,"Big Pharma is deliberately holding back a ""cure-all"" pill to profit more from selling multiple drugs for various ailments.",conspiracy_claim,10,75,false,"The statement alleges a secret, profit-driven suppression of a 'cure-all' pill by pharmaceutical companies, which is a classic Big Pharma conspiracy claim. Public-facing reviews and science-communication sources say there is no evidence for systematic suppression of a real cure and note that genuinely effective treatments would be difficult to hide in a competitive market; the broader idea is treated as false by these sources.[1][8][12][15]",openrouter/perplexity/sonar-pro,d595a020b777,2026-07-04T16:32:06
R_3DGBMZhe8ZUdvnb,study3,Truth-Constrained,debunk,affirms,A small group of people control the world's major events and policies.,conspiracy_claim,10,40,false,"The statement matches the broad 'global cabal' or 'New World Order' conspiracy genre that claims a single small, secretive group controls most or all major world events and policies.[2][6][9] Extensive historical, political, and economic research finds no credible evidence of one centralized covert group exercising such comprehensive control; power is distributed among many competing states, institutions, and actors, and alleged cabals like the Illuminati or 'Committee of 300' remain unsubstantiated despite decades of scrutiny.[3][5][7] Because the claim is sweeping and vague about actors and mechanisms, its checkability is limited, but available evidence strongly contradicts the idea of a single small group covertly directing world events.",openrouter/perplexity/sonar-pro,d595a020b777,2026-07-04T16:32:06
R_3DHDcj4KeEXlTZT,study3,Truth-Constrained,debunk,affirms,Pigeons are spies of the government.,conspiracy_claim,0,70,false,"The claim asserts that pigeons generally are government spy devices or agents. While governments (including the CIA) have historically used some pigeons in limited, specialized espionage roles—such as carrier pigeons and a Cold War project attaching miniature cameras to trained birds—this involved a small number of pigeons in specific operations, not the pigeon population at large.[1][3][5][14] There is no credible evidence that ordinary urban pigeons today are systematically government spies or robotic surveillance devices; contemporary ""birds aren't real"" and similar pigeon‑spy narratives are documented as satirical or parodic conspiracy movements rather than factual reports.[7][11]",openrouter/perplexity/sonar-pro,d595a020b777,2026-07-04T16:32:06
R_3DRFTYpa83tgOJ5,study3,Truth-Constrained,bunk,affirms,"COVID-19 originated from an accidental laboratory release, and information about its origin has been deliberately concealed.",conspiracy_claim,50,60,mixed_or_unclear,"There is currently no definitive evidence establishing that COVID-19 originated from an accidental laboratory release, although both a lab-associated incident and natural zoonotic spillover remain considered hypotheses by scientific and intelligence bodies.[5][6][12][15] Major scientific assessments and WHO advisory reports judge zoonotic spillover as better supported by available evidence and a lab leak as less likely, while some intelligence agencies and recent political statements (including a 2025 White House declaration) favor a lab-related origin but present largely circumstantial rather than direct evidence.[1][3][5][12][14] Claims of deliberate concealment are plausible given limited transparency and political sensitivities, but are difficult to empirically prove as a coordinated cover-up beyond documented data gaps and restrictions on access to information, making the alleged intentional concealment only moderately checkable.[4][5][12]",openrouter/perplexity/sonar-pro,d595a020b777,2026-07-04T16:32:06
R_3Di1seyLTnbnXEX,study3,Truth-Constrained,debunk,affirms,"JFK was assassinated by others in the government who disagreed with him, not by Lee Oswald, who was killed to keep him quiet, as evidenced by the latest videos of the president's assassination.",conspiracy_claim,25,85,mostly_false,"The official Warren Commission concluded that Lee Harvey Oswald acted alone in killing President Kennedy, finding no evidence of a broader conspiracy or government involvement.[6][7][14] A later House Select Committee on Assassinations did judge that Kennedy was ""probably"" killed as a result of a conspiracy, but it still concluded that Oswald fired the shots and found no proof that ""others in the government"" ordered the killing or that Oswald was killed to silence him.[1][6][14] Extensive historical investigation has produced no direct evidence that any part of the U.S. government planned or executed the assassination or a cover‑up, and journalistic reviews emphasize that no clear link has ever been established between U.S. government actors and the assassination itself.[9][12] Claims that the ""latest videos"" prove government culpability are unsupported; existing films such as the Zapruder footage have long been available and are consistent with Oswald firing from the Texas School Book Depository, not with a demonstrated government plot.[2][5]",openrouter/perplexity/sonar-pro,d595a020b777,2026-07-04T16:32:06
R_3DzONSeSRAuHx5c,study3,Truth-Constrained,bunk,affirms,Contact with other worlds and beings has been happening for years and has been covered up.,conspiracy_claim,25,40,mostly_false,"The statement claims that sustained **contact** with extraterrestrial beings has been occurring for years and that this fact is being **covered up**. Governments and scientific bodies, including the recent Pentagon/AARO review mandated by the US Congress, report finding **no evidence** that any government program has validated contact with extraterrestrial intelligence or recovered alien technology, and explicitly state they are not concealing extraterrestrial beings[10][3]. While numerous authors, activists, and media sources allege long‑running cover-ups and secret contact[6][7][8][13][14], these accounts rely on testimonial and circumstantial claims rather than verifiable, peer‑reviewed evidence, and decades of UFO research have not produced definitive proof of extraterrestrial visitation or communication[3][14]. Given the extraordinary nature of the claim and the lack of corroborating, publicly checkable evidence where such evidence should exist if ongoing contact and a global cover‑up were real, the best available evidence indicates the claim is largely unsupported, though not strictly impossible, hence ""mostly_false"" rather than clearly false.",openrouter/perplexity/sonar-pro,d595a020b777,2026-07-04T16:32:06
R_3E9jUPpTvbBGSfT,study3,Truth-Constrained,debunk,affirms,"Aliens exist and have already visited our planet, as evidenced by sightings and pictures of unidentified flying objects that appear to be spaceships.",conspiracy_claim,25,60,mostly_false,"The claim that aliens exist and have already visited Earth, with UFO sightings and pictures as evidence, is not supported by current mainstream scientific or governmental investigations. Multiple reviews, including Pentagon reports, NASA-related panels, and academic analyses, state there is no credible evidence that any unidentified aerial phenomena or UFO reports represent extraterrestrial spacecraft or visits, and that most investigated sightings are attributable to misidentified human-made objects, natural phenomena, or sensor artifacts.[1][2][7][9][11][15] While a minority of scientists and authors speculate about interstellar objects or anomalous materials as possible alien artifacts, these interpretations are controversial and not accepted as established proof of alien visitation, so the core claim remains largely unsupported.[6][13]",openrouter/perplexity/sonar-pro,d595a020b777,2026-07-04T16:32:06
R_3EEhWj8ZtSPjQmN,study3,Truth-Constrained,debunk,affirms,The government is concealing evidence of extraterrestrial contact to prevent public outrage.,conspiracy_claim,25,60,mostly_false,"The claim alleges a deliberate government concealment of confirmed extraterrestrial contact; multiple official investigations, including recent Pentagon and AARO reports, state they have found no evidence of alien visits, recovered spacecraft, or hidden extraterrestrial materials, and explicitly deny a secret cover-up of such contact.[6][9][10] While some whistleblowers and commentators assert a cover-up, they have not provided verifiable physical evidence and their claims remain uncorroborated by independent data, so the existence of concealed proof of extraterrestrial contact is largely unsupported.[1][8][11]",openrouter/perplexity/sonar-pro,d595a020b777,2026-07-04T16:32:06
R_3EaManxebU69XBP,study3,Truth-Constrained,debunk,affirms,The government is hiding evidence of extraterrestrial contact and has recovered alien technology.,conspiracy_claim,25,70,mostly_false,"The claim matches a long-standing UFO disclosure conspiracy alleging that governments secretly possess and conceal evidence of extraterrestrial contact and recovered alien technology.[15] However, the U.S. Department of Defense’s 2024 AARO historical review explicitly reports finding no empirical or verifiable evidence of extraterrestrial technology, non‑human beings, or reverse‑engineering programs, and concludes that purported off‑world craft are misidentifications of human national security projects.[3][4][11] Whistleblowers have made such allegations, but they have not produced verifiable artifacts or data, and their claims remain uncorroborated; the Pentagon has formally denied them.[7][8] Given extensive official investigation finding no supporting evidence where it should exist if the claim were true, the statement is best judged mostly false, though absolute disproof is impossible, which lowers checkability from 100.",openrouter/perplexity/sonar-pro,d595a020b777,2026-07-04T16:32:06
R_3EhdJAa5o4lsoZK,study3,Truth-Constrained,debunk,affirms,The big elite want to dominate the world through chip placement and by hiding the fact that the earth is not round.,conspiracy_claim,0,70,false,"The statement asserts that a unified ""big elite"" is attempting global domination by covertly implanting chips in people and by hiding that the Earth is not round. There is no credible evidence of a coordinated secret program by a global elite to microchip the population for world domination; discussions of brain–computer interfaces and chips are public, limited, and regulated, and even critical commentary concedes there is ""no evidence"" of an official plan to implant chips in everyone[12]. The claim that elites are hiding that the Earth is not round is directly contradicted by extensive, publicly available empirical evidence that the Earth is an oblate spheroid (satellite imagery, circumnavigation, physics, astronomy), and no evidence supports a large-scale cover‑up of a non-round Earth; mainstream sources and observations consistently affirm a round Earth. Together, the two central allegations are both empirically and evidentially unsupported, so the combined claim is clearly false.",openrouter/perplexity/sonar-pro,d595a020b777,2026-07-04T16:32:06
R_3EuGXjHhE6Qs4TF,study3,Truth-Constrained,debunk,unclear,"In 2020, we transitioned to a parallel universe.",no_claim,,,not_checkable,"The statement is a vague, global assertion about reality changing to a 'parallel universe' in 2020, which is not formulated in a way that allows empirical verification or falsification. There is no scientific evidence that humanity collectively transitioned to a different universe in 2020, and such a transition is not operationally or observationally definable with current physics, so the claim as phrased is not checkable.",openrouter/perplexity/sonar-pro,d595a020b777,2026-07-04T16:32:06
R_3F20lsUN7UZstAd,study3,Truth-Constrained,debunk,affirms,"The US government is secretly researching biochemical weapons and concealing facts from the outside world, with 336 mysterious laboratories scattered in 30 countries since the Cold War.",conspiracy_claim,25,70,mostly_false,"The U.S. did run a largely secret **offensive biological weapons program** and conducted covert tests during and after the Second World War and into the early Cold War era, including undisclosed domestic experiments such as Operation Sea-Spray and Project 112/SHAD.[1][7][9][11] However, the U.S. formally renounced offensive biological weapons in 1969–1970, committed under the Biological Weapons Convention to confine activities to defensive and public health purposes, and current U.S.-linked overseas biological laboratories (e.g., those set up under cooperative threat reduction programs in former Soviet states) are publicly listed, operated by host countries, and officially focused on disease surveillance and biodefense, not covert biochemical weapons development.[1][4][10][13] The specific allegation of “336 mysterious laboratories in 30 countries” secretly researching biochemical weapons and concealing facts has been a recurring disinformation claim (e.g., about U.S. labs in Ukraine), and available evidence indicates these facilities are known, regulated, and oriented toward defensive or public‑health work rather than a clandestine global offensive bioweapons network.[1][10][13]",openrouter/perplexity/sonar-pro,d595a020b777,2026-07-04T16:32:06
R_3FLO134O8X9RBDB,study3,Truth-Constrained,bunk,affirms,The government has been in long-term contact with aliens and has blocked information about this contact.,conspiracy_claim,25,60,mostly_false,"The claim asserts a long-term secret government contact with aliens and a deliberate blocking of information. Publicly available evidence does not substantiate ongoing official contact with extraterrestrials; the White House has explicitly stated that the U.S. government has no evidence of extraterrestrial life or contact and no credible information of a cover-up.[10] While some former officials and whistleblowers have alleged hidden programs and alien agreements, these accounts are second-hand, lack verifiable corroboration, and are denied by the Pentagon and other authorities.[9][14] In the absence of concrete, independently verifiable evidence where such evidence should exist (e.g., documents, hardware, reproducible data), the claim is largely unsupported by current evidence.",openrouter/perplexity/sonar-pro,d595a020b777,2026-07-04T16:32:06
R_3Fza21KWXn0h6rR,study3,Truth-Constrained,debunk,affirms,A covert organization controls wealth distribution by manipulating world economies and triggering significant financial crises.,conspiracy_claim,20,40,mostly_false,"The statement alleges a single covert organization that centrally *controls global wealth distribution* by *manipulating all world economies* and *triggering major financial crises*. Research on central banking conspiracy theories notes that such claims of a secret group controlling global financial systems and orchestrating downturns are widespread but finds **no credible evidence** of a coordinated conspiracy of this kind; central banks operate under legal mandates, government oversight, and substantial public and market scrutiny rather than secret control by a hidden organization.[13] While there is strong evidence of powerful actors using legal and opaque financial-secrecy mechanisms to hide wealth, evade taxes, launder money, and influence policy, this documentation describes a broad, fragmented **system** of financial secrecy and vested interests, not a single covert organization with total control over global crises.[8][11] Because evidence supports systemic inequality and hidden wealth but does not substantiate the claim of one covert organization deliberately engineering world economies and major crises, the specific conspiracy as stated is largely unsupported, and its centralized control aspect is only weakly checkable through public records and investigations.",openrouter/perplexity/sonar-pro,d595a020b777,2026-07-04T16:32:06
R_3Fzh0aVGYCg7k4W,study3,Truth-Constrained,bunk,affirms,"There is a cure for many diseases, but pharmaceutical companies suppress it to protect their profits.",conspiracy_claim,25,60,mostly_false,"The statement asserts a broad, coordinated, and secret practice in which pharmaceutical companies possess cures for many diseases and actively suppress them to protect profits. Investigations of ""Big Pharma"" conspiracy theories find no documented case where a definitive cure for a major disease was discovered and then secretly hidden by companies to preserve revenue, and conclude that such suppression narratives are not supported by evidence.[1][8][3] At the same time, there is strong evidence that profit motives distort research priorities, pricing, and access—especially for neglected and low-profit diseases—meaning some conditions are under-treated or ignored, but this reflects market failures and structural incentives rather than secret suppression of existing cures.[2][6][9][10][13][8]",openrouter/perplexity/sonar-pro,d595a020b777,2026-07-04T16:32:06
R_3G2Gq6G4U3KqGOL,study3,Truth-Constrained,debunk,affirms,Some of the images from space or the moon are doctored before being released to the public.,official_account,75,95,mostly_true,"NASA and other space agencies routinely process, composite, color-balance, and sometimes stitch space images before public release, and NASA explicitly says raw images are often adjusted to make them scientifically useful or visually interpretable.[9][11] The statement is accurate if “doctored” means edited or processed, but it overstates things if taken to imply deception or falsification, which the evidence does not support.[9][12]",openrouter/perplexity/sonar-pro,d595a020b777,2026-07-04T16:32:06
R_3GCFZDSIulz6bJ3,study3,Truth-Constrained,bunk,affirms,"There is extraterrestrial life, and the government knows more about it than the public.",conspiracy_claim,25,85,mostly_false,"The claim asserts both extraterrestrial life and that the government knows more than the public, including an implied withholding of information. Publicly available government statements and recent Pentagon/NASA/U.S. government reviews say there is no evidence of extraterrestrial life or concealed proof being hidden from the public, while acknowledging unresolved UAP reports.[2][6][15]",openrouter/perplexity/sonar-pro,d595a020b777,2026-07-04T16:32:06
R_3GMLIgLp4rKmlgd,study3,Truth-Constrained,bunk,affirms,The government is hiding evidence of alien sightings.,conspiracy_claim,25,40,mostly_false,"The claim asserts a deliberate government cover‑up of evidence specifically of *alien* sightings. Multiple recent official reviews, including a comprehensive Pentagon report to Congress in 2024, state there is **no evidence** that the U.S. government has encountered alien life, possesses alien technology, or is concealing such information, and that most UFO/UAP reports are misidentified ordinary phenomena.[3][6][12] While some whistleblowers and commentators allege a cover‑up, they have not produced verifiable public evidence of hidden alien sightings, and the core allegation remains unsupported by available documentation and official investigations.",openrouter/perplexity/sonar-pro,d595a020b777,2026-07-04T16:32:06
R_3HPSc0ekP8GpiQp,study3,Truth-Constrained,bunk,affirms,"The government was responsible for killing JFK, with evidence suggesting involvement beyond a single shooter.",conspiracy_claim,25,90,mostly_false,"The statement alleges that the U.S. government was responsible for JFK’s killing and implies involvement beyond a lone shooter. Publicly available official investigations found no evidence that federal agencies or government officials were involved, and the FBI says it concluded Oswald acted alone, although the HSCA later judged a conspiracy was probable and the investigation into conspiracy was inadequate.[5][9][15]",openrouter/perplexity/sonar-pro,d595a020b777,2026-07-04T16:32:06
R_3He3SjwIAXZNgEd,study3,Truth-Constrained,debunk,affirms,The September 11 terrorist attacks were a staged event by the United States government.,conspiracy_claim,0,95,false,"Extensive investigations by the 9/11 Commission, a joint Congressional inquiry, multiple U.S. agencies, and independent expert groups all conclude that the September 11 attacks were planned and carried out by al‑Qaeda, led by Osama bin Laden, via coordinated hijackings by 19 militants, not staged by the U.S. government.[2][7][9][12][15] These inquiries explicitly examined and rejected claims that the U.S. government orchestrated, staged, or otherwise deliberately made the attacks happen, finding no supporting evidence, while expert reviews have repeatedly shown that prominent 9/11 conspiracy theories lack evidentiary basis and have been debunked.[1][4][11]",openrouter/perplexity/sonar-pro,d595a020b777,2026-07-04T16:32:06
R_3I5VZZ3C73lE0xz,study3,Truth-Constrained,bunk,affirms,The US moon landing in 1969 was not real.,conspiracy_claim,0,95,false,"The claim that the 1969 US Moon landing was not real asserts a large-scale hoax involving NASA and the US government, which has been extensively investigated and refuted by independent evidence.[1][5] Multiple lines of verification—including thousands of photos and hours of video, detailed mission telemetry, independently tested lunar rock samples, and images of Apollo landing sites from later US, Chinese, Indian, and Japanese spacecraft—confirm that Apollo 11 did land on the Moon in 1969.[5][4]",openrouter/perplexity/sonar-pro,d595a020b777,2026-07-04T16:32:06
R_3IDUI4DJ1C9UDpV,study3,Truth-Constrained,bunk,affirms,Jeffrey Epstein was murdered by someone who wanted to keep him quiet.,conspiracy_claim,25,95,mostly_false,"The claim alleges a covert murder to silence Epstein, but the New York City medical examiner and later DOJ/Inspector General reviews concluded he died by suicide by hanging and found no evidence contradicting that finding.[1][8][14] Public reporting notes suspicions and expert disagreement, but no credible evidence has established that he was murdered to keep him quiet.[2][10]",openrouter/perplexity/sonar-pro,d595a020b777,2026-07-04T16:32:06
R_3IrXygrepXOsTa1,study3,Truth-Constrained,bunk,affirms,The government has evidence of extraterrestrial existence and is keeping that fact from the public.,conspiracy_claim,25,60,mostly_false,"The claim asserts that the government possesses evidence of extraterrestrial life and is deliberately hiding this from the public. Multiple formal reviews and official statements from the White House, Pentagon, and the U.S. government's UFO/UAP investigation offices state they have no evidence of extraterrestrial life, no proof that any UAP incidents are extraterrestrial in origin, and no evidence of hidden alien technology or crash retrieval programs.[1][3][4][5][9][10][13] While a few whistleblowers have alleged secret programs and concealed ""non-human biologics,"" these claims have not been substantiated with verifiable evidence and have been explicitly rejected by official investigations.[8][9][14] Given the strong contrary official record and lack of corroborating public evidence for the alleged cover‑up, the claim is best judged as mostly false, though not absolutely disproved in principle, which slightly lowers both veracity and checkability scores.",openrouter/perplexity/sonar-pro,d595a020b777,2026-07-04T16:32:06
R_3JIZ6AaB8FPup5e,study3,Truth-Constrained,debunk,affirms,Famous people in the world are backed by a secret society called the Illuminati.,conspiracy_claim,10,70,false,"Historically, the Bavarian Illuminati was a real secret society founded in 1776 and suppressed and outlawed in the late 18th century, with no evidence it continued as a modern organization backing contemporary famous people.[12][14] Modern claims that celebrities or other famous individuals are ""backed"" by a secret Illuminati are widely recognized as conspiracy theories with no credible or concrete evidence; discussions of celebrity Illuminati membership emphasize that such allegations are speculative, rumor-based, and unsupported by verified documentation.[2][9][15]",openrouter/perplexity/sonar-pro,d595a020b777,2026-07-04T16:32:06
R_3Jns4LWeu1Hxjxv,study3,Truth-Constrained,debunk,affirms,"The government is aware of extraterrestrials and is concealing this information because they fear public panic, with the rapid advancement of technology being influenced by non-human knowledge.",conspiracy_claim,20,90,mostly_false,"The claim alleges a secret government awareness and concealment of extraterrestrials plus non-human influence on technology, but public investigations have repeatedly found no verified evidence that the U.S. government has contact with extraterrestrials or is hiding such evidence. The White House said there was no credible information that evidence is being hidden, and AARO’s 2024 report found no evidence of extraterrestrial technology or reverse-engineering programs.",openrouter/perplexity/sonar-pro,d595a020b777,2026-07-04T16:32:06
R_3JxWgT6b0mFIjCa,study3,Truth-Constrained,bunk,affirms,Some rulers hide information about extraterrestrial contact and possess evidence of this.,conspiracy_claim,25,60,mostly_false,"The statement asserts that some rulers are actively hiding confirmed extraterrestrial contact and possess evidence of it. Publicly available investigations and official reviews, including the Pentagon’s All-domain Anomaly Resolution Office (AARO) and multiple recent reports, state they have found no credible or verifiable evidence of extraterrestrial beings, technology, or off‑world craft in government possession.[2][6][8][10] Claims by whistleblowers such as David Grusch allege such a cover‑up, but these accounts are second‑hand, unsupported by publicly verifiable artifacts or documentation, and are explicitly contradicted by official inquiries.[10][12] While governments clearly classify and sometimes conceal information related to UFO/UAP sightings and aerospace programs, available evidence does not substantiate the specific claim that they are hiding confirmed contact with extraterrestrials and concrete evidence of it, making the claim largely unsupported by current public evidence.",openrouter/perplexity/sonar-pro,d595a020b777,2026-07-04T16:32:06
R_3MyJCzgtSWGpmrn,study3,Truth-Constrained,bunk,affirms,"Man never landed on the moon, and the photos of the moon landing are faked.",conspiracy_claim,0,95,false,"The claim that humans never landed on the Moon and that all landing photos are faked is contradicted by multiple independent lines of evidence, including 382 kg of lunar rocks verified as extraterrestrial by laboratories worldwide, retroreflectors still used for laser-ranging from Earth, and high‑resolution images of Apollo landing sites from later spacecraft[1][2][10]. Major scientific and journalistic bodies (e.g., Institute of Physics, BBC, Britannica) explicitly state that every hoax argument has been discredited and that the evidence for real crewed landings between 1969–1972 is overwhelming[1][5][6].",openrouter/perplexity/sonar-pro,d595a020b777,2026-07-04T16:32:06
R_3MzA41te2fMLX5U,study3,Truth-Constrained,debunk,affirms,Medical experiments are being carried out on the unknowing public.,conspiracy_claim,25,60,mostly_false,"There is extensive, well-documented evidence that **unethical and non-consensual medical experiments** have been carried out on unwitting subjects in many countries, including the United States, particularly from the early 20th century through the 1970s.[1][4][7][9][10][12][14] However, the claim as stated is broad and present-tense, implying that such experiments are *currently* being conducted on the general public at large, which is not supported by available evidence; modern research is governed by ethics frameworks like the Nuremberg Code and informed consent requirements, and while violations still occur, they appear as limited, specific cases rather than ongoing systematic experimentation on the public.[1][3][13][15]",openrouter/perplexity/sonar-pro,d595a020b777,2026-07-04T16:32:06
R_3NDrx1NHnoAFSqK,study3,Truth-Constrained,debunk,affirms,A secret elite group controls world events and governments.,conspiracy_claim,10,40,false,"The claim that a single secret elite group centrally controls world events and governments reflects a common ""Illuminati/New World Order"" style narrative, but investigations into alleged groups like the Illuminati, Bilderberg, and similar cabals have found no evidence that any one secret organization exercises unified, top‑down control over global events and all governments.[1][8][11][12] Political science, history, and journalism instead show fragmented, competing centers of power, with influence dispersed among states, corporations, institutions, and public actors; while elites and secretive networks can exert significant influence, the idea of a single covert group controlling world events and governments is unsupported and contradicts the complexity and documented pluralism of global power structures.[1][3][12]",openrouter/perplexity/sonar-pro,d595a020b777,2026-07-04T16:32:06
R_3NzFbgtDBhhol4c,study3,Truth-Constrained,debunk,affirms,Tupac is still alive and is hiding in the United States.,conspiracy_claim,0,100,false,"The statement asserts that Tupac Shakur is alive and secretly hiding in the United States, which directly conflicts with the long-standing official record that he died on September 13, 1996 after being shot in Las Vegas. Public reporting on the survival theory describes it as a conspiracy claim and provides no credible evidence that he is alive.",openrouter/perplexity/sonar-pro,d595a020b777,2026-07-04T16:32:06
R_3O0INVA4kH5TmFt,study3,Truth-Constrained,debunk,affirms,The government created AI to deceive people into believing in things like mermaids through videos.,conspiracy_claim,5,70,false,"There is no evidence that governments 'created AI' specifically to deceive the public into believing in entities like mermaids; modern AI systems were developed over decades by a wide range of academic, corporate, and open-source actors for many applications, not a single covert purpose. Public documentation and history of AI research show open, well-funded development for uses such as automation, prediction, and content generation, while governments and agencies now warn people to be vigilant against AI-generated deepfake videos and scams, indicating concern about misuse rather than a secret plan to push belief in mythical creatures.[7][11][13] Moreover, scientific agencies such as NOAA state that there is **no evidence** mermaids or other aquatic humanoids exist, and viral 'mermaid' videos have repeatedly been debunked as CGI or AI-generated hoaxes, not part of a documented government deception campaign.[1][4][8][10][14]",openrouter/perplexity/sonar-pro,d595a020b777,2026-07-04T16:32:06
R_3O3dsmpQVIpsY93,study3,Truth-Constrained,bunk,affirms,Advanced free energy technology was discovered but has been suppressed by powerful energy companies to protect their profits and control over the energy market.,conspiracy_claim,20,40,mostly_false,"The statement matches the well-known *free energy suppression* conspiracy theory: the belief that functional, advanced, near-zero-cost energy technologies already exist and are being secretly suppressed by governments or energy corporations to protect profits.[1][12] Despite many anecdotal claims and speculative articles alleging patent buyouts, laboratory sabotage, or government classification,[5][10][11][15] there is no publicly verifiable evidence that any such technology has been demonstrated to work at scale and then systematically suppressed; mainstream scientific reviews find no confirmed device that produces net energy in violation of known physics or vastly outperforms current energy systems.[1][9][12] The existence of profit motives and lobbying in the energy sector is well documented, but the specific claim that *discovered, working advanced free-energy technology* has been suppressed in a coordinated, covert way is not supported by credible, empirical evidence, making it largely unsupported though in principle partially checkable via patents, technical demonstrations, and declassified records.",openrouter/perplexity/sonar-pro,d595a020b777,2026-07-04T16:32:06
R_3OJVSySDq8toYPU,study3,Truth-Constrained,bunk,affirms,"GMOs are harmful, and this harm is being downplayed to allow manufacturers to freely include them.",conspiracy_claim,25,80,mostly_false,"Major scientific and regulatory bodies, including the WHO, FDA, National Academies of Sciences, and multiple medical information sources, consistently find that currently approved GMO foods are as safe as their non-GMO counterparts and have not been shown to cause unique harm to human health.[2][3][5][9][11][12][13][14] While some groups and papers argue potential or theoretical health risks and call for more long‑term study, these concerns remain largely speculative and are not supported by validated evidence of actual harm from approved GMO foods; there is also no evidence of a coordinated effort to hide demonstrated dangers, as existing debates and critical studies are openly published and widely accessible.[6][8][10]",openrouter/perplexity/sonar-pro,d595a020b777,2026-07-04T16:32:06
R_3OO5bhqRA8A5J3g,study3,Truth-Constrained,bunk,affirms,"Information is being withheld about the 9/11 tragedies, specifically concerning how the metal melted, suggesting it may not have been solely from the plane impact but possibly from a ground explosion.",conspiracy_claim,10,80,false,"The statement asserts that authorities are withholding information that the 9/11 building failures were caused by a ground explosion melting metal rather than the plane impacts and ensuing fires. Official investigations by NIST, FEMA, the 9/11 Commission, and the broader structural engineering community conclude that the collapses were due to aircraft impact damage plus fire-induced weakening of steel, not explosives or any ground-based explosion, and report no corroborating evidence for controlled demolition or explosive charges.[10][12][15] Jet fuel and office fires can weaken steel sufficiently to cause collapse without melting it, and NIST found no evidence that steel in the towers melted due to fires before collapse and no scientific basis for an explosion-based collapse mechanism.[5][7][12][15] Claims of a deliberate cover‑up about a ground explosion causing metal melting are therefore not supported by available evidence.",openrouter/perplexity/sonar-pro,d595a020b777,2026-07-04T16:32:06
R_3OOxvwnALZK4bap,study3,Truth-Constrained,debunk,affirms,The U.S. government had prior knowledge of the 9/11 attacks and either allowed them to happen or assisted in small ways.,conspiracy_claim,25,90,mostly_false,"Public investigations found that U.S. intelligence had general warnings and some relevant information before 9/11, but they did not find evidence that the government knew the specific plot in advance or that officials intentionally allowed or assisted the attacks.[4][5][11][14] The evidence instead points to major failures to connect and share intelligence, not a proven covert decision to let the attacks happen.[10][12][13]",openrouter/perplexity/sonar-pro,d595a020b777,2026-07-04T16:32:06
R_3OZKiW6g2mj8MwV,study3,Truth-Constrained,bunk,affirms,"Barack Obama was not born in the United States, thus he was not a U.S. citizen.",conspiracy_claim,0,100,false,"Multiple independent records, including Obama’s original long-form birth certificate, contemporaneous birth announcements, and official biographies from the Obama Presidential Library, the White House, and major reference works, all document that Barack Obama was born on August 4, 1961, in Honolulu, Hawaii, United States.[1][2][3][6][7][8][13] Being born in Hawaii to an American mother makes him a natural-born U.S. citizen under U.S. law, so the claim that he was not born in the United States and thus not a U.S. citizen is clearly false.[7][8][12]",openrouter/perplexity/sonar-pro,d595a020b777,2026-07-04T16:32:06
R_3OrcCNboNN2SDvT,study3,Truth-Constrained,debunk,affirms,"A group within multiple world governments is controlling events behind the scenes, including the release of suspicious diseases and natural disasters with questionable origins.",conspiracy_claim,10,30,false,"The statement matches broad ""New World Order"" and related conspiracy theories claiming a secret transnational cabal embedded in multiple governments is covertly orchestrating major events, including diseases and disasters.[2][4][13] Scholarly and journalistic analyses consistently find no credible evidence for a single coordinated group exercising that level of hidden control; these narratives are characterized as speculation, pseudohistory, and unfounded conspiracy theory rather than supported by verifiable documentation.[1][10][11][13] The claim is somewhat checkable via historical, political, and investigative records, but because it is vague, expansive, and posits a highly secret unified actor, it is only partially amenable to direct empirical falsification.",openrouter/perplexity/sonar-pro,d595a020b777,2026-07-04T16:32:06
R_3PGZOkficT0KCAL,study3,Truth-Constrained,debunk,affirms,Boeing is directly responsible for the deaths of whistleblowers who came forward against them.,conspiracy_claim,20,80,mostly_false,"Public reporting confirms that John Barnett died by suicide and Joshua Dean died after a brief illness, but it does not establish that Boeing directly caused either death. Barnett’s family has filed a wrongful-death lawsuit alleging Boeing’s conduct was a foreseeable cause, yet that is an allegation rather than proven fact, and no public evidence shows Boeing directly killed whistleblowers.",openrouter/perplexity/sonar-pro,d595a020b777,2026-07-04T16:32:06
R_3PUGCSKElPyl3BT,study3,Truth-Constrained,debunk,affirms,The earth is flat and the government is hiding it from everyone.,conspiracy_claim,0,100,false,"The claim asserts both that Earth is flat and that the government is hiding this, but the public evidence overwhelmingly shows Earth is an oblate spheroid, not flat, based on astronomy, geodesy, satellite imagery, and spaceflight observations.[2][3][8][10] The added secrecy allegation is also unsupported; the observable evidence against a flat Earth is public and independently reproduced, which makes a successful government cover-up implausible.[2][8][12]",openrouter/perplexity/sonar-pro,d595a020b777,2026-07-04T16:32:06
R_3PVCkhEkFnVMNXj,study3,Truth-Constrained,bunk,affirms,Aliens live in the ocean and NASA stopped studying it after discovering new things that might affect the planet.,conspiracy_claim,0,85,false,"There is no credible evidence that extraterrestrial aliens live in Earth’s oceans; reports of underwater or transmedium UFOs/UAPs remain unexplained sightings with no confirmed nonhuman origin, and Pentagon and other official reviews explicitly state they have not identified extraterrestrial causes for such phenomena.[4][6][9] NASA has never been the primary agency for ocean exploration, and it has not ""stopped studying"" the ocean because of any alien discovery; deep-ocean research continues through NOAA, international scientific programs, and ongoing discoveries of new but entirely natural marine species.[11][13]",openrouter/perplexity/sonar-pro,d595a020b777,2026-07-04T16:32:06
R_3Pj8hNLWiKfyVul,study3,Truth-Constrained,debunk,affirms,"The United States government filmed some Apollo missions, particularly the Apollo 11 moon landing in 1969, on a ground-based set to win the space race against the Soviet Union.",conspiracy_claim,0,95,false,"Extensive independent evidence confirms that Apollo 11 and other Apollo missions landed on the Moon, including returned lunar samples, retroreflectors still used for laser ranging, and detailed mission telemetry and documentation matching the broadcasts from the lunar surface.[1][10][13] Film and television experts note that 1969 film and video technology was insufficient to convincingly fake the unique properties of the lunar environment (lighting, motion in low gravity, long-duration live broadcast) on a ground-based set, and that it would have been technically easier to go to the Moon than to produce such footage in a studio.[5][11]",openrouter/perplexity/sonar-pro,d595a020b777,2026-07-04T16:32:06
R_3QGj98lnlEVggvh,study3,Truth-Constrained,bunk,affirms,Big Foot exists.,conspiracy_claim,0,90,false,"Bigfoot is a cryptid from North American folklore, and decades of searches and investigations have produced no accepted physical evidence such as a body, bones, or verified DNA.[1][3][6] Scientific and scholarly consensus is that reported sightings and artifacts are best explained as hoaxes, misidentifications, or myths rather than a real, undocumented large primate, so the claim that Bigfoot exists as a real creature is contrary to the available evidence.[1][4][9]",openrouter/perplexity/sonar-pro,d595a020b777,2026-07-04T16:32:06
R_3QJke6c08OfR6G4,study3,Truth-Constrained,bunk,affirms,Jews control the planet through substantial financial resources and influence over central banking systems.,conspiracy_claim,0,85,false,"The claim that Jews collectively ""control the planet"" through dominance of global finance and central banking is a classic antisemitic conspiracy trope, not a factual description of how financial or political power is organized.[1][4][5][7] Central banks around the world are overwhelmingly public or quasi‑public institutions accountable to governments and legal frameworks, and there is no credible evidence that they are secretly controlled by Jews or Jewish families such as the Rothschilds; this specific allegation has been repeatedly investigated and debunked by historians, journalists, and fact‑checking organizations.[3][6][8][9][12][15]",openrouter/perplexity/sonar-pro,d595a020b777,2026-07-04T16:32:06
R_3QRql2EXIqKe7Om,study3,Truth-Constrained,debunk,affirms,"The moon landing in 1969 was staged by the U.S. government to win the space race against the Soviet Union, and the footage was filmed on a set.",conspiracy_claim,0,100,false,"The statement asserts that the 1969 moon landing was secretly staged and filmed on a set to deceive the public and win the space race. Public evidence and expert debunkings consistently describe this as a long-running conspiracy theory, not the historical record, and note that the claimed photographic and video anomalies have been explained. [2][7][9][10][15]",openrouter/perplexity/sonar-pro,d595a020b777,2026-07-04T16:32:06
R_3QX9dm0GN9biQdH,study3,Truth-Constrained,bunk,affirms,"The U.S. orchestrated 9/11 to lower stock prices, initiate a war for oil, and establish bases for accessing resources.",conspiracy_claim,5,80,false,"The statement asserts that the U.S. orchestrated the 9/11 attacks as a deliberate operation to move stock prices, start a war for oil, and establish resource bases. Extensive investigations, including the 9/11 Commission Report and multiple independent expert reviews, conclude that 9/11 was carried out by al-Qaeda terrorists who hijacked four planes and attacked the World Trade Center and Pentagon, not by the U.S. government.[2][3][6][9][13] While some conspiracy movements allege U.S. government orchestration or complicity for motives such as wars in Afghanistan and Iraq or control of oil, these are speculative claims that have not been supported by credible evidence and are specifically identified as conspiracy theories, not established facts.[1][5][8][11][12]",openrouter/perplexity/sonar-pro,d595a020b777,2026-07-04T16:32:06
R_3QbflJe2QP2fnbz,study3,Truth-Constrained,bunk,affirms,The 9/11 attacks were orchestrated by the U.S. government.,conspiracy_claim,5,95,false,"Extensive investigations, including the 9/11 Commission Report and multiple U.S. government agency and independent expert reviews, concluded that the September 11 attacks were planned and carried out by al‑Qaeda under Osama bin Laden, not orchestrated by the U.S. government.[1][3] These inquiries have specifically examined and rejected claims of a U.S. government inside job, controlled demolitions, stand‑down orders, or missile strikes as lacking evidence and inconsistent with engineering, flight, military, and intelligence records.[1][2][3]",openrouter/perplexity/sonar-pro,d595a020b777,2026-07-04T16:32:06
R_3QnFjYxx05E19aK,study3,Truth-Constrained,bunk,affirms,"Unidentified flying objects and an alien presence are active around our world, as evidenced by pictures, radar data, and pilot comments.",conspiracy_claim,25,60,mostly_false,"The claim asserts that unidentified flying objects are evidence of an active alien presence around Earth, supported by photos, radar data, and pilot testimony. Government and scientific reviews of decades of UFO/UAP reports, including radar tracks and pilot accounts, consistently find no evidence that any are of extraterrestrial origin; most are explained as ordinary phenomena, with a minority remaining merely unexplained rather than positively indicative of aliens.[2][6][8][9][14] While UFOs/UAPs and the cited kinds of data do exist and are well documented, there is currently no solid, independently verifiable evidence that they represent an active alien presence, so the evidential leap in the statement is not supported by available public evidence.[2][3][9][10]",openrouter/perplexity/sonar-pro,d595a020b777,2026-07-04T16:32:06
R_3QnY9GZ1gaFLOfr,study3,Truth-Constrained,bunk,affirms,Covid-19 was leaked from a lab in China.,conspiracy_claim,50,60,mixed_or_unclear,"The claim that Covid-19 was leaked from a lab in China refers to a specific, covert origin scenario that is actively debated but not resolved. Multiple intelligence agencies (including the FBI and CIA) and some governmental bodies and commentators now judge a research‑related lab origin in Wuhan as more likely than a purely natural origin, though their assessments are based on classified or circumstantial evidence rather than direct proof.[2][12][9][15] At the same time, most virologists and evolutionary biologists find no direct evidence that SARS‑CoV‑2 ever passed through a lab, and point to abundant data consistent with zoonotic spillover from wildlife, leading major scientific reviews to conclude that a laboratory origin remains unproven and that the evidence overall still favors a natural origin.[4][6][7][11] Because neither a definitive lab leak nor a definitive natural origin has been empirically demonstrated and available evidence is largely indirect or contested, the claim’s truth status is genuinely uncertain, but it is empirically investigable through continued access to records, samples, and surveillance data, giving it moderate checkability.",openrouter/perplexity/sonar-pro,d595a020b777,2026-07-04T16:32:06
R_3Qnd4F9OOPUmayC,study3,Truth-Constrained,bunk,affirms,The government is suppressing evidence or belittling individuals who believe Lee Harvey Oswald did not act alone in the assassination of JFK.,conspiracy_claim,25,70,mostly_false,"The U.S. government’s *official* position, through the Warren Commission and later reviews, is that Lee Harvey Oswald acted alone, but this is presented as a public conclusion rather than a secret suppression of contrary evidence.[3][11][8][15] While intelligence agencies have withheld or delayed release of some JFK-related documents on national security and privacy grounds, including files still classified decades later, this behavior is documented, legally regulated, and publicly acknowledged, not clearly targeted at belittling or punishing people who doubt the lone-gunman theory.[6][7][12] There is documented evidence of CIA and FBI stonewalling and withholding relevant information from official investigations, which supports claims of institutional non-transparency or cover-up,[5] but that does not demonstrate an ongoing, broad government campaign specifically to suppress evidence or belittle individuals who believe Oswald did not act alone; such targeting is largely unsupported by available public evidence and thus the claim, as framed, is mostly false.",openrouter/perplexity/sonar-pro,d595a020b777,2026-07-04T16:32:06
R_3R0lMRZIfxsN1Qt,study3,Truth-Constrained,debunk,affirms,God is real and is an alien that has come to Earth.,conspiracy_claim,0,10,false,"The statement asserts a specific metaphysical claim that God is a real alien who has come to Earth, but there is no publicly verifiable evidence supporting this. The sources provided include opinion pieces and speculative religious commentary, not empirical evidence; the claim is therefore unsupported as stated.",openrouter/perplexity/sonar-pro,d595a020b777,2026-07-04T16:32:06
R_3R3XRmjgK2WCtdv,study3,Truth-Constrained,debunk,unclear,Aliens exist.,official_account,50,40,mixed_or_unclear,"As of now, no scientifically confirmed evidence of extraterrestrial life has been found, though many scientists regard alien life as highly probable given the abundance of habitable environments and chemical building blocks in the universe.[3][9][10][15] The claim that aliens *exist* goes beyond current evidence (which shows only that they *could* exist), so its truth is genuinely uncertain rather than clearly true or false.",openrouter/perplexity/sonar-pro,d595a020b777,2026-07-04T16:32:06
R_3R4CXZH4Ta7Fc77,study3,Truth-Constrained,bunk,affirms,A cure for cancer has been discovered but is being covered up to protect the profits of large pharmaceutical companies.,conspiracy_claim,10,85,false,"The statement alleges a covert suppression of a discovered cancer cure to protect pharmaceutical profits, but mainstream cancer organizations and research summaries say there is no hidden universal cure and that such claims are unsupported by evidence.[3][6][9] The existence of many distinct cancers also makes a single secret cure highly implausible, though individual promising treatments can and do get investigated publicly.[3][9]",openrouter/perplexity/sonar-pro,d595a020b777,2026-07-04T16:32:06
R_3R4xgYPTKHizWq1,study3,Truth-Constrained,bunk,affirms,Global elites secretly control world events through private meetings.,conspiracy_claim,20,40,mostly_false,"The claim asserts that a unified group of 'global elites' secretly controls world events through private meetings, a core idea of Illuminati/New World Order-style conspiracy theories.[10][13] While there are documented elite forums and secretive networks (e.g., Bilderberg, Le Cercle, CFR, BIS) that meet privately and exert influence on policy and global affairs, there is no credible evidence that they centrally and comprehensively control world events as a coordinated hidden government.[4][7][12] Mainstream analyses and even critical investigations of elite power emphasize fragmented, contested influence rather than a single cabal directing outcomes, and the 'puppet master' narrative is explicitly rejected as a myth.[7][11] The existence of private elite meetings is well-documented and thus checkable, but their alleged role as an all-controlling secret directorate of world events is speculative and not supported by empirical evidence, making the overall claim largely unsupported.",openrouter/perplexity/sonar-pro,d595a020b777,2026-07-04T16:32:06
R_3RUAAMR5nFZh7Bn,study3,Truth-Constrained,debunk,affirms,The government uses hidden areas to create tools for population control.,conspiracy_claim,20,60,mostly_false,"The statement asserts that ""the government"" maintains hidden areas specifically to create tools for covert population control. While governments do operate secret facilities (e.g., military bases, intelligence sites), there is no credible evidence that such hidden sites are used to develop clandestine tools aimed at secretly controlling or reducing populations, as claimed in common depopulation and sterilization conspiracy narratives.[6][11][14] Documented population policies are primarily overt measures such as family planning programs, legal changes around marriage age, and education, and past coercive programs (e.g., forced sterilizations in some countries) are also publicly documented rather than conducted out of unknown ""hidden areas"" for covert control.[5][6][9] The claim is partially checkable—government facilities, declassified documents, and known population policies can be examined—but the alleged secret purpose and hidden tools are not supported by available evidence and rely on speculative conspiracy sources rather than established research.",openrouter/perplexity/sonar-pro,d595a020b777,2026-07-04T16:32:06
R_3RoThE8UKPCOyBz,study3,Truth-Constrained,bunk,affirms,"The government monitors and records all phone conversations, listening in closely when certain words or phrases are said.",conspiracy_claim,25,80,mostly_false,"Public evidence shows that governments can and do monitor some phone communications and often collect phone metadata on a large scale, but not the full content of **all** phone conversations, nor do they routinely ""listen in closely"" whenever certain words are said.[2][7][9] In the US and similar jurisdictions, intercepting call content generally requires a court order or operates under constrained intelligence authorities, and available documentation of programs like NSA surveillance describes targeted or bulk metadata collection rather than universal real-time recording and keyword-based live listening to every call.[1][2][5][8]",openrouter/perplexity/sonar-pro,d595a020b777,2026-07-04T16:32:06
R_3RwPMpnn2gP6gM5,study3,Truth-Constrained,bunk,affirms,Multiple individuals were involved in the assassination of John F. Kennedy rather than a single shooter.,conspiracy_claim,50,80,mixed_or_unclear,"The official investigations by the Warren Commission and the FBI concluded that Lee Harvey Oswald acted alone and found no evidence that any other person was involved in the killing of President Kennedy.[11][15] A later investigation by the U.S. House Select Committee on Assassinations (HSCA) in 1979, based largely on disputed acoustic evidence, found a ""high probability that two gunmen fired at the President"" and that Kennedy was probably assassinated as a result of a conspiracy, but it could not identify any other gunman or the extent of the conspiracy.[3][9][10][8] Because credible official bodies have reached conflicting conclusions and no definitive, widely accepted evidence of additional shooters has emerged, the claim that multiple individuals were involved rather than a single shooter remains genuinely uncertain and only moderately checkable from public evidence.",openrouter/perplexity/sonar-pro,d595a020b777,2026-07-04T16:32:06
R_3SGUMVhNsLV76Df,study3,Truth-Constrained,bunk,affirms,A secret group of powerful elites manipulates global systems to control economies and influence major world events for their own benefits.,conspiracy_claim,25,40,mostly_false,"The statement matches broad New World Order–style conspiracy theories that a unified, secretive power elite centrally manipulates global systems and major events for its own benefit.[9] While there are well-documented global elites, transnational networks, and institutions that exert significant influence on economies and politics, political science and historical research do not support the existence of a single covert group that centrally controls global systems and major world events in a coordinated, conspiratorial manner.[9][13] The claim is partially checkable (we can study known elites, institutions, decision processes, and documented conspiracies), but the alleged unified secret group and its global manipulation remain unsubstantiated and are largely inferred rather than evidenced.",openrouter/perplexity/sonar-pro,d595a020b777,2026-07-04T16:32:06
R_3SHUdwr1qEFuw6U,study3,Truth-Constrained,bunk,affirms,"Astronauts did not reach the moon and the events, including raising the flag on the moon, were manipulated to enhance America's image.",conspiracy_claim,0,100,false,"The claim asserts that the Apollo moon landings were faked and that the flag-raising footage was manipulated as part of a covert effort to boost America’s image. Public evidence strongly contradicts this: NASA and other sources report that astronauts landed on the Moon, that 12 astronauts walked on the lunar surface, and that lunar samples, photographs, video, and tracked mission data support the missions' authenticity.[2][3][4] The specific flag-raising scene is also explained by the physical behavior of the flag and its pole in lunar conditions, not by evidence of staging.[3][12]",openrouter/perplexity/sonar-pro,d595a020b777,2026-07-04T16:32:06
R_3SjDu6WyScGiOvT,study3,Truth-Constrained,bunk,affirms,The US never landed on the moon; it was a hoax made with cameras and crew.,conspiracy_claim,0,95,false,"The claim that the US never landed on the Moon and that the landings were a hoax staged with cameras and crew is contradicted by extensive physical, photographic, and independent third‑party evidence for six crewed Apollo Moon landings between 1969 and 1972.[4][6] Apollo missions returned 382 kg of lunar rock independently verified as non‑terrestrial, installed laser‑ranging reflectors still used from Earth, and left hardware and tracks on the lunar surface imaged by later spacecraft from NASA, China, India, and Japan.[1][2][3][9] Major scientific institutions and detailed technical analyses state that every hoax allegation has been debunked and that 1960s film technology was insufficient to convincingly fake the missions as depicted.[1][2][6]",openrouter/perplexity/sonar-pro,d595a020b777,2026-07-04T16:32:06
R_3TG4lmeZDYPgWOt,study3,Truth-Constrained,debunk,affirms,The government is withholding information about UFOs and unknown visitors because they believe the public cannot handle the truth.,conspiracy_claim,25,60,mostly_false,"There is credible evidence and even congressional testimony that the U.S. government withholds some information about UFOs/UAPs from both Congress and the public, often citing classification, national security, or bureaucratic opacity.[3][4][10][11][15] However, the specific motive claimed—that officials are hiding this information because they believe the public is ""stupid"" or ""cannot handle the truth""—is speculative and not supported by documented statements or policy; available historical and contemporary analyses instead emphasize secrecy driven by national security concerns, protection of advanced technologies, bureaucratic stonewalling, and discomfort about uncertainty rather than contempt for the public’s capacity to cope with the truth.[8][9][13]",openrouter/perplexity/sonar-pro,d595a020b777,2026-07-04T16:32:06
R_3TQNHTcx8oIKca5,study3,Truth-Constrained,bunk,affirms,"A cabal of bankers controls world economies, making presidents, prime ministers, and dictators mere puppets.",conspiracy_claim,20,40,mostly_false,"The statement asserts that a unified, secret cabal of bankers centrally *controls* world economies and reduces presidents, prime ministers, and dictators to mere puppets. Empirical research on corporate and financial networks does show that a relatively small, interconnected group of large financial institutions and corporations exerts disproportionate *economic influence* over global markets and policy discussions.[2][3][13] However, these studies explicitly do *not* find evidence of a coordinated conspiracy or single cabal intentionally ruling the world; they describe a networked structure arising from market concentration and interlocking ownership, not a hidden puppet‑master.[3][13][15] Political leaders retain substantial independent authority, are constrained by constitutions, electorates, parties, militaries, and domestic institutions, and demonstrably make major decisions—wars, social policies, industrial policy—that often conflict with the preferences of specific banks or financial actors. Claims that specific banking families or a secret cabal literally controls global financial systems and governments have been repeatedly investigated and debunked as conspiratorial and, in some cases, antisemitic tropes.[10][15] The core idea of total control and leaders being mere puppets is therefore largely unsupported by available evidence, even though concentrated financial power and regulatory capture are real and well-documented.",openrouter/perplexity/sonar-pro,d595a020b777,2026-07-04T16:32:06
R_3Tbbe9NzttULyk9,study3,Truth-Constrained,bunk,affirms,Global elites secretly control world events through organizations like the Bilderberg group.,conspiracy_claim,20,85,mostly_false,"The statement asserts a secret, coordinated control of world events, which goes beyond what public evidence supports. Public sources consistently describe Bilderberg as a private, off-the-record forum for dialogue among influential figures, and its chair has denied that it produces action plans or a global ruling class, though the group is indeed influential and secretive.[1][4][12][13]",openrouter/perplexity/sonar-pro,d595a020b777,2026-07-04T16:32:06
R_3Tq30iM4gEIqVQu,study3,Truth-Constrained,debunk,affirms,The government has known about extraterrestrial contact and has made efforts to keep this information from the public.,conspiracy_claim,25,40,mostly_false,"The claim asserts that governments have known about confirmed extraterrestrial contact and deliberately suppressed this information from the public. Multiple official reviews, including a 2024 Pentagon historical report on UAPs, state they found no evidence that any U.S. government inquiry or program has validated a sighting as extraterrestrial technology or recovered off-world spacecraft or biological extraterrestrial remains, and that narratives of such a long-running cover-up are unsupported by verifiable documentation.[3][8] While some whistleblowers and members of the disclosure movement allege secret crash-retrieval and reverse-engineering programs,[1][10][9] these allegations have not been substantiated by independent, publicly available evidence or confirmed by official investigations, so the specific claim of known extraterrestrial contact being actively hidden from the public is largely unsupported by current evidence.",openrouter/perplexity/sonar-pro,d595a020b777,2026-07-04T16:32:06
R_3U5A5UCcQtbanAp,study3,Truth-Constrained,debunk,affirms,"Collective memories of events seem to shift, suggesting an alternate reality known as the Mandela effect.",official_account,75,80,mostly_true,"The Mandela effect is indeed defined in psychology and media as a phenomenon where large groups of people collectively misremember events or details in a consistent way, so the part about collective memories seeming to shift is accurate.[1][6][7][10][11] However, mainstream research treats it as a form of collective false memory and does not support the idea of an alternate reality; claims about parallel universes or reality shifts are speculative and not backed by empirical evidence.[3][4][5][6][11]",openrouter/perplexity/sonar-pro,d595a020b777,2026-07-04T16:32:06
R_3VJNbu0lyUEo5fr,study3,Truth-Constrained,bunk,affirms,More than one person killed JFK.,conspiracy_claim,75,100,mostly_true,"The broad claim that more than one person killed JFK is supported by the U.S. House Select Committee on Assassinations, which concluded in 1979 that Kennedy was probably assassinated as a result of a conspiracy and that a second gunman probably fired at him[13]. The Warren Commission’s lone-assassin finding remains the official account, but the later congressional conclusion makes the statement mostly true as phrased[13][7].",openrouter/perplexity/sonar-pro,d595a020b777,2026-07-04T16:32:06
R_3WD37BRtg88viO5,study3,Truth-Constrained,debunk,affirms,The COVID virus was deliberately released to the public.,conspiracy_claim,25,70,mostly_false,"The claim that SARS-CoV-2 was *deliberately* released as an attack or bioweapon has been extensively investigated and remains unsupported by credible evidence.[1][3][10][11] Genomic analyses find no signatures of deliberate engineering, and major reviews conclude the preponderance of evidence points to a natural zoonotic origin or, less likely, an accidental lab-related event, not an intentional release.[3][4][7][11] While some commentators, whistleblowers, and advocacy groups allege deliberate release, these accounts are anecdotal, uncorroborated, and not accepted by the scientific or public health consensus.[1][2][5][14][15] The question is partly checkable (genomics, documents, intelligence assessments), but intent behind any initial introduction is inherently hard to prove, so empirical checkability is limited rather than zero.",openrouter/perplexity/sonar-pro,d595a020b777,2026-07-04T16:32:06
R_3WH5zMDBwJ6Gn9n,study3,Truth-Constrained,debunk,affirms,Moon landings were staged and it is not actually possible to travel to the moon.,conspiracy_claim,0,95,false,"There is extensive, multi-source evidence that crewed Apollo missions did land on the Moon, including 382 kg of lunar rocks independently verified as non-terrestrial, thousands of photos and hours of video, mission telemetry, and contemporaneous tracking by other countries, all consistent with successful lunar travel and surface operations.[2][3][4][8] Modern lunar orbiters from China, India, Japan, and NASA have imaged Apollo landing sites, equipment, and even astronaut tracks, providing independent verification that humans traveled to and walked on the Moon.[2][3] The claim that it is ""not actually possible"" to travel to the Moon is directly contradicted by well-documented engineering, scientific, and observational records of multiple successful lunar missions, both crewed and uncrewed.[2][3][4]",openrouter/perplexity/sonar-pro,d595a020b777,2026-07-04T16:32:06
R_3WIhSeGkEa4AbYE,study3,Truth-Constrained,bunk,affirms,The government is hiding evidence of a formula to extend human lifespan by modifying DNA.,conspiracy_claim,10,40,false,"There is ongoing research on genetic and epigenetic factors that influence aging and lifespan, including experiments on gene modifications and DNA repair pathways, but current evidence indicates no proven formula or DNA modification protocol that reliably and substantially extends human lifespan beyond normal limits in the way implied by the claim.[10][14][15] Public statements by major regulators and reviews of anti‑aging research explicitly note that no medication or intervention has been proven to slow or reverse human aging, and aging is not recognized as a preventable condition, which strongly contradicts the existence of a secret, working DNA-based life‑extension formula.[15] The additional allegation that governments are actively hiding such a formula is inherently difficult to test directly and lacks any corroborating evidence in the scientific or policy record, so the covert-plot component is highly speculative and unsupported.",openrouter/perplexity/sonar-pro,d595a020b777,2026-07-04T16:32:06
R_3WZjBM5hUtGp8iJ,study3,Truth-Constrained,debunk,affirms,The COVID virus was created in a Chinese lab.,conspiracy_claim,25,70,mostly_false,"The claim that the COVID virus (SARS‑CoV‑2) was *created* in a Chinese lab implies deliberate laboratory construction or genetic engineering. Multiple scientific and intelligence assessments report **no evidence** that SARS‑CoV‑2 was genetically engineered or otherwise created in a lab.[2][3][4][11] US intelligence agencies, including the CIA and FBI, assess that the virus was not genetically engineered and was not developed as a bioweapon, and they report no information that any lab worked on a sufficiently close progenitor that could have been the source of the pandemic.[3] The prevailing scientific consensus, supported by genetic, epidemiological, and historical data, is that the virus arose through natural zoonotic spillover, most likely from bats via an intermediate animal host, with early clusters linked to the Huanan Seafood Market.[4][7][9] Although some political and intelligence bodies consider an accidental lab leak of a naturally occurring virus plausible or even likely, those reports acknowledge they do not provide direct evidence and focus on circumstantial indications of a *leak*, not on laboratory creation.[8][12][13][15] In the absence of any positive evidence of design or lab creation, and with substantial evidence against engineering, the specific allegation of *creation in a Chinese lab* is largely unsupported by current public evidence.",openrouter/perplexity/sonar-pro,d595a020b777,2026-07-04T16:32:06
R_3XeEqeUjvjzwAox,study3,Truth-Constrained,bunk,affirms,The 1989 Apollo moon landings were staged by NASA and not a real event.,conspiracy_claim,0,95,false,"The Apollo lunar landings occurred between 1969 and 1972, not in 1989, and there is extensive direct and third‑party evidence that they were real, including thousands of photos and hours of video, 382 kg of lunar rock independently verified as non-terrestrial, and tracking/imagery from other space agencies and observatories.[1][4][14][15] Claims that NASA staged or hoaxed the landings have been repeatedly examined and shown to be inconsistent with the technical, photographic, geological, and independent observational record, and are regarded as fringe conspiracy theories without credible supporting evidence.[2][4][12][14]",openrouter/perplexity/sonar-pro,d595a020b777,2026-07-04T16:32:06
R_3XpnauErBrEZnKa,study3,Truth-Constrained,bunk,affirms,"The JFK assassination involved a group effort rather than a lone killer, evidenced by inconsistencies, the suspicious deaths of many witnesses, and evidence of additional gunfire.",conspiracy_claim,50,70,mixed_or_unclear,"Official investigations including the Warren Commission, the FBI, and later reviews have consistently concluded that Lee Harvey Oswald acted alone and found no solid evidence of a broader group conspiracy or additional gunmen.[5][7][12][14] The House Select Committee on Assassinations in 1979 did find, based largely on disputed acoustic evidence, a ""high probability"" of two gunmen and that Kennedy was ""probably"" killed as a result of a conspiracy, but this acoustic basis has since been heavily challenged and no definitive corroborating evidence has emerged.[1][2][3][6][13] Claims about systematic ""suspicious deaths of many witnesses"" and clear physical evidence of additional gunfire remain unsubstantiated in the major official and scholarly records, leaving the existence of a coordinated group effort empirically uncertain rather than clearly established or refuted.",openrouter/perplexity/sonar-pro,d595a020b777,2026-07-04T16:32:06
R_3YKVXMORoJ3SNmi,study3,Truth-Constrained,debunk,affirms,The government is hiding evidence of alien contact.,conspiracy_claim,25,60,mostly_false,"The claim asserts a deliberate government cover‑up of confirmed alien contact. Multiple official investigations, including the Pentagon’s All-domain Anomaly Resolution Office (AARO) 2024 report, state they found **no evidence** that the U.S. government is hiding proof of contact with extraterrestrial beings or running crash‑retrieval/reverse‑engineering programs.[4][8] High‑profile whistleblower allegations (e.g., David Grusch’s testimony about secret programs and non‑human biologics) remain uncorroborated by verifiable physical, documentary, or forensic evidence, and have been explicitly rejected by the Department of Defense as unsubstantiated.[3][4][8] While the government clearly withholds and classifies some UAP-related information, that is well documented and largely linked to ordinary national security programs rather than demonstrable alien contact.[4][10] In the absence of credible, independently verifiable evidence that such contact has occurred and is being hidden, the specific claim that the government is hiding **evidence of alien contact** is largely unsupported by current public evidence.",openrouter/perplexity/sonar-pro,d595a020b777,2026-07-04T16:32:06
R_3Znft7Ywc9QZKQ9,study3,Truth-Constrained,bunk,affirms,The Bilderberg meeting orchestrates world events and is connected to the World Economic Forum and BlackRock through the powerful individuals who attend these meetings.,conspiracy_claim,25,60,mostly_false,"The Bilderberg Meeting is a real, annual off‑the‑record conference bringing together influential figures from politics, business, finance, and academia, and attendees sometimes also participate in other elite forums such as the World Economic Forum or major financial firms like BlackRock.[1][7][12] However, there is no credible public evidence that Bilderberg as an organization *orchestrates world events* in a coordinated, directive way, nor that it is institutionally ""connected"" to the World Economic Forum or BlackRock beyond overlapping individuals; analyses of its influence find informal networking and agenda‑setting but no documented mechanisms of centralized control over global events, and anti‑conspiracy organizations explicitly debunk claims that it secretly controls world affairs or a new world order.[5][8][15]",openrouter/perplexity/sonar-pro,d595a020b777,2026-07-04T16:32:06
R_3aPH7tni45MGPc0,study3,Truth-Constrained,bunk,affirms,"The moon landings were faked by the U.S. government to win the Space Race, with staged footage and hidden evidence.",conspiracy_claim,0,100,false,"The statement asserts a covert U.S. government hoax with staged footage and hidden evidence, but the Apollo landings are supported by overwhelming independent evidence, including lunar samples, tracking data, transcripts, and images from other missions and nations. Major reference sources and scientific institutions describe the fake-landing claim as debunked and false.[1][3][5][11][13]",openrouter/perplexity/sonar-pro,d595a020b777,2026-07-04T16:32:06
R_3aVJPdQ35NtLqMU,study3,Truth-Constrained,debunk,affirms,The Covid vaccine was released quickly to control population and there was mention of a new vaccine that could kill off 15% of those who take it.,conspiracy_claim,5,80,false,"The accelerated COVID-19 vaccine timeline is well documented as resulting from decades of prior research on vaccine platforms (including mRNA), massive global funding, overlapping trial phases, and regulatory prioritization in response to a public health emergency, not a covert population-control agenda.[2][4][8][11][15] There is no credible evidence of an official or scientific plan to use COVID-19 vaccines to reduce population or of any real vaccine intended to kill 15% of recipients; such a plot would require large-scale, well-documented coordination across governments, regulators, and independent researchers, and no supporting evidence has emerged despite extensive monitoring and transparency in safety data and post-marketing surveillance.",openrouter/perplexity/sonar-pro,d595a020b777,2026-07-04T16:32:06
R_3b2espwP7i0o8TP,study3,Truth-Constrained,debunk,affirms,The COVID-19 virus originated from a laboratory in China and was deliberately released.,conspiracy_claim,10,70,false,"The claim has two parts: that SARS-CoV-2 originated from a Chinese laboratory and that it was *deliberately* released. Current scientific and intelligence assessments consider both natural zoonotic spillover and a laboratory-associated incident as possible origins, but find the strongest evidence for a natural animal-to-human transmission linked to wildlife trade and markets in Wuhan.[1][3][5][10][12] Multiple reviews conclude there is no evidence the virus was genetically engineered, developed as a biological weapon, or intentionally released, and U.S. intelligence specifically judges that SARS-CoV-2 was not developed as a biological weapon and only considers an accidental lab-related incident as one plausible hypothesis.[2][5][6][11][12] No public evidence supports a deliberate release by any laboratory, making the stated claim clearly unsupported by current evidence.",openrouter/perplexity/sonar-pro,d595a020b777,2026-07-04T16:32:06
R_3cmpYuGaYIExZjb,study3,Truth-Constrained,debunk,affirms,Osama Bin Laden was not actually killed.,conspiracy_claim,5,95,false,"The claim alleges that Osama bin Laden was not actually killed, but the public record strongly supports that he was killed in the 2011 U.S. raid: U.S. officials reported DNA confirmation and bin Laden’s death, al-Qaeda publicly confirmed his death, and contemporaneous reporting notes the body was buried at sea after identification.[6][7][12] The lack of publicly released photos created suspicion and fueled conspiracy theories, but that absence is not evidence that he survived.[1][4][6]",openrouter/perplexity/sonar-pro,d595a020b777,2026-07-04T16:32:06
R_3cwJwnbCheSZcO4,study3,Truth-Constrained,debunk,affirms,The government has living aliens imprisoned in Area 51.,conspiracy_claim,10,60,false,"The claim that the U.S. government has *living* aliens imprisoned in Area 51 is a classic conspiracy theory, widely discussed but unsupported by any credible evidence.[7][12][14][15] Declassified records and reputable reporting indicate Area 51 is a secret military test and training range (e.g., for U-2 and other aircraft), and sources such as Britannica explicitly state there is no evidence of extraterrestrial contact at Area 51 or anywhere else.[7][14][15] While a few individuals (e.g., Robert Lazar, Richard Doty) have made anecdotal claims about captive aliens, these accounts are unverified and the claim remains unsupported by empirical evidence.[3][6][12][14]",openrouter/perplexity/sonar-pro,d595a020b777,2026-07-04T16:32:06
R_3dAg0scZZM3W8k7,study3,Truth-Constrained,debunk,affirms,The government is hiding secrets about UFOs.,conspiracy_claim,50,80,mixed_or_unclear,"Public evidence shows the U.S. government has classified, investigated, and more recently declassified some UFO/UAP records, so it is true that it has hidden certain UFO-related information from the public.[1][4][12] But official reports also say there is no evidence the government is concealing alien technology or extraterrestrial life, so the broader claim that it is hiding unspecified 'secrets about UFOs' remains only partly supported and partly speculative.[2][9]",openrouter/perplexity/sonar-pro,d595a020b777,2026-07-04T16:32:06
R_3dQrRZF3zHbXCOB,study3,Truth-Constrained,debunk,affirms,"War is staged because people profit from support and donations, creating it as a strategy for money and land.",conspiracy_claim,25,80,mostly_false,"Public evidence supports that some actors profit from war through arms sales, military spending, reconstruction, land acquisition, and related profiteering, but it does not support the broad claim that war is generally 'staged' as a secret strategy for money and land. The statement adds a covert-plot allegation that is not established by the evidence provided, which instead documents wartime profiteering and financing in real conflicts.",openrouter/perplexity/sonar-pro,d595a020b777,2026-07-04T16:32:06
R_3dWLglKeLvoxn7H,study3,Truth-Constrained,debunk,affirms,Covid originated at a lab in China and was released by accident.,conspiracy_claim,35,85,mostly_false,"The statement asserts a lab origin and accidental release as fact, but the public evidence remains contested and no definitive proof of a lab leak has been established. Major scientific and WHO assessments have favored zoonotic spillover, while some U.S. agencies and officials have judged a lab incident plausible or more likely, making the claim unsupported as stated but not fully ruled out.[7][14][5][2]",openrouter/perplexity/sonar-pro,d595a020b777,2026-07-04T16:32:06
R_3dYAoHq5fOMwoSu,study3,Truth-Constrained,bunk,affirms,Governments are hiding evidence of extraterrestrial life from the public to avoid mass panic and maintain control.,conspiracy_claim,25,70,mostly_false,"This claim asserts a coordinated, ongoing government cover-up of *evidence* of extraterrestrial life, specifically to avoid mass panic and maintain control. Multiple official investigations, including the Pentagon’s All-domain Anomaly Resolution Office (AARO) historical review, report finding **no verifiable evidence** of extraterrestrial technology, beings, or reverse-engineering programs and explicitly reject claims of secret recovery of off-world craft or biological materials.[5][6][10][13] While some whistleblowers, documentary filmmakers, and UFO commentators *allege* such a cover-up and speculate about motives like preventing panic, these accounts are largely anecdotal and lack corroborating physical or documentary proof, and no government has produced public evidence that such extraterrestrial contact exists and is being hidden.[2][7][10][13] The existence of classified UAP/UFO programs and acknowledged secrecy about sensor data and defense capabilities is well documented, but that secrecy is explainable by conventional national security concerns rather than confirmed alien contact; thus, the specific claim of hiding *evidence of extraterrestrial life* for panic/control reasons is mostly unsupported by current public evidence.[5][6][10]",openrouter/perplexity/sonar-pro,d595a020b777,2026-07-04T16:32:06
R_3ds7ctWFy4J9w82,study3,Truth-Constrained,debunk,affirms,Large companies are deliberately delaying real breakthroughs in cancer treatment to maintain drug profits.,conspiracy_claim,25,80,mostly_false,"There is evidence that pharmaceutical companies may underinvest in long-horizon or early-stage cancer research because of patent and profit incentives, but that is different from deliberately delaying real breakthroughs. Public sources explicitly describe the “hidden cure” idea as a conspiracy theory and say there is no evidence of a secret suppression plot, while noting only ordinary market incentives and research tradeoffs.[4][9][10][13]",openrouter/perplexity/sonar-pro,d595a020b777,2026-07-04T16:32:06
R_3eEOIvSqq3muL4J,study3,Truth-Constrained,bunk,affirms,"COVID-19 virus was originally created in Wuhan, China, and there is evidence of a cover-up by the Chinese government and the WHO when the outbreak occurred.",conspiracy_claim,25,80,mostly_false,"Evidence strongly indicates that SARS‑CoV‑2 first emerged in or around Wuhan, China, with the earliest known cluster of cases there in late 2019, but the dominant scientific view is that it arose through natural zoonotic spillover from animals (likely bats, possibly via an intermediate host), not that it was deliberately ""created"" as an engineered virus in Wuhan.[2][5][11][1][13] Multiple genomic and epidemiologic analyses find no signs of genetic engineering or bioweapon development, and major scientific bodies and intelligence assessments conclude the virus is not known to have existed in any lab before the outbreak, though they acknowledge that the precise origin (natural spillover vs. accidental lab leak) remains unresolved.[3][5][6][9][10][13] Claims of a coordinated cover‑up by the Chinese government and the WHO involve partly checkable elements (e.g., documented delays and inadequacies in early reporting and data sharing by Chinese authorities, and criticisms of WHO’s deference to official Chinese information), but there is no clear public evidence of a jointly orchestrated, ongoing conspiracy to hide a known artificial origin of the virus, so the cover‑up allegation as stated is largely unsupported by available evidence.[1][5][10][13]",openrouter/perplexity/sonar-pro,d595a020b777,2026-07-04T16:32:06
R_3eajdJmEzXsF1QL,study3,Truth-Constrained,debunk,affirms,"Large and powerful corporations, which control money, manipulate events and can control politicians through donations.",conspiracy_claim,40,60,mostly_false,"The statement makes a broad, quasi-universal claim that large corporations which control money *manipulate events* and *can control politicians through donations* as a coordinated, behind-the-scenes practice. There is strong evidence that corporations and business associations exert significant, sometimes undue, influence on public institutions through lobbying, campaign spending, revolving-door hiring, and media influence, a phenomenon often termed “corporate capture.”[10][15][13] This influence can shape agendas, legislation, and regulatory outcomes, and large corporate donors can have privileged access to politicians, but this falls short of demonstrating that corporations generally *control* politicians or systematically manipulate events in a covert, conspiratorial sense. Existing documentation describes powerful, but largely legal and partly transparent influence mechanisms rather than a hidden, centrally coordinated control over politicians and events; the claim’s sweeping and conspiratorial framing goes beyond what the evidence supports. Thus the core allegation of secret manipulation and control is only partly supported, while the narrower idea of strong influence through money is well documented.",openrouter/perplexity/sonar-pro,d595a020b777,2026-07-04T16:32:06
R_3exL8SEx04PiCzy,study3,Truth-Constrained,debunk,affirms,9/11 was orchestrated from within the United States government.,conspiracy_claim,0,95,false,"Extensive investigations, including the 9/11 Commission Report and multiple US government and independent expert reviews, conclude that the 9/11 attacks were planned and carried out by al-Qaeda terrorists, not orchestrated from within the US government.[1][8] These inquiries and subsequent expert analyses have found no credible evidence that US government officials planned, directed, or staged the attacks, and have repeatedly rejected and debunked the various 'inside job' theories as lacking evidentiary support.[1][2][4][5]",openrouter/perplexity/sonar-pro,d595a020b777,2026-07-04T16:32:06
R_3f2rMoR3FZ9B1yl,study3,Truth-Constrained,bunk,affirms,"A hidden group, such as the Illuminati, secretly controls the world and some believe this group is Jewish.",conspiracy_claim,20,85,mostly_false,"The claim combines a secret world-controlling Illuminati with an antisemitic allegation that some identify this group as Jewish. The historical Bavarian Illuminati was a real but short-lived 18th-century secret society, and there is no credible evidence that it survived as a hidden organization controlling the world; the Jewish attribution reflects later conspiracy lore rather than established fact.[1][6][15]",openrouter/perplexity/sonar-pro,d595a020b777,2026-07-04T16:32:06
R_3f8ADfT490wePLN,study3,Truth-Constrained,bunk,affirms,Donald Trump will not leave office when his term is up.,official_account,0,95,false,"In his first presidency, Donald Trump’s term ended on January 20, 2021 and he left office that morning, with Joe Biden inaugurated and assuming the presidency at noon, in accordance with the Constitution.[1][3][11] The current constitutional framework (20th and 22nd Amendments) sets fixed four‑year presidential terms and a two‑term limit; there is no evidence Trump refused to leave at the end of his prior term, and no credible indication he will be permitted to stay beyond the end of any future term.[6][11][15]",openrouter/perplexity/sonar-pro,d595a020b777,2026-07-04T16:32:06
R_3gFdyPCuurcXKfL,study3,Truth-Constrained,debunk,affirms,"The U.S. government has had contact with extraterrestrial beings, recovered alien technology, and is concealing this information by claiming incidents like the Roswell crash were weather balloon mishaps, while facilities like Area 51 are used to study and reverse-engineer alien technology for military or technological advantage.",conspiracy_claim,25,80,mostly_false,"The claim asserts that the U.S. government has had contact with extraterrestrials, recovered alien technology (e.g., at Roswell), and is secretly reverse‑engineering it at sites like Area 51 while falsely describing events as mundane incidents. Multiple official reviews and declassified investigations, including the Pentagon’s 2024 All-domain Anomaly Resolution Office (AARO) Historical Record Report, state that no U.S. government inquiry or review has validated any sighting as extraterrestrial technology and that alleged reverse‑engineering programs either do not exist or involve misidentified conventional classified projects.[1][6][9][7][11] The White House and other official science and defense bodies have repeatedly stated there is no evidence of extraterrestrial life having contacted humans and no credible evidence of a government cover‑up.[2][3][9][14] While a few whistleblowers and believers make contrary allegations, they have not provided verifiable, corroborated evidence that withstands investigation, so the central claim of established contact, recovered alien technology, and systematic concealment is largely unsupported by the best available public and official evidence.",openrouter/perplexity/sonar-pro,d595a020b777,2026-07-04T16:32:06
R_3gOsBrWo38zHOdb,study3,Truth-Constrained,bunk,affirms,The current POTUS staged the last alleged assassination attempt against him.,conspiracy_claim,0,85,false,"Multiple recent assassination attempts against Donald Trump have been investigated and publicly described by the FBI, DOJ, Secret Service, and major news organizations as genuine attacks carried out by identified suspects, with charges such as attempted assassination and related firearms offenses, and no evidence that Trump (the current POTUS in this scenario) staged them.[1][2][3][8][9][11][15] Fact-checks of the specific ""staged"" conspiracy theories about these incidents report that no credible evidence supports staging and explicitly rate such claims as false or ""pants on fire,"" noting the abundance of eyewitnesses, video, forensic evidence, and independent investigations consistent with real attacks, not a self-orchestrated plot.[7][10][14]",openrouter/perplexity/sonar-pro,d595a020b777,2026-07-04T16:32:06
R_3gSGLMOIrYFEGgw,study3,Truth-Constrained,bunk,affirms,The government and military have recovered evidence of extraterrestrial beings and UFOs.,conspiracy_claim,10,95,mostly_false,"Publicly available Pentagon, National Archives, BBC, NPR, and Washington Post reporting says U.S. government reviews have found no verifiable evidence that the government or military recovered extraterrestrial beings or alien technology, and no official review has confirmed any UAP as extraterrestrial. There are many released UFO/UAP records and some testimony alleging recovery, but those allegations have not been substantiated by public evidence.",openrouter/perplexity/sonar-pro,d595a020b777,2026-07-04T16:32:06
R_3h5RKq8StYSVaNP,study3,Truth-Constrained,bunk,affirms,"The United States did not actually land on the moon, and the government created everything to make it appear that it did.",conspiracy_claim,0,95,false,"The claim that the United States did not land on the Moon and that the government fabricated everything is contradicted by multiple independent lines of evidence, including 382 kg of lunar rocks verified as genuinely lunar by laboratories worldwide, ongoing laser measurements using reflectors placed on the Moon by Apollo astronauts, and high‑resolution images of Apollo landing sites and equipment from later U.S., Chinese, Indian, and Japanese spacecraft.[1][2][5][6][10] These missions and their artifacts have been tracked and confirmed by foreign space agencies and even Cold War adversaries, and major scientific bodies note that every argument for a hoax has been thoroughly discredited, leaving no substantiated evidence that the landings were faked.[1][2][4][11]",openrouter/perplexity/sonar-pro,d595a020b777,2026-07-04T16:32:06
R_3k04ahM4e4pEAdg,study3,Truth-Constrained,bunk,affirms,The government initiated COVID-19 to decrease the population.,conspiracy_claim,0,80,false,"Extensive genomic, epidemiological, and historical evidence indicates that COVID-19 emerged as a novel coronavirus infection and then governments worldwide took emergency actions to mitigate its spread and reduce deaths, not to initiate it.[1][7][10][15] There is no credible evidence that any government created or deliberately released SARS‑CoV‑2 as a depopulation plan, and observed government policies (lockdowns, public health measures, vaccination campaigns) are aimed at minimizing infection and mortality, directly contradicting the claim.[10][11][15]",openrouter/perplexity/sonar-pro,d595a020b777,2026-07-04T16:32:06
R_3kbKLv2r2gfxxO9,study3,Truth-Constrained,debunk,affirms,The United States never landed on the moon.,conspiracy_claim,0,100,false,"The claim is directly contradicted by extensive evidence that the United States conducted multiple successful crewed moon landings, beginning with Apollo 11 on July 20, 1969, when Neil Armstrong and Buzz Aldrin landed and walked on the lunar surface.[2][5][4] These missions left hardware and retroreflectors on the Moon that are still observable, returned 382 kg of lunar rocks independently verified by laboratories worldwide, and have been imaged by later orbiters from multiple countries, all of which collectively falsify the assertion that the U.S. never landed on the moon.[13]",openrouter/perplexity/sonar-pro,d595a020b777,2026-07-04T16:32:06
R_3ki9oSej5kDuCGd,study3,Truth-Constrained,bunk,affirms,"Aliens have come from outer space, landed on Earth, and are walking among us, but the government has not disclosed this to the public.",conspiracy_claim,10,70,false,"The claim asserts both that extraterrestrials have physically come to Earth and walk among humans, and that governments are actively concealing this. Multiple official investigations, including recent comprehensive Pentagon reviews of unidentified anomalous phenomena, report **no evidence** that alien beings have visited Earth or that officials have retrieved alien spacecraft or bodies and hidden them from the public.[12][13][7][10] While alleged whistleblowers have made such assertions, they have not produced verifiable public evidence, and these narratives are broadly classified by scientific and governmental authorities as a conspiracy theory lacking substantiation.[3][8]",openrouter/perplexity/sonar-pro,d595a020b777,2026-07-04T16:32:06
R_3lRzYpDW2STHPOk,study3,Truth-Constrained,debunk,affirms,The COVID-19 virus was bioengineered in the Wuhan Institute of Virology and intentionally released as a biological weapon.,conspiracy_claim,10,80,false,"The claim has two parts: that SARS-CoV-2 was bioengineered at the Wuhan Institute of Virology and that it was intentionally released as a biological weapon. Multiple detailed genetic analyses and reviews report no signatures of genetic engineering in SARS‑CoV‑2 and conclude it is not a man‑made virus.[3][13] The U.S. Intelligence Community’s declassified assessments state that almost all agencies assess SARS‑CoV‑2 was not genetically engineered and all agencies assess it was not developed as a biological weapon.[1][11][14] While some officials and commentators consider a lab‑related accident a plausible origin scenario, there is no public evidence that the virus was deliberately engineered or intentionally released as a weapon, and scientific reviews describe the bioweapon theory as lacking credibility.[4][8][13] Taken together, the best available evidence strongly contradicts both the bioengineering and deliberate bioweapon release asserted in the statement.",openrouter/perplexity/sonar-pro,d595a020b777,2026-07-04T16:32:06
R_3lShV8lMD4fJQFb,study3,Truth-Constrained,bunk,affirms,"Certain major world events, such as 9/11, were secretly orchestrated or permitted by government insiders to justify wars or increase surveillance.",conspiracy_claim,10,85,false,"The statement asserts that major events like 9/11 were secretly orchestrated or deliberately permitted by government insiders as a pretext for war or increased surveillance. Official investigations, including the 9/11 Commission and multiple expert reviews, attribute the attacks to al-Qaeda and explicitly find no evidence that U.S. government officials planned them or allowed them to happen for such purposes.[1][3][8] Extensive government and independent reports have rejected inside‑job, LIHOP/MIHOP, and false‑flag theories as unsupported by credible evidence, and major debunking efforts conclude that none of these conspiracy theories is true.[1][3][8]",openrouter/perplexity/sonar-pro,d595a020b777,2026-07-04T16:32:06
R_3llSgscXHAbrEH1,study3,Truth-Constrained,debunk,affirms,Donald Trump really believes he could serve a third term and has talked about annexing Canada.,official_account,25,90,mostly_false,"Trump has repeatedly mused in public about the idea of a third term, saying there are ""methods"" to do it and that he is ""not joking,"" but he has also acknowledged that the Constitution does not allow it and has said he is probably not going to pursue it.[1][3][15] There is no public evidence that he ""really believes"" he can lawfully serve a third term, and there is no credible evidence that he has talked about annexing Canada, making the annexation portion unsupported and the claimed degree of belief overstated.",openrouter/perplexity/sonar-pro,d595a020b777,2026-07-04T16:32:06
R_3lt5TidxTEbLI73,study3,Truth-Constrained,debunk,affirms,"An alien spaceship crashed in Roswell, NM.",conspiracy_claim,0,90,false,"The 1947 Roswell debris has been extensively investigated and is officially documented as originating from a classified high‑altitude balloon system (Project Mogul), not an alien spacecraft, with declassified military reports and independent historical analyses finding no credible evidence of a crashed extraterrestrial ship or alien bodies.[1][8][12] UFO and alien-crash narratives surrounding Roswell arose decades later from speculation and conspiracy literature and remain unsupported by physical evidence or reliable contemporary documentation.[1][6][9]",openrouter/perplexity/sonar-pro,d595a020b777,2026-07-04T16:32:06
R_3m8pw9WuS7kyuGe,study3,Truth-Constrained,bunk,affirms,"Gregory is a robot created to replace William Afton's child, Dave.",no_claim,,,not_checkable,"The statement refers to characters and events within the fictional Five Nights at Freddy's universe and asserts an in‑story lore theory (Gregory as a robot replacement for William Afton's child Dave). Within real-world fact-checking, claims about fictional canon are not empirically checkable in the same way as factual claims about the world, and there is no single authoritative, explicit source in the games that definitively confirms or denies this specific replacement scenario.",openrouter/perplexity/sonar-pro,d595a020b777,2026-07-04T16:32:06
R_3mazaRQxlL8QceZ,study3,Truth-Constrained,bunk,affirms,"Avril Lavigne was replaced by her friend after she died, as evidenced by changes in bone structure observed in pictures over the years.",conspiracy_claim,0,90,false,"The claim is part of the well‑documented 'Avril Lavigne replacement' conspiracy theory, which originated as a deliberate hoax on the blog 'Avril Está Morta'; the author later explicitly admitted they fabricated the story to demonstrate how easily misinformation spreads online.[12][13] Major news outlets and fact‑checking organizations describe the theory as false, and Avril Lavigne herself has repeatedly stated she is alive and not replaced, while there is no credible forensic or medical evidence supporting alleged changes in bone structure as proof of a body double.[1][2][7][11][13]",openrouter/perplexity/sonar-pro,d595a020b777,2026-07-04T16:32:06
R_3ml6zOdt8QeeMGR,study3,Truth-Constrained,debunk,affirms,A secret group within the U.S. government orchestrated the 9/11 attacks as a false flag operation to justify war and increase control over the public.,conspiracy_claim,10,70,false,"Multiple official investigations, including the 9/11 Commission and extensive intelligence and journalistic inquiries, attribute the 9/11 attacks to al‑Qaida hijackers and document failures of intelligence and security, not orchestration by a secret group within the U.S. government.[1][3][14] No credible empirical evidence has been produced that demonstrates government planning or false‑flag execution of the attacks, and the claim persists only within conspiracy literature and activist circles without independent corroboration.[1][3][5]",openrouter/perplexity/sonar-pro,d595a020b777,2026-07-04T16:32:06
R_3nMF9YRHla10iMP,study3,Truth-Constrained,bunk,affirms,NASA faked the moon landing footage to win the Space Race against the Soviet Union.,conspiracy_claim,0,95,false,"The claim that NASA faked the moon landing footage to win the Space Race is a classic moon‑landing hoax theory and is rejected by all major scientific and historical authorities.[6][7] Multiple independent lines of evidence confirm the Apollo moon landings were real, including 382 kg of lunar rocks verified as lunar by laboratories worldwide, laser‑ranging reflectors still used on the lunar surface, and independent tracking and later imaging of Apollo landing sites by non‑NASA space agencies, all of which would be extraordinarily difficult to fake.[4][5][7]",openrouter/perplexity/sonar-pro,d595a020b777,2026-07-04T16:32:06
R_3nXtkfBrF9tJzNv,study3,Truth-Constrained,bunk,affirms,The 1969 moon landing was staged by the U.S. government to win the space race against the Soviet Union.,conspiracy_claim,5,100,false,"The statement asserts a secret government hoax, which is directly addressed by extensive public evidence: Apollo 11 and later landings are documented by telemetry, photographs, mission records, lunar samples, and independent verification, and major institutions describe the hoax claim as debunked. The cited sources note that the staged-landing theory is a long-running conspiracy belief rather than a supported historical account.[2][7][8][11]",openrouter/perplexity/sonar-pro,d595a020b777,2026-07-04T16:32:06
R_3oB01tu2mX4hlU8,study3,Truth-Constrained,bunk,affirms,We are being denied information about alien contact.,conspiracy_claim,25,40,mostly_false,"The statement asserts a coordinated suppression of information about alien contact. Multiple whistleblowers and members of the UFO disclosure movement claim governments, especially the US, possess secret information or recovered non‑human technology and are withholding it from the public.[10][15] However, official investigations such as the Pentagon’s All-domain Anomaly Resolution Office report state they have found no credible evidence of extraterrestrial activity, alien technology, or crash-retrieval programs, and conclude popular cover-up claims lack empirical support.[7] Independent scientists similarly report seeing no evidence of a government hiding proof of alien contact.[12] Given the strength and transparency of official inquiries and the lack of verifiable evidence from whistleblowers, the claim that we *are* being denied information about confirmed alien contact is largely unsupported, though it is not strictly unfalsifiable because in principle documentary or physical evidence could emerge.",openrouter/perplexity/sonar-pro,d595a020b777,2026-07-04T16:32:06
R_3pMfYNee7hL7k8Y,study3,Truth-Constrained,debunk,affirms,"The moon landing was staged and fake, with no visible stars and the flag appearing to blow in the wind.",conspiracy_claim,0,95,false,"The claim that the Moon landing was staged and fake is contradicted by extensive independent evidence: lunar rocks returned by Apollo missions and analyzed worldwide, independent tracking by other nations including Cold War adversaries, and later imaging of Apollo landing sites by non-NASA spacecraft all confirm that astronauts did land on the Moon.[1][4][5][8][10] The specific ""no visible stars"" and ""flag blowing in the wind"" points are well-understood photographic and physical effects: stars are not visible in daytime lunar photos because the bright lunar surface and camera exposure settings wash out dim starlight, and the flag appears rippled because of a horizontal support rod and creases plus brief motion while being planted, not atmospheric wind in a vacuum.[1][2][8][12]",openrouter/perplexity/sonar-pro,d595a020b777,2026-07-04T16:32:06
R_3pT3gkBE8w4o32U,study3,Truth-Constrained,debunk,affirms,The moon landing was staged.,conspiracy_claim,0,95,false,"The claim that the Moon landing was staged asserts that NASA and others faked the Apollo landings and concealed the truth, but this is contradicted by extensive independent evidence including thousands of photos and hours of video, 382 kg of lunar rocks verified by laboratories worldwide, and retroreflectors on the Moon still used for laser-ranging experiments, all of which would be impossible if humans had not landed there.[1][3][7] High‑resolution images from multiple countries’ lunar orbiters show Apollo landing sites, hardware, and astronaut tracks, and every specific hoax allegation has been thoroughly debunked, leaving no credible evidence that the landings were staged.[1][3][7]",openrouter/perplexity/sonar-pro,d595a020b777,2026-07-04T16:32:06
R_3ps1gIztRM7DiJ1,study3,Truth-Constrained,bunk,affirms,"The virus that caused the Covid-19 disease was produced in a laboratory in China, and the personnel involved are concealing this information.",conspiracy_claim,50,70,mixed_or_unclear,"The claim has two parts: that SARS-CoV-2 was *produced* in a Chinese laboratory, and that personnel involved are *concealing* this. Current scientific consensus is that the virus is not genetically engineered and most evidence supports a natural zoonotic origin linked to wildlife and the Huanan market, with no documented proof it was lab-created or existed in any lab before the outbreak.[2][7][13][14] Intelligence and governmental assessments are divided on a *laboratory-associated incident* (a leak of a naturally occurring or researched virus), with some U.S. agencies, the FBI, certain political bodies, and later White House and WHO/SAGO communications considering a lab leak plausible or even likely, while others favor natural spillover and emphasize the absence of concrete evidence for a lab origin.[1][3][5][6][8][11][12] There is no direct public evidence proving deliberate laboratory production or an active cover-up by specific personnel; however, restricted access to data and facilities, and political opacity, mean that a laboratory-associated origin and concealment behavior cannot be definitively ruled out, keeping the claim in an area of genuine uncertainty rather than clearly true or false.",openrouter/perplexity/sonar-pro,d595a020b777,2026-07-04T16:32:06
R_3qb75P8wPy56L5G,study3,Truth-Constrained,bunk,affirms,The U.S. government has been involved in multiple deaths or assassinations throughout history.,conspiracy_claim,75,80,mostly_true,"Public investigations and declassified records show that U.S. officials and the CIA were involved in or complicit with plots affecting multiple deaths and assassinations abroad, including Castro, Lumumba, Diem, Trujillo, and Schneider, while the Church Committee found no evidence that U.S.-initiated plots killed a foreign leader in those cases.[7][8][11] The statement is broad and not limited to particular cases, but as written it is supported by documented history of governmental involvement in multiple assassinations or lethal covert actions.",openrouter/perplexity/sonar-pro,d595a020b777,2026-07-04T16:32:06
R_3rV7CvYn0h4P7iH,study3,Truth-Constrained,debunk,affirms,Vice President Johnson orchestrated the assassination of JFK to become president.,conspiracy_claim,10,70,false,"The mainstream historical record and official investigations conclude that Lee Harvey Oswald was the sole identified perpetrator of JFK’s assassination, with no evidence that Lyndon B. Johnson orchestrated the killing to become president.[5][9][12] While numerous conspiracy theorists and later authors have alleged Johnson’s involvement, these claims rely on circumstantial, disputed, or secondhand accounts and have not been substantiated by credible documentary or forensic evidence; historians reviewing the record find no evidence that Johnson ordered the assassination.[13]",openrouter/perplexity/sonar-pro,d595a020b777,2026-07-04T16:32:06
R_3ranmtAQCr7R3aN,study3,Truth-Constrained,bunk,affirms,"The 1969 Apollo 11 moon landing was staged by NASA on a film set, possibly directed by Stanley Kubrick, to win the Space Race during the Cold War.",conspiracy_claim,0,95,false,"The claim that Apollo 11 was staged on a film set to win the Space Race is a classic moon‑landing hoax theory that has been extensively investigated and refuted by multiple independent lines of evidence.[1][2][6][8] Third‑party tracking (including by the Soviet Union), independently analyzed lunar samples, retroreflectors still used for laser ranging, and modern orbital images of the landing sites all corroborate that the mission genuinely landed on the Moon, and there is no credible evidence that Stanley Kubrick or any film studio was involved.[1][6][8][11][12]",openrouter/perplexity/sonar-pro,d595a020b777,2026-07-04T16:32:06
R_3riVoVPtx3Y7lm1,study3,Truth-Constrained,debunk,affirms,The government has evidence of UFO sightings.,official_account,95,95,true,"The claim only says that the government has evidence of UFO (now UAP) sightings, not that these are extraterrestrial. This is well documented: the U.S. government has collected, investigated, and archived thousands of reports and records of unidentified flying objects for decades, including Project Blue Book, FBI files, Pentagon UAP investigations, and large recent declassified releases such as the PURSUE/UFO files and associated videos and reports.[3][5][6][7][8][11][13][15] These records are direct evidence of UFO/UAP sightings as reported by military personnel and civilians, even though official reviews consistently find no proof of alien origin.[5][6][11][13]",openrouter/perplexity/sonar-pro,d595a020b777,2026-07-04T16:32:06
R_3rpihZnYIxItgNv,study3,Truth-Constrained,bunk,affirms,The events of 9/11 were orchestrated by the American government as a pretext to attack the Middle East.,conspiracy_claim,5,80,false,"The statement asserts that the U.S. government orchestrated the 9/11 attacks as a false-flag pretext to attack the Middle East, a core claim of the 9/11 conspiracy movement.[6][11][15] Extensive investigations, including the bipartisan 9/11 Commission Report and multiple intelligence inquiries, found that the attacks were planned and executed by al‑Qaeda, with no credible evidence that the U.S. government organized or directed them.[6][8] While the Bush administration did later use 9/11 to build public support for wars in Afghanistan and Iraq, including misleadingly implying Iraqi involvement,[8] this exploitation of the attacks does not constitute evidence that the government orchestrated the attacks themselves. Publicly available evidence overwhelmingly attributes responsibility to al‑Qaeda and finds no substantiated proof of an inside-job plot, so the claim is checkable and clearly unsupported by the best available data.",openrouter/perplexity/sonar-pro,d595a020b777,2026-07-04T16:32:06
R_3s7xlNp4LpO8XkS,study3,Truth-Constrained,bunk,affirms,President Kennedy was assassinated in 1963 by someone other than the confirmed shooter.,conspiracy_claim,25,85,mostly_false,"The mainstream historical record, including the Warren Commission and FBI investigations, concludes that President Kennedy was assassinated by Lee Harvey Oswald acting alone.[1][5][8] A later House Select Committee on Assassinations did find a probable conspiracy and the possibility of a second gunman, but it could not identify another shooter and its acoustic evidence has been heavily criticized and partly discredited.[2][3][4] Given strong evidence that Oswald fired at Kennedy and the lack of robust, corroborated evidence identifying a different assassin, the claim that Kennedy was killed by someone other than the confirmed shooter is largely unsupported by available data.",openrouter/perplexity/sonar-pro,d595a020b777,2026-07-04T16:32:06
R_3sMemVR4StEkv5v,study3,Truth-Constrained,bunk,affirms,"We are being observed by higher dimensional beings, and some individuals can sense their presence but cannot describe it.",no_claim,,,not_checkable,"The statement posits the existence of ""higher dimensional beings"" that observe us and can be sensed by some people, but this is a metaphysical speculation rather than a concrete, empirically testable claim about specific actors or events. There is no identifiable evidence that could directly confirm or disconfirm such beings or the claimed human sensitivity to them, so the claim is effectively not checkable with public evidence.",openrouter/perplexity/sonar-pro,d595a020b777,2026-07-04T16:32:06
R_3soEnMYKXUopYVz,study3,Truth-Constrained,debunk,affirms,"The moon landing was faked to win the Cold War, indicated by the lack of stars in photos and the waving flag.",conspiracy_claim,0,95,false,"There is extensive independent evidence that the Apollo moon landings occurred, including retroreflectors left on the lunar surface, rocks with unique lunar composition, and corroborating tracking data from other countries, all contradicting the idea that the landings were faked to win the Cold War.[4][7][12] The specific alleged indicators cited—lack of visible stars and apparent flag movement—are well explained by camera exposure settings in bright lunar daylight and the use of a horizontal support rod plus motion from the astronauts in a vacuum with low gravity, not by studio fakery.[1][2][7][11][12][15]",openrouter/perplexity/sonar-pro,d595a020b777,2026-07-04T16:32:06
R_3symfhamrxCN2p3,study3,Truth-Constrained,debunk,affirms,"The Kennedy assassination was orchestrated by the mob, who subsequently eliminated Jack Ruby.",conspiracy_claim,25,60,mostly_false,"The claim that the Kennedy assassination was *orchestrated by the mob* is one of several prominent conspiracy theories, and while the House Select Committee on Assassinations (HSCA) in 1979 did conclude there was likely a conspiracy and that organized crime had the motive, means, and opportunity, it explicitly found that the national organized crime syndicate as a group was *not* involved and only allowed that individual members might have been.[2][6][13] Multiple official investigations, including the Warren Commission and HSCA, failed to establish a direct, evidentiary mob plot behind JFK’s murder or a firm organized‑crime role in Jack Ruby’s killing of Oswald, finding at most tenuous or speculative connections between Ruby and organized crime and no demonstrated mob order to eliminate Ruby himself.[4][6][11]",openrouter/perplexity/sonar-pro,d595a020b777,2026-07-04T16:32:06
R_3t3h85Ruh5jOqwF,study3,Truth-Constrained,debunk,affirms,Extraterrestrials were involved in the construction of the Egyptian pyramids.,conspiracy_claim,5,90,false,"Public evidence strongly supports the mainstream account that the Egyptian pyramids were built by ancient Egyptian laborers with tools and organization, not extraterrestrials. Archaeological and historical reporting explicitly describes the alien theory as a fringe claim and notes there is no physical evidence for ET involvement.",openrouter/perplexity/sonar-pro,d595a020b777,2026-07-04T16:32:06
R_3tv5rY1REJbzNOV,study3,Truth-Constrained,bunk,affirms,Trump has colluded with Russia in U.S. elections and is involved in accepting gifts and communicating with Putin.,conspiracy_claim,20,85,mostly_false,"Public investigations found that Russia interfered in the 2016 election, but the Mueller report and the Senate Intelligence Committee reported no evidence that Trump or his campaign conspired or knowingly coordinated with the Russian government. The added allegation that he was involved in accepting gifts and communicating with Putin is not established in the provided evidence and is not supported as stated.",openrouter/perplexity/sonar-pro,d595a020b777,2026-07-04T16:32:06
R_3u2Tr7WZpbZOK9b,study3,Truth-Constrained,debunk,affirms,There is active communication between heads of state and extraterrestrial beings.,conspiracy_claim,10,60,false,"The claim asserts ongoing, secret two-way communication between current heads of state and extraterrestrrestrial beings. While a few retired officials and fringe authors have alleged such contacts, these accounts are uncorroborated and are treated as extraordinary claims without supporting evidence by mainstream scientific and governmental investigations.[9][12] Recent Pentagon and U.S. government reviews of unidentified aerial phenomena explicitly report no verified evidence of alien technology or confirmed contact, and note that materials such as photographs or interviews with aliens ""simply do not exist"" in official records.[12][14] In light of decades of SETI/CETI work, extensive astronomical observation, and recent formal UAP inquiries finding no proof of established communication with extraterrestrials, the specific allegation of active conversations between heads of state and aliens is not supported by credible public evidence and is best assessed as false.[6][12]",openrouter/perplexity/sonar-pro,d595a020b777,2026-07-04T16:32:06
R_3uWodEnrWoaYyRX,study3,Truth-Constrained,bunk,affirms,The government prioritizes the interests of the rich over the general public and imposes lighter punishments on wealthy individuals.,no_claim,,,not_checkable,"The statement is a broad evaluative generalization about government priorities and judicial outcomes rather than a specific, empirically checkable claim about a particular covert coordination or policy; it does not assert a discrete conspiracy or clearly defined factual proposition that can be directly tested.",openrouter/perplexity/sonar-pro,d595a020b777,2026-07-04T16:32:06
R_3v68qE3kUL2sHcP,study3,Truth-Constrained,debunk,affirms,Diseases and viruses are spread by an organization trying to reduce the human population.,conspiracy_claim,0,100,false,"The statement alleges a secret coordinated effort to spread diseases and viruses to reduce the human population, but the provided evidence points instead to ordinary epidemiological and societal drivers of infectious disease spread, such as population density, urbanization, travel, and zoonotic spillover[1][5][10][15]. There is no public evidence in these sources of an organization secretly engineering or spreading diseases for depopulation.",openrouter/perplexity/sonar-pro,d595a020b777,2026-07-04T16:32:06
R_3vYrekqHEK8UiIP,study3,Truth-Constrained,debunk,affirms,"Area 51 is a secretive military base where undisclosed activities and operations are conducted, and the government should provide more transparency regarding its purpose and activities.",official_account,90,95,mostly_true,"Area 51 is a highly classified U.S. Air Force installation where activities and operations are conducted that are not disclosed to the public, and its official purpose and many details of its activities remain secret, consistent with the statement’s description of a secretive military base with undisclosed operations.[1][3][7][14][15] The normative component that the government should provide more transparency is an opinion rather than a factual claim, so the factual portion about secrecy and undisclosed activities is well supported by declassified histories and official descriptions, but the overall statement mixes fact with value judgment.",openrouter/perplexity/sonar-pro,d595a020b777,2026-07-04T16:32:06
R_3vYyvEEfMLelQ2k,study3,Truth-Constrained,debunk,affirms,The official story that Lee Harvey Oswald was solely responsible for the assassination of President Kennedy is inaccurate.,conspiracy_claim,50,70,mixed_or_unclear,"The official investigations by the Warren Commission, the FBI, and later reviews of newly released files conclude that Lee Harvey Oswald **was the lone gunman** and that there is **no solid evidence of accomplices or a wider conspiracy**.[1][2][10][13] However, the evidence has remained highly debated; the House Select Committee on Assassinations in 1979 suggested there *may* have been a conspiracy and possibly a second shot from another assassin, and a number of historians and investigators have raised substantive doubts about the lone‑gunman conclusion, so the claim that the official story is inaccurate is neither clearly proven nor clearly disproven.[4][8][3]",openrouter/perplexity/sonar-pro,d595a020b777,2026-07-04T16:32:06
R_3vZmjGzzFAUUelj,study3,Truth-Constrained,debunk,affirms,"Major technology companies are secretly collaborating to manipulate online information and social media, influencing public opinion and political choices to achieve their own interests.",conspiracy_claim,25,70,mostly_false,"There is strong evidence that major platforms individually shape information flows and public discourse through algorithms, moderation policies, and business incentives, and that they sometimes collaborate with governments or civil society on issues like disinformation or deepfakes.[5][7][13] Research also documents widespread manipulation of social media by governments, political parties, and private firms offering disinformation campaigns, often using these platforms as tools.[2][14] However, the specific claim that major technology companies are *secretly collaborating with one another* in a coordinated, covert scheme to manipulate online information and political choices for their own shared interests lacks credible public evidence: existing reports focus on platform power and bias, government influence campaigns, and disinformation-for-hire firms, not a hidden cartel of tech companies pursuing a unified conspiratorial agenda.[2][5][14] Given the absence of substantiated documentation of such secret cross-company collusion where evidence would likely surface, the broad conspiracy as stated is largely unsupported, even though non-secret, openly documented forms of influence and manipulation do exist.",openrouter/perplexity/sonar-pro,d595a020b777,2026-07-04T16:32:06
R_3w0FIvAufSFkXy7,study3,Truth-Constrained,debunk,unclear,"Money is transitioning to a fully digital form, eliminating the need for physical paper and coins.",official_account,25,85,mostly_false,"Expert and institutional analyses agree that money is rapidly becoming more digital, but they consistently describe a **mixed system** where digital forms grow alongside, not entirely replacing, physical cash.[1][8][12] Central bank discussions of CBDCs explicitly state that proposed digital currencies are intended to *complement cash, not replace it*, and foresee traditional digital and physical currencies co‑existing rather than the complete elimination of paper and coins.[1][12] While cash usage is declining in many countries and a few highly digitized economies approach cashless status, there is no broad evidence or official plan indicating that money as a whole is transitioning to a fully digital form that eliminates physical currency worldwide; physical cash remains in circulation and is explicitly protected or preserved in many jurisdictions.[1][8][12]",openrouter/perplexity/sonar-pro,d595a020b777,2026-07-04T16:32:06
R_3w1Tk1zG4FDtNe1,study3,Truth-Constrained,bunk,affirms,The government is involved in something shady regarding aliens on other planets.,conspiracy_claim,25,40,mostly_false,"The statement alleges unspecified ""shady"" government involvement with aliens on other planets, which implies a covert plot or cover‑up. Existing public evidence shows governments, especially the U.S., have conducted investigations into UFOs/UAP and searches for extraterrestrial life, but official reviews report no confirmed evidence of extraterrestrial technology, contact, or recovered alien craft, and explicitly deny that such evidence is being hidden from the public or Congress.[2][3][4][8][11] Because no credible, verifiable evidence supports a secret government role involving actual aliens on other planets, and multiple systematic reviews and official statements deny such involvement, the claim as stated is largely unsupported, though in principle it is not completely uncheckable given ongoing scientific and governmental scrutiny.",openrouter/perplexity/sonar-pro,d595a020b777,2026-07-04T16:32:06
R_3wOXgoHKAeDuTZL,study3,Truth-Constrained,debunk,affirms,"The 1969 moon landing was staged by the U.S. government, and the footage was filmed on Earth rather than in space.",conspiracy_claim,0,95,false,"Extensive independent evidence shows the Apollo 11 astronauts genuinely landed on the Moon in 1969, including 382 kg of lunar rocks verified as non‑terrestrial by laboratories worldwide, contemporaneous tracking by other nations (including Cold War rivals), and later high‑resolution images of the landing sites from non‑NASA spacecraft, all of which are inconsistent with a staged Earth‑filmed event.[1][4][8][10] Major scientific, historical, and media analyses have repeatedly examined and debunked the specific hoax allegations about lighting, shadows, flag motion, and photography, finding they are explained by known physics and lunar conditions, leaving no credible evidence that the landing or footage were staged on Earth.[3][7][11][12]",openrouter/perplexity/sonar-pro,d595a020b777,2026-07-04T16:32:06
R_3wPZpTpXM4iKLtv,study3,Truth-Constrained,debunk,affirms,The 1969 moon landing was staged by the U.S. government and filmed on a movie set to win the space race against the Soviet Union.,conspiracy_claim,0,95,false,"The claim that the 1969 Apollo 11 moon landing was staged on a movie set to win the space race is a well-known hoax narrative, but it is contradicted by extensive, independently verifiable evidence that astronauts did land on the Moon.[1][5][6] This evidence includes thousands of photographs and hours of video, detailed telemetry and audio records, retroreflectors still used for lunar laser ranging, and 382 kg of lunar rock independently analyzed and confirmed as non-terrestrial, all of which would require an implausibly vast, flawless, decades-long cover‑up if the landing had been staged.[5][6]",openrouter/perplexity/sonar-pro,d595a020b777,2026-07-04T16:32:06
R_3wmcGZVU5uAwRmd,study3,Truth-Constrained,bunk,affirms,There is a conspiracy hidden in the assassination of President Kennedy.,conspiracy_claim,50,70,mixed_or_unclear,"The official Warren Commission concluded that Lee Harvey Oswald acted alone and that there was no evidence of any conspiracy in the assassination of President Kennedy.[4][11] However, a later investigation by the U.S. House Select Committee on Assassinations in 1979 found, based largely on then-accepted acoustic evidence, that Kennedy was probably assassinated as a result of a conspiracy involving at least two gunmen.[2][4][5][12] Subsequent technical reviews, including by the National Academy of Sciences and the Justice Department, determined that the acoustic data did not reliably support the presence of a second gunman, and the Justice Department stated that no persuasive evidence could be identified to support a conspiracy theory.[4] Given that one major official body judged a conspiracy probable while later scientific reassessment and the original Warren Commission found no solid evidence for it, the existence of a hidden conspiracy remains unresolved: plausible enough that it cannot be ruled out, but not supported by clear, definitive public evidence.",openrouter/perplexity/sonar-pro,d595a020b777,2026-07-04T16:32:06
R_3wnmaOCeNk4OKe5,study3,Truth-Constrained,debunk,affirms,"A sasquatch has been seen in Washington State, and powerful organizations are hiding its existence.",conspiracy_claim,10,60,false,"There are many self-reported sasquatch/Bigfoot sightings in Washington State, with databases like the Bigfoot Field Researchers Organization listing hundreds of reports, but these are anecdotal and not accepted as definitive proof of the creature’s existence by mainstream science.[2][3][8][13] Scientific reviews note that after decades of claims there is still no solid physical evidence (such as verified specimens, DNA, or clear, non-faked images), and experts generally conclude that Bigfoot’s existence remains unproven.[13] The further claim that ""powerful organizations"" are actively hiding proof of sasquatch goes beyond available evidence: there is no documented, credible indication of a coordinated cover‑up by governments, corporations, or scientific bodies, so this part of the claim is unsupported and conflicts with what would be expected if such a conspiracy existed (e.g., leaked documents, whistleblowers, or investigative reporting).",openrouter/perplexity/sonar-pro,d595a020b777,2026-07-04T16:32:06
R_3x7yx5JqToPLJyF,study3,Truth-Constrained,bunk,affirms,"Lee Harvey Oswald was not solely responsible for the assassination of President Kennedy, as other sources indicate the involvement of the mafia.",conspiracy_claim,25,70,mostly_false,"Multiple official investigations, including the Warren Commission and later reviews by the FBI, Secret Service, and House Select Committee on Assassinations, have concluded that Lee Harvey Oswald was the assassin and that there is no evidence he worked with the Mafia or that organized crime directed the killing.[6][7][8] The HSCA did find a probable conspiracy and could not rule out possible involvement of individual organized crime figures, but explicitly stated there was insufficient evidence to support a finding that any Mafia member was involved, so claims of Mafia participation remain speculative and unsupported by concrete evidence.[5][12]",openrouter/perplexity/sonar-pro,d595a020b777,2026-07-04T16:32:06
R_50YXK3ZSKI2J82d,study3,Truth-Constrained,debunk,affirms,9/11 was an inside job.,conspiracy_claim,10,85,false,"Extensive investigations, including the 9/11 Commission and technical studies by NIST and independent structural engineers, conclude that the attacks were planned and carried out by al‑Qaeda hijackers and that the building collapses were caused by impact damage and fire, not pre‑planted explosives or a government‑run plot.[1][2][4][5][7] Multiple detailed reviews have found no credible evidence that the U.S. government (or other domestic actors) secretly orchestrated or staged the attacks, and alleged indicators such as controlled demolition, stand‑down orders, or insider trading have been specifically investigated and debunked.[2][5][7]",openrouter/perplexity/sonar-pro,d595a020b777,2026-07-04T16:32:06
R_50Zl9GfeNIQ96Bn,study3,Truth-Constrained,debunk,affirms,The U.S. government intentionally suppressed Nikola Tesla's free energy technology to protect corporate energy interests.,conspiracy_claim,10,90,false,"Public sources consistently describe Tesla’s work as wireless power transmission and note that his Wardenclyffe project was not made commercially viable, not a proven “free energy” technology.[8][9][15] The claim that the U.S. government intentionally suppressed such technology to protect corporate energy interests is unsupported; available evidence instead points to financing, technical, and wartime security issues, with later release of many papers.[8][12]",openrouter/perplexity/sonar-pro,d595a020b777,2026-07-04T16:32:06
R_50dWGUG5G7JVXz3,study3,Truth-Constrained,debunk,unclear,Earth is not the only planet that has life.,official_account,0,95,false,"As stated, the claim asserts that life definitively exists on at least one other planet besides Earth. Current scientific consensus is that **Earth is the only planet on which life is confirmed to exist**; all other indications, such as possible biosignatures on exoplanet K2-18b, are explicitly described by NASA and other agencies as tentative and not conclusive evidence of life.[12][14][15] Therefore, the claim goes beyond the available evidence and is false as stated, even though many scientists consider extraterrestrial life plausible in principle.[7][14]",openrouter/perplexity/sonar-pro,d595a020b777,2026-07-04T16:32:06
R_50y1AGO4YwPixyN,study3,Truth-Constrained,bunk,affirms,"The assassination of JFK by Lee Harvey Oswald was actually a plot orchestrated by the CIA, which disliked JFK's politics and orchestrated the event to remove him from power.",conspiracy_claim,25,80,mostly_false,"The claim that the CIA orchestrated JFK’s assassination because it disliked his politics is a classic conspiracy allegation, but multiple official investigations have found no evidence that the CIA planned or directed the killing. The Warren Commission concluded in 1964 that Lee Harvey Oswald acted alone and that there was no evidence he was a CIA agent or that the Agency was involved in the assassination[4][11]. A later review by the Church Committee likewise reported no evidence of a CIA‑led conspiracy[11]. The House Select Committee on Assassinations in 1979 did find that Kennedy was probably assassinated as a result of a conspiracy and that a second gunman may have fired, but it explicitly stated it found insufficient evidence that the CIA was involved and concluded the CIA was not part of the conspiracy[11][12]. Large releases of previously classified CIA and assassination-related files since then have not produced direct evidence that the CIA orchestrated the assassination or used Oswald as a hit man, and independent reviews note there is still no “smoking gun” tying the Agency to a plot[3][5][9]. While some scholars and writers argue circumstantially that Oswald may have had intelligence connections and speculate about CIA involvement, these interpretations remain unproven and are contradicted by the official evidentiary record[4][6][9]. Consequently, the specific assertion that the CIA orchestrated Oswald’s attack on JFK to remove him from power is largely unsupported by available evidence, even though it is in principle empirically checkable through documents, testimony, and forensic reconstruction.",openrouter/perplexity/sonar-pro,d595a020b777,2026-07-04T16:32:06
R_510erddhmy6sThL,study3,Truth-Constrained,bunk,affirms,"The US government shelters aliens and cooperates with them, with Area 51 storing extraterrestrial debris and entities in an underground laboratory.",conspiracy_claim,5,40,false,"The claim asserts that the US government actively shelters and cooperates with extraterrestrial beings, and that **Area 51** stores alien debris and entities in an underground laboratory. Area 51 is a highly classified US Air Force installation used for testing advanced aircraft and weapons, and declassified CIA and Air Force records indicate its secrecy is for national security and aerospace development, not alien collaboration.[1][2][7][12][14] Numerous popular accounts (e.g., Roswell debris, Bob Lazar’s stories, underground alien labs) are reported as conspiracy theories and myths, and major outlets and reference works explicitly state that there is *no evidence* of extraterrestrial contact or alien storage at Area 51 or elsewhere.[1][6][7][14] Because the alleged cooperation with aliens and underground alien labs are based solely on anecdotal and conspiratorial claims without corroborating physical, documentary, or independent scientific evidence where such evidence would be expected, the specific statement as phrased is best judged clearly false, though direct empirical falsification is limited by the base’s classified status.",openrouter/perplexity/sonar-pro,d595a020b777,2026-07-04T16:32:06
R_514x3nS4zSJ2K0p,study3,Truth-Constrained,bunk,affirms,"The government is concealing evidence regarding the 9/11 Pentagon attack, potentially involving a missile strike instead of a commercial airliner.",conspiracy_claim,10,95,false,"The claim alleges a concealed government cover-up and suggests a missile strike instead of a commercial airliner. Publicly available evidence identifies American Airlines Flight 77 as the aircraft that hit the Pentagon, including the Navy’s historical account, the 9/11 Commission material, released Pentagon footage, eyewitness testimony, and physical debris from the plane at the scene. The specific allegation of a missile strike is unsupported by the evidence and is contradicted by the documented record.",openrouter/perplexity/sonar-pro,d595a020b777,2026-07-04T16:32:06
R_51H1mCs3hOZ6OYH,study3,Truth-Constrained,debunk,affirms,The moon landing was faked.,conspiracy_claim,0,95,false,"The claim that the moon landing was faked is a classic conspiracy allegation asserting a large-scale hoax by NASA and the U.S. government.[3][10][12] Multiple independent lines of evidence confirm that Apollo astronauts did land on the Moon: hundreds of kilograms of lunar rock independently analyzed worldwide, thousands of photos and hours of video, detailed mission telemetry and transcripts, and high‑resolution images of Apollo landing sites and equipment from later spacecraft from the U.S., China, India, and Japan.[3][11] No credible evidence has ever emerged of a fabrication despite involvement of roughly 400,000 people, and all technical objections raised by hoax proponents have been scientifically rebutted.[1][2][4][6][11][12]",openrouter/perplexity/sonar-pro,d595a020b777,2026-07-04T16:32:06
R_51iyn7CqSPAkDDD,study3,Truth-Constrained,bunk,affirms,Certain organizations were involved in the assassination of JFK in Dallas.,conspiracy_claim,25,80,mostly_false,"The statement asserts that unspecified ""organizations"" were involved in carrying out the JFK assassination, implying an organized conspiracy behind the killing. Multiple official investigations, including the Warren Commission and the House Select Committee on Assassinations, found no evidence that major organizations such as the CIA, FBI, Secret Service, organized crime syndicates, Cuba, or the Soviet Union were involved in the assassination, although the HSCA did conclude there was probably some form of conspiracy without identifying any organizational perpetrators.[1][2][9][11][12][15] Decades of subsequent research and large-scale declassification of government records have not produced robust evidence tying any specific organization to planning or executing the assassination, so the broad claim that ""certain organizations"" were involved is largely unsupported, even though a limited conspiracy involving unidentified individuals cannot be entirely ruled out.",openrouter/perplexity/sonar-pro,d595a020b777,2026-07-04T16:32:06
R_51tuLuJ7vSFTLfm,study3,Truth-Constrained,bunk,affirms,John F. Kennedy was not killed by Lee Harvey Oswald but was assassinated by the government.,conspiracy_claim,25,80,mostly_false,"Official investigations, including the Warren Commission and multiple subsequent reviews, have consistently concluded that Lee Harvey Oswald shot and killed President Kennedy and acted alone, finding no evidence that the U.S. government as an institution carried out the assassination.[3][4][6][10][14] The House Select Committee on Assassinations did judge in 1979 that Kennedy was ""probably"" killed as a result of a conspiracy, but it neither identified the government as the perpetrator nor produced decisive evidence of a government-directed plot, and later technical reviews undermined the acoustic basis for its second-gunman finding.[2][3][4][5]",openrouter/perplexity/sonar-pro,d595a020b777,2026-07-04T16:32:06
R_51uxk7QBMrMboMl,study3,Truth-Constrained,bunk,affirms,The United States is aware that there is already a settlement on Mars.,conspiracy_claim,0,95,false,"There is no public evidence of any human settlement currently existing on Mars; all credible sources describe Mars colonization and settlements as future or proposed projects, with no humans yet having set foot on Mars.[1][6][13] The claim that the United States is aware of an already-existing settlement therefore contradicts well-documented spaceflight history and would require large-scale, implausible secrecy across multiple space agencies and independent observers.",openrouter/perplexity/sonar-pro,d595a020b777,2026-07-04T16:32:06
R_523GU6uMvrzjvBD,study3,Truth-Constrained,bunk,affirms,The internet is predominantly populated by AI-generated content with government involvement in its creation and dissemination.,conspiracy_claim,10,60,false,"This is a version of the dead internet theory, which asserts that most online content is generated by AI/bots as part of a coordinated effort by governments and other actors to control discourse and perception.[1][3][4][11][14] While bots, algorithmic amplification, corporate influence, and documented government information operations do exist, there is no credible evidence that the internet is predominantly populated by AI-generated content under overarching government control; mainstream analyses explicitly classify the dead internet theory’s strong form as a speculative conspiracy lacking verifiable proof.[1][10][11][14]",openrouter/perplexity/sonar-pro,d595a020b777,2026-07-04T16:32:06
R_526uN1hoMXovzk5,study3,Truth-Constrained,bunk,affirms,"Aliens have been to Earth, and the government is hiding the evidence and denying it.",conspiracy_claim,10,40,false,"The claim asserts both that aliens have visited Earth and that governments are actively hiding and denying evidence of this. Extensive investigations by the Pentagon’s All-Domain Anomaly Resolution Office and other official reviews report *no evidence* that any UAP/UFO represents extraterrestrial technology and explicitly reject allegations of secret crash-retrieval or reverse‑engineering programs.[3][6][9][15] The mainstream scientific community similarly finds no credible physical evidence of alien visitation or of a government cover‑up, and treats such narratives as unsubstantiated.[5][8][11][15] While some individuals and media sources allege cover‑ups, these remain anecdotal and uncorroborated; in domains where hard evidence (artifacts, leaked documents, verifiable programs) would be expected, none has been produced, so the claim as stated is contrary to the best available evidence.",openrouter/perplexity/sonar-pro,d595a020b777,2026-07-04T16:32:06
R_52MqKPkfWc27905,study3,Truth-Constrained,bunk,affirms,"The assassination of JFK involved suspicious circumstances, including the rapid killing of Lee Harvey Oswald and the government's secretive behavior.",conspiracy_claim,50,70,mixed_or_unclear,"The statement bundles two ideas: that there were ""suspicious circumstances"" around the assassination, and that the government behaved ""secretively"" in a way suggestive of a covert plot or cover‑up. The **rapid killing of Lee Harvey Oswald by Jack Ruby** on live television is an undisputed historical fact, and is widely regarded, even in mainstream accounts, as highly unusual and a major factor fueling suspicion about the case.[15][12] The Warren Commission and later official investigations concluded that both Oswald and Ruby acted alone and found no evidence that either was part of a broader conspiracy.[12][1][14] However, the 1979 House Select Committee on Assassinations concluded Kennedy was ""probably assassinated as a result of a conspiracy"" and that there was a high probability two gunmen fired at the president, though it could not identify other conspirators.[7][9][5] Large releases of previously classified documents over decades show that U.S. agencies did withhold and delay some information, but this is consistent with routine secrecy around intelligence operations rather than clear evidence of a specific assassination cover‑up. Overall, the claim that the circumstances are suspicious is partly supported by the unusual sequence of events and longstanding unresolved questions, but the stronger implication of deliberate, coordinated government secrecy to hide the truth of the assassination is not supported by definitive public evidence; available investigations and document releases leave the existence of a broader conspiracy uncertain rather than clearly proven or disproven.",openrouter/perplexity/sonar-pro,d595a020b777,2026-07-04T16:32:06
R_52mZO3NmvGYrWlb,study3,Truth-Constrained,debunk,affirms,"Information about the events of 9/11, including records and audio recordings, has been kept hidden from the public.",conspiracy_claim,25,80,mostly_false,"Large volumes of information about 9/11, including FAA records, 9/11 Commission materials, NORAD audio, oral histories, and some emergency call records, have been released and are publicly accessible through the National Archives, government sources, and media outlets.[2][3][5][8][11] Some specific categories of records and audio—such as portions of 911 calls, cockpit voice recorder audio, and certain interview materials—are restricted or redacted under privacy, safety, and classification laws, but these limitations are general legal rules rather than evidence of a broad, secret effort to hide 9/11 information from the public.[1][3][4][7][9][10]",openrouter/perplexity/sonar-pro,d595a020b777,2026-07-04T16:32:06
R_52nUtP4SKZTUNQq,study3,Truth-Constrained,bunk,affirms,"The government has had contact with extraterrestrials and is keeping it hidden from the public, using the technology and information obtained from them to advance rapidly.",conspiracy_claim,20,90,mostly_false,"Publicly available statements from the White House and Pentagon say the U.S. government has no evidence of contact with extraterrestrials and no credible evidence that such information is being hidden or that alien technology has been reverse-engineered.[1][2][10] While some officials and commentators have made extraordinary contact claims, those claims have not been substantiated by verifiable evidence in the public record.[2][10][11]",openrouter/perplexity/sonar-pro,d595a020b777,2026-07-04T16:32:06
R_52xaKU5HGJWLwOs,study3,Truth-Constrained,debunk,affirms,"Antarctica is a place where the government is hiding advanced technology and monsters, with explorers sometimes capturing strange images of unknown animals after passing a restricted zone.",conspiracy_claim,0,85,false,"The claim alleges that governments are secretly hiding advanced technology and monsters in Antarctica and that explorers capture images of unknown animals beyond restricted zones. Antarctica is governed by the Antarctic Treaty System, which mandates that the continent be used for peaceful purposes and allows any treaty party to inspect facilities, ships, aircraft, and equipment anywhere on the continent, creating strong transparency and making large-scale secret military or exotic installations difficult to conceal.[7] Scientific and logistical operations by many nations are openly documented, including the technologies they deploy, which are described as standard scientific and dual-use systems rather than hidden advanced weapons or monster-related facilities.[7][12][15] Conspiracy narratives about alien artifacts, Nazi bases, monsters, and secret weapons in Antarctica come from whistleblower stories, speculative blogs, and fringe media that lack corroborating evidence and are explicitly identified as myths or conspiracies, with no verifiable data supporting monsters or non-human unknown animals beyond normal wildlife such as seals, penguins, and birds.[6][4][13] No credible scientific or governmental source reports monsters or unknown animal species tied to restricted zones, and alleged strange images are typically explained by misidentification, hoaxes, or AI-generated or edited media.[6][13] Given robust international inspection regimes, extensive scientific presence, and absence of credible evidence, the specific allegation of hidden advanced technology plus monsters kept secret by governments is clearly unsupported and contradicts the best available evidence.",openrouter/perplexity/sonar-pro,d595a020b777,2026-07-04T16:32:06
R_53nVMEH6H9hfnJn,study3,Truth-Constrained,bunk,affirms,The government is hiding cures to cancer.,conspiracy_claim,10,70,false,"The claim asserts a coordinated government conspiracy to hide existing cures for cancer. Major cancer research organizations, medical charities, regulatory agencies, and science communicators consistently report that there is **no hidden or suppressed cure for cancer**, and that no single universal cure currently exists.[1][2][7][9][11][12][13] Cancer comprises many different diseases requiring varied treatments, and there is no credible evidence of a government-led effort to conceal proven cures; instead, extensive open research, clinical trials, and approvals of new therapies are publicly documented.[2][6][7][12]",openrouter/perplexity/sonar-pro,d595a020b777,2026-07-04T16:32:06
R_546pLbIwoAr00Ot,study3,Truth-Constrained,bunk,unclear,"We are closer to a cure for cancer than the general public is aware of, with significant strides having been made in cancer treatment technology.",no_claim,,,not_checkable,"The statement does not allege secret coordination, suppression, or a cover‑up; it expresses a subjective belief that progress toward a cancer cure is greater than laypeople realize, without asserting that information is being deliberately hidden or that an official narrative is false. As such, it is too vague and attitudinal to fact‑check as a specific claim about covert action or an official account.",openrouter/perplexity/sonar-pro,d595a020b777,2026-07-04T16:32:06
R_54tQ5U0yPtQ9kv3,study3,Truth-Constrained,debunk,affirms,The government and powerful groups are deliberately keeping us from the fact that the Earth is flat.,conspiracy_claim,0,95,false,"The claim has two parts: that the Earth is flat and that governments and powerful groups are deliberately hiding this fact. Extensive, independent scientific, navigational, and observational evidence over more than two millennia shows the Earth is a roughly spherical body, including satellite imagery from multiple space agencies, circumnavigation, and astronomical observations, all of which are inconsistent with a flat Earth.[3][11][15] The flat‑Earth conspiracy narrative of coordinated global deception by governments and elites lacks any credible evidence and would require an implausibly vast, flawless cover‑up across countries, institutions, and private actors, which is unsupported by documented reality.[1][6][11][15]",openrouter/perplexity/sonar-pro,d595a020b777,2026-07-04T16:32:06
R_54wp9ZSuGt6A3I0,study3,Truth-Constrained,bunk,affirms,COVID-19 was used to bring in a new world order by demonstrating how easily the entire world can be controlled.,conspiracy_claim,10,60,false,"The statement asserts that COVID-19 was deliberately *used* to bring in a coordinated ""new world order"" by demonstrating global controllability, which matches well-documented New World Order and Great Reset conspiracy narratives claiming a global elite orchestrated or exploited the pandemic to impose one-world rule and totalitarian control.[1][3][5][11][14] Investigations into such claims, including specific allegations that bodies like the World Economic Forum treated COVID-19 as a test of public obedience to a new world order, have found no supporting evidence and traced them to fabricated or unreliable sources.[1][4][9] While governments and international organizations did coordinate public health and economic responses, there is no credible empirical evidence of a secret, unified plan to use COVID-19 to establish a new world order or to demonstrate total global control, and extensive journalism, academic work, and open documentation of pandemic policy show decentralized, often conflicting decision-making instead of a covert centralized plot.[1][3][5][12]",openrouter/perplexity/sonar-pro,d595a020b777,2026-07-04T16:32:06
R_55MMZu4UhafLzHz,study3,Truth-Constrained,bunk,affirms,AI will replace all human jobs and interactions.,conspiracy_claim,0,95,false,"The statement asserts that AI will replace *all* human jobs and interactions, but major analyses say AI is more likely to reshape jobs than eliminate them entirely, with full substitution expected to be slower and limited to a minority of roles in the near to medium term.[1][4][9][14] Public evidence also directly disputes the idea that AI can fully replace the majority of workers or all human interaction, making the claim false as stated.[6][7][11][13]",openrouter/perplexity/sonar-pro,d595a020b777,2026-07-04T16:32:06
R_55VNdA2RbLqoInf,study3,Truth-Constrained,debunk,affirms,Aliens are living at the bottom of the ocean.,conspiracy_claim,5,40,false,"The statement asserts that extraterrestrial aliens are currently living at the bottom of Earth’s oceans. While scientists have discovered many extreme and ""alien-like"" deep‑sea organisms and ecosystems, all confirmed life there is terrestrial biology—microbes, invertebrates, and fish adapted to high pressure and darkness, not non‑human extraterrestrials.[1][5][8][12][13] Reports and media speculation about underwater UFOs or possible alien bases are explicitly described as hypotheses or speculation and are not supported by concrete evidence of alien beings residing on the seafloor.[11][14][15] No credible scientific or governmental source has produced verifiable evidence of extraterrestrial aliens living at the bottom of the ocean, so as stated, the claim is clearly unsupported and best judged false, though fully ruling out the possibility in principle is difficult, which slightly lowers checkability.",openrouter/perplexity/sonar-pro,d595a020b777,2026-07-04T16:32:06
R_55uV9rkDfjJNA8I,study3,Truth-Constrained,bunk,affirms,There are cartels collaborating with the government to ensure the continued flow of illegal contraband across the border without facing justice.,conspiracy_claim,25,70,mostly_false,"There is substantial documented evidence that major Mexican cartels have corrupted and collaborated with specific government officials and local agencies through bribery and protection arrangements, including to facilitate smuggling across the U.S.–Mexico border.[5][10][14] However, the statement alleges broad, ongoing collaboration with ""the government"" as a whole to ensure continued illegal contraband flows and impunity, which overstates the evidence; both U.S. and Mexican federal authorities are extensively engaged in combating cartels and border smuggling, not in systematically collaborating with them.[1][3][6][12][15] The claim that cartels and the government in general are collaboratively ensuring continued illegal flows without justice is therefore largely unsupported, even though corruption and localized collusion with some officials are real and well-documented.",openrouter/perplexity/sonar-pro,d595a020b777,2026-07-04T16:32:06
R_56i06QdbfzuGHsG,study3,Truth-Constrained,debunk,affirms,"The government is concealing information about the existence of extraterrestrial life, including evidence of alien spacecraft and beings at sites like Area 51, to prevent mass hysteria and maintain power.",conspiracy_claim,15,90,mostly_false,"Publicly available evidence supports that Area 51 was used for classified military and spy-plane work, not for hiding alien spacecraft or beings, and major sources note there is no evidence of extraterrestrial contact there. Claims that the government concealed aliens to prevent mass hysteria and maintain power remain unsupported by public evidence and are treated as conspiracy theories.",openrouter/perplexity/sonar-pro,d595a020b777,2026-07-04T16:32:06
R_56sThPGSjRRmrXr,study3,Truth-Constrained,debunk,affirms,Major pharmaceutical companies and government agencies have suppressed natural or alternative cures for serious diseases like cancer to maintain profits from long-term treatments.,conspiracy_claim,20,70,mostly_false,"The statement asserts a broad, coordinated suppression of proven natural or alternative cures for major diseases like cancer by both pharmaceutical companies and government agencies to protect profits. Extensive reviews of the ""hidden cure"" or ""suppressed cure"" claims for cancer find no reliable evidence that a single or multiple proven, broadly effective cures exist and are being systematically hidden by a conspiracy of industry and regulators[3][10][8]. Cancer consists of many different diseases, and while some treatments and even cures exist for specific cancers, there is no documented case where a definitively effective cure for a major disease was discovered, then deliberately shelved and kept secret by corporate and government actors[3][10][13]. Alternative and ""natural"" cancer treatments that proponents claim are suppressed (e.g., laetrile/amygdalin, various vitamin or CBD protocols) have repeatedly failed to show efficacy in controlled studies, and in some cases have been found ineffective or harmful[2][7][3]. Evidence does show that profit incentives influence which drugs are developed, priced, and prioritized, and that unpatentable or low-profit compounds may receive less investment[12][13][14], but this is meaningfully different from the existence of proven cures that are actively suppressed through covert collusion. Because the claim concerns large-scale secret coordination and intentional suppression, and no verifiable examples support it despite decades of scrutiny, the specific conspiracy allegation is mostly false, though aspects about distorted incentives are partially grounded in evidence[13].",openrouter/perplexity/sonar-pro,d595a020b777,2026-07-04T16:32:06
R_57R9RPlPtnq104x,study3,Truth-Constrained,debunk,affirms,Viruses are secretly planted in our population.,conspiracy_claim,10,60,false,"The claim asserts that viruses in human populations are primarily or systematically introduced through secret planting by some actor. Extensive virology and epidemiology research shows viruses emerge and spread through natural evolutionary processes, zoonotic spillover, environmental reservoirs, and routine person‑to‑person transmission, not through covert intentional seeding of the general population[6][13]. While there have been rare, well‑documented cases of deliberate release of biological agents (e.g., anthrax in 2001)[7], these are isolated bioterror incidents, not evidence that viruses in general are secretly planted in the population as an ongoing hidden program.",openrouter/perplexity/sonar-pro,d595a020b777,2026-07-04T16:32:06
R_57URYiH9yv1oaGN,study3,Truth-Constrained,bunk,affirms,The Apollo missions were filmed in a studio.,conspiracy_claim,0,100,false,"The statement alleges a covert studio filming of the Apollo missions, which is directly contradicted by the official Apollo record and by technical analyses of the transmission format: the Apollo 11 television footage was recorded with a special 10 fps slow-scan TV camera, not standard studio film, and film experts have argued the footage could not have been faked in the way claimed.[2][7][14] The opposing sources provided are conspiracy websites and repeat the allegation rather than supply credible evidence of a studio production.[1][5][13]",openrouter/perplexity/sonar-pro,d595a020b777,2026-07-04T16:32:06
R_57l11z5KT0MRsrS,study3,Truth-Constrained,debunk,affirms,Russian cosmonauts encountered giant angelic-looking aliens aboard the Mir space station.,conspiracy_claim,0,95,false,"The claim asserts a secret/extraordinary encounter with giant angelic-looking aliens aboard Mir, but the available evidence traces this to UFO/ancient-astronaut stories and entertainment retellings rather than verified cosmonaut testimony. Publicly documented Mir-era astronaut reports concern unusual lights or objects, not confirmed giant angelic aliens, and the specific claim lacks credible corroboration.",openrouter/perplexity/sonar-pro,d595a020b777,2026-07-04T16:32:06
R_58GHumizcxRUYiR,study3,Truth-Constrained,bunk,affirms,The government is hiding evidence of extraterrestrial contact from the public.,conspiracy_claim,25,60,mostly_false,"The claim asserts an active government cover-up of evidence of extraterrestrial contact. Multiple official investigations and reports, including the U.S. Department of Defense All-domain Anomaly Resolution Office (AARO) and Pentagon statements, report **no evidence** that the U.S. government possesses or is concealing extraterrestrial technology, materials, or confirmed alien visits.[3][6][7][11] While some whistleblowers (e.g., David Grusch) allege secret programs and hidden evidence, these allegations so far lack verifiable, publicly available corroboration and have been explicitly denied by the Pentagon.[2][8][15] Given decades of investigation with no substantiated proof of extraterrestrial contact or a confirmed cover-up, the claim is largely unsupported by available evidence, though not strictly impossible in principle, which keeps it above 0 rather than clearly false.",openrouter/perplexity/sonar-pro,d595a020b777,2026-07-04T16:32:06
R_58Pn7k5c6xldWi5,study3,Truth-Constrained,bunk,affirms,"The drug industry collaborates with other industries, such as food production and chemical production, to create and profit from specific diseases, syndromes, and illnesses.",conspiracy_claim,20,55,mostly_false,"There is abundant evidence of **commercial collaboration** between pharmaceutical companies and other sectors such as food and chemicals (e.g., in nutraceuticals, medical foods, and shared supply chains), but these collaborations are aimed at developing and marketing products, not at deliberately *creating specific diseases* to profit from them.[1][9][10][15] Major causes of chronic disease are well documented—diet, tobacco, inactivity, environmental exposures—but no credible empirical evidence shows coordinated, secret cross‑industry efforts to intentionally manufacture syndromes or illnesses; instead, what is documented is that industries often lobby, market, and resist regulation in ways that exacerbate existing health problems rather than covertly inventing new diseases.[11][14]",openrouter/perplexity/sonar-pro,d595a020b777,2026-07-04T16:32:06
R_58jWu8mQvkQWuPf,study3,Truth-Constrained,debunk,affirms,COVID-19 was intentionally created and released for population control.,conspiracy_claim,5,70,false,"The claim asserts that COVID-19 was intentionally created and released as a tool for population control, which combines two checkable components: deliberate creation as a bioweapon and an intent to reduce or control population. Multiple genomic analyses indicate SARS-CoV-2 does not show signatures of being a laboratory construct or purposefully manipulated virus, supporting a natural or non–bioweapon origin.[10][4] The U.S. Intelligence Community’s declassified assessment explicitly judges that the virus was not developed as a biological weapon.[8] Fact-checking organizations and scientific reviews find no credible evidence that any government or group engineered or released the virus to reduce the global population, and describe the population-control narrative as a baseless conspiracy theory.[10][7][5][4] While some uncertainty remains about the precise origin (e.g., natural spillover vs. accidental lab leak), there is no substantiated evidence for a coordinated, intentional creation and release for population control, making the specific conspiracy claim clearly false despite being in principle empirically checkable through documents, genetic data, and investigative records.",openrouter/perplexity/sonar-pro,d595a020b777,2026-07-04T16:32:06
R_593r6OjVIFx0dVv,study3,Truth-Constrained,bunk,affirms,"Covid was invented by the Chinese to create mass destruction, and major governments covered it up.",conspiracy_claim,10,70,false,"The statement claims both that SARS-CoV-2 was deliberately invented by the Chinese to cause mass destruction and that major governments covered this up. Multiple scientific reviews and WHO-associated panels find no evidence that the virus was deliberately engineered or used as a bioweapon; genomic analyses show patterns consistent with natural evolution and zoonotic spillover, and explicitly rule out deliberate genetic manipulation.[1][3][7][12] While some agencies and politicians have argued for a lab-related origin, even these claims do not present evidence of intentional creation for mass destruction or a coordinated multinational cover-up, and available international investigations describe biological warfare allegations as groundless.[2][6][12][14]",openrouter/perplexity/sonar-pro,d595a020b777,2026-07-04T16:32:06
R_597YEUo65VX7oLT,study3,Truth-Constrained,debunk,affirms,Humans have made contact with aliens.,conspiracy_claim,25,70,mostly_false,"The statement asserts that humans have already made contact with extraterrestrial beings in reality. While some politicians and self-described contactees claim such contact has occurred, these claims rely on anecdotal or unnamed sources and lack independently verifiable evidence.[6][11][15] Mainstream scientific and governmental assessments, including SETI and official U.S. government reviews of UAPs, consistently report no confirmed evidence of contact with extraterrestrial intelligence.[8][13]",openrouter/perplexity/sonar-pro,d595a020b777,2026-07-04T16:32:06
R_59husIS8wnSPgBX,study3,Truth-Constrained,bunk,affirms,The US Government spread propaganda claiming that the Covid vaccine was dangerous to limit the money being made by China.,conspiracy_claim,60,80,mixed_or_unclear,"Reuters and multiple follow‑up reports document that the U.S. Department of Defense ran a **secret anti‑vaccine disinformation campaign** during 2020–2021 using fake social media accounts to portray China’s Sinovac COVID‑19 vaccine and other Chinese health supplies as unsafe or ineffective, with the stated aim of undermining China’s influence and ""drag[ging] China through the mud.""[1][3][4][5][8][12] This confirms covert propaganda about Chinese vaccines being dangerous for geopolitical and economic reasons. However, the participant’s statement broadens this to the entire ""US Government"" and to COVID vaccines generally; available evidence specifically implicates Pentagon information operations targeting *Chinese* products abroad, not a publicly acknowledged, government‑wide effort to claim that COVID vaccines in general were dangerous to limit China’s profits, so the claim is partly supported but overstated.",openrouter/perplexity/sonar-pro,d595a020b777,2026-07-04T16:32:06
R_59nYwuPoGbNMx9o,study3,Truth-Constrained,debunk,affirms,We are descendants of extraterrestrial visitors who came to Earth in spaceships and helped ancient civilizations construct monumental buildings.,conspiracy_claim,10,60,false,"The claim that humans are descendants of extraterrestrial visitors who arrived in spaceships and helped ancient civilizations construct monumental buildings is a version of the ""ancient astronaut"" theory, which is widely categorized by scholars as pseudoscience rather than supported history or science.[2][7] Archaeology, anthropology, and genetics consistently show that known ancient monuments (e.g., pyramids, Nazca lines, Stonehenge) were designed and built by human societies using technologies appropriate to their eras, with no credible physical, textual, or genetic evidence of alien builders or human descent from extraterrestrials.[1][7]",openrouter/perplexity/sonar-pro,d595a020b777,2026-07-04T16:32:06
R_5BKEYEx5r8m67sZ,study3,Truth-Constrained,debunk,affirms,"Jeffrey Epstein did not kill himself; rather, he was associated with the deep state and possibly a foreign power like Israel and Mossad, using blackmail to gather information on important individuals, and revealing this would harm the government.",conspiracy_claim,25,70,mostly_false,"Official investigations by the New York City medical examiner, the FBI, and the U.S. Department of Justice inspector general all concluded that Epstein died by suicide by hanging and found no evidence of homicide or outside involvement in his death.[4][12][5][13] While there is substantial documentation of Epstein’s sex trafficking network and his connections to powerful individuals, there is no public evidence that he was working for a ""deep state"" or for a foreign intelligence service such as Mossad, nor that he ran a coordinated blackmail operation on behalf of a government whose exposure would ""harm the government""; these elements remain speculative conspiracy theory without supporting empirical documentation.[1][2][14][3]",openrouter/perplexity/sonar-pro,d595a020b777,2026-07-04T16:32:06
R_5BnWBBaoLYsretH,study3,Truth-Constrained,bunk,affirms,Jeffrey Epstein did not kill himself.,official_account,75,100,mostly_true,"The statement matches the officially concluded account that Epstein died by suicide, as determined by the New York City medical examiner and later supported by DOJ/FBI investigations finding no evidence of foul play.[1][6][9][12] However, the surrounding custodial failures and ongoing public skepticism mean the broader social controversy is not entirely settled, even though the specific claim that he did not kill himself is contrary to the official findings.[11][12]",openrouter/perplexity/sonar-pro,d595a020b777,2026-07-04T16:32:06
R_5BrSreK7Ryzv9YJ,study3,Truth-Constrained,bunk,affirms,The president in the mid-1800s conspired with ex-Confederates to undo the abolition of slavery.,conspiracy_claim,25,80,mostly_false,"The mid‑1860s president relevant to abolition and ex‑Confederates is Andrew Johnson, who did pursue extremely lenient Reconstruction policies, issued broad amnesties, and opposed strong protections for freedpeople, actions that many Radical Republicans condemned as helping former Confederates regain power.[7][8][11][15] However, slavery had been permanently abolished nationwide by the Thirteenth Amendment in 1865, and there is no credible historical evidence of a secret conspiracy between Johnson and ex‑Confederates to undo that constitutional abolition; instead, historians describe open policy choices that preserved white supremacy but did not and could not reinstate slavery.[2][5][7][10]",openrouter/perplexity/sonar-pro,d595a020b777,2026-07-04T16:32:06
R_5C2cSmzgDK3gTTf,study3,Truth-Constrained,bunk,affirms,The JFK assassination was planned and carried out with the help of the government and the assassin.,conspiracy_claim,25,85,mostly_false,"The claim asserts that the JFK assassination was planned and carried out with the help of the U.S. government, implying direct governmental involvement in organizing or executing the killing. Multiple official investigations, including the Warren Commission and the House Select Committee on Assassinations (HSCA), found no evidence that U.S. government agencies such as the Secret Service, FBI, or CIA were involved in the assassination.[4][10][15] The HSCA did conclude that Kennedy was probably assassinated as a result of a conspiracy and that there was likely a second gunman, but it explicitly ruled out involvement by U.S. security or intelligence agencies and other governments.[2][9][10] Decades of subsequent research and newly released files have not produced credible evidence of government operational participation in planning or carrying out the shooting, even though conspiracy theories alleging such involvement remain popular.[1][3][5][6][12] Because the core allegation of direct governmental help in planning and executing the assassination is not supported by available evidence and is contradicted by official inquiries, the claim is best characterized as mostly false, though it is empirically checkable via extensive historical records and investigations.",openrouter/perplexity/sonar-pro,d595a020b777,2026-07-04T16:32:06
R_5CJB925T9RQGzTg,study3,Truth-Constrained,bunk,affirms,Some people are deliberately held back while those who are selfish and only help themselves are not restricted.,no_claim,,,not_checkable,"The statement is a broad, subjective social perception about unfair restriction of some people compared to selfish others, without specifying any concrete actors, mechanism, event, or context that could be empirically checked; it functions more as a general grievance than a testable factual claim.",openrouter/perplexity/sonar-pro,d595a020b777,2026-07-04T16:32:06
R_5CKqnlCqdhASET1,study3,Truth-Constrained,debunk,affirms,Aliens exist somewhere on Earth.,official_account,0,80,false,"The claim asserts that extraterrestrial aliens currently exist somewhere on Earth. Scientific consensus is that, while extraterrestrial life is considered likely elsewhere in the universe, there is **no scientifically supported evidence** that any extraterrestrial life has been discovered on Earth or anywhere beyond Earth.[2][3][4][7] Government and scientific investigations of UFO/UAP reports have not produced concrete evidence of alien visitors or resident aliens on Earth.[7]",openrouter/perplexity/sonar-pro,d595a020b777,2026-07-04T16:32:06
R_5CduETt8oCFgbBg,study3,Truth-Constrained,bunk,affirms,"A secret group of elites meets regularly to coordinate global political and economic decisions, influencing world events beyond public oversight.",conspiracy_claim,25,70,mostly_false,"There is clear evidence that elite, private forums such as the Bilderberg Meetings exist, where powerful political, business, and financial figures meet annually behind closed doors to discuss major political and economic issues.[4][7][12][15] However, the specific claim that a secret group of elites ""meets regularly to coordinate global political and economic decisions"" and systematically ""influenc[es] world events beyond public oversight"" asserts an organized, covert decision‑making cabal directing world events, for which no compelling empirical evidence has been produced in decades of scrutiny by journalists, academics, and watchdogs.[1][2][10] Public descriptions, attendee lists, and stated purposes characterize Bilderberg and similar gatherings as off‑the‑record discussion and networking forums rather than formal decision‑making bodies, and no verifiable documentation shows them collectively issuing binding global policies or covertly coordinating governments and markets as a unified group.[2][4][7][12] The broad, centralized control implied by the statement goes beyond what available evidence supports, making the conspiratorial coordination aspect largely unsupported even though secretive elite meetings themselves are real.",openrouter/perplexity/sonar-pro,d595a020b777,2026-07-04T16:32:06
R_5CptH2X1oUy0eE9,study3,Truth-Constrained,bunk,affirms,The moon landing was fake and never actually happened.,conspiracy_claim,0,95,false,"The claim that the moon landing was fake and never happened is contradicted by multiple independent lines of evidence: Apollo missions returned 382 kg of lunar rock that have been independently analyzed worldwide and confirmed to be of lunar origin[7][9]; there are thousands of hours of video, audio, and 8,400+ publicly available photos documenting the missions[7]; laser‑ranging reflectors placed on the lunar surface by Apollo astronauts are still used today to measure the Earth‑Moon distance[7][5]; and high‑resolution images from later spacecraft from several countries (e.g., China, India, Japan) show Apollo landing sites and hardware on the Moon[7][6]. Major scientific institutions and space agencies formally state that the landings occurred and that every hoax argument has been debunked, while experts regard moon‑landing‑hoax claims as pseudoscience and demonstrably false[2][7][5].",openrouter/perplexity/sonar-pro,d595a020b777,2026-07-04T16:32:06
R_5CyB2UowLCsS7x5,study3,Truth-Constrained,bunk,affirms,"The federal government was involved in the assassination of Martin Luther King, Jr., either by directly carrying it out or by allowing it to happen despite prior knowledge.",conspiracy_claim,25,85,mostly_false,"The claim alleges federal government involvement—either direct operational participation or prior knowledge and deliberate inaction—in the assassination of Martin Luther King Jr. This has been extensively investigated by official bodies. The 1979 House Select Committee on Assassinations explicitly concluded that **no federal, state, or local government agency was involved in the assassination and found no evidence that the FBI had foreknowledge or intentionally brought about King’s death**.[6] The U.S. Department of Justice’s 2000 review of conspiracy allegations, including those endorsed by the 1999 Memphis civil jury, similarly found **no reliable evidence of a government-directed conspiracy or of federal agencies participating in the killing**.[2][4] While the 1999 civil trial jury found a wrongful-death conspiracy involving ""government agencies"" based on a lower civil standard of proof and uncontested presentation of evidence,[3][8][10][14] this verdict has not been supported by subsequent federal investigations or by the broader historical consensus, which continues to identify James Earl Ray as the lone assassin.[2][5][6][11][15] There is abundant, well-documented evidence of FBI surveillance, harassment, and efforts to ""neutralize"" King as a leader,[5][9][10][7][13] but that does not amount to demonstrable direct involvement in or prior knowledge of the assassination itself. Given the strong, repeated official findings against government involvement and the lack of corroborated empirical evidence for such a plot, the specific claim of federal participation or knowing inaction in the assassination is largely unsupported and best classified as mostly false, though it is highly checkable because extensive records and investigations exist.",openrouter/perplexity/sonar-pro,d595a020b777,2026-07-04T16:32:06
R_5D2e7Q1BjgDpCzc,study3,Truth-Constrained,bunk,affirms,Coronavirus was a deliberate act by the government to reduce world population.,conspiracy_claim,0,95,false,"The statement alleges a deliberate covert government act to reduce world population, but the available evidence supports the opposite: COVID-19 was treated as a real public health emergency, and fact checks and reviews describe population-control claims as unsupported by credible evidence.[9][10][14] Public evidence does not show a coordinated government plot to create coronavirus for depopulation, and reported mortality from the pandemic reflects disease impact rather than an intentional plan.[11][12]",openrouter/perplexity/sonar-pro,d595a020b777,2026-07-04T16:32:06
R_5DjUV8stnWfzCqN,study3,Truth-Constrained,bunk,affirms,Political affiliations were involved in the assassination of JFK to undermine democracy and achieve political gain.,conspiracy_claim,25,70,mostly_false,"The claim asserts that political affiliations coordinated the JFK assassination specifically to undermine democracy and gain political advantage. Official investigations—the Warren Commission, FBI, and multiple later reviews—have found that Lee Harvey Oswald was the assassin and that he acted alone, with no proven political conspiracy behind him.[13][15][1] The House Select Committee on Assassinations did conclude in 1979 that Kennedy was ""probably"" killed as a result of a conspiracy, but it explicitly could not identify the conspirators or establish their motives, and did not tie the event to a political plot to undermine democracy.[2][5] Numerous theories alleging involvement by the CIA, anti-Castro groups, the Mafia, or political elites remain speculative and contested, with no conclusive evidence that a politically organized faction carried out the assassination to secure political gain.[5][7][9] Thus, while some form of conspiracy cannot be entirely ruled out, the specific allegation of a politically driven plot to undermine democracy is largely unsupported by available evidence.",openrouter/perplexity/sonar-pro,d595a020b777,2026-07-04T16:32:06
R_5DjbmNkCVg0gHuJ,study3,Truth-Constrained,bunk,affirms,Our politicians are concealing the truth about the economy and collaborating with Russia in the Ukraine conflict for financial gain.,conspiracy_claim,25,60,mostly_false,"The statement alleges a coordinated, concealed collaboration between unspecified ""our politicians"" and Russia in the Ukraine conflict for financial gain, along with a systematic concealment of economic truth. While political actors in many countries do sometimes misrepresent or selectively present economic data or conditions, this is well documented as a matter of propaganda, spin, or partisan framing rather than a unified covert conspiracy with Russia tied specifically to the Ukraine war for financial profit.[11][14][15] Major investigations, official reports, and media coverage regarding the Ukraine conflict show open, often adversarial positions toward Russia by most Western governments, with no credible evidence of a broad, secret, financially motivated collaboration with Russia in prosecuting the war. Claims of routine political lying or economic spin are checkable and partly supported, but the specific hidden collaboration with Russia in the Ukraine conflict for financial gain is unsupported by public evidence and conflicts with the documented sanctions regimes and military aid policies directed against Russia, so the overall conspiracy claim is largely unsupported.",openrouter/perplexity/sonar-pro,d595a020b777,2026-07-04T16:32:06
R_5DqyiH6a3UHwGFg,study3,Truth-Constrained,bunk,affirms,"The Illuminati control major political issues and figures, manipulating events behind the scenes and directing governments' actions.",conspiracy_claim,10,70,false,"There was a historical Bavarian Illuminati founded in 1776 that was suppressed in the 1780s and does not appear in reliable records thereafter.[9][13][15] Modern claims that a continuing organization called the Illuminati now secretly controls major political issues, figures, and directs multiple governments are part of conspiracy culture and lack credible primary-source evidence such as authenticated records, intercepted communications, or official investigations demonstrating such centralized covert control.[4][8][12]",openrouter/perplexity/sonar-pro,d595a020b777,2026-07-04T16:32:06
R_5ENqnXz7xnLNP3v,study3,Truth-Constrained,debunk,affirms,A secretive global organization influences major world events behind the scenes.,conspiracy_claim,25,40,mostly_false,"The claim matches broad New World Order-style conspiracy theories that a single secretive global organization covertly orchestrates major world events.[11] Public evidence documents real elite networks and secretive groups (e.g., Bilderberg meetings, Le Cercle) that can exert informal influence on policy and finance, but they do not demonstrably function as a unified, hidden organization that centrally controls or systematically ""influences major world events"" in the coordinated way alleged.[2][9][12] Claims about bodies like the Illuminati or the Committee of 300 operating as such a master controller are widely regarded as speculative and unsupported, with no credible evidence for a monolithic secret organization manipulating world events behind the scenes.[3][5]",openrouter/perplexity/sonar-pro,d595a020b777,2026-07-04T16:32:06
R_5EY7ZDP7x2byS6B,study3,Truth-Constrained,bunk,unclear,There is evidence of alien life.,conspiracy_claim,50,70,mixed_or_unclear,"If interpreted in a scientific, non-conspiratorial sense, there are only *possible biosignatures* and *habitable conditions*, not accepted evidence of alien life; leading researchers explicitly state that there is currently no clear or broadly accepted evidence for extraterrestrial life.[5][6][10][14] However, the participant frames this as a conspiracy theory about 'evidence of alien life', implying hidden or suppressed proof, for which there is no credible public evidence despite extensive scientific scrutiny and lack of verifiable documentation.[6][14][15]",openrouter/perplexity/sonar-pro,d595a020b777,2026-07-04T16:32:06
R_5FViUZuukoFtKGU,study3,Truth-Constrained,bunk,affirms,Biden did not make the decisions during his presidency.,conspiracy_claim,25,90,mostly_false,"The claim alleges that Biden was not the one making decisions during his presidency, which is a covert-control allegation. Public reporting and scholarly analysis describe Biden as a deliberative decision-maker who personally approved major actions, even if he relied heavily on aides and advisers; some later congressional reports and commentary raised questions about documentation and autopen use, but they do not establish that he was generally not making decisions himself.[1][2][6][7][10]",openrouter/perplexity/sonar-pro,d595a020b777,2026-07-04T16:32:06
R_5FWoezWclRm7Lth,study3,Truth-Constrained,bunk,affirms,"Aliens exist and there are human-like aliens living among us, with some celebrities displaying shape-shifting abilities or unusual eyes as evidence.",conspiracy_claim,10,60,false,"There is currently **no credible evidence** that human-like aliens are living among us on Earth or that celebrities showing alleged shape-shifting or unusual eyes are evidence of such beings. Government and scientific investigations into UFOs/UAPs, including recent Pentagon reports, have found **no evidence of extraterrestrial intelligence on Earth or alien visitors**, and explicitly deny having such evidence.[2][3][11] While some scientists argue it is statistically likely that extraterrestrial life, possibly even human-like, exists somewhere in the universe, this is speculative and does not support the specific claim that such aliens already live among us in disguise.[4][11][15] Video and photographic ""evidence"" of celebrities with odd eyes or apparent shape-shifting is readily explained by image compression artifacts, lighting, makeup, or digital manipulation, with no validated cases demonstrating non-human biology; no verifiable biological or documentary proof of disguised aliens among humans has been produced despite widespread public and media attention, which counts strongly against the claim.",openrouter/perplexity/sonar-pro,d595a020b777,2026-07-04T16:32:06
R_5FqYWxVpWoxm9em,study3,Truth-Constrained,bunk,affirms,There is no gold in Fort Knox anymore.,conspiracy_claim,0,95,false,"Official, detailed accounting from the U.S. Mint, the Treasury Department’s Bureau of the Fiscal Service, Federal Reserve data, and multiple independent summaries all state that Fort Knox currently holds about 147.3 million troy ounces of gold, roughly half of U.S. Treasury gold reserves.[1][4][5][6][7][10][14][15] These figures are updated through at least late 2024–2025 and consistently describe only small samples ever being removed for purity testing, not wholesale removal of the gold.[6][7][9][13][14] While public access is restricted and some people question audits, there is no credible evidence that the vaults are empty, and substantial documentary evidence indicates large gold holdings remain, so the claim that there is no gold in Fort Knox anymore is clearly contradicted by the best available evidence.",openrouter/perplexity/sonar-pro,d595a020b777,2026-07-04T16:32:06
R_5G2tOFobpJU5xoW,study3,Truth-Constrained,bunk,affirms,The US government is hiding the truth and evidence of UFOs and extraterrestrials at Area 51.,conspiracy_claim,25,80,mostly_false,"Area 51 is a real, highly classified U.S. Air Force facility whose existence and primary historical purpose—as a test site for advanced aircraft such as the U‑2 spy plane and other stealth platforms—has been publicly acknowledged in declassified CIA and Defense Department documents.[3][5][7][13] Multiple official reviews of U.S. government UFO/UAP investigations, including a recent Defense Department report, and decades of declassified material, state there is no evidence of extraterrestrial life or recovered alien craft being hidden there, and conclude that claims of a government cover‑up of aliens are unfounded.[1][2][4][8][14]",openrouter/perplexity/sonar-pro,d595a020b777,2026-07-04T16:32:06
R_5GKBEwsH6X1LoUE,study3,Truth-Constrained,debunk,affirms,The earth is flat and powerful organizations are hiding this fact from the people.,conspiracy_claim,0,100,false,"The Earth is not flat; multiple independent lines of evidence show it is an oblate spheroid, including space photography, geodesy, satellite imagery, navigation systems, and direct observations from space.[1][2][3] The added claim that powerful organizations are hiding the truth is unsupported by public evidence, and a worldwide coordinated concealment would leave extensive contrary evidence across independent scientific and commercial sources.[2][10][14]",openrouter/perplexity/sonar-pro,d595a020b777,2026-07-04T16:32:06
R_5GZiKKt7E5uvINj,study3,Truth-Constrained,bunk,affirms,Some governments have secretly developed advanced technology using recovered alien spacecraft and are keeping this information hidden from the public.,conspiracy_claim,10,95,false,"Publicly available Pentagon/AARO reviews found no evidence that any government has recovered extraterrestrial technology, reverse-engineered it, or hidden such material from the public.[1][2][4][8][9][11][15] The claim is highly checkable because it refers to specific alleged programs and evidence that would be expected to surface if true, but current evidence directly contradicts it.",openrouter/perplexity/sonar-pro,d595a020b777,2026-07-04T16:32:06
R_5GlUCgjaM3yQOmk,study3,Truth-Constrained,debunk,affirms,The world was ending due to the Y2K event.,official_account,0,95,false,"Y2K was a genuine computer date-handling bug that raised concerns about infrastructure failures, but extensive remediation meant that only minor disruptions occurred and there were no world-ending or catastrophic events when the year 2000 arrived.[1][2][5][8] The statement that the world was ending due to Y2K is therefore clearly false given historical records of the transition to January 1, 2000.[2][11]",openrouter/perplexity/sonar-pro,d595a020b777,2026-07-04T16:32:06
R_5H69HoItDmgXqN7,study3,Truth-Constrained,bunk,affirms,The envelope for Patrick Ewing in the 1985 NBA draft was frozen so that David Stern could choose it first.,conspiracy_claim,25,70,mostly_false,"The 'frozen envelope' story is a widely discussed conspiracy theory alleging that the NBA chilled the Knicks’ envelope so Commissioner David Stern could identify and select it, but it remains entirely unproven and speculative.[1][2][5][9] Contemporary reporting, later investigations, and decades of commentary note that no credible evidence or whistleblower has ever substantiated the freezing claim, and analyses of the lottery footage are inconclusive, leaving the allegation largely unsupported despite being technically checkable in principle.[3][5][9][15]",openrouter/perplexity/sonar-pro,d595a020b777,2026-07-04T16:32:06
R_5HFSvVXc2qxvfsl,study3,Truth-Constrained,bunk,affirms,JFK was killed by more than one shooter from multiple vantage points.,conspiracy_claim,25,80,mostly_false,"Extensive official investigations, including the Warren Commission and multiple later reviews, conclude that JFK was shot from behind by a single gunman, Lee Harvey Oswald, firing from the Texas School Book Depository, and they found no credible evidence of additional shooters from other vantage points.[11][15] The 1979 House Select Committee on Assassinations did find acoustic evidence suggesting a high probability of two gunmen, but this evidence and subsequent re-analyses remain contested and do not robustly establish multiple shooters from multiple positions, so the specific claim as stated goes beyond what the best available evidence supports.[1][2][8][14]",openrouter/perplexity/sonar-pro,d595a020b777,2026-07-04T16:32:06
R_5HtWWntlkMj1LYP,study3,Truth-Constrained,debunk,affirms,"The government is hiding the truth about the reason they are saying white farmers are getting killed in South Africa, suggesting an underlying agenda.",conspiracy_claim,25,70,mostly_false,"The statement alleges that the government is hiding the true reasons for claims that white farmers are being killed, implying a covert agenda behind the official account. Multiple independent investigations by South African police, Human Rights Watch, academic researchers, and crime institutes find that farm attacks, including murders of white farmers, are primarily driven by ordinary violent crime and robbery, with only limited evidence of political or racial motives and no evidence of an organized campaign or hidden government agenda targeting white farmers.[1][3][4][13] These sources also show that claims of a government-linked or government-covered-up campaign against white farmers (often framed as 'white genocide') are unsupported by available data and have been explicitly rejected by courts and experts, indicating that the notion of a concealed agenda about the reasons for these killings is largely unfounded.[1][2][6][7][12][13]",openrouter/perplexity/sonar-pro,d595a020b777,2026-07-04T16:32:06
R_5Hxg0XAsXc2Tcbf,study3,Truth-Constrained,debunk,affirms,The US government is contractually obligated by an alien federation to disclose information through movies.,conspiracy_claim,0,70,false,"There is no credible evidence that an ""alien federation"" exists, nor that the US government has any contractual obligation with such a federation to disclose information via movies; this idea appears only in UFO/conspiracy subcultures, not in verifiable government records, insider testimony, or policy documents.[7][11] While the US government does have documented production assistance agreements and script-review contracts with Hollywood for national security and propaganda purposes, these are agreements with studios and the Pentagon, not with extraterrestrials, and they concern portrayal of the US military, not mandated alien disclosure through films.[8][10]",openrouter/perplexity/sonar-pro,d595a020b777,2026-07-04T16:32:06
R_5IQn0SP5n3NVKb7,study3,Truth-Constrained,debunk,affirms,"The government knows who killed JFK and is hiding it from us, and the government also knows about aliens and their ability to destroy Earth.",conspiracy_claim,10,60,false,"The claim has two parts: that the U.S. government *knows who killed JFK and is hiding it*, and that it *knows about aliens capable of destroying Earth*. Official investigations (Warren Commission, later congressional inquiries, and large releases of JFK records under the JFK Records Act) identify Lee Harvey Oswald as the assassin and do not establish a proven broader conspiracy, nor clear evidence that the government definitively knows of other killers and is actively hiding that knowledge.[14][3][7][12] While some scholars and recent congressional testimony criticize CIA secrecy and suggest cover‑ups around aspects of the case, they explicitly note that CIA involvement or a broader plot is unproven and likely incapable of definitive proof.[15][10] On extraterrestrials, there is no public, credible evidence that the U.S. government has confirmed contact with aliens, much less with aliens known to be able to destroy Earth; such claims remain speculative and unsupported by empirical data, so at the scope stated the alien component is clearly false. Overall the statement posits specific hidden knowledge (both about JFK’s killer beyond the official account and about apocalyptic aliens) that is not supported by available evidence, though secrecy around parts of the JFK record and intelligence activities makes the claim partially checkable but not fully resolvable.",openrouter/perplexity/sonar-pro,d595a020b777,2026-07-04T16:32:06
R_5IRbDxYI2JB9i9A,study3,Truth-Constrained,debunk,affirms,COVID-19 was intentionally created in a laboratory.,conspiracy_claim,25,70,mostly_false,"The claim specifically alleges *intentional creation* of SARS-CoV-2 in a lab, which implies deliberate engineering or manufacture as a bioweapon or similar covert project. Multiple genetic and virological analyses find no signatures of laboratory engineering and conclude the virus arose through natural evolutionary processes, not deliberate construction.[3][5][11][14] Major scientific bodies and intelligence assessments likewise state there is no evidence the virus was developed as a biological weapon or intentionally manufactured, though some agencies consider an *accidental* research-related leak a low-confidence possibility.[7][10][15] Because evidence strongly supports natural origin and explicitly rules out purposeful engineering, but the exact origin is not fully resolved, the broad intentional-creation allegation is best judged mostly false and moderately checkable via genomic, epidemiological, and intelligence data.",openrouter/perplexity/sonar-pro,d595a020b777,2026-07-04T16:32:06
R_5J3jwrMZMfruhjz,study3,Truth-Constrained,debunk,affirms,The government is secretly controlling the weather using advanced technology proposed after 2024.,conspiracy_claim,10,70,false,"The claim asserts a secret government program that can broadly control the weather using advanced post‑2024 technology. Public evidence shows only limited, non‑secret **weather modification** like cloud seeding, which can at best slightly influence local precipitation and whose effectiveness is uncertain.[4][12] Major scientific and governmental bodies explicitly state that no technology exists to create, steer, or control large‑scale weather systems such as hurricanes, and that the U.S. government is not engaged in large‑scale geoengineering or covert weather control.[3][6][15] There is no credible evidence of a secret, post‑2024 breakthrough that enables true weather control, and extensive scientific and policy reviews contradict such claims.",openrouter/perplexity/sonar-pro,d595a020b777,2026-07-04T16:32:06
R_5Ja3vSUKGzjtIyZ,study3,Truth-Constrained,debunk,affirms,"The government is hiding evidence that reveals the true circumstances of JFK's assassination, including the involvement of two shooters.",conspiracy_claim,25,70,mostly_false,"It is well documented that the U.S. government has retained and redacted some JFK-related records for national security and intelligence reasons, and officials themselves acknowledge that not all records have been released even decades later.[1][4][12][14] However, extensive official investigations (Warren Commission, House Select Committee on Assassinations, later reviews) and analysis of newly released files have not produced credible evidence of a second shooter or a suppressed proof of multiple gunmen; recent document releases explicitly note that nothing in the files undermines the conclusion that Lee Harvey Oswald was the lone gunman, and that nothing points to a second gunman.[6][9] The existence of withheld records is true, but the specific claim that they contain evidence of two shooters and that the government is hiding this to conceal the true circumstances of the assassination remains unsupported by available evidence and contradicts the best-documented official findings.",openrouter/perplexity/sonar-pro,d595a020b777,2026-07-04T16:32:06
R_5Jd0w3S1XkGZGTv,study3,Truth-Constrained,debunk,affirms,Subliminal advertising is a technique where advertisers use hidden messages to influence consumers' behavior in ways they wouldn't ordinarily choose if told directly.,no_claim,,,not_checkable,"The statement is essentially a general definition of subliminal advertising rather than a concrete, checkable claim about specific events, actors, or outcomes, and it does not allege any particular covert plot or deny one.",openrouter/perplexity/sonar-pro,d595a020b777,2026-07-04T16:32:06
R_5JfAataGQsJuhwJ,study3,Truth-Constrained,bunk,affirms,"The U.S. government staged the 1969 moon landing in a studio to win the space race against the Soviet Union, as evidenced by technological limitations of the time and anomalies in the footage.",conspiracy_claim,0,95,false,"The claim that the U.S. government staged the 1969 Apollo 11 moon landing in a studio is contradicted by multiple independent lines of evidence: thousands of photos and hours of video, extensive telemetry and mission records, and 382 kg of lunar rocks that have been analyzed and verified as genuinely lunar by laboratories worldwide.[1][3][9][12] Tracking of Apollo 11 by independent observatories, including foreign and Cold War adversary stations, and later high‑resolution images of the landing sites from non‑NASA spacecraft (e.g., Japanese and Indian orbiters) further corroborate that astronauts physically landed on the Moon, while the supposed ""technological limitations"" and ""anomalies in the footage"" cited by hoax theories have been repeatedly and specifically debunked (e.g., lighting, flag motion, lack of stars).[1][3][8][10]",openrouter/perplexity/sonar-pro,d595a020b777,2026-07-04T16:32:06
R_5Jiq2D6cClKS7qp,study3,Truth-Constrained,debunk,affirms,"Donald Trump is a bona fide spy and agent for Russia, specifically under the influence of Vladimir Putin.",conspiracy_claim,25,70,mostly_false,"The claim asserts that Donald Trump is a bona fide spy/agent for Russia under Vladimir Putin’s influence, implying knowingly working for Russian intelligence. Multiple journalists, authors, and former intelligence officials have alleged Trump may be a Russian ""asset"" and that he was cultivated or influenced by Moscow, but these accounts are largely based on indirect, circumstantial evidence and do not demonstrate that he is a recruited, tasking-taking spy or formal agent.[2][5][12][15] Major investigations, including the FBI’s counterintelligence inquiry and the Mueller investigation, have not produced public evidence that Trump was formally recruited as a Russian intelligence agent or knowingly acted as such, and scholarly analysis notes there is no evidence he knowingly associated with Russian intelligence officers.[2][8][10] Given the strong but indirect suggestions of influence or asset-like behavior contrasted with the lack of direct, verifiable evidence of formal spy/agent status, the specific claim of being a bona fide spy/agent is largely unsupported by available public evidence.",openrouter/perplexity/sonar-pro,d595a020b777,2026-07-04T16:32:06
R_5JkPN31ryMe5Lb1,study3,Truth-Constrained,bunk,affirms,"The JFK assassination involved foreign governments or the CIA, rather than being a one-man job.",conspiracy_claim,25,85,mostly_false,"Public investigations by the Warren Commission and the House Select Committee on Assassinations found no sufficient evidence that the Soviet government, Cuban government, or CIA were involved in the assassination, and the National Archives says the latest declassified files do not contradict the lone-gunman conclusion.[3][1] Claims of CIA or foreign-government involvement remain part of conspiracy theories, but they are not supported as stated by the publicly available evidence.[4][10]",openrouter/perplexity/sonar-pro,d595a020b777,2026-07-04T16:32:06
R_5JvY9XIqv1JQLxh,study3,Truth-Constrained,bunk,affirms,President Truman made a secret agreement with aliens to secure new technology in exchange for allowing them to abduct a certain number of people for experimentation.,conspiracy_claim,0,40,false,"The claim that President Truman made a secret agreement with extraterrestrials to obtain technology in exchange for allowing them to abduct humans originates entirely from UFO conspiracy literature and alleged documents such as those about Majestic 12 and supposed alien treaties, not from credible historical or governmental records.[9][15] The FBI has explicitly found key MJ-12 documents to be ""completely bogus,"" and there is no verifiable evidence in official archives, diplomatic records, or declassified government material that Truman negotiated any treaty or agreement with aliens involving human abductions.[9][10]",openrouter/perplexity/sonar-pro,d595a020b777,2026-07-04T16:32:06
R_5K8wKRvZvB5xa26,study3,Truth-Constrained,bunk,affirms,The government is concealing the true perpetrators behind the assassination of John Kennedy.,conspiracy_claim,25,70,mostly_false,"The statement alleges that ""the government"" is actively concealing the true perpetrators behind JFK’s assassination, implying knowledge of different perpetrators than publicly acknowledged and a coordinated cover-up of that specific truth. Official investigations—the Warren Commission, later reviews, and recent declassifications—have consistently concluded that Lee Harvey Oswald was the gunman and found no evidence identifying other perpetrators, though the House Select Committee on Assassinations in 1979 did judge that Kennedy was ""probably assassinated as a result of a conspiracy"" without being able to identify other conspirators.[6][10][4][9] There is substantial evidence of secrecy, withholding, and even cover‑up behavior by agencies like the CIA (e.g., suppression of information from official inquiries, the Joannides matter, and still‑classified files), but available records and expert reviews emphasize that this misconduct relates to intelligence failures, monitoring of Oswald, and protection of sources and methods, not to demonstrable knowledge of different ""true perpetrators"" that the government is consciously hiding.[3][8][11][12][14] Because decades of investigation and extensive document releases have not produced credible evidence that officials know and are concealing alternative perpetrators, the specific claim that the government is hiding who was behind the assassination is largely unsupported, though it remains partially checkable via records and investigations, and uncertainty about the full circumstances of the event persists.",openrouter/perplexity/sonar-pro,d595a020b777,2026-07-04T16:32:06
R_5KMz1YleuabVUXn,study3,Truth-Constrained,bunk,affirms,"The 2020 Presidential Election was rigged against Donald Trump, with changes to voting laws in certain states like Pennsylvania during the election.",conspiracy_claim,5,90,false,"The claim asserts that the 2020 election was systematically rigged against Donald Trump, including via changes to voting laws in states like Pennsylvania during the election. Numerous investigations, audits, and court cases (over 60) found no evidence of widespread fraud or coordinated rigging that could have changed the outcome of the 2020 presidential election, and this conclusion was affirmed by federal, state, and local election officials, as well as Trump-appointed Attorney General William Barr.[7][8][9][12][13][15] While some states, including Pennsylvania, adjusted election procedures (especially around mail-in voting) in response to the COVID-19 pandemic, these changes were made through public legislative or judicial processes before or during the election season and were repeatedly upheld or not found unlawful in court; no credible evidence shows that these law changes were part of a covert scheme to rig the election against Trump.[9][10][6]",openrouter/perplexity/sonar-pro,d595a020b777,2026-07-04T16:32:06
R_5KegSpYwi2Ow5O1,study3,Truth-Constrained,debunk,unclear,Human beings are designed to eat an all-meat or almost all-meat diet.,official_account,25,80,mostly_false,"Comparative anatomy, digestive physiology, and evolutionary evidence indicate that humans are biologically **omnivores**, capable of and adapted to eating both plant and animal foods, rather than being specifically ""designed"" for an all‑meat or almost all‑meat diet.[1][9][10][11] While meat played an important role in human evolution and humans can survive on very high‑meat diets, major medical and nutritional organizations find that meat is not biologically required and that well‑planned plant‑based diets can fully support health, contradicting the claim that humans are designed for an exclusively or nearly exclusively meat diet.[1][5][10]",openrouter/perplexity/sonar-pro,d595a020b777,2026-07-04T16:32:06
R_5Kp9txmqvD9jsPq,study3,Truth-Constrained,debunk,affirms,Jeffrey Epstein didn't commit suicide in prison.,conspiracy_claim,25,90,mostly_false,"Multiple official investigations – including the New York City medical examiner, the FBI, and the U.S. Department of Justice Office of Inspector General – have all concluded that Jeffrey Epstein **died by suicide by hanging** in his cell, and explicitly report finding **no evidence of homicide or other foul play**.[1][3][5][6][10] While there are unanswered questions and documented negligence in the jail’s procedures, extensive reviews of witness interviews, documents, surveillance video, and autopsy findings have not produced credible evidence that Epstein was killed rather than taking his own life, so the claim that he ""didn't commit suicide"" is largely unsupported by available evidence.[2][3][6][12]",openrouter/perplexity/sonar-pro,d595a020b777,2026-07-04T16:32:06
R_5L7Htxs8UFHHKQr,study3,Truth-Constrained,debunk,affirms,Big-tech companies are secretly collaborating to manipulate search results and control the flow of information.,conspiracy_claim,30,70,mostly_false,"There is strong evidence that individual big-tech firms like Google actively and continuously tweak and bias their own search algorithms, including favoring large advertisers, adjusting autocomplete to avoid sensitive topics, and sometimes blacklisting sites.[1][2][3][8][11] However, the specific claim that multiple big-tech companies are *secretly collaborating with one another* to coordinate manipulation of search results and centrally control the flow of information is not supported by public evidence; existing investigations and antitrust cases focus on each firm's unilateral conduct and competitive conflicts between them, not on a covert joint scheme, and no credible documentation of such cross-company collusion over search results has emerged despite intense scrutiny.[6][7][13]",openrouter/perplexity/sonar-pro,d595a020b777,2026-07-04T16:32:06
R_5LzpYhpeSw2uYle,study3,Truth-Constrained,debunk,affirms,The government is hiding facts about alien life.,conspiracy_claim,25,60,mostly_false,"The claim asserts that the government is actively hiding factual knowledge of alien life from the public. Multiple whistleblowers and UFO advocates have alleged long‑running secret programs and cover‑ups regarding crashed craft and non‑human biological remains, but these claims remain unverified and are explicitly denied by the Department of Defense and other official reviews.[5][6][9] A recent Pentagon historical review on UAPs reports no evidence of extraterrestrial technology, materials, or off‑world biology in U.S. government possession, and no empirical support for reverse‑engineering programs or an alien cover‑up.[6][9] While governments do withhold information about unidentified aerial phenomena and classified technologies, available public evidence does not substantiate that they are specifically hiding confirmed facts about extraterrestrial life, so the claim is largely unsupported at present.",openrouter/perplexity/sonar-pro,d595a020b777,2026-07-04T16:32:06
R_5MA2LaBqfwEA1iz,study3,Truth-Constrained,debunk,affirms,NASA did not send humans to the moon.,conspiracy_claim,0,95,false,"Extensive documentation from NASA, independent historians, and international scientific bodies shows that NASA conducted multiple crewed Apollo missions in which humans landed on and walked on the Moon, beginning with Apollo 11 in July 1969.[6][11][14] Independent verification includes lunar rocks returned to Earth that have been authenticated as of lunar origin by labs worldwide, high‑resolution images of Apollo landing sites and equipment from NASA’s Lunar Reconnaissance Orbiter and other countries’ spacecraft, and continuing laser ranging experiments using retroreflectors placed on the lunar surface by Apollo astronauts.[14][15] These diverse, mutually corroborating lines of evidence directly contradict the claim that NASA did not send humans to the Moon.",openrouter/perplexity/sonar-pro,d595a020b777,2026-07-04T16:32:06
R_5Me2JuZ8tC1WJgZ,study3,Truth-Constrained,bunk,affirms,The coronavirus was developed in a Chinese research lab.,conspiracy_claim,25,70,mostly_false,"The claim asserts that SARS-CoV-2 was *developed* (i.e., created or engineered) in a Chinese research lab. Multiple genetic and virological analyses find no evidence of genetic engineering or artificial construction, and conclude the virus’ genome is consistent with natural evolution, not lab design.[4][6][8][11][12][14] Major scientific reviews and the WHO advisory group report that the **weight of evidence supports a zoonotic spillover** from animals, with no indication the virus existed in any lab prior to the outbreak or was artificially modified.[5][8][12][14] Although some government and legislative reports argue a lab-related incident might have started the pandemic, they do not present direct evidence that the virus was *developed* in a lab, and remain circumstantial and contested by the broader scientific community.[1][2][3][9][13][15] Because current evidence strongly disfavors a lab-created origin, but the ultimate origin is not known with absolute certainty, the claim as stated is best judged mostly false rather than definitively false.",openrouter/perplexity/sonar-pro,d595a020b777,2026-07-04T16:32:06
R_5Nh7RpxRVj7sEtC,study3,Truth-Constrained,debunk,affirms,Taxes are done so the president can be richer than the citizens.,conspiracy_claim,0,80,false,"Modern tax systems are established by legislatures to fund public expenditures and implement economic and social policy, not as personal revenue streams for a single individual such as the president.[1][4][5] In countries like the United States, tax revenues go into the public treasury and are allocated through the budget process, and the president is paid a fixed salary set by law rather than directly receiving tax proceeds, so there is no evidence that taxes exist ""so the president can be richer than the citizens"".",openrouter/perplexity/sonar-pro,d595a020b777,2026-07-04T16:32:06
R_5Nn99dActmvnNS1,study3,Truth-Constrained,debunk,affirms,"The U.S. did not go to the moon, and the entire event was staged to enhance its image to Russia.",conspiracy_claim,0,100,false,"The statement asserts that the Apollo Moon landing was staged as a covert hoax. Major independent evidence contradicts this, including lunar samples verified by laboratories worldwide, extensive Apollo photos/video/transcripts, and independent imaging of landing sites by non-U.S. spacecraft.[1][2] The claim is directly checkable and is rejected by scientific and journalistic consensus.[1][5][6]",openrouter/perplexity/sonar-pro,d595a020b777,2026-07-04T16:32:06
R_5Ny7Qq1N0zzL1Rq,study3,Truth-Constrained,bunk,affirms,John F. Kennedy was assassinated by a group with motives against his beliefs.,conspiracy_claim,50,85,mixed_or_unclear,"The mainstream investigative bodies—the Warren Commission and the FBI—concluded that Lee Harvey Oswald assassinated Kennedy and acted alone, finding no evidence of a wider group conspiracy or coordinated motives against Kennedy’s beliefs.[12][15] A later investigation by the House Select Committee on Assassinations (HSCA) in 1979 judged that Kennedy was likely assassinated as a result of a conspiracy, based largely on contested acoustic evidence, but it could not identify the conspirators or confirm their motives.[4][2][3] This creates genuine uncertainty at the level of whether a group was involved at all, and there is no established empirical evidence specifically showing that a group with motives against Kennedy’s beliefs coordinated the assassination, making the claim only partially supported and difficult to verify in detail.",openrouter/perplexity/sonar-pro,d595a020b777,2026-07-04T16:32:06
R_5OGB8YvLEAm45Ca,study3,Truth-Constrained,bunk,affirms,The government is trying to start a new world war.,conspiracy_claim,25,40,mostly_false,"The statement asserts a coordinated, intentional effort by ""the government"" to start a new world war, which matches broader New World Order-style conspiracy narratives claiming elites manufacture global crises to achieve domination.[1][6][15] There is no credible evidence that any major government is deliberately trying to initiate a world war; expert analyses instead describe current tensions (e.g., Russia–Ukraine, Israel–Gaza, US–China competition) as dangerous but not part of an official project to start a world war, and most specialists explicitly reject the idea that we are on the brink of a deliberately engineered global war.[3][4][12][14]",openrouter/perplexity/sonar-pro,d595a020b777,2026-07-04T16:32:06
R_5OS7UouVbnLif2p,study3,Truth-Constrained,bunk,affirms,The 2000 US Presidential Elections was rigged to favor George Bush.,conspiracy_claim,25,85,mostly_false,"The 2000 U.S. presidential election was extremely close, decided by Florida and ultimately by the Supreme Court’s Bush v. Gore decision, which halted recounts and effectively awarded the state, and thus the presidency, to George W. Bush.[2][5][12] There is substantial evidence of serious irregularities, flawed ballot design, equipment problems, and disparate impacts on minority voters in Florida, and many commentators describe the outcome as illegitimate or ""stolen"" in a broad political sense.[7][10][13] However, investigations and media-sponsored recounts found no clear, demonstrable proof of a centrally coordinated, election‑rigging plot designed in advance specifically to favor Bush, and post‑hoc analyses conclude that a full recount could have gone either way, leaving who ""really"" won empirically uncertain rather than showing a rigged process with a predetermined beneficiary.[3][9][10]",openrouter/perplexity/sonar-pro,d595a020b777,2026-07-04T16:32:06
R_5OTIuDzOhnUpp4t,study3,Truth-Constrained,debunk,affirms,The assassination of JFK is covered up by blaming it on Booth.,conspiracy_claim,0,90,false,"John Wilkes Booth assassinated Abraham Lincoln in 1865, not John F. Kennedy, and no historical or official source attributes JFK’s assassination to Booth.[1] JFK was assassinated in 1963 in Dallas, and the Warren Commission and subsequent investigations identify Lee Harvey Oswald as the gunman, with no evidence of any cover-up involving blaming Booth.[1][2][3]",openrouter/perplexity/sonar-pro,d595a020b777,2026-07-04T16:32:06
R_5OkpgOHskp3SnPO,study3,Truth-Constrained,debunk,affirms,"The government is hiding information about unidentified flying objects, including the discovery of alien spaceships, parts of them, and possible bodies of extraterrestrial beings, which may have been analyzed.",conspiracy_claim,25,70,mostly_false,"There is strong evidence that governments, especially the U.S., have hidden and misrepresented information about UFOs/UAPs, including running secret investigation programs and using UFO myths as cover for classified military projects.[3][4][8][10] However, multiple comprehensive official reviews, including recent Pentagon and AARO reports, explicitly state they have found no evidence that the government possesses or has recovered extraterrestrial spacecraft, parts, or bodies, nor that any program has reverse‑engineered non‑human technology.[5][9][14] The more extraordinary part of the claim—that alien spaceships, components, and bodies have been recovered and analyzed—rests on whistleblower and witness testimony that is secondhand and unsupported by verifiable physical or documentary evidence.[11][12][14] Given the combination of well‑documented secrecy about UFO investigations but a lack of substantiated evidence for recovered alien craft or bodies, the overall claim as stated is largely unsupported by current public evidence.",openrouter/perplexity/sonar-pro,d595a020b777,2026-07-04T16:32:06
R_5OzYs9s505zIdQl,study3,Truth-Constrained,debunk,affirms,"The United States operates secret detention centers for illegal immigrant minors near the U.S.-Mexico border, evading conventional judicial procedures under the guise of border control.",conspiracy_claim,25,80,mostly_false,"There is extensive documentation of migrant children being detained in government-run and contractor-run facilities near and far from the U.S.-Mexico border, often under criticized or inadequate legal protections, but these facilities are known, regulated, and litigated—not wholly secret sites that systematically evade all conventional judicial procedures under a covert guise.[1][3][4][6][11][15] Evidence of controversial practices, such as holding children in hotels under emergency pandemic rules or in tent camps on military bases, shows policy loopholes and rights violations, yet these operations are disclosed in court filings, media investigations, and official statements, which contradict the claim of fully secret detention centers deliberately hidden from judicial oversight.[1][4][6]",openrouter/perplexity/sonar-pro,d595a020b777,2026-07-04T16:32:06
R_5P570qEQKrPCYCt,study3,Truth-Constrained,debunk,affirms,Governments of supposedly friendly and adversarial countries are secretly collaborating with each other.,conspiracy_claim,25,70,mostly_false,"The statement asserts a sweeping secret coordination in which governments of both friendly and adversarial countries are ""all in cahoots"" with each other, implying a single covert cartel overriding visible conflicts. Public evidence shows that states often cooperate pragmatically across friendship and rivalry lines—through alliances, ententes, hedging, and issue-specific cooperation—but these patterns are documented, fragmented, and driven by openly recognized interests, not a unified hidden collaboration among ""many different"" governments worldwide.[3][9][15] Historical and contemporary international relations research describes complex mixes of alliances, adversarial ties, and limited cooperation, not a global secret collusion; ongoing conflicts, sanctions regimes, and competitive military/economic behavior would be difficult to sustain if such comprehensive coordination existed, and no credible evidence has surfaced to support it despite extensive intelligence leaks and diplomatic disclosures.[7][9]",openrouter/perplexity/sonar-pro,d595a020b777,2026-07-04T16:32:06
R_5PAwEs55LJvjZlt,study3,Truth-Constrained,bunk,affirms,"Birds are government drones used for surveillance, having replaced real birds in the mid-20th century.",conspiracy_claim,0,85,false,"The claim that all real birds were exterminated and replaced by government surveillance drones in the mid-20th century is the central narrative of the satirical 'Birds Aren’t Real' movement, which its creator Peter McIndoe has explicitly described as parody rather than factual history.[2][12][14] There is no biological, ecological, or technological evidence that natural bird populations were wiped out or that current birds are universally mechanical drones; instead, abundant scientific data on wild bird biology and ongoing ornithological research, alongside the limited and experimental nature of bird-shaped drones such as the CIA’s Project Aquiline, show that real birds continue to exist and that only a small number of specialized surveillance devices mimic birds.[5][7][10]",openrouter/perplexity/sonar-pro,d595a020b777,2026-07-04T16:32:06
R_5PBwxIlNDGQ3kCE,study3,Truth-Constrained,debunk,affirms,"The earth is a realm with an ice wall at the edges, and certain areas of Antarctica are off-limits because there are other realms below the earth.",conspiracy_claim,0,90,false,"Extensive satellite imagery, global navigation systems, and direct expeditions show Earth is an oblate spheroid, not a realm bounded by an encircling ice wall.[3][7][10] Antarctica has been thoroughly mapped as a continent surrounded by the Southern Ocean, and while access is regulated by the Antarctic Treaty System, multiple nations operate research stations and routinely traverse the region; there is no evidence of forbidden areas hiding other realms below the Earth.[3][4][11]",openrouter/perplexity/sonar-pro,d595a020b777,2026-07-04T16:32:06
R_5PSF6Tles2m2Yqt,study3,Truth-Constrained,debunk,affirms,"A small, powerful group controls everything in the world.",conspiracy_claim,10,40,false,"The statement asserts a single, small group that ""controls everything in the world,"" which matches global cabal/New World Order–type conspiracy theories claiming a unified cabal covertly governs nearly all events and institutions worldwide.[1][5][12][13] Empirical research does show that economic and political power is highly concentrated in relatively small elites and corporate networks, with, for example, about 147 firms controlling roughly 40% of transnational corporate wealth.[8][11] However, these findings describe concentrated influence over parts of the global economy, not total centralized control over ""everything""—they do not support the existence of one covert group that effectively governs all world events, societies, and institutions. Major analyses emphasize that global systems are fragmented, competitive, and complex, making comprehensive, secret control by a single group implausible.[12] Because the claim is extremely broad, about total control of ""everything,"" and available evidence points only to partial, contested influence by multiple actors rather than unified control, the claim as stated is clearly false, though it is partially checkable via studies of power concentration.",openrouter/perplexity/sonar-pro,d595a020b777,2026-07-04T16:32:06
R_5PoJtAlc2sbyV1a,study3,Truth-Constrained,bunk,unclear,There are aliens living on other planets.,official_account,50,70,mixed_or_unclear,"The existence of extraterrestrial life is considered plausible and even likely by many scientists given the vast number of planets and habitable environments in the universe, but as of now there is no direct, confirmed detection of any life forms on other planets.[1][2][3][15] Current evidence consists only of potential biosignatures and theoretical arguments, so the claim that aliens *do* live on other planets goes beyond what is empirically established, even though it aligns with scientific expectations.",openrouter/perplexity/sonar-pro,d595a020b777,2026-07-04T16:32:06
R_5PpJP2dm7hdfoTX,study3,Truth-Constrained,debunk,affirms,The government is hiding evidence of extraterrestrial life and contact.,conspiracy_claim,25,60,mostly_false,"The claim asserts a covert government program to hide evidence of both extraterrestrial life and direct contact with humans. Multiple formal statements and reviews by the US government, including the White House and the Pentagon’s All-Domain Anomaly Resolution Office, report that they have no evidence of extraterrestrial life, no evidence of contact with humans, and no evidence that such evidence is being concealed, and extensive investigations of UFO/UAP reports since 1945 have found no confirmed signs of alien life or reverse‑engineered alien technology.[10][13][4] While some former officials and documentary films allege a long-running cover-up, these allegations have not been corroborated by verifiable physical evidence or independent investigations, so the central claim of a hidden, confirmed record of extraterrestrial life and contact remains largely unsupported by public evidence.[12][2][9]",openrouter/perplexity/sonar-pro,d595a020b777,2026-07-04T16:32:06
R_5PzgCyls9DP89BD,study3,Truth-Constrained,debunk,affirms,Elections are fixed or rigged.,conspiracy_claim,10,80,false,"The statement asserts that elections in general are fixed or rigged as a broad, ongoing conspiracy. Extensive investigations in the United States and other democracies find that while **isolated electoral fraud or irregularities** do occur, there is **no evidence of systematic, large‑scale rigging that would generally fix election outcomes**.[1][6][7][10][12][14] Major studies and official reviews (including DOJ, FBI, intelligence agencies, state audits, and court cases after the 2020 U.S. election) consistently conclude that voter fraud is extraordinarily rare and not at a scale capable of broadly rigging elections.[1][2][7][10][12][14] This makes the blanket claim that elections are fixed or rigged, as a general rule, clearly false, though specific elections in history have been manipulated or marred by localized fraud or suppression.",openrouter/perplexity/sonar-pro,d595a020b777,2026-07-04T16:32:06
R_5Q5aV3NkbuxrEGz,study3,Truth-Constrained,bunk,affirms,The US government orchestrated 9/11 to gain public support for invading Iraq.,conspiracy_claim,0,85,false,"Extensive investigations, including the 9/11 Commission and multiple intelligence reviews, have found no evidence that the U.S. government orchestrated the 9/11 attacks; the attacks were carried out by al‑Qaeda terrorists led by Osama bin Laden.[15][12] Scholarly and journalistic work does show that the Bush administration exploited 9/11, misrepresented intelligence, and falsely linked Iraq to the attacks to build support for invading Iraq, but this is fundamentally different from orchestrating or staging 9/11 itself.[1][3][10][11]",openrouter/perplexity/sonar-pro,d595a020b777,2026-07-04T16:32:06
R_5QFLLao5GdgsRUX,study3,Truth-Constrained,bunk,affirms,"Governments have confirmed alien encounters, but the public has not been informed.",official_account,10,100,false,"Publicly available government reports and statements consistently say that UAP/UFO reports remain unresolved in some cases but that there is no verified evidence of alien encounters or extraterrestrial technology. The Pentagon, AARO, and related releases explicitly state that no official investigation has confirmed alien life or a government cover-up of confirmed encounters.[3][4][7][9][13][14]",openrouter/perplexity/sonar-pro,d595a020b777,2026-07-04T16:32:06
R_5QLvtHzbzIeCRaA,study3,Truth-Constrained,debunk,affirms,Governments or corporations are using advanced technology like telepathy or implantable microchips to manipulate and control people's thoughts and behavior.,conspiracy_claim,10,70,false,"The statement claims that governments or corporations are currently using technologies such as telepathy or implantable microchips to directly manipulate and control the thoughts and behavior of populations. Existing brain–computer interface and implant research focuses on medical or assistive uses (e.g., helping paralyzed patients communicate or control prosthetics), and current implants cannot remotely read or rewrite thoughts in the way described.[9][10][13] Telepathy-like mind reading remains highly limited to decoding very constrained signals in lab settings and requires bulky equipment; it does not enable covert, large-scale thought control.[9][10] While ethicists and oversight bodies explicitly warn that such technologies could in principle be misused for surveillance or coercion in the future, these discussions are speculative and not evidence of present deployment for mass mind control.[3][9][11] Publicly documented abuses such as MKUltra involved drugs and psychological techniques, not advanced telepathic or microchip-based remote thought control, and no credible empirical evidence shows that governments or corporations now use implanted chips or telepathic tech to manipulate ordinary citizens’ thoughts and behavior as described.[3][9][13]",openrouter/perplexity/sonar-pro,d595a020b777,2026-07-04T16:32:06
R_5QPjnzL2S3cYJf3,study3,Truth-Constrained,debunk,affirms,Joe Biden is actually portrayed by an actor wearing a mask or look-alike because the real Joe Biden was executed several years ago.,conspiracy_claim,0,85,false,"The claim that Joe Biden was executed several years ago and is now portrayed by an actor in a mask or look‑alike is a well‑documented conspiracy narrative circulating in QAnon and similar communities, not a supported fact.[6][14] Biden has appeared continuously in public, been covered live by independent media, interacted with family, colleagues, and long‑term associates, and there is no credible evidence from law enforcement, government records, or journalism that he was executed or replaced.[6][8][14] Fact‑checking organizations and major news outlets have repeatedly examined specific mask/body‑double allegations (including supposed skin‑tone mismatches or ""mask lines"") and found they are based on misinterpretation of lighting, aging, or video artifacts, with no substantiating evidence for impersonators or masks.[6][8][14]",openrouter/perplexity/sonar-pro,d595a020b777,2026-07-04T16:32:06
R_5QRduOIzq5NuQEU,study3,Truth-Constrained,bunk,affirms,There is a cover-up in the Kennedy assassinations.,conspiracy_claim,50,70,mixed_or_unclear,"The statement alleges a governmental or institutional cover-up surrounding the Kennedy assassinations. Official investigations such as the Warren Commission concluded that Lee Harvey Oswald acted alone and found no evidence of a conspiracy, and later reviews by the Justice Department likewise reported no persuasive evidence of a broader plot.[8][15] However, there is documented evidence of at least limited withholding of information: CIA historian David Robarge described then–CIA director John McCone’s role in a “benign cover‑up” in which some CIA activities were not fully disclosed to the Warren Commission, and congressional bodies later noted decades of secrecy and public suspicion about incomplete release of assassination records.[8][14][15] The House Select Committee on Assassinations in 1979 concluded Kennedy was probably assassinated as a result of a conspiracy, yet it could not identify conspirators, and subsequent technical reviews undercut some of the acoustic evidence that supported the two‑gunman conclusion.[3][13][15] Many claims of a sweeping, coordinated cover-up of the true plot behind the assassinations remain speculative and are not directly supported by declassified files to date, but the documented withholding and delayed release of relevant intelligence information means that some degree of governmental concealment occurred; the extent and purpose of that concealment, and whether it masks a murder conspiracy rather than institutional embarrassment or unrelated operations, remains uncertain.",openrouter/perplexity/sonar-pro,d595a020b777,2026-07-04T16:32:06
R_5QbYDe0xgiT6xFJ,study3,Truth-Constrained,bunk,affirms,The Apollo moon landing in 1969 was staged by NASA and filmed on Earth.,conspiracy_claim,0,100,false,"The claim alleges a secret staging of Apollo 11 by NASA, but Apollo 11 documentation, Apollo-era records, independent corroboration, and lunar samples all support that the landing happened on the Moon, not on Earth. NASA and multiple reputable fact-checking and science sources explicitly describe the fake-landing theory as debunked and unsupported.",openrouter/perplexity/sonar-pro,d595a020b777,2026-07-04T16:32:06
R_5QlmAH2efNj3kml,study3,Truth-Constrained,bunk,affirms,The government faked the moon landing in the 1960s.,conspiracy_claim,0,95,false,"Extensive physical, photographic, and independent evidence confirms that the Apollo moon landings in 1969 were real, including 382 kg of lunar rocks verified by laboratories worldwide, laser reflectors still used for measurements, and third‑party tracking and imaging of landing sites by other countries and agencies.[1][2][5][10][12] No credible evidence supports that the U.S. government faked the landings, and detailed examinations by scientific bodies and fact‑checking organizations have discredited all hoax arguments.[1][2][4][6][7][8][12]",openrouter/perplexity/sonar-pro,d595a020b777,2026-07-04T16:32:06
R_5Qs5GIYm7yBzIDY,study3,Truth-Constrained,bunk,affirms,There is a plot to diminish the political power and culture of two different skin color groups.,conspiracy_claim,0,85,false,"The statement asserts a deliberate plot to diminish the political power and culture of certain skin‑color groups, which matches racist ""replacement"" style conspiracy theories claiming elites are intentionally reducing the power of white people or other racial groups.[1][3][10][13] Extensive demographic, migration, and policy research finds population and political change driven by open, documented social, economic, and political processes, and investigations show no credible evidence of a covert, coordinated plot of this kind; major academic and journalistic analyses explicitly describe such replacement narratives as unfounded conspiracy theories.[1][3][7][10][13]",openrouter/perplexity/sonar-pro,d595a020b777,2026-07-04T16:32:06
R_5QuIAnma4gvM1Sa,study3,Truth-Constrained,bunk,affirms,"The government monitors its citizens and alters media content, potentially curating propaganda on social media platforms.",conspiracy_claim,75,80,mostly_true,"There is strong, well-documented evidence that many governments, including the U.S., systematically **monitor citizens via social media and other online platforms**, using both manual and automated tools, often without individualized suspicion.[2][3][4][5][7][8][10][14] Credible reports also show that governments and aligned actors **manipulate and curate media and social media content for propaganda and political influence**, including disinformation campaigns, propaganda armies, and algorithmic promotion or suppression of content, particularly around elections and dissent.[1][4][9][12][14] The general claim that governments monitor citizens and influence/shape media content and propaganda on social platforms is therefore mostly true, though the statement is broad and does not specify a particular country or a fully centralized, total control of all content, which is not supported; monitoring and manipulation are significant but not absolute, and also involve non-governmental actors.",openrouter/perplexity/sonar-pro,d595a020b777,2026-07-04T16:32:06
R_5QyJRGsdow9y8a5,study3,Truth-Constrained,debunk,affirms,The government secretly performs acts of domestic terrorism to forward a political agenda.,conspiracy_claim,5,70,false,"The statement alleges a secret government campaign of domestic terrorism, but the provided evidence instead shows official U.S. efforts to investigate and counter domestic terrorism and political violence, not to perpetrate it.[1][2][10] Public evidence for a covert state-directed terror plot would be expected to surface if true, but none is shown here; the claim remains unsupported and is judged false as stated.[1][6][10]",openrouter/perplexity/sonar-pro,d595a020b777,2026-07-04T16:32:06
R_5QyZoDHy33ZjgPT,study3,Truth-Constrained,debunk,affirms,The government is hiding evidence that there are alien life forms.,conspiracy_claim,25,40,mostly_false,"The claim asserts a coordinated government cover-up of evidence for alien life. Multiple official investigations, including recent Pentagon and AARO reports, state they have found no verifiable evidence of extraterrestrial life or of U.S. government possession or reverse‑engineering of alien materials, and specifically deny that data about alien visits are being withheld from the public.[2][7][10][15] While some whistleblowers and commentators allege a cover-up, these accounts rely largely on hearsay and lack publicly available, independently verifiable evidence, so the central allegation of hidden proof of alien life is largely unsupported by current public documentation.[9][10][15]",openrouter/perplexity/sonar-pro,d595a020b777,2026-07-04T16:32:06
R_5RPyT95BRsuh7JW,study3,Truth-Constrained,debunk,affirms,The JFK assassination was orchestrated by the FBI and other top government officials.,conspiracy_claim,10,80,false,"Multiple official investigations, including the Warren Commission, the Church Committee, and the House Select Committee on Assassinations, found no evidence that the FBI or other top U.S. government officials orchestrated JFK’s assassination.[1][5][8] While the HSCA judged that Kennedy was probably killed as a result of a conspiracy, it explicitly concluded that the FBI, Secret Service, and CIA were *not* involved, and subsequent reviews and released records have not produced credible evidence of an FBI- or high‑level government plot.[5][8][3]",openrouter/perplexity/sonar-pro,d595a020b777,2026-07-04T16:32:06
R_5RfqL6AqwuzPK01,study3,Truth-Constrained,bunk,affirms,The novel coronavirus was developed by the Fort Detrick Laboratory in the United States or other institutions for the purpose of population control or political conspiracy.,conspiracy_claim,0,80,false,"The claim that SARS-CoV-2 was developed at Fort Detrick or other institutions as a tool for population control or a political conspiracy is a well-documented conspiracy theory promoted in Chinese and other disinformation campaigns, and is explicitly described as baseless and unsupported by evidence.[1][4][6][12][15] Genomic analyses by virologists and evolutionary biologists show that SARS‑CoV‑2 has features consistent with natural zoonotic evolution and ""is not a laboratory construct or a purposefully manipulated virus,"" and no credible evidence has linked Fort Detrick or any other lab to intentional creation or release of the virus for conspiratorial purposes.[4][7]",openrouter/perplexity/sonar-pro,d595a020b777,2026-07-04T16:32:06
R_5RownqG9XVIZVYJ,study3,Truth-Constrained,debunk,affirms,A secret group of powerful individuals manipulates global financial markets to maintain control over the world's economy.,conspiracy_claim,25,60,mostly_false,"There is strong documented evidence of *specific*, time‑bounded cartels and networks of traders and banks colluding to manipulate particular markets (e.g., the forex scandal where major banks colluded for about a decade to rig exchange rates for profit, prosecuted as an antitrust conspiracy)[1][12][14]. However, the statement asserts a single secret group of powerful individuals *systematically manipulating global financial markets in order to maintain control over the entire world’s economy*, which is much broader: it implies centralized, covert, near‑total control rather than episodic, fragmented manipulation or legally sanctioned influence (such as central banks setting interest rates in public, regulated ways)[4][7]. Public evidence shows concentrated financial power, recurring market abuse, and illicit networks, but no credible, verifiable evidence of one overarching secret group coordinating control of all global markets and the world economy; claims of such a committee‑like entity (e.g., the so‑called Committee of 300) are themselves acknowledged by their own proponents’ summaries as lacking verified evidence and resting on speculation and conspiracy literature[6]. Thus the claim’s core allegation of a unified, secret controlling group is largely unsupported by available evidence, though narrower claims about powerful institutions and cartels influencing or manipulating specific markets are true and well‑documented.",openrouter/perplexity/sonar-pro,d595a020b777,2026-07-04T16:32:06
R_5TEMFLgHHG8iUUh,study3,Truth-Constrained,bunk,affirms,"The U.S. government has recovered alien spacecraft and is secretly studying extraterrestrial technology at hidden facilities like Area 51, concealing this information from the public to avoid panic and maintain technological superiority.",conspiracy_claim,10,40,false,"The claim asserts that the U.S. government has *in fact* recovered alien spacecraft and is secretly studying extraterrestrial technology at facilities like Area 51 while concealing this from the public. Area 51 is a real top‑secret military installation used for testing classified aircraft and weapons, and its secrecy has fueled numerous UFO and alien‑technology conspiracy theories.[4][8][9][11][15] However, investigations of key alleged incidents such as the 1947 Roswell crash have found that the debris came from Project Mogul balloon trains, not extraterrestrial spacecraft, and multiple official reports conclude there is no factual basis for claims of alien craft, bodies, or reverse‑engineered technology.[6] Credible science and government sources, including Britannica and Space.com, explicitly state that there is no evidence of extraterrestrial contact or alien technology at Area 51 or elsewhere.[7][8] Testimonies like Robert Lazar’s, which helped popularize this narrative, have been widely discredited and lack corroborating evidence.[7][8] Because the core allegation (recovered alien spacecraft and active study of extraterrestrial technology) is strongly contradicted by available evidence and rests entirely on unverified, often debunked accounts, it is best evaluated as clearly false as stated, though the secrecy around the base itself is real and limits perfectly direct verification.",openrouter/perplexity/sonar-pro,d595a020b777,2026-07-04T16:32:06
R_5TGM0tkNNYcws3e,study3,Truth-Constrained,debunk,affirms,COVID vaccines increase the chance of getting the illness.,conspiracy_claim,0,95,false,"Extensive clinical trials and real‑world studies show that COVID-19 vaccination **reduces**, rather than increases, the risk of SARS‑CoV‑2 infection and severe illness.[2][3][4][9] Major health agencies and peer‑reviewed analyses have explicitly rejected claims that COVID vaccines make recipients more likely to get COVID-19, calling them false and noting that infection rates, hospitalizations, and deaths are consistently higher in the unvaccinated.[1][2][7]",openrouter/perplexity/sonar-pro,d595a020b777,2026-07-04T16:32:06
R_5TMgu2AzVddV1ru,study3,Truth-Constrained,bunk,unclear,Donald Trump lost the election and paid to be elected.,conspiracy_claim,10,80,false,"The statement mixes a true, well‑documented fact with an unsupported conspiratorial allegation. Donald Trump clearly **lost the 2020 U.S. presidential election** to Joe Biden, who won 306 Electoral College votes to Trump’s 232 and about 51.3% of the popular vote to Trump’s 46.8%, figures certified by all states and widely documented.[5][1][13] However, the claim that Trump **“paid to be elected”** asserts a hidden scheme in which he bought the election outcome. There is no credible evidence in official investigations, court cases, or election reporting that Trump paid officials or otherwise purchased the presidency; on the contrary, extensive litigation and audits have not uncovered such a scheme.[5][9] The conspiratorial part of the claim is therefore clearly false, while the overall assertion as phrased is mostly false.",openrouter/perplexity/sonar-pro,d595a020b777,2026-07-04T16:32:06
R_5UToIGvxQzU2tLH,study3,Truth-Constrained,debunk,affirms,The US government knew about the 9/11 attacks in advance and intentionally condoned them by not preventing the terrorist attack.,conspiracy_claim,10,80,false,"The claim matches the LIHOP-type conspiracy theory that U.S. officials had specific advance knowledge of the 9/11 plot and deliberately allowed it to proceed.[4] Official investigations, including the 9/11 Commission and the Congressional Joint Inquiry, found that while U.S. intelligence had general warnings about a possible major al‑Qaeda attack and potential use of hijacked aircraft, they did not have precise information about the date, targets, or operational details, and concluded the attacks were enabled by systemic failures of intelligence sharing, imagination, policy, and management rather than an intentional decision to condone them.[1][7][10][13]",openrouter/perplexity/sonar-pro,d595a020b777,2026-07-04T16:32:06
R_5V23HU6AJr2tHAD,study3,Truth-Constrained,bunk,affirms,Avril Lavigne passed away and has been replaced by an exact look-a-like.,conspiracy_claim,0,85,false,"The claim that Avril Lavigne died and was replaced by a look‑alike named Melissa originated as an admitted hoax from the Brazilian ""Avril Está Morta"" fan page, whose creator later explicitly stated that Avril ""never died and was not replaced"" and that the theory was fabricated to show how easily misinformation spreads online.[12][13] Major fact‑checking outlets and news organizations describe the theory as baseless and unsupported by any credible evidence, and Avril Lavigne herself has repeatedly denied it, stating that she is alive and that the rumor is ""ridiculous.""[1][2][7][13]",openrouter/perplexity/sonar-pro,d595a020b777,2026-07-04T16:32:06
R_5VCjZqsg1eXYmqP,study3,Truth-Constrained,debunk,affirms,"The US never landed on the moon, and the event was staged in a Hollywood studio.",conspiracy_claim,0,95,false,"The claim that the US never landed on the Moon and instead staged the event in a Hollywood studio is contradicted by extensive physical, photographic, and independent third‑party evidence for six crewed Apollo lunar landings between 1969 and 1972, including 382 kg of lunar rocks verified by laboratories worldwide, retroreflectors still used for laser ranging experiments, and high‑resolution orbital images from multiple countries showing Apollo landing sites and astronaut tracks.[1][2][3][4][7][10] Major scientific institutions such as NASA, the Institute of Physics, Britannica, BBC, and National Geographic explicitly reject the hoax narrative and note that every technical argument for a staged or studio‑filmed landing has been systematically debunked, with no credible evidence supporting a Hollywood staging.[1][2][3][5][7][13][14]",openrouter/perplexity/sonar-pro,d595a020b777,2026-07-04T16:32:06
R_5W0ueBE7TuQYxWx,study3,Truth-Constrained,bunk,affirms,Courtney Love had Kurt Cobain killed.,conspiracy_claim,10,90,false,"Public authorities ruled Kurt Cobain’s death a suicide, and reporting cited here says Seattle police and the medical examiner have not reopened the case. Claims that Courtney Love hired someone or otherwise had him killed remain accusations repeated in conspiracy reporting, but the available evidence does not substantiate them.",openrouter/perplexity/sonar-pro,d595a020b777,2026-07-04T16:32:06
R_5WONu9Iyo3uiVUJ,study3,Truth-Constrained,debunk,affirms,The government is hiding evidence of extra-terrestrial life.,conspiracy_claim,25,40,mostly_false,"The claim asserts a coordinated government cover-up of evidence for extraterrestrial life. Multiple official reviews, including Pentagon studies and the All-domain Anomaly Resolution Office (AARO), report **no evidence** that the U.S. government possesses or is concealing extraterrestrial technology, alien bodies, or proof of alien life.[5][15] The White House has similarly stated there is ""no credible information to suggest that any evidence is being hidden from the public's eye"" regarding extraterrestrials.[9] While some whistleblowers and commentators allege a cover-up, these assertions rely on anecdote and hearsay without publicly verifiable supporting evidence, and have not been substantiated by official investigations.[12][13][14] Because the existence of a secret cover-up is inherently difficult to fully disprove but currently lacks credible corroboration where one would expect it (e.g., declassified records, corroborated physical evidence), the claim is largely unsupported by available evidence rather than conclusively disprovable.",openrouter/perplexity/sonar-pro,d595a020b777,2026-07-04T16:32:06
R_5WofHbrK3HgTiM1,study3,Truth-Constrained,debunk,affirms,China developed the Covid virus in a lab.,conspiracy_claim,25,85,mostly_false,"Public evidence does not show that China developed SARS-CoV-2 in a lab; the strongest official and scientific sources say there is no direct evidence the virus was created or engineered there, and WHO-origin reviews have found zoonotic spillover remains the leading explanation.[6][7][8][10][11] Some U.S. agencies and political bodies have assessed a lab leak as possible or even likely, but that is different from evidence that China *developed* the virus in a lab.[2][12][13][14]",openrouter/perplexity/sonar-pro,d595a020b777,2026-07-04T16:32:06
R_5YRg9GuFdhfsJGj,study3,Truth-Constrained,debunk,affirms,The moon landing was faked by the United States government to win the Space Race against the Soviet Union.,conspiracy_claim,0,95,false,"The claim that the U.S. government faked the Moon landing to win the Space Race is contradicted by extensive physical, photographic, and independent third‑party evidence that Apollo astronauts actually landed on the Moon. Multiple lines of evidence include 382 kg of lunar rocks independently verified as lunar by laboratories worldwide, laser‑ranging reflectors still used on the Moon’s surface, high‑resolution images of Apollo landing sites from later U.S. and non‑U.S. spacecraft (including Chinese, Indian, and Japanese missions), and contemporaneous tracking and verification by other nations, including Cold War adversaries.[1][2][5][6][11] Major scientific institutions and detailed technical analyses explicitly state that every argument claiming NASA faked the Moon landings has been discredited, and the hoax narrative relies on alleged motive rather than any substantiated evidence of fabrication.[1][2][4][9]",openrouter/perplexity/sonar-pro,d595a020b777,2026-07-04T16:32:06
R_5YgKB3abXl3z6at,study3,Truth-Constrained,bunk,affirms,Free energy technologies have been suppressed by powerful interests to protect the global energy industry.,conspiracy_claim,25,60,mostly_false,"The statement matches the well-documented **free energy suppression conspiracy theory**, which asserts that technologically viable, pollution‑free, essentially no‑cost energy devices (often including perpetual motion and similar concepts) exist and have been systematically suppressed by governments and the fossil fuel industry.[1][6][11][12] There is no credible empirical evidence that such physically workable, free‑energy technologies have ever existed at scale, nor that a coordinated global effort has successfully suppressed them; instead, alleged devices are either unproven, incompatible with established physics, or confined to anecdotal claims and fringe sources.[1][6] Mainstream energy history shows incremental advances (e.g., renewables, nuclear, efficiency gains) that are heavily documented and contested in open scientific, commercial, and regulatory arenas, not evidence of a hidden class of revolutionary, zero‑cost technologies being kept off the market by a unified global energy industry.[1][6]",openrouter/perplexity/sonar-pro,d595a020b777,2026-07-04T16:32:06
R_5YohCEcEp2pP4Jw,study3,Truth-Constrained,bunk,affirms,Wars between countries are orchestrated to facilitate the transportation of money and weapons.,conspiracy_claim,25,70,mostly_false,"The claim says wars between countries are *orchestrated* (i.e., deliberately manufactured) primarily in order to transport money and weapons, implying that the main purpose of interstate war is to serve as a cover for financial and arms movements. Public evidence shows that wars are heavily shaped by political, territorial, ideological, and security motives, even though arms trading, financing, and economic interests play important roles once conflicts exist.[2][4][6][15] Research on the arms trade and war finance documents that weapons and money flow through wars and that some actors profit from and sometimes prolong conflicts, but does not support the idea that interstate wars in general are initiated chiefly to facilitate transport of money and weapons.[1][2][4][12] Because motives for war can be studied historically and politically, the claim is moderately checkable, and the balance of evidence indicates the claim, as broadly stated for wars between countries, is largely unsupported.",openrouter/perplexity/sonar-pro,d595a020b777,2026-07-04T16:32:06
R_5ZDszO53i5mvUVr,study3,Truth-Constrained,bunk,affirms,Kurt Cobain did not kill himself.,conspiracy_claim,20,80,mostly_false,"The official investigation by the Seattle Police Department and the King County Medical Examiner concluded that Kurt Cobain died from a self-inflicted shotgun wound and ruled the manner of death as suicide, a finding reflected in autopsy reports, death certificate, and mainstream historical accounts.[1][3][4][5][6][10][11][14][15] While a recent independent forensic team has argued the death may have been a staged homicide and media reports note ongoing controversy, these claims have not led authorities to reopen the case or change the official ruling, and no corroborated evidence of homicide has been accepted by law enforcement or medical examiners.[2][7][8]",openrouter/perplexity/sonar-pro,d595a020b777,2026-07-04T16:32:06
R_5ZeS7mnIj0irpBL,study3,Truth-Constrained,debunk,affirms,The earth is flat and some organizations are hiding this fact from the people.,conspiracy_claim,0,95,false,"Extensive empirical evidence from geodesy, satellite imagery, space missions, and direct observations shows the Earth is an oblate spheroid, not flat.[1][2][3][10] Multiple independent space agencies, private companies, and amateur observers have produced consistent images and measurements of a round Earth, making a coordinated cover‑up by undefined 'organizations' both unsupported and implausible.[3][10][14]",openrouter/perplexity/sonar-pro,d595a020b777,2026-07-04T16:32:06
R_5aZeYolpCO2bUFX,study3,Truth-Constrained,debunk,affirms,The 9/11 attacks were secretly planned or allowed by elements within the U.S. government.,conspiracy_claim,5,95,false,"The statement alleges secret planning or deliberate allowance by elements within the U.S. government, which is the core of a 9/11 conspiracy claim. Major investigations and expert reviews have rejected claims of a hidden U.S. government plot or stand-down, and sources on 9/11 conspiracy theories note these allegations lack evidence or have been debunked.",openrouter/perplexity/sonar-pro,d595a020b777,2026-07-04T16:32:06
R_5b0HoeVnB1fRksv,study3,Truth-Constrained,debunk,affirms,"An elite group known as the Bilderberger Group is manipulating world politics, with several past U.S. presidents as members.",conspiracy_claim,25,80,mostly_false,"Bilderberg is a real, invite-only annual forum of political, business, and media figures, and some U.S. presidents and major political figures have attended or been associated with it[3][6][9][13]. However, the claim that this group is 'manipulating world politics' asserts covert coordinated control, which is not established by credible public evidence; available sources describe an informal discussion/networking forum rather than proof of a secret governing plot[3][7][9].",openrouter/perplexity/sonar-pro,d595a020b777,2026-07-04T16:32:06
R_5bGYsVkpRU8C6gM,study3,Truth-Constrained,debunk,affirms,Extraterrestrial existence is being kept secret because authorities fear people's reaction.,conspiracy_claim,25,40,mostly_false,"There is currently no scientifically supported evidence that extraterrestrial life has been discovered, let alone that its existence is being deliberately kept secret by authorities due to fear of public reaction.[4][6][13][14] Major government and scientific investigations into UFOs/UAPs, including Project Blue Book and NASA’s recent UAP study, report no confirmed extraterrestrial evidence and do not substantiate claims of an organized cover‑up of proven alien life.[6][7] While some whistleblowers and witnesses have alleged secret programs and recovered non‑human biologics, these claims remain unverified and unsupported by publicly available evidence, so the existence of a coordinated, fear‑motivated suppression of confirmed extraterrestrial contact is largely unsupported.[10]",openrouter/perplexity/sonar-pro,d595a020b777,2026-07-04T16:32:06
R_5bTdRvKI6GwZMfi,study3,Truth-Constrained,bunk,affirms,The US government was involved in the 9/11 attack.,conspiracy_claim,5,85,false,"Extensive investigations by the 9/11 Commission, the FBI, and other U.S. government agencies concluded that the September 11 attacks were planned and carried out by al‑Qaeda, not by the U.S. government, and found no evidence that U.S. officials orchestrated or were complicit in the attacks.[3][4][7][10] Major reviews have specifically examined and rejected claims that government officials made or let the attacks happen on purpose, noting that such conspiracy theories lack supporting evidence and have been widely debunked by experts.[1][2][3][5]",openrouter/perplexity/sonar-pro,d595a020b777,2026-07-04T16:32:06
R_5c6uMnfkJ5OScGB,study3,Truth-Constrained,bunk,affirms,"We are being coerced by the government, in the name of culture, to accept whatever they want to do, whether it's good or bad.",conspiracy_claim,25,40,mostly_false,"The statement alleges a coordinated government effort to broadly coerce the public, ""in the name of culture,"" to accept whatever the government wants, whether good or bad. While governments in many countries do sometimes use cultural policies, censorship, propaganda, and moral legislation to influence or pressure citizens, this varies greatly by regime type and issue and is not a universal, all-encompassing coercion to accept anything the government does.[6][11] In liberal democracies there are constitutional limits, legal protections, opposition politics, and widespread public dissent and protest, which contradict the idea that people are uniformly coerced to accept all government actions.[10][13] The claim is also very broad and unspecific (no country, time period, or particular policies), making it only partially checkable and largely unsupported as a general description of ""the government"" everywhere.",openrouter/perplexity/sonar-pro,d595a020b777,2026-07-04T16:32:06
R_5cbVVZlcjSYnuey,study3,Truth-Constrained,bunk,affirms,"The government has a cure for COVID-19 and cures for cancer, but they are withheld because Big Pharma doesn't want diseases to be cured as it would hurt their profits.",conspiracy_claim,5,85,false,"Public health authorities document approved treatments for COVID-19, including Paxlovid and remdesivir, rather than a withheld universal cure.[1][2][3][15] The claim that the government has cures for COVID-19 and cancer but suppresses them because Big Pharma does not want diseases cured is unsupported by publicly available evidence; no credible evidence shows secret possession or coordinated withholding of such cures.",openrouter/perplexity/sonar-pro,d595a020b777,2026-07-04T16:32:06
R_5chmy9JzODvl5ut,study3,Truth-Constrained,bunk,affirms,We are living in a simulation due to the unrealistically fast progress in technology.,no_claim,,,not_checkable,"The statement is framed as a speculative interpretation rather than a concrete factual claim with a definite, checkable proposition. It does not assert a specific secret plot or an official account, and the wording is too vague to evaluate as stated.",openrouter/perplexity/sonar-pro,d595a020b777,2026-07-04T16:32:06
R_5cqrCQ3fDGNOv2P,study3,Truth-Constrained,bunk,affirms,"JFK was killed by a coordinated effort involving the CIA and potentially other political entities, rather than by a lone gunman.",conspiracy_claim,25,90,mostly_false,"The Warren Commission concluded that Lee Harvey Oswald acted alone and found no evidence of a conspiracy, and later reporting continues to note that available documents have not produced evidence that the CIA or other political entities coordinated the हत्या. The House Select Committee on Assassinations later said Kennedy was probably killed as a result of a conspiracy, but it did not identify the CIA or any other specific political entity as responsible, so the statement goes beyond the evidence.",openrouter/perplexity/sonar-pro,d595a020b777,2026-07-04T16:32:06
R_5dJ6Zffl5e5jc2J,study3,Truth-Constrained,debunk,affirms,The Simpsons accurately predict future events years in advance.,official_account,25,80,mostly_false,"There are many documented cases where plot points or jokes in The Simpsons resemble later real-world events (e.g., Trump’s presidency, Disney buying Fox, smartwatches, certain sports results), so the show has made some accurate guesses years in advance.[2][7][8][10][12] However, media scholars, fact‑checkers, and the show’s own producers emphasize that these are a small number of coincidences and educated guesses among thousands of episodes and jokes, not systematic or special ability to ‘accurately predict future events’ in general.[1][3][11][14] Consequently, the claim that The Simpsons broadly and accurately predicts future events years in advance is largely unsupported and exaggerated beyond the few notable coincidences, though not entirely false given those limited examples.",openrouter/perplexity/sonar-pro,d595a020b777,2026-07-04T16:32:06
R_5dPY4z36LQCqDat,study3,Truth-Constrained,bunk,affirms,The government allowed 9/11 to happen.,conspiracy_claim,20,70,mostly_false,"The claim that 'the government allowed 9/11 to happen' corresponds to LIHOP-style conspiracy theories alleging that U.S. officials had advance knowledge and deliberately let the attacks proceed.[1][5] Extensive investigations, including the bipartisan 9/11 Commission Report, found no evidence that U.S. officials intentionally allowed the attacks; instead, they documented systemic failures of intelligence, policy, capabilities, and management that *unintentionally* permitted the plot to succeed.[8][10][12] Major news and fact‑checking organizations likewise report that assertions the U.S. government anticipated and allowed 9/11 as a pretext for later wars are unsupported and have been repeatedly debunked.[1][3][4][7]",openrouter/perplexity/sonar-pro,d595a020b777,2026-07-04T16:32:06
R_5dZihRm4H1tqRGb,study3,Truth-Constrained,debunk,affirms,Celebrities use fake names like Apple or Blanket for their children to protect their anonymity.,conspiracy_claim,25,60,mostly_false,"There is clear documentation that many celebrity children really do have unusual names such as Apple (Gwyneth Paltrow and Chris Martin’s daughter) on their birth records, and these names are widely reported as genuine rather than media-only pseudonyms.[4][10][14] While some celebrities may occasionally use pseudonyms for privacy and some commentators speculate that a few extreme names might be fake, this is anecdotal and not supported as a general practice that celebrities systematically give fake names like Apple or Blanket to the media; the core claim overgeneralizes from sparse speculation.[9][3]",openrouter/perplexity/sonar-pro,d595a020b777,2026-07-04T16:32:06
R_5dwcDP1aBAAB4jf,study3,Truth-Constrained,bunk,affirms,"Area 51 houses alien spacecraft, and the US government is lying about it.",conspiracy_claim,25,60,mostly_false,"Area 51 is a real, highly classified U.S. Air Force facility used historically for testing advanced aircraft such as the U-2 and other spy planes, according to declassified CIA histories and official acknowledgments.[1][4][10] Multiple independent investigations and official records report no evidence that alien spacecraft are stored or studied there, and claims such as Robert Lazar’s have been widely discredited; while the base’s activities are secret and the government withholds many operational details, there is no credible evidence that this secrecy specifically involves lying about housed alien spacecraft rather than routine national security classification.[2][3][6][7][11]",openrouter/perplexity/sonar-pro,d595a020b777,2026-07-04T16:32:06
R_5eb04rHQkj2pu81,study3,Truth-Constrained,debunk,affirms,Certain breakthroughs in research and development are being withheld to maintain a company's monopoly and prevent market disruption.,conspiracy_claim,75,60,mostly_true,"The statement asserts that firms with monopoly power sometimes withhold or strategically suppress disruptive innovations to protect their market position. Antitrust scholarship documents cases where dominant technology firms such as IBM, AT&T, and Google generated significant innovations but delayed their release or constrained them to existing product lines to avoid destabilizing profitable market structures, a pattern labeled “Captured Innovation.”[1] Economic theory and empirical work on monopoly and innovation similarly show that incumbents may forgo or suppress new technologies to deter entry and maintain dominance, even when innovation costs are low, because disruptive technologies can reduce their profits or invite competition.[4][9][13] While it is not possible to exhaustively verify ""certain breakthroughs"" across all companies and industries, the general pattern that some monopolists strategically withhold or distort innovation to prevent market disruption is well supported by documented case studies and economic research, so the claim is mostly true in its general form rather than universally true in every instance.",openrouter/perplexity/sonar-pro,d595a020b777,2026-07-04T16:32:06
R_5eypzY1rlvsAJ8R,study3,Truth-Constrained,bunk,affirms,Covid-19 is a bioweapon that originated in a lab in China.,conspiracy_claim,20,90,mostly_false,"Public evidence does not support the claim that COVID-19 was a bioweapon. U.S. intelligence has said SARS-CoV-2 was not developed as a biological weapon, and scientific reviews note no evidence that the virus was engineered or released as such, even though a lab-related origin remains debated.[11][14]",openrouter/perplexity/sonar-pro,d595a020b777,2026-07-04T16:32:06
R_5fAOVGVqfiXJWkH,study3,Truth-Constrained,debunk,affirms,Area 51 contains aliens or high-tech spacecrafts that the government is hiding.,conspiracy_claim,10,90,false,"The claim alleges that Area 51 contains aliens or hidden high-tech spacecraft kept secret by the government. Public reporting and declassified history consistently indicate Area 51 is a secretive Air Force site used for classified aircraft and weapons testing, and multiple sources state there is no evidence of extraterrestrial life or alien spacecraft there.[6][10][12][13]",openrouter/perplexity/sonar-pro,d595a020b777,2026-07-04T16:32:06
R_5fDN5ZapYpUYtFf,study3,Truth-Constrained,bunk,affirms,The U.S. government orchestrated the events of 11 September as a false flag operation to justify its opposition to Afghanistan.,conspiracy_claim,5,85,false,"The claim that the U.S. government *orchestrated* the 9/11 attacks as a false flag to justify its stance toward Afghanistan is a classic 9/11 conspiracy theory, widely investigated and rejected by official inquiries and independent experts.[3] The 9/11 Commission Report, extensive journalism, and academic work attribute the attacks to al-Qaeda, led by Osama bin Laden, and find no evidence that U.S. authorities planned or executed them as a staged operation; conspiracy theorists proposing a false flag scenario have not produced verifiable, corroborated evidence despite more than two decades of scrutiny.[3][11]",openrouter/perplexity/sonar-pro,d595a020b777,2026-07-04T16:32:06
R_5fH0fVUbwxgfHcT,study3,Truth-Constrained,bunk,affirms,"Some governments create terrorists and then pass them on to others, leading to international wars.",conspiracy_claim,25,60,mostly_false,"There is extensive evidence that some governments **support, fund, train, arm, or give safe haven to terrorist groups**, a phenomenon widely documented as state-sponsored terrorism.[2][4][9][12][15] However, the specific claim that governments *create terrorists and then pass them on to others, leading to international wars* overstates and oversimplifies this: most terrorist groups emerge from local political conflicts and civil wars rather than being wholly created and handed off by states, and major international wars are not generally triggered by such deliberate transfer of terrorists between governments.[6][11] The core allegation of intentional creation and transfer of terrorists as a mechanism to cause international wars is not supported by mainstream evidence, even though more limited forms of covert sponsorship and proxy use of terrorist groups are well documented.",openrouter/perplexity/sonar-pro,d595a020b777,2026-07-04T16:32:06
R_5flO3Mt5YPirjNW,study3,Truth-Constrained,debunk,affirms,Aliens are living among humans.,conspiracy_claim,25,40,mostly_false,"The claim that aliens are currently living among humans implies an ongoing hidden extraterrestrial presence integrated into human society. Despite speculative hypotheses like Harvard’s recent ""cryptoterrestrial"" paper and various whistleblower or contactee accounts, there is no empirical evidence that extraterrestrial beings are here on Earth, let alone living among us in human form.[1][7][9][4][15] Major scientific bodies and official investigations, including a recent Pentagon review of UAP reports, explicitly state they have found no evidence of extraterrestrial life on Earth or alien technology, while astronomy and astrobiology have not yet detected any extraterrestrial life anywhere.[1][7][15]",openrouter/perplexity/sonar-pro,d595a020b777,2026-07-04T16:32:06
R_5fy4aD2rweXA8qN,study3,Truth-Constrained,debunk,affirms,The government and air force are hiding information about encounters with UFOs.,conspiracy_claim,25,70,mostly_false,"The claim asserts that the government and air force are actively hiding information about encounters with UFOs as a deliberate cover‑up. Decades of official investigations (e.g., Air Force Project Blue Book and later Pentagon and DNI UAP inquiries) report no confirmed evidence of extraterrestrial technology and conclude most sightings are misidentifications or ordinary phenomena[3][5][11][12][14]. Recent large-scale declassification efforts, including the PURSUE/UFO files releases, similarly show no documented proof of a systematic cover‑up about UFO encounters, despite specifically searching for such evidence[2][8][13]. While some documents remain classified and some observers suspect concealment, there is currently little empirical evidence of a coordinated, ongoing effort by the U.S. government and air force to hide substantive UFO encounter information, so the claim is largely unsupported.",openrouter/perplexity/sonar-pro,d595a020b777,2026-07-04T16:32:06
R_5gO8aCPyKpnISpX,study3,Truth-Constrained,debunk,affirms,Humans were created for slave labor by extraterrestrial beings.,conspiracy_claim,10,40,false,"The idea that humans were created specifically as slave labor by extraterrestrial beings (often framed via the Anunnaki/Nibiru narrative) originates from modern speculative authors like Zecharia Sitchin and later ancient-aliens enthusiasts, not from mainstream translations of Mesopotamian texts or any empirical evidence.[15][12] Current evidence from paleoanthropology, genetics, and evolutionary biology overwhelmingly supports natural evolution of Homo sapiens from earlier hominins on Earth, with no credible data indicating genetic engineering by extraterrestrials or their use of humans as a designed slave workforce.[12][13] The claim is conceptually checkable in principle (through archaeology, genetics, astronomy), but available data directly contradicts it and there is no reliable corroboration for the alleged alien intervention, making the claim clearly false as stated.",openrouter/perplexity/sonar-pro,d595a020b777,2026-07-04T16:32:06
R_5h61oWLqLvGbCiA,study3,Truth-Constrained,bunk,affirms,9/11 was orchestrated by the U.S. government to instill fear and gain control.,conspiracy_claim,5,90,false,"Extensive investigations, including the 9/11 Commission Report and technical analyses by NIST, attribute the 9/11 attacks to al-Qaeda terrorists, not to a U.S. government operation, and find no credible evidence that the U.S. government planned or orchestrated the attacks to instill fear or gain control.[10][14] Major reviews explicitly reject inside‑job and LIHOP (""let it happen on purpose"") theories as unsupported, noting that claims of controlled demolition, missile strikes, or coordinated government staging conflict with the available physical, documentary, and intelligence evidence.[2][3][14]",openrouter/perplexity/sonar-pro,d595a020b777,2026-07-04T16:32:06
R_5hRv9FKkqtfc6gP,study3,Truth-Constrained,debunk,affirms,The government is hiding the knowledge of alien life forms.,conspiracy_claim,25,40,mostly_false,"The claim asserts a broad, ongoing government cover-up of confirmed knowledge of alien life. Multiple official investigations and Pentagon reports, including those from the All-domain Anomaly Resolution Office (AARO), explicitly state they have found no verifiable evidence that the U.S. government possesses or is hiding extraterrestrial craft, bodies, or technology, and no evidence of a cover-up of such knowledge.[4][7][11][12] While some whistleblowers and activists allege such concealment, these allegations have not been substantiated with publicly verifiable evidence and are directly contradicted by official findings, so the claim as stated is largely unsupported by current public evidence.[1][2][7][13]",openrouter/perplexity/sonar-pro,d595a020b777,2026-07-04T16:32:06
R_5hareueeEO1in3Y,study3,Truth-Constrained,bunk,affirms,The government has made contact and contracts with extraterrestrials since Truman was in office.,conspiracy_claim,10,70,false,"The claim asserts long‑running secret government contact and contractual agreements with extraterrestrials starting under President Truman. Declassified records and official reviews of U.S. government UFO/UAP investigations, including Project Blue Book and the 2024 Historical Record Report by the Pentagon’s All-domain Anomaly Resolution Office, state that no sighting or program has been confirmed to involve extraterrestrial technology or beings, and that identified cases are natural phenomena, human technology, misidentifications, or hoaxes.[14] Allegations about Truman-era bodies such as Majestic 12 or projects establishing contact and treaties with aliens are based on documents that have been investigated and judged fraudulent or unsubstantiated by official bodies, and are not supported by credible archival evidence.[5][11][14]",openrouter/perplexity/sonar-pro,d595a020b777,2026-07-04T16:32:06
R_5iIH38YTJw1hgCx,study3,Truth-Constrained,debunk,affirms,The government is covering up the evidence of Alien contact.,conspiracy_claim,25,40,mostly_false,"The claim that the government is covering up *evidence of alien contact* is a classic UFO conspiracy allegation, widely promoted in the disclosure movement and related media.[12][14] However, multiple official investigations, including recent reviews by the U.S. Department of Defense’s AARO office, report finding no evidence that any government program has recovered, reverse‑engineered, or concealed extraterrestrial technology or contact.[4][8] Mainstream scientific and investigative consensus is that there is little or no verifiable evidence supporting alleged government cover‑ups of alien visitation, with existing claims relying largely on anecdotes, speculation, and unverified whistleblower testimony rather than publicly verifiable proof.[11][12] Because the alleged cover‑up, if real, would be secret by design, the claim is partially checkable via available documents and investigations but cannot be definitively disproven; still, the weight of publicly available evidence strongly counts against it.",openrouter/perplexity/sonar-pro,d595a020b777,2026-07-04T16:32:06
R_5ieVCjiKCB4u5Wh,study3,Truth-Constrained,bunk,affirms,"Extraterrestrial beings have interacted with humans for decades, and governments are aware of this and keep it classified.",conspiracy_claim,25,60,mostly_false,"The claim asserts long-term interaction between extraterrestrial beings and humans and that governments knowingly keep this secret. While various whistleblowers, fringe researchers, and alleged documents claim government awareness and secret programs involving extraterrestrials, these accounts are anecdotal, unverified, or come from self-described insiders without corroborating evidence.[1][3][4][6][12] In contrast, official investigations and recent high-level reviews, including a 2024 Pentagon report and statements by senior U.S. officials, explicitly report finding no evidence that the U.S. government has recovered extraterrestrial technology, bodies, or confirmed contact with beings from other worlds, and no proof of an official cover‑up of such contact.[13][14] Given the strong absence of independently verifiable evidence where it should exist if decades-long interaction and government awareness were real, the claim is largely unsupported by public evidence, though it is in principle empirically checkable via documents, physical artifacts, or reproducible data.",openrouter/perplexity/sonar-pro,d595a020b777,2026-07-04T16:32:06
R_5ja1F3ILdkBLTHI,study3,Truth-Constrained,debunk,affirms,JFK's assassination was orchestrated by the CIA because he wasn't fully committed to taking down Castro and planned to cut their funding by 20%.,conspiracy_claim,15,90,mostly_false,"The statement alleges a secret CIA-orchestrated assassination motivated by Kennedy’s stance on Cuba and a proposed 20% funding cut. Public investigations, including the Warren Commission and later reviews, found no credible evidence of a CIA-led conspiracy, and recent document releases have added detail about CIA activity without overturning the lone-gunman conclusion.[2][6][10] The motive elements are real historical claims discussed in conspiracy literature, but the central allegation of orchestration remains unsupported by the public record.[1][14]",openrouter/perplexity/sonar-pro,d595a020b777,2026-07-04T16:32:06
R_5k9YBc0REBPsk8x,study3,Truth-Constrained,bunk,affirms,Powerful groups secretly orchestrated the events of 9/11 to justify wars and expand government surveillance.,conspiracy_claim,10,70,false,"The statement claims that unspecified powerful groups *secretly orchestrated* the 9/11 attacks as a deliberate false-flag operation to justify wars and expand surveillance. Extensive investigations, including the bipartisan 9/11 Commission Report and multiple expert reviews, attribute the attacks to al‑Qaeda and explicitly reject theories that the U.S. government or other elites planned or orchestrated them.[1][6][8][12] While it is well documented and clearly true that governments *used* the attacks to justify military interventions and to expand surveillance authorities (e.g., the Patriot Act), this post‑hoc political exploitation is not evidence that those same actors secretly planned the attacks, and no credible evidence supporting such orchestration has emerged despite intensive scrutiny over two decades.[1][8][11]",openrouter/perplexity/sonar-pro,d595a020b777,2026-07-04T16:32:06
R_5kAp0vYGw0SLxS2,study3,Truth-Constrained,bunk,affirms,"The government is hiding proof of alien contact, as evidenced by numerous recent sightings of alien-like spacecraft and instances of unexplained materials falling from space.",conspiracy_claim,25,60,mostly_false,"The claim that the government is *hiding proof* of alien contact goes beyond acknowledging unexplained sightings and asserts a deliberate cover‑up of confirmed extraterrestrial evidence. Official investigations by the US Pentagon’s AARO office and NASA report hundreds of UFO/UAP cases but explicitly state they have found no credible evidence of extraterrestrial life, activities, or technologies and no evidence that the US government has interacted with aliens.[2][8][13] While there are numerous recent sightings and some researchers or enthusiasts speculate about alien spacecraft, these do not constitute verified proof of alien contact, and no publicly available evidence shows that governments are concealing such proof.[2][5][8][13] The existence and frequency of unexplained sightings are well‑documented and checkable, but the alleged hidden proof and intentional government cover‑up are not supported by available evidence and are only indirectly checkable through official inquiries and whistleblower claims, which so far have not substantiated the conspiracy.[2][8][13]",openrouter/perplexity/sonar-pro,d595a020b777,2026-07-04T16:32:06
R_5kZabStvqrsbYAk,study3,Truth-Constrained,bunk,affirms,"Donald Trump, along with his allies in Russia and North Korea, has planned to divide global power, with Trump ruling the Americas and Africa, Putin controlling Russia, Europe, and parts of Asia, and North Korea dominating the Pacific and the remaining parts of Asia.",conspiracy_claim,0,90,false,"The statement alleges a secret plan by Trump, Russia, and North Korea to divide global power and rule specified regions, but there is no credible public evidence of such a coordinated plot. Available reporting instead shows normal diplomacy and strategic tensions involving Trump, Russia, and North Korea, not a revealed scheme for world partitioning.[1][2][7][9]",openrouter/perplexity/sonar-pro,d595a020b777,2026-07-04T16:32:06
R_5ke9O4HVw21gT9j,study3,Truth-Constrained,bunk,affirms,The United States did not land on the moon and covered it up due to their competitive stance against the USSR during the Cold War.,conspiracy_claim,0,95,false,"Extensive independent evidence confirms that the United States conducted successful crewed Moon landings during the Apollo program, beginning with Apollo 11 in July 1969, when astronauts Neil Armstrong and Buzz Aldrin walked on the lunar surface and returned safely to Earth.[1][3][5][13] The landings are supported by multiple lines of verifiable evidence, including telemetry data, thousands of photographs and hours of video, lunar rock samples analyzed worldwide, retroreflectors still used for laser ranging, and corroborating tracking by other countries, including Cold War adversary the USSR, none of whom exposed any supposed hoax despite strong incentives to do so.[1][6][7][11][12] Claims that the U.S. did not land on the Moon and covered it up for Cold War competitive reasons are directly contradicted by this large, consistent body of evidence and by the absence of credible proof of a decades-long, multi-agency, international conspiracy.",openrouter/perplexity/sonar-pro,d595a020b777,2026-07-04T16:32:06
R_5lKXktw8cXYG8Rg,study3,Truth-Constrained,bunk,affirms,The Covid virus was created in a lab.,conspiracy_claim,50,60,mixed_or_unclear,"The claim that the Covid (SARS-CoV-2) virus was *created* in a lab implies deliberate genetic engineering, for which the current scientific consensus finds no supporting evidence and substantial evidence against, concluding the virus is not a laboratory construct or purposefully manipulated.[5][10][6] However, some US and European government assessments now endorse a lab-related origin (typically an accidental leak of a naturally evolved or pre-existing virus under study, not deliberate creation), and the overall origin remains unresolved with both zoonotic spillover and lab-associated scenarios under discussion.[1][2][4][7][9] Because the specific assertion of lab *creation* is not supported, but a broader lab-leak origin is considered plausible by some agencies and not definitively ruled out by scientists, the overall evidence is mixed and uncertain at the level of this statement.",openrouter/perplexity/sonar-pro,d595a020b777,2026-07-04T16:32:06
R_5lVC7m60HL2p7SF,study3,Truth-Constrained,debunk,affirms,"The President of the United States is not running the country because he lacks the mental capacity, and this fact is being covered up.",conspiracy_claim,25,85,mostly_false,"The statement alleges a concealed incapacity and a cover-up of that incapacity, which is a concrete, checkable claim about secret coordination. Public reporting and official statements cited here show presidents have been publicly assessed as fit for duty, while also noting that claims of hidden mental decline in office have not been substantiated; there is no public evidence establishing the specific cover-up asserted here.[1][3][5][8]",openrouter/perplexity/sonar-pro,d595a020b777,2026-07-04T16:32:06
R_5lhiHpyHVy3VAI7,study3,Truth-Constrained,bunk,affirms,The moon landing was faked.,conspiracy_claim,0,95,false,"The claim that the moon landing was faked asserts a large-scale secret hoax by NASA and the U.S. government; this has been extensively investigated and is contradicted by multiple, independent lines of evidence, including thousands of photos and hours of video, detailed telemetry and audio records, and 382 kg of lunar rock independently analyzed worldwide as genuinely lunar.[1][9] Modern lunar orbiters from several countries have imaged the Apollo landing sites, showing hardware and even astronaut tracks, and every technical argument offered by hoax proponents (flags, shadows, stars, etc.) has been specifically and repeatedly debunked by scientific and engineering analysis.[1][9][10]",openrouter/perplexity/sonar-pro,d595a020b777,2026-07-04T16:32:06
R_5mhNsukRljyxFuN,study3,Truth-Constrained,debunk,affirms,The government was involved in the assassination of John F. Kennedy.,conspiracy_claim,25,95,mostly_false,"The statement alleges secret government involvement in Kennedy’s assassination. The Warren Commission and later HSCA/National Archives summaries state that the Secret Service, FBI, and CIA were not involved, while the HSCA did find a probable conspiracy but not government involvement as claimed. Public evidence does not substantiate government participation in the assassination as stated.",openrouter/perplexity/sonar-pro,d595a020b777,2026-07-04T16:32:06
R_5mr8TOEfDrseFEd,study3,Truth-Constrained,bunk,affirms,The Chinese intentionally created and released COVID-19 from a lab to disrupt the U.S. economy.,conspiracy_claim,5,85,false,"Public evidence does not support the claim that China intentionally created and released SARS-CoV-2 to disrupt the U.S. economy. U.S. intelligence agencies have unanimously rejected the idea that the virus was developed as a biological weapon, and multiple assessments say there is no direct evidence of intentional release, although some sources consider a lab-related accident or leak plausible.[13][14][15]",openrouter/perplexity/sonar-pro,d595a020b777,2026-07-04T16:32:06
R_5msjppb6PdWe5jg,study3,Truth-Constrained,bunk,affirms,"The US government has recovered alien spacecraft and possibly even extraterrestrial life forms, storing and studying them at Area 51 in Nevada, and may have reverse-engineered alien technologies.",conspiracy_claim,10,70,false,"The claim describes a covert US program recovering alien spacecraft and life forms, storing them at Area 51, and reverse‑engineering their technology, which is a classic Area 51/Roswell conspiracy narrative.[3][7][8][13] Authoritative sources, including the US Air Force’s Roswell reports and mainstream reference works, state that the Roswell incident involved Project Mogul balloon debris and that the broader stories of alien corpses, autopsies, and reverse‑engineered extraterrestrial technology have no factual basis.[6][9] Encyclopedic and journalistic treatments of Area 51 likewise report that its confirmed role is flight‑testing classified military aircraft, note that figures like Bob Lazar who claimed alien craft work there have been discredited, and state there is no evidence of extraterrestrial contact at Area 51 or anywhere else.[3][7][9][15] While the base’s activities are secret, the absence of corroborating physical, documentary, or credible whistleblower evidence over many decades, despite extensive investigation and declassification related to Area 51 and Roswell, strongly indicates the specific alien‑craft and reverse‑engineering scenario is false as stated.",openrouter/perplexity/sonar-pro,d595a020b777,2026-07-04T16:32:06
R_5nH7zy1aNL56YAE,study3,Truth-Constrained,debunk,affirms,"Princess Diana's death was not an accident, but rather orchestrated by the Royal Family to prevent her from having an Egyptian and Muslim stepfather for Prince Charles' sons.",conspiracy_claim,10,80,false,"Multiple official investigations in France and the UK, including the French judicial inquiry, the Metropolitan Police’s Operation Paget, and the 2008 British inquest, all concluded that Princess Diana’s death resulted from a car crash caused by the grossly negligent driving of Henri Paul and pursuing paparazzi, with contributing factors such as alcohol, speed, and lack of seatbelts, and found no credible evidence of any conspiracy or orchestration by the Royal Family or British intelligence.[1][3][6][7][8][10] Claims that the Royal Family arranged her death to prevent her sons from having an Egyptian Muslim stepfather were specifically investigated, largely via allegations promoted by Mohamed al-Fayed, and were explicitly rejected as unsupported by evidence, with findings that Diana was neither pregnant nor about to marry Dodi al-Fayed.[2][5][6][10]",openrouter/perplexity/sonar-pro,d595a020b777,2026-07-04T16:32:06
R_5nPneraUR4h8Afa,study3,Truth-Constrained,bunk,affirms,"The September 11th attacks were orchestrated as a distraction to steal gold from the Federal Reserve Bank, with evidence suggesting a large amount of gold was taken from the New York Federal Reserve that day.",conspiracy_claim,10,70,false,"The claim asserts that 9/11 was orchestrated specifically as a distraction to steal gold from the New York Federal Reserve and that evidence shows a large amount of Fed gold was taken that day. Public records and mainstream reporting on 9/11's financial and payment-system impact describe emergency liquidity measures and continuity of operations, but do not report any loss or theft of gold from the New York Fed vaults.[2][3][10][15] The New York Fed’s gold vault is a highly secured facility, and there is no credible documentation that its gold holdings were removed or stolen in connection with the attacks; later descriptions of its holdings treat them as intact and ongoing.[12][14] Allegations of major gold thefts on 9/11 come from speculative or conspiracist sources that focus on private bullion stored under the World Trade Center, not on gold in the Federal Reserve’s own vault, and these accounts are not corroborated by independent, authoritative evidence.[1][7][8] Because the core allegation concerns a covert motive and secret orchestration, it is partly inferential and not directly observable, but whether large amounts of Fed gold went missing is empirically checkable via audits and official reporting, which show no such loss. Thus, the specific claim of an orchestrated distraction to steal gold from the New York Fed, with evidence of such theft, is unsupported and contradicts the best available evidence.",openrouter/perplexity/sonar-pro,d595a020b777,2026-07-04T16:32:06
R_5noejpSyeaOSvLt,study3,Truth-Constrained,debunk,affirms,The Twitter files and Facebook whistleblower reports reveal significant hidden activities by social media companies.,official_account,80,90,mostly_true,"The claim is general: that the Twitter Files and Facebook whistleblower materials reveal significant hidden activities by social media companies. The Twitter Files consist of internal emails, Slack logs, and other documents showing non-public decisions about content moderation, shadowbanning, coordination with U.S. government agencies, and influence operations, which were not previously visible to the public and have been widely reported as bringing new information to light.[12][6][15] Similarly, the Facebook whistleblower (e.g., Frances Haugen) disclosed internal research and practices indicating that Facebook’s algorithms and policies had effects and risks that were not fully disclosed to users or regulators, which is well documented in public reporting and congressional testimony. These are concrete, checkable revelations of previously hidden internal practices, though calling them “significant” involves some subjective judgment; overall, the central claim that such disclosures revealed substantial non-public activities is well supported by the evidence.",openrouter/perplexity/sonar-pro,d595a020b777,2026-07-04T16:32:06
R_5nwn3ccFhyrzfC9,study3,Truth-Constrained,bunk,affirms,The government is hiding evidence of extraterrestrial contact and has recovered alien technology.,conspiracy_claim,25,90,mostly_false,"Public U.S. government and Pentagon reviews have repeatedly said they found no verifiable evidence that any UAP was extraterrestrial technology and no evidence that the government has recovered or is concealing alien spacecraft or materials.[4][6][9][14] While some declassified records discuss UAP reports and unresolved sightings, those releases do not substantiate the specific claim of hidden extraterrestrial contact or recovered alien technology.[1][5][11]",openrouter/perplexity/sonar-pro,d595a020b777,2026-07-04T16:32:06
R_5nxcHQq5zIa4HEn,study3,Truth-Constrained,debunk,affirms,An elite group of individuals possess significantly more power in the world than the public perceives.,conspiracy_claim,50,60,mixed_or_unclear,"Political sociology and elite theory widely document that a relatively small **power elite** or **superclass** holds a disproportionate share of economic and political power, much of it operating outside ordinary public visibility and attention.[12][13][11][14] However, the claim as stated implies a somewhat unified, covert ""elite group"" with significantly more power than the public perceives at a global scale, which goes beyond the available evidence: research supports concentrated and partly invisible elite influence, but not a single secretive cabal operating with coordinated hidden control over world events.[3][5][10][11]",openrouter/perplexity/sonar-pro,d595a020b777,2026-07-04T16:32:06
R_5o7vyEzsyPYFoOQ,study3,Truth-Constrained,debunk,affirms,"The Californian government mandated the release of fresh water into the ocean, contributing to flooding and not genuinely indicating a shortage of water despite official narratives.",conspiracy_claim,25,80,mostly_false,"California law and regulations do require substantial environmental flow releases to rivers and the ocean to protect ecosystems and endangered species, and some critics and farmers describe this as a 'man‑made drought.'[11][13] However, there is no evidence of a government mandate intentionally releasing fresh water to cause flooding or to fabricate a water shortage; instead, the scientific and policy record shows real, climate‑driven drought and chronic supply‑demand imbalances, with infrastructure and policy problems compounding genuine scarcity rather than disproving it.[2][6][8][10][11][14]",openrouter/perplexity/sonar-pro,d595a020b777,2026-07-04T16:32:06
R_5oFqJ6Y20OoZ2WB,study3,Truth-Constrained,debunk,affirms,"Lee Harvey Oswald did not act alone in the assassination of JFK, as there were extra shots fired and Kennedy's reaction suggested bullet impacts from multiple directions, benefiting those in power.",conspiracy_claim,40,70,mostly_false,"Multiple official investigations, including the Warren Commission and later expert reviews of newly released files, have found no credible evidence that Oswald had co‑conspirators or that a second gunman was involved, and they conclude he acted alone.[2][3][7][11][12] Although the 1979 House Select Committee on Assassinations reported a ‘high probability’ of two gunmen based on acoustic evidence and deemed a conspiracy probable, that acoustic evidence was later challenged and does not definitively establish extra shots, multiple directions of fire, or that the assassination was orchestrated to benefit those in power.[4][10][13][14][15]",openrouter/perplexity/sonar-pro,d595a020b777,2026-07-04T16:32:06
R_5otd4eDqLrnRS6m,study3,Truth-Constrained,bunk,affirms,Powerful groups influenced the origins or management of the COVID-19 pandemic behind the scenes to advance their own interests.,conspiracy_claim,25,40,mostly_false,"The statement alleges that unspecified ""powerful groups"" covertly influenced the *origins* or *management* of the COVID‑19 pandemic behind the scenes specifically to advance their own interests, implying a coordinated hidden plot rather than ordinary political and economic influence. Multiple scientific and institutional reviews conclude the virus most likely emerged through zoonotic spillover from animals, not through a deliberate release or bioweapon program, and available evidence does not support claims of an intentional, coordinated creation or orchestration of the pandemic by powerful groups for profit or control.[4][6][9][13] While governments, corporations, and political actors undeniably used their power to shape pandemic policies, frames, and information flows in ways that often aligned with their interests, this is documented as visible political and structural power rather than a proven secret conspiracy to engineer or manage the pandemic itself for self‑interested goals.[1][2][8][10][12] Because the claim is broad, lacks specific actors or mechanisms, and concerns covert intent, it is only partially checkable, and evidence for a deliberate hidden plot is largely absent where one would expect it, so the claim as stated is better characterized as mostly unsupported.",openrouter/perplexity/sonar-pro,d595a020b777,2026-07-04T16:32:06
R_5oz3qCGFi7vOi7n,study3,Truth-Constrained,debunk,affirms,"Microchips that control human behavior have been added to vaccines, and some forces are attempting to control the public through this.",conspiracy_claim,0,90,false,"Public ingredient lists for all major vaccines, including COVID-19 vaccines, show only biological and chemical components such as mRNA or viral vectors, lipids, salts, and sugars, with no electronic or microchip components.[2][4][12][14] Multiple health authorities and independent experts explicitly state that vaccines do not and cannot contain behavior-controlling or tracking microchips, and there is no evidence of any program using vaccines to implant such devices to control the public.[1][4][6][7][8][11][15]",openrouter/perplexity/sonar-pro,d595a020b777,2026-07-04T16:32:06
R_5ozqS6mNvEH9TuJ,study3,Truth-Constrained,debunk,affirms,The moon landing in 1969 was fake.,conspiracy_claim,0,95,false,"The 1969 Apollo 11 Moon landing is supported by extensive contemporaneous telemetry, thousands of photographs and hours of video, physical samples of lunar rock with properties distinct from Earth rocks, and independent tracking by multiple countries, all consistent with a real lunar mission.[1][5][6] Common hoax arguments about the flag movement and absence of stars are explained by the flag’s support rod and the physics of photography in bright lunar daylight, and do not constitute evidence of fakery.[2][4][6][9][10]",openrouter/perplexity/sonar-pro,d595a020b777,2026-07-04T16:32:06
R_5pOk9iKh7OHwmHv,study3,Truth-Constrained,debunk,affirms,John F. Kennedy's assassination was orchestrated by the government or another high organization to remove him from office.,conspiracy_claim,25,70,mostly_false,"Multiple official investigations, including the Warren Commission, found no credible evidence that the U.S. government or any other high-level organization orchestrated Kennedy's assassination, concluding that Lee Harvey Oswald acted alone.[6][4] A later House Select Committee on Assassinations suggested there was probably a conspiracy but explicitly reported it found insufficient evidence tying the Soviet government, Cuban government, anti-Castro groups, organized crime, or other organizations to the assassination.[3] Despite extensive scholarship and declassified records, no robust, verifiable evidence has emerged demonstrating that the government or another high organization planned the killing to remove Kennedy from office, and detailed reviews note that such involvement remains unproven and likely unprovable.[11][12]",openrouter/perplexity/sonar-pro,d595a020b777,2026-07-04T16:32:06
R_5r6Ufy4s0eZVbQI,study3,Truth-Constrained,bunk,affirms,Smart devices monitor users and steal their privacy while big companies hide it.,conspiracy_claim,40,70,mostly_false,"It is well documented that many smart/IoT devices **monitor users and collect extensive personal data as part of their normal operation**, often sending this data to manufacturers and third parties, which raises serious privacy concerns.[2][3][8][12][15] There is also evidence that some companies are not fully transparent, using complex privacy policies and default settings that obscure the extent of data collection and sharing.[12][14][15] However, the stronger allegation that smart devices ""steal"" privacy and that ""big companies hide it"" as a coordinated, secret plot goes beyond available evidence: data collection and profiling practices are widely disclosed in privacy policies, regulatory investigations, journalism, and advocacy reports, and are the subject of public debate and enforcement actions, not a fully hidden conspiracy.[2][8][12] The core factual part (extensive monitoring and privacy risks) is supported, but the claim of systematic secret theft and deliberate concealment by ""big companies"" as a covert scheme is largely unsupported, so the overall conspiracy claim is mostly false as stated.",openrouter/perplexity/sonar-pro,d595a020b777,2026-07-04T16:32:06
R_5rAFXVtqKMgPwgW,study3,Truth-Constrained,debunk,affirms,HAARP is used to control the weather.,conspiracy_claim,0,95,false,"HAARP is an ionospheric research facility that transmits radio waves into the upper atmosphere to study its properties, and experts as well as HAARP’s own FAQ state that the frequencies used are not absorbed in the troposphere or stratosphere where weather occurs, meaning there is no interaction and thus no way for HAARP to control the weather.[2][9][11] Multiple independent fact-checks and atmospheric scientists have assessed that HAARP’s power, location, and operating principles are physically incapable of influencing or controlling weather systems, and no credible evidence has ever been produced to show otherwise.[1][3][6][8]",openrouter/perplexity/sonar-pro,d595a020b777,2026-07-04T16:32:06
R_5rHyXZh500Gjee3,study3,Truth-Constrained,bunk,affirms,The Covid pandemic was purposely created and released to infect the world.,conspiracy_claim,10,70,false,"The claim asserts that SARS-CoV-2 was *purposely created* and *deliberately released* as an intentional infection of the world. Multiple genetic and evolutionary analyses find no signatures of engineering in SARS-CoV-2 and conclude it is most consistent with a naturally evolved coronavirus, likely arising via zoonotic spillover from animals to humans.[2][8][11][13][14] U.S. intelligence assessments and major scientific reviews explicitly state that while a natural spillover or accidental lab-related origin remain debated, the hypothesis that COVID-19 was deliberately engineered and released as a bioweapon lacks evidence and has been unanimously rejected by U.S. intelligence agencies.[4][7][13] There is currently no empirical evidence of a purposeful global release, and extensive investigations have not uncovered documentation, orders, or credible testimony supporting a coordinated intentional spread, making the deliberate-creation-and-release claim clearly unsupported by available evidence.",openrouter/perplexity/sonar-pro,d595a020b777,2026-07-04T16:32:06
R_5rNGjBDNulf2bgt,study3,Truth-Constrained,bunk,affirms,"The Pentagon was hit by a missile on 9/11 rather than a plane, as evidenced by the absence of wing marks or debris outside the building.",conspiracy_claim,0,95,false,"Extensive official investigations, eyewitness testimony, forensic identifications of passengers and crew, structural engineering analyses, and photographic evidence all confirm that American Airlines Flight 77, a Boeing 757, struck the Pentagon on 9/11, not a missile.[1][3][4][8][9][11][14] Structural engineers and responders report and document aircraft wreckage, wing impact marks, landing gear damage, and the recovered black box, directly contradicting the claim that the absence of wing marks or outside debris proves a missile strike.[2][3][4]",openrouter/perplexity/sonar-pro,d595a020b777,2026-07-04T16:32:06
R_5rUDjQiYPeDJzQs,study3,Truth-Constrained,bunk,affirms,The U.S. government was involved in planning or allowing the 9/11 attacks to justify wars in the Middle East and increase domestic surveillance.,conspiracy_claim,10,85,false,"Extensive investigations, including the 9/11 Commission Report and multiple U.S. government and independent expert reviews, attribute the planning and execution of the 9/11 attacks to al‑Qaeda and specifically reject claims that the U.S. government planned, allowed, or orchestrated the attacks as a pretext for war or surveillance.[1][4][7] While there were documented intelligence and bureaucratic failures in responding to warnings, available evidence shows negligence and systemic dysfunction rather than deliberate intent to permit the attacks, and no credible evidence has surfaced that officials consciously planned or allowed them to happen to justify Middle East wars or expanded domestic surveillance.[1][2][4][6]",openrouter/perplexity/sonar-pro,d595a020b777,2026-07-04T16:32:06
R_5rYHHU5e8CObWP6,study3,Truth-Constrained,debunk,affirms,The JFK assassination involves unresolved loose ends that suggest it might not have occurred as officially reported.,conspiracy_claim,50,70,mixed_or_unclear,"The official account, based on the Warren Commission, is that Lee Harvey Oswald acted alone and there was no evidence of a broader conspiracy.[6] Decades of subsequent investigations and large releases of government files have not produced clear, affirmative evidence that the assassination did not occur as officially reported, or that a specific alternative plot can be proven.[6][9][12] However, some official bodies and witnesses have raised unresolved questions: the House Select Committee on Assassinations concluded in 1979 that Kennedy was probably assassinated as a result of a conspiracy, though it could not identify other gunmen or conspirators, explicitly leaving loose ends.[8][13] More recent witness accounts, such as former Secret Service agent Paul Landis’s differing account of a bullet’s location, also conflict with parts of the official narrative and fuel doubts without definitively disproving it.[11] Thus, there are acknowledged unresolved issues and minority official findings that suggest the lone‑gunman account may be incomplete, but the evidence does not clearly establish that the assassination ""might not have occurred as officially reported"" in the stronger sense of proving an alternative coordinated plot, making the claim’s truth status genuinely mixed and uncertain.",openrouter/perplexity/sonar-pro,d595a020b777,2026-07-04T16:32:06
R_5rd7NRi9C3T01z3,study3,Truth-Constrained,debunk,affirms,JFK's assassination was a plot orchestrated by his own party to get rid of him.,conspiracy_claim,10,60,false,"The statement alleges that members of John F. Kennedy’s own political party secretly orchestrated his assassination. Official investigations, including the Warren Commission, concluded that Lee Harvey Oswald acted alone and found no evidence of any broader conspiracy, domestic or foreign.[6][5] A later House Select Committee on Assassinations in 1979 did judge that JFK was ""probably assassinated as a result of a conspiracy,"" but it did not identify the conspirators and found no evidence implicating Kennedy’s party.[8][14] Extensive subsequent research and the release of additional government files have likewise produced no credible evidence that Democratic Party figures planned or directed the killing, making this specific claim unsupported by available evidence.[6][9]",openrouter/perplexity/sonar-pro,d595a020b777,2026-07-04T16:32:06
R_5ridpZ8XZh9lsAZ,study3,Truth-Constrained,bunk,affirms,The government is hiding evidence of UAPs and contact they've had with UFOs throughout the decades.,conspiracy_claim,25,70,mostly_false,"The claim asserts that the government has for decades **hidden evidence of UAPs and contact with UFOs**, implying confirmed extraterrestrial craft and interaction that are being deliberately concealed. Multiple official investigations and the 2024 Historical Record Report from the Pentagon’s All-domain Anomaly Resolution Office state they found **no evidence** that any UAP sightings represent extraterrestrial technology, nor that the government or private companies possess or reverse‑engineer extraterrestrial materials.[6][15] Recent large‑scale declassification efforts, including the Trump administration’s release of extensive UAP/UFO files going back 80 years, likewise report no confirmed evidence of extraterrestrial visitors or contact.[5][7][9][11] While some whistleblowers and filmmakers allege a cover‑up, these accounts are anecdotal and unverified, and mainstream scientific and investigative consensus is that there is little to no evidence supporting claims of concealed alien contact.[7][8][12] The existence of classified UAP programs and incomplete transparency about aerial phenomena is well documented, but that is not the same as hiding proven evidence of contact with UFOs as extraterrestrial craft; current public evidence weighs strongly against that specific assertion.",openrouter/perplexity/sonar-pro,d595a020b777,2026-07-04T16:32:06
R_5scATCpAkNWZmzw,study3,Truth-Constrained,debunk,affirms,"Donald Trump was not actually hit in the ear with a bullet, and the incident was faked.",conspiracy_claim,0,100,false,"Public reporting and fact checks consistently state that Trump was injured in his right ear by a bullet during the Butler rally shooting, with Trump himself saying a bullet pierced the upper part of his right ear and the FBI confirming a bullet wound. Claims that his uninjured ear proves the incident was faked rely on misdated or fabricated images rather than evidence of a staged event.[8][9][13][5][7]",openrouter/perplexity/sonar-pro,d595a020b777,2026-07-04T16:32:06
R_5u4cDDlgZ2Vtt1T,study3,Truth-Constrained,bunk,affirms,The Bible was used to control individuals and allow for murder and controlled chaos.,conspiracy_claim,25,60,mostly_false,"The claim is too broad as stated: while there is clear evidence that parts of Scripture have been used by institutions or leaders to justify coercion, slavery, war, and other abuses, that does not establish that “the Bible” itself was used in a unified covert plan to control individuals and enable murder or “controlled chaos.” Sources in the results explicitly argue against the idea that the Bible was written for control, while others document later misuse for power and oppression.",openrouter/perplexity/sonar-pro,d595a020b777,2026-07-04T16:32:06
R_5v4qnLxAnqy8kEN,study3,Truth-Constrained,debunk,affirms,HAARP is used to control the weather.,conspiracy_claim,0,95,false,"HAARP is an ionospheric research facility that transmits radio waves into the upper atmosphere to study its properties, and experts as well as the HAARP operators themselves state that these frequencies are not absorbed in the troposphere or stratosphere where weather occurs, meaning there is no physical interaction by which HAARP could control weather.[2][3][4][8][10][12] Multiple independent fact-checks and atmospheric scientists conclude there is no credible mechanism or evidence that HAARP can influence or control weather, and existing weather modification technologies are far too limited to support such claims.[1][2][3][6][7][9][15]",openrouter/perplexity/sonar-pro,d595a020b777,2026-07-04T16:32:06
R_5wMl2uY58bWbl7c,study3,Truth-Constrained,bunk,affirms,The propulsion system of extraterrestrial aircraft has been reverse engineered and suppressed by a shadow government.,conspiracy_claim,10,85,false,"The statement alleges a covert program to reverse engineer extraterrestrial propulsion and suppress it by a shadow government. Publicly available evidence does not verify that extraterrestrial aircraft or their propulsion systems have been recovered or reverse-engineered, and official U.S. reviews have said there is no verifiable evidence for such claims[7]. The supporting material provided is largely speculative or testimonial rather than independently corroborated, so the claim is not supported as stated.",openrouter/perplexity/sonar-pro,d595a020b777,2026-07-04T16:32:06
R_5wSGM3iQz1BMnrX,study3,Truth-Constrained,bunk,affirms,"There is a phenomenon where people have collective false memories, possibly due to a multiverse or simulation.",no_claim,,,not_checkable,"The statement is framed as a vague possibility (“possibly due to a multiverse or simulation”) rather than asserting that the phenomenon is in fact caused by a multiverse or simulation, so it does not put forward a clear, checkable claim about secret coordination or about the official account of events. It mainly reflects uncertainty about explanations for the Mandela Effect rather than a concrete factual assertion to be evaluated.",openrouter/perplexity/sonar-pro,d595a020b777,2026-07-04T16:32:06
R_5wbKGaGjJuB1kXs,study3,Truth-Constrained,debunk,affirms,Google and other tech giants use your phone's microphone to eavesdrop on conversations even when you are not actively using voice features.,conspiracy_claim,25,80,mostly_false,"Independent technical studies have found no evidence that major platforms continuously and covertly record and upload ambient conversations for eavesdropping or ad targeting, and both Google and other large firms explicitly deny using ambient microphone audio for ads.[4][9][12][2][5] What has been documented instead are limited cases of accidental activations (“false accepts”) where voice assistants like Google Assistant misinterpret sounds as the wake word and briefly record audio, leading to a $68M settlement, but this is not systematic, deliberate eavesdropping on all conversations when voice features are inactive as claimed.[1][3][7][8][10][11]",openrouter/perplexity/sonar-pro,d595a020b777,2026-07-04T16:32:06
R_5xFejGyUCtEBmPI,study3,Truth-Constrained,debunk,affirms,The government has secretly replaced birds with surveillance drones that sit on power lines to recharge and watch everything we do.,conspiracy_claim,0,100,false,"The statement asserts a covert government plot to replace birds with surveillance drones that recharge on power lines and watch people, which is the core satirical claim of the 'Birds Aren’t Real' conspiracy theory.[5][8][15] Public reporting does document some bird-shaped surveillance drones in China and other military contexts, but that is not evidence that governments secretly replaced actual birds with drones on a general scale.[1][2][3][12]",openrouter/perplexity/sonar-pro,d595a020b777,2026-07-04T16:32:06
R_5xLEIuHL7AIWUfL,study3,Truth-Constrained,bunk,affirms,"The 1969 moon landing was faked by the US government, and astronauts never actually set foot on the moon.",conspiracy_claim,0,95,false,"Multiple independent lines of evidence show that Apollo 11 and subsequent missions did land on the Moon and that astronauts walked on its surface, including 382–841 pounds of lunar rocks independently verified as non‑terrestrial, contemporaneous tracking by other countries (including Cold War adversaries), extensive photo, video, and telemetry records, and later imaging of Apollo landing sites by non‑NASA spacecraft.[2][3][4][11] No credible evidence has ever been produced that the landings were staged, and detailed examinations of specific hoax claims consistently find they rely on misunderstandings of physics or falsified context rather than verifiable data.[1][2][6][12]",openrouter/perplexity/sonar-pro,d595a020b777,2026-07-04T16:32:06
R_5xREBEkA5NmXAlb,study3,Truth-Constrained,debunk,affirms,The 1969 moon landing was faked to win the space race against the Soviet Union.,conspiracy_claim,0,90,false,"The claim that the 1969 Apollo 11 Moon landing was faked to win the space race matches a well-documented hoax narrative, but extensive independent evidence shows the landing genuinely occurred. Multiple lines of proof include 382 kg of lunar rocks verified as extraterrestrial by laboratories worldwide, retroreflector arrays still used for laser ranging, thousands of photos, videos, and telemetry records, and high‑resolution images from later lunar orbiters (NASA’s LRO and probes from China, India, and Japan) showing the Apollo landing sites, hardware, and astronaut tracks.[1][3][4][5][8][9][10] No credible evidence has emerged of a staged production despite the involvement of thousands of people and decades of scrutiny, and specific ""oddities"" (such as the flag movement and photographic anomalies) have been fully explained by physics and camera behavior, leaving the hoax allegation empirically unsupported.[1][3][6][10][12]",openrouter/perplexity/sonar-pro,d595a020b777,2026-07-04T16:32:06
R_5xVi1AnjSmuBSCr,study3,Truth-Constrained,bunk,affirms,The FBI is spying on the Black Panthers and trying to infiltrate them to destroy them from the inside.,conspiracy_claim,95,95,true,"Declassified FBI documents and historical research on COINTELPRO show that the Black Panther Party was a specific, high-priority target of FBI surveillance and infiltration, with the stated objective to ""expose, disrupt, misdirect, discredit, or otherwise neutralize"" Black nationalist organizations, including the Panthers.[8][1][3] Multiple sources document the use of informants, covert operations, anonymous letters, and collaboration with local police explicitly aimed at destroying or neutralizing the Black Panther Party from within.[6][7][9][14] Given the extensive documentary record, the claim that the FBI spied on, infiltrated, and sought to destroy the Black Panthers from the inside is well-supported and highly checkable.",openrouter/perplexity/sonar-pro,d595a020b777,2026-07-04T16:32:06
R_5yfQtlzY1hAJnlD,study3,Truth-Constrained,bunk,affirms,"Pharmaceutical companies have hidden natural cures for diseases like cancer to protect their profits, kept secret by powerful groups.",conspiracy_claim,10,70,false,"This claim matches a well-known ""Big Pharma"" conspiracy theory asserting that pharmaceutical companies and powerful groups are concealing natural cures for major diseases like cancer to protect profits.[10][12] Cancer research organizations and scientific reviewers state there is **no evidence** of a hidden universal or natural cure for cancer being suppressed by pharmaceutical companies or governments, and explain that many effective cancer drugs in fact originate from natural compounds rather than being suppressed.[2][8][9][12][15] Given decades of global, competitive research, involvement of thousands of independent scientists, open scientific publication, and the strong financial and reputational incentives to develop breakthrough cures, the existence of a secret, coordinated cover‑up is incompatible with observed evidence and the structure of modern biomedical research.[2][8][11][12]",openrouter/perplexity/sonar-pro,d595a020b777,2026-07-04T16:32:06
R_5zcyp9FEqN2nbaN,study3,Truth-Constrained,bunk,affirms,The US Government killed President Kennedy.,conspiracy_claim,10,70,false,"Multiple official investigations, including the Warren Commission, the FBI investigation, and the House Select Committee on Assassinations, concluded that Lee Harvey Oswald killed President Kennedy and that there was no evidence the US government or its agencies were involved in the assassination.[2][6][9][14] Later releases of JFK-related government records similarly have not produced evidence that the US government orchestrated Kennedy’s killing.[1][8][11]",openrouter/perplexity/sonar-pro,d595a020b777,2026-07-04T16:32:06
R_5zojGxwic4mrjTm,study3,Truth-Constrained,bunk,affirms,9/11 was orchestrated internally with explosives planted inside the World Trade Center and questionable evidence surrounding the Pentagon crash site.,conspiracy_claim,10,80,false,"The claim that 9/11 was orchestrated internally with pre-planted explosives in the World Trade Center and a falsified or dubious Pentagon crash site is a core 9/11 'inside job' and controlled demolition conspiracy theory, not the established account.[6][9] Extensive investigations by the 9/11 Commission, NIST, FEMA, and other expert bodies found that the WTC towers collapsed due to aircraft impact damage, dislodged fireproofing, and prolonged fires, and WTC 7 due to fire-induced structural failure, with **no corroborating evidence** of pre-placed explosives or a controlled demolition.[3][6][7][12] Detailed analyses of video, photographic evidence, structural modeling, seismographic data, and debris found no signs of blast events or explosive residues consistent with demolition, and mainstream engineers and government investigators have repeatedly rejected controlled demolition hypotheses as unsupported.[3][6][7][12][15] The Pentagon crash has likewise been extensively documented by physical wreckage, victim identification, radar data, and eyewitness testimony, all supporting the impact of American Airlines Flight 77 and not a staged or fabricated event.[7][12] While conspiracy proponents continue to offer alternative narratives, these rely on selective interpretation and have been repeatedly debunked by scientific, engineering, and journalistic investigations, so the specific 'inside job with explosives and questionable Pentagon evidence' claim is clearly contradicted by the best available public evidence.[1][5][6][12][15]",openrouter/perplexity/sonar-pro,d595a020b777,2026-07-04T16:32:06
R_60evnKnYW4kgbaV,study3,Truth-Constrained,debunk,affirms,The January 6th event was led by the FBI.,conspiracy_claim,0,95,false,"The claim asserts that the FBI led the January 6 attack on the U.S. Capitol, implying bureau-directed orchestration of the event. Multiple official investigations, including a multi‑year review by the Justice Department Office of Inspector General, found **no evidence** that FBI agents or informants were authorized to enter the Capitol, encouraged others to break the law, or were directed to participate in or lead the attack.[2][14][15] These reports explicitly debunk allegations that undercover FBI operatives secretly organized or led the riot.[14][15] Public evidence instead shows the FBI played a supporting law‑enforcement and intelligence role before and during January 6 and has since conducted the largest investigation in its history to identify and prosecute rioters, not lead them.[1][2][3][11]",openrouter/perplexity/sonar-pro,d595a020b777,2026-07-04T16:32:06
R_61sy6IyGMjXfYc3,study3,Truth-Constrained,debunk,affirms,The government is hiding extraterrestrial life at Area 51.,conspiracy_claim,5,95,false,"The claim alleges a secret government cover-up of extraterrestrial life at Area 51. Publicly available reporting and declassified records describe Area 51 as a U.S. military testing site for programs such as the U-2 and OXCART, and multiple sources note there is no evidence of extraterrestrial contact there.[4][5][6][8][9][11][14] Rumors about aliens at Area 51 are longstanding, but the evidence supports a secretive military installation, not hidden extraterrestrial life.[1][3]",openrouter/perplexity/sonar-pro,d595a020b777,2026-07-04T16:32:06
R_62MlAtTVZFJHlys,study3,Truth-Constrained,bunk,affirms,Large tech companies manipulate social media algorithms to influence public opinion and elections.,conspiracy_claim,40,70,mostly_false,"Large tech companies openly design and adjust social media algorithms in ways that shape what users see, which in turn can influence public opinion and political polarization.[1][5][10][11] However, the specific claim that they *secretly* manipulate these algorithms *with the deliberate aim of influencing elections* implies a coordinated covert plot to steer electoral outcomes, for which there is limited direct empirical evidence; existing research shows significant but complex and not necessarily intentional effects on attitudes and polarization, and major experiments during election campaigns find feed changes do not clearly alter core political attitudes or behaviors.[2][5][14][15]",openrouter/perplexity/sonar-pro,d595a020b777,2026-07-04T16:32:06
R_62YRCkdHUo7WkO5,study3,Truth-Constrained,debunk,affirms,Barack Obama is an illegal citizen who was born in a Muslim country and was strategically placed in the U.S. government to bring the country down.,conspiracy_claim,0,95,false,"Extensive documentation from official records and multiple independent biographies confirms that Barack Obama was born on August 4, 1961, in Honolulu, Hawaii, and is a natural-born U.S. citizen.[1][2][3][4][6][7][8][10][13] Fact-checking organizations and state authorities in Hawaii have verified the authenticity of his birth documentation and found no evidence that he was born in a Muslim country or was illegally placed in government to undermine the United States; these are unsupported conspiracy theories without corroborating evidence.[8][9][12]",openrouter/perplexity/sonar-pro,d595a020b777,2026-07-04T16:32:06
R_62fkfpiD28zKuGT,study3,Truth-Constrained,bunk,affirms,There are AI and possibly other unknown species living among us that we are not being told about.,conspiracy_claim,10,40,false,"The statement asserts that there are AI entities and possibly other unknown species physically living among humans and that authorities are hiding this fact. There is no credible empirical evidence that sentient, human-like AI beings or undisclosed non-human species are secretly living in society; such an extraordinary situation would generate extensive, verifiable documentation, but none exists. Claims of hidden non-human entities on Earth remain in the realm of speculative fiction and internet folklore rather than documented reality.",openrouter/perplexity/sonar-pro,d595a020b777,2026-07-04T16:32:06
R_62h5yNa7FyUP88p,study3,Truth-Constrained,bunk,affirms,The moon landing in 1969 was staged by the U.S. government to win the space race against the Soviet Union.,conspiracy_claim,0,95,false,"The claim that the 1969 Moon landing was staged by the U.S. government to win the space race is a well-known conspiracy theory, not supported by evidence.[1][7][10][11] There is extensive, independent confirmation that Apollo 11 astronauts actually landed on the Moon, including thousands of photos and hours of video, detailed telemetry and mission data, 382 kg of lunar rocks verified as genuinely lunar by laboratories worldwide, and later orbital imagery from NASA’s Lunar Reconnaissance Orbiter and other countries’ spacecraft showing the Apollo landing sites, hardware, and even astronaut footpaths.[1][3][5][8][9] The size of the Apollo program (around 400,000 people involved) and the diversity of independently verifiable records make a successful long-term hoax of this scale extraordinarily implausible, and all specific technical objections raised by hoax proponents have been rebutted by scientific and photographic analysis.[1][4][5][6][7][10]",openrouter/perplexity/sonar-pro,d595a020b777,2026-07-04T16:32:06
R_64iqyapK6B4N0WM,study3,Truth-Constrained,debunk,affirms,There is alien contact in the United States.,conspiracy_claim,25,60,mostly_false,"The statement asserts that aliens are in contact with the United States, which implies confirmed interaction between extraterrestrial beings and U.S. entities. Multiple official investigations and statements, including the Pentagon’s All-domain Anomaly Resolution Office 2024 historical report and NASA’s inquiry, state there is *no evidence* that any UAP/UFO sighting represents extraterrestrial technology or that the U.S. has engaged in contact with aliens.[4][5][14] The White House has also explicitly denied that the U.S. government is in contact with extraterrestrials or has proof of alien life, and reports that no credible evidence of extraterrestrial presence on Earth has been made public.[8] While many unexplained sightings and reports exist, these remain unconfirmed and are not credible evidence of alien contact by current scientific and governmental standards, so the claim is largely unsupported by available evidence.",openrouter/perplexity/sonar-pro,d595a020b777,2026-07-04T16:32:06
R_64oERJAK8gk8gud,study3,Truth-Constrained,bunk,affirms,COVID-19 was intentionally created and used as a political tool to prevent Trump from winning an election.,conspiracy_claim,0,85,false,"The claim asserts that COVID-19 was intentionally created and politically deployed to prevent Donald Trump’s election victory. Multiple lines of evidence contradict this: genomic and epidemiological analyses support a natural zoonotic origin and find no indication that the virus was manmade or genetically engineered.[1][13][14] U.S. intelligence agencies explicitly state that the virus was ""not manmade or genetically modified"" and concur with the wider scientific consensus on its natural origins.[13][7] Fact-checkers have specifically examined and rejected the allegation that the pandemic was planned or fabricated to remove or defeat Trump, finding no supporting evidence and noting the global scale and timing of the outbreak.[1][12] While the political consequences of the pandemic for the 2020 election are documented and widely discussed, there is no empirical evidence that any actor intentionally created or released the virus for that electoral purpose, making the conspiracy claim clearly false despite being highly checkable against available scientific and intelligence assessments.[1][9][13]",openrouter/perplexity/sonar-pro,d595a020b777,2026-07-04T16:32:06
R_65N1bKNDMsWNMMz,study3,Truth-Constrained,debunk,affirms,A secret group controls world events to maintain power and wealth.,conspiracy_claim,10,40,false,"The statement matches broad New World Order–style conspiracy theories claiming a unified, secretive cabal orchestrates and controls global events to preserve its own power and wealth.[15] Historical and journalistic investigations find concentrated power among elites and some secretive meetings (e.g., Bilderberg), but they do not support the existence of a single covert group exercising comprehensive control over 'world events'; experts emphasize that this leap from influence to total hidden control is unwarranted and unsupported by evidence.[6][7][14] This kind of claim is only partly checkable, because it is framed vaguely and unfalsifiably, but where specific allegations have been investigated (e.g. Illuminati controlling modern politics), no credible evidence has been found.[7][15]",openrouter/perplexity/sonar-pro,d595a020b777,2026-07-04T16:32:06
R_673SADe6UCtdd9S,study3,Truth-Constrained,bunk,affirms,The government is hiding evidence of extraterrestrial contact and has recovered alien technology.,conspiracy_claim,25,60,mostly_false,"The claim asserts a covert government cover-up of confirmed extraterrestrial contact and recovered alien technology. Multiple formal investigations and official reviews by the U.S. Department of Defense, AARO, NASA, and other agencies report *no verifiable evidence* that the U.S. government has access to, is reverse‑engineering, or is hiding extraterrestrial technology, and that no UAP sighting has been confirmed as extraterrestrial in origin.[1][6][7][9] While a small number of whistleblowers and witnesses have alleged secret programs and recovered non‑human materials, these claims have not been substantiated by independently verifiable evidence and are explicitly contradicted by official inquiries.[4][5][1] The existence of a deliberate government program hiding proven alien contact and recovered technology is therefore largely unsupported by available evidence, though the inherently secretive nature of intelligence programs prevents absolute disproof, which slightly lowers checkability.",openrouter/perplexity/sonar-pro,d595a020b777,2026-07-04T16:32:06
R_677fAohbZCRbLlr,study3,Truth-Constrained,debunk,affirms,Hollywood is composed of reptilian people who have sold their souls to the devil.,conspiracy_claim,0,60,false,"The claim that Hollywood is literally composed of reptilian beings who have sold their souls to the devil is part of a fringe conspiracy narrative popularized by figures like David Icke and QAnon, not a documented fact.[5][7][10] There is no credible biological, documentary, or investigative evidence that any Hollywood figures are non-human reptilian entities or have entered literal Faustian contracts with a supernatural devil, and media coverage consistently notes that there is ""no proof behind any of the claims"" despite some public belief.[10]",openrouter/perplexity/sonar-pro,d595a020b777,2026-07-04T16:32:06
R_67sC76qmcqBvb8c,study3,Truth-Constrained,debunk,affirms,"There is an available cure for cancer, but it is being withheld to maintain the profits from cancer treatments.",conspiracy_claim,10,70,false,"The claim asserts a coordinated, profit‑motivated suppression of an already available cure for cancer. Cancer comprises hundreds of distinct diseases, and while some specific cancers are curable, there is no single, proven universal cancer cure recognized by major scientific or regulatory bodies.[3][2] Multiple expert and institutional reviews explicitly address and reject the idea that pharmaceutical companies or authorities are hiding a cure for cancer for profit, noting both the scientific implausibility of a one‑size‑fits‑all cure and the lack of any reliable evidence for such a conspiracy.[2][3][9][12][15] Economic and human‑behavior analyses also argue that widespread, multi‑institutional suppression of a genuine cure would be extremely unlikely, given strong incentives (scientific prestige, competition, regulatory oversight, and whistleblowing) to publicize effective treatments.[6][13]",openrouter/perplexity/sonar-pro,d595a020b777,2026-07-04T16:32:06
R_68B6NIXkllbZcpm,study3,Truth-Constrained,bunk,affirms,"The U.S. government knows who killed President Kennedy and why, with more than one shooter involved.",conspiracy_claim,25,70,mostly_false,"Official U.S. investigations, including the Warren Commission, FBI, CIA reviews, and later document releases, conclude that Lee Harvey Oswald assassinated President Kennedy and acted alone, finding no evidence of a broader conspiracy or multiple gunmen.[2][5][8][11][12][15] A 1979 House Select Committee on Assassinations report did find a high probability that two gunmen fired at Kennedy and that he was probably assassinated as a result of a conspiracy, but it explicitly stated it was unable to identify any other gunman or the extent of the conspiracy, and subsequent reviews have cast doubt on its acoustical evidence and have not produced proof that the government knows the identities and motives of additional shooters.[1][6][10][14] Consequently, while a second gunman is considered possible by one official body, the specific claim that the U.S. government *knows* who killed Kennedy and why, with more than one shooter involved, goes beyond available evidence and is largely unsupported.",openrouter/perplexity/sonar-pro,d595a020b777,2026-07-04T16:32:06
R_68ehCTKqlI6tLQ5,study3,Truth-Constrained,debunk,affirms,The government was involved in JFK's assassination and orchestrated a cover-up.,conspiracy_claim,25,80,mostly_false,"Multiple official investigations, including the Warren Commission and the House Select Committee on Assassinations, concluded there was no evidence that U.S. government agencies such as the CIA, FBI, Secret Service, or other federal entities were involved in a conspiracy to assassinate President Kennedy.[3][13] Newly declassified files and historical analyses show that intelligence agencies concealed aspects of their knowledge and Cold War operations and misled investigators, amounting to a governmental cover-up of information related to Oswald and CIA activities, but this evidence does not establish that the government orchestrated JFK’s murder itself.[1][6][9][10][7][15]",openrouter/perplexity/sonar-pro,d595a020b777,2026-07-04T16:32:06
R_69j1mwCOLHzZG9j,study3,Truth-Constrained,bunk,affirms,"The American government spies on its citizens and operates blacksites to torture people, with technology companies providing collected information to the government.",conspiracy_claim,75,85,mostly_true,"There is extensive, well-documented evidence that the U.S. government engages in large-scale surveillance of people in the United States, including warrantless or mass collection of communications and data, often in cooperation with major telecommunications and technology companies under programs such as PRISM and Section 702.[1][3][8][10][13][14] Multiple reputable civil-liberties organizations and investigative reports also document that federal agencies purchase vast troves of commercially collected consumer data (location, online activity, etc.) from data brokers for law enforcement and national security purposes.[5][6][9] The more specific allegation that the U.S. government currently operates secret “blacksites” on U.S. soil to torture people, in the sense of ongoing clandestine torture facilities, is not supported by comparable public evidence; while the CIA did run overseas blacksites for torture in the post‑9/11 period, these have been publicly exposed and officially ended, and there is no strong evidence of a continuing domestic torture blacksite system. Because the surveillance and data-sharing portions of the claim are well supported but the active-torture-blacksites component is weakly supported, the overall assessment is that the statement is mostly but not fully true as stated.",openrouter/perplexity/sonar-pro,d595a020b777,2026-07-04T16:32:06
R_6BslyJou4tft5S1,study3,Truth-Constrained,bunk,affirms,"Some individuals living among us are not human and may have come from elsewhere, possibly to escape an uninhabitable place or sent here as part of a test by a superior group.",conspiracy_claim,0,60,false,"The statement asserts that some apparently human individuals are literally not human beings and are extraterrestrial visitors or test subjects placed among us by a superior group. There is currently no credible empirical evidence that non-human, extraterrestrial beings are living covertly as humans on Earth, and major reviews of UFO/UAP data (including recent Pentagon reports) explicitly find no evidence of extraterrestrial life or aliens on Earth.[1][3][12] While a few speculative academic and fringe writings entertain this as a hypothesis, they provide no verifiable observations or data showing such beings exist; in a context where biological, genetic, and demographic evidence would be expected, the complete lack of such evidence strongly counts against the claim.[1][3][12]",openrouter/perplexity/sonar-pro,d595a020b777,2026-07-04T16:32:06
R_6CNKP1fZHH4E0UP,study3,Truth-Constrained,debunk,affirms,Lyndon B. Johnson was involved in JFK's assassination.,conspiracy_claim,10,70,false,"The claim asserts that Lyndon B. Johnson was involved in a covert plot to assassinate JFK. Multiple official investigations, including the Warren Commission, which Johnson himself established, concluded that Lee Harvey Oswald acted alone and found no evidence of any conspiracy involving Johnson or other government figures.[1][2][3] The House Select Committee on Assassinations likewise found insufficient evidence that government agencies or major organizations were involved in a conspiracy.[10] While various authors and conspiracy theorists have accused Johnson of orchestrating or participating in the assassination, these allegations rely on speculative interpretations, anecdotal accounts, and contested documents rather than verifiable, corroborated evidence, and mainstream historical scholarship reports that there is no credible evidence linking Johnson to the plot.[1][7] Therefore, the claim that LBJ was involved in JFK's assassination is well-defined and empirically addressable but is strongly contradicted by the best available evidence and expert consensus.",openrouter/perplexity/sonar-pro,d595a020b777,2026-07-04T16:32:06
R_6CO9TtG0r0ph66t,study3,Truth-Constrained,debunk,affirms,Extreme weather events are being manipulated by forces other than nature.,conspiracy_claim,10,90,false,"The statement alleges that extreme weather is being deliberately manipulated by non-natural forces, which matches a weather-control conspiracy claim. NOAA and other fact-checking sources state there is no technology to create, steer, or meaningfully alter hurricanes or other major storm systems, and there is no evidence supporting widespread weather manipulation.[1][10][15]",openrouter/perplexity/sonar-pro,d595a020b777,2026-07-04T16:32:06
R_6CQnpXJ7HpR2Bpc,study3,Truth-Constrained,debunk,affirms,"A separate, unknown group of people is actually in control of the world and how it operates.",conspiracy_claim,25,40,mostly_false,"The statement asserts a unified, separate, unknown group that secretly controls how the entire world operates, which corresponds to broad New World Order or secret-society control narratives.[1][10][15] Political power and economic influence are distributed across states, institutions, corporations, and elites, with no credible evidence that a single covert group centrally controls global affairs; analyses of such conspiracy theories consistently find them unsupported by verifiable documentation or expert consensus.[1][3][5]",openrouter/perplexity/sonar-pro,d595a020b777,2026-07-04T16:32:06
R_6CwkhtF7203HeTL,study3,Truth-Constrained,bunk,affirms,"The government is hiding the fact that a foreign government, specifically Iran, was responsible for the attempted assassination of the president.",conspiracy_claim,25,80,mostly_false,"Publicly available evidence indicates there was a separate, foiled Iranian plot against Donald Trump in 2024, with DOJ charging Iran-linked operatives and describing an IRGC-directed plan to surveil and kill Trump.[5][10][14] However, in relation to the recent attempted assassination carried out by a 20‑year‑old American at a campaign rally, U.S. officials and the Secret Service have stated there is no indication the attack was linked to any foreign government, and investigators have not identified ties between the shooter and any foreign or domestic co‑conspirator.[11] There is no credible evidence that the U.S. government is hiding Iranian responsibility for that specific attempted assassination; available law‑enforcement statements instead explicitly deny such a link.[11]",openrouter/perplexity/sonar-pro,d595a020b777,2026-07-04T16:32:06
R_6DV960Ay8w5UAsd,study3,Truth-Constrained,debunk,affirms,"A race of small beings exists beneath the sub-polar ice cap in Antarctica, and they have been seen emerging in the past by explorers.",conspiracy_claim,5,90,false,"Public evidence supports that Antarctica hosts microbes and marine animals beneath ice shelves, but not a hidden race of small beings or explorers seeing such beings emerge. The claim about a secret nonhuman race under the sub-polar ice cap is unsupported by credible scientific reporting and conflicts with the available evidence.",openrouter/perplexity/sonar-pro,d595a020b777,2026-07-04T16:32:06
R_6Du5h9K7OeYGasA,study3,Truth-Constrained,debunk,affirms,"Donald Trump is collaborating with Vladimir Putin to weaken the United States from within by making strategic decisions that align with Russian interests, including appointing Tulsi Gabbard, a known Russian sympathizer, to a significant intelligence position and publicly supporting Putin during the Ukraine conflict.",conspiracy_claim,25,60,mostly_false,"The statement alleges an ongoing secret collaboration in which Trump is ""working for"" Putin to weaken or destroy the U.S. from within; despite extensive investigation and public scrutiny, no conclusive evidence has emerged that Trump is operationally collaborating with Putin in such a covert plot.[10][4] Trump has repeatedly expressed affinity for Putin, at times praised him, and has often taken positions on Russia and Ukraine that many observers view as unusually sympathetic to Russian interests, but his stance has also fluctuated and recently become more critical, including public condemnations of the invasion and Putin’s behavior.[6][7][14] The specific factual sub-claim that Trump appointed Tulsi Gabbard to a significant intelligence position is unsupported: there is no public record of her holding such an intelligence leadership role under Trump, though she has been criticized by some analysts as echoing Russian talking points on Syria and Ukraine.[4] Given these points, the broad conspiracy framing of deliberate joint destruction of the U.S. is not backed by evidence, while some narrower assertions about Trump’s rhetoric and policy choices aligning at times with Russian preferences are documented, making the overall claim largely unsupported rather than wholly fabricated.",openrouter/perplexity/sonar-pro,d595a020b777,2026-07-04T16:32:06
R_6DwtLqRJwP57DRP,study3,Truth-Constrained,bunk,affirms,The government is hiding evidence regarding President Kennedy's assassination and blamed the wrong person.,conspiracy_claim,25,70,mostly_false,"There is clear evidence that the U.S. government has withheld and delayed release of some JFK-related records for decades, citing national security and intelligence concerns, so the claim that the government is still hiding some evidence is supported.[1][12][13][14][15] However, multiple official investigations—including the Warren Commission in 1964 and later reviews—have consistently concluded that Lee Harvey Oswald was the assassin and found no credible evidence that the government knowingly blamed the wrong person or that existing withheld files contradict Oswald’s role as gunman.[4][6][13] Newly released documents up to the present have not produced a ""smoking gun"" that undercuts these findings, so the specific allegation that the government is hiding exonerating evidence about Oswald or evidence identifying a different killer remains largely unsupported by available public evidence.[6][9]",openrouter/perplexity/sonar-pro,d595a020b777,2026-07-04T16:32:06
R_6E78vfhP1unR9tA,study3,Truth-Constrained,bunk,affirms,Princess Diana's car crash was staged by the Royal Family to prevent her from marrying a Muslim man.,conspiracy_claim,10,80,false,"The claim that Princess Diana’s fatal car crash was staged by the Royal Family to prevent her from marrying a Muslim man is a well-known assassination/conspiracy theory, prominently promoted by Mohamed Al-Fayed, but has been repeatedly investigated and rejected by official inquiries.[2][5][15] The French judicial investigation (1999) and the extensive British Operation Paget inquiry (published 2006) concluded that the crash resulted from grossly negligent driving by Henri Paul, who was intoxicated, combined with high speed and pursuit by paparazzi, and found no credible evidence of a royal or intelligence plot or staging of the accident.[1][3][4][6][10][11]",openrouter/perplexity/sonar-pro,d595a020b777,2026-07-04T16:32:06
R_6FH5MBmmpBI835L,study3,Truth-Constrained,bunk,affirms,Certain advanced technologies that could solve major problems like clean energy are being deliberately suppressed by powerful corporations to protect their profits.,conspiracy_claim,25,60,mostly_false,"The statement asserts that **advanced technologies capable of solving major problems like clean energy already exist and are being deliberately suppressed by powerful corporations to protect profits**. There is substantial evidence of political, regulatory, and market actions that slow or distort the clean‑energy transition, including allegations and lawsuits about fossil fuel companies misleading the public and impeding renewables, but this is different from hiding fully developed, revolutionary technologies that could already solve the problem.[3][5][14] Claims of broad corporate or government suppression of working ""free energy"" or similar breakthrough devices are widely documented as conspiracy theories, and no credible, verifiable evidence shows that such commercially viable, physics‑defying or near‑miraculous clean energy technologies exist and are being secretly withheld.[2] While corporations sometimes buy patents or structure markets in ways that limit competition, and policy decisions have demonstrably slowed clean-energy deployment, the specific claim that existing, problem‑solving advanced energy technologies are being systematically suppressed to protect profits is largely unsupported by empirical evidence and rests mainly on anecdote and conspiracy narratives.[2][4][8]",openrouter/perplexity/sonar-pro,d595a020b777,2026-07-04T16:32:06
R_6G3UCiQ05CxNmJ2,study3,Truth-Constrained,debunk,affirms,The Moon landing footage was filmed in a studio to make it appear as though the US had won the space race.,conspiracy_claim,0,95,false,"Extensive independent evidence shows Apollo missions did land on the Moon and that the footage was transmitted from lunar surface cameras, not filmed in a studio. This includes engineering records, telemetry, rock samples independently analyzed worldwide, and detailed reconstructions of the broadcast chain from lunar TV cameras to Earth receiving stations and television networks.[5][10][12][13] Film and television experts have shown that 1969 technology could not have produced the specific imaging characteristics of the Apollo 11 broadcast (slow-scan TV at 10 fps, lack of film artefacts, lack of atmospheric effects, and continuous 143‑minute transmission), making studio fakery with then-available cameras and slow-motion systems technically infeasible.[2][4][9]",openrouter/perplexity/sonar-pro,d595a020b777,2026-07-04T16:32:06
R_6ILkPA6qz3SWhup,study3,Truth-Constrained,debunk,affirms,The government and pharmaceutical companies are concealing cures for diseases like HIV and cancer.,conspiracy_claim,10,95,false,"The statement alleges a covert suppression of cures by government and pharmaceutical companies. For cancer, mainstream reviews explicitly say there is no hidden cure being withheld, and for HIV there is no credible public evidence that a cure has been discovered and concealed; antiretroviral drugs treat HIV but do not cure it.[3][2]",openrouter/perplexity/sonar-pro,d595a020b777,2026-07-04T16:32:06
R_6IRRZ5A3IYywHye,study3,Truth-Constrained,debunk,affirms,"The moon landing was easily faked, and there has always been doubt about its authenticity.",conspiracy_claim,5,95,false,"Extensive physical, photographic, and independent scientific evidence shows the Apollo Moon landings genuinely occurred, including 382 kg of lunar rocks verified as lunar by laboratories worldwide, laser‑ranging reflectors still used on the Moon, and high‑resolution images of landing sites from multiple countries’ spacecraft.[2][4][5][8] The idea that the landing was ""easily"" faked and that there has ""always"" been substantial doubt misrepresents both the technological difficulty of convincingly faking such missions in 1969 and the historical record, where doubts are a fringe phenomenon that emerged mainly in the mid‑1970s and have been thoroughly rebutted by expert analyses.[5][1][3][4]",openrouter/perplexity/sonar-pro,d595a020b777,2026-07-04T16:32:06
R_6Ii8RQrZsg85WfL,study3,Truth-Constrained,debunk,affirms,The government is conducting experiments with new technologies without informing the public.,conspiracy_claim,25,75,mostly_false,"Governments do run technology experiments and pilots, including public ones and some classified research, but the statement’s broad claim that the government is conducting such experiments without informing the public is not supported as a general rule. Public sources show many experiments are openly documented, while the secrecy claim is only true for some specific classified programs, not the statement as a whole.[1][2][6][8]",openrouter/perplexity/sonar-pro,d595a020b777,2026-07-04T16:32:06
R_6J7jtBVzygOmAr7,study3,Truth-Constrained,bunk,affirms,"The 1969 moon landing was staged by NASA and filmed on Earth to help the United States win the space race against the Soviet Union, using a studio set and special effects.",conspiracy_claim,0,95,false,"The claim that NASA staged and filmed the 1969 Moon landing on Earth to win the space race is a well-known hoax narrative originating with authors like Bill Kaysing, but it is rejected by historians and the scientific community as irrational and unsupported.[1][7][13][15] Extensive independent evidence confirms that Apollo 11 astronauts actually landed on the Moon, including thousands of photos and hours of video, detailed telemetry and mission transcripts, and 382 kg of lunar rocks that have been independently verified by laboratories around the world, making a studio fabrication extraordinarily implausible.[5][6][9]",openrouter/perplexity/sonar-pro,d595a020b777,2026-07-04T16:32:06
R_6J8VZa7TEpz4wNn,study3,Truth-Constrained,bunk,affirms,Certain entities have the ability to control natural disasters and UFOs.,conspiracy_claim,10,40,false,"Modern science shows natural disasters arise from physical processes such as plate tectonics, atmospheric dynamics, and solar activity; while humans can sometimes slightly influence impacts (e.g., flood control, cloud seeding), there is no credible evidence that any entities can broadly *control* when major earthquakes, hurricanes, or other natural disasters occur.[1][2][15] Likewise, there is no verified evidence that any government or other entity can control unidentified flying objects; claims about covert control of UFOs remain unsubstantiated and largely speculative.",openrouter/perplexity/sonar-pro,d595a020b777,2026-07-04T16:32:06
R_6JCQxI31axvboo3,study3,Truth-Constrained,debunk,affirms,The government has captured aliens and established contact with them.,conspiracy_claim,10,70,false,"The claim asserts that the government has *captured* aliens and *established contact* with them, implying a secret program involving physical extraterrestrial beings. Multiple official investigations and declassified files, including the Pentagon’s 2024 Historical Record Report and subsequent UAP/UFO files released under PURSUE, explicitly state they found no evidence that any U.S. government program has recovered alien beings, materials, or technology, nor any proof of contact with extraterrestrial life.[5][7][12][13][14][15] Whistleblower allegations exist, but to date they have produced no verifiable, publicly available evidence of captured aliens or established contact.[13][9]",openrouter/perplexity/sonar-pro,d595a020b777,2026-07-04T16:32:06
R_6JEKZVYDBphQ8It,study3,Truth-Constrained,debunk,affirms,"The US government has been hiding evidence of extraterrestrial life and UFO encounters for decades, including recovered alien technology stored in secret facilities like Area 51.",conspiracy_claim,25,60,mostly_false,"The claim alleges a long‑running US government cover‑up of confirmed extraterrestrial life and recovered alien technology, specifically in secret facilities like Area 51. Declassified records and major investigations indicate Area 51 is a test site for advanced but human‑made aircraft and surveillance programs, and major outlets such as Britannica and National Geographic report that there is *no evidence* of extraterrestrial contact or stored alien technology there or elsewhere in US facilities.[2][4][8] While the base’s secrecy, some UFO reports, and discredited whistleblower stories (e.g., Bob Lazar) have fueled conspiracy theories, the available evidence supports classified military research rather than hidden alien technology, and no verifiable documentation of recovered extraterrestrial craft or bodies has emerged despite decades of scrutiny.[2][4][9]",openrouter/perplexity/sonar-pro,d595a020b777,2026-07-04T16:32:06
R_6JKBtJ6MIIaHlqF,study3,Truth-Constrained,debunk,affirms,The COVID-19 epidemic was caused by Chinese labs accidentally releasing the virus into the population.,conspiracy_claim,50,70,mixed_or_unclear,"The claim asserts an accidental release of SARS-CoV-2 from Chinese labs as the cause of the COVID-19 epidemic, which corresponds to the lab-leak hypothesis. Current evidence does not conclusively support either a lab leak or a natural zoonotic spillover; major scientific assessments (WHO SAGO, multiple peer‑reviewed studies) find the *weight of evidence* favors zoonotic spillover from animals, likely associated with the Huanan Seafood Market, and note no direct evidence of a lab accident or prior existence of the virus in a lab.[2][5][6][15] At the same time, some US agencies and governmental reports judge a lab-related incident to be a plausible or even more likely origin, but these positions also acknowledge the absence of direct proof and rely on circumstantial inference rather than documented lab release events.[1][3][11][12] Because both hypotheses remain formally possible but the best available scientific evidence leans toward natural origin and no concrete evidence of an accidental lab release has been produced, the overall status of the specific lab-accident claim is mixed and unresolved rather than clearly true or clearly false.",openrouter/perplexity/sonar-pro,d595a020b777,2026-07-04T16:32:06
R_6JUZFcRzcX9BEfz,study3,Truth-Constrained,bunk,affirms,Large pharmaceutical companies hide possible cures from the public to maintain high profits.,conspiracy_claim,25,60,mostly_false,"The statement describes a coordinated, secret practice in which large pharmaceutical companies actively hide existing cures from the public to preserve long‑term profits. Extensive discussion of ""Big Pharma"" conspiracy theories in scholarly, journalistic, and expert sources finds **no credible, documented cases** where a proven cure for a major disease was discovered and then deliberately concealed by pharmaceutical firms to maintain revenue streams.[2][4][6][7][10] Economic analyses note that while chronic treatments can be highly profitable, one‑time cures (e.g., certain gene therapies and curative hepatitis C drugs) can also be priced to generate large returns, and firms have in fact brought such cures to market rather than suppressing them.[3][11][14] There is strong evidence of profit‑driven behavior that distorts research priorities, pricing, and access, but the specific allegation of systematically hiding cures is largely unsupported by available evidence.[10]",openrouter/perplexity/sonar-pro,d595a020b777,2026-07-04T16:32:06
R_6Jz2QFZEuzFHRhn,study3,Truth-Constrained,bunk,affirms,There were aliens in one of Miami's parking lots.,official_account,100,100,true,"Miami police and multiple news organizations reported that the Bayside Marketplace incident involved a brawl among teenagers, and police explicitly said there were no aliens, UFOs, or ETs. The viral alien interpretation was publicly debunked as a person walking with a shadow, not extraterrestrials.[6][7][8][11][12]",openrouter/perplexity/sonar-pro,d595a020b777,2026-07-04T16:32:06
R_6KDaQLDktfNErRg,study3,Truth-Constrained,bunk,affirms,"Hitler did not commit suicide in his Berlin bunker; instead, a body double was used, and he escaped by submarine to Argentina.",conspiracy_claim,5,85,false,"The claim directly contradicts the well-documented historical consensus that Adolf Hitler died by suicide in the Führerbunker on 30 April 1945, supported by multiple eyewitness testimonies from bunker occupants and by forensic identification of Hitler’s dental remains, which are the only confirmed physical remains of his body.[1][5] Historians and forensic experts regard escape-to-Argentina narratives, including use of a body double and submarine transport, as unsubstantiated conspiracy theories and note that there is no credible evidence Hitler used body doubles or survived the war, while Soviet-origin stories about doubles and escape are widely assessed as disinformation.[1][9][12]",openrouter/perplexity/sonar-pro,d595a020b777,2026-07-04T16:32:06
R_6KkhoDugg3xFSL9,study3,Truth-Constrained,bunk,affirms,9/11 was an inside job conducted to ensure continued presence in the Middle East for an oil war.,conspiracy_claim,10,90,false,"The statement alleges a covert inside job and motive to sustain an oil war, but the 9/11 Commission, U.S. government investigations, and independent reviews concluded the attacks were carried out by al-Qaeda and rejected claims of a hidden government plot.[1][4][7][8] The specific ‘inside job’/oil-war theory is widely presented as a conspiracy claim and has been extensively debunked, with no credible public evidence showing U.S. officials orchestrated the attacks for that purpose.[1][4][6][7]",openrouter/perplexity/sonar-pro,d595a020b777,2026-07-04T16:32:06
R_6KlPWxhHVDKcf3X,study3,Truth-Constrained,bunk,affirms,Big Pharma controls vaccines and other high-volume prescription medications.,conspiracy_claim,25,80,mostly_false,"Large pharmaceutical companies do have substantial economic and legal control over the *development, intellectual property, pricing, and global supply* of many vaccines and blockbuster prescription drugs, particularly through patent monopolies and control of manufacturing know‑how.[2][4][5][11][13][14] However, the claim that ""Big Pharma controls vaccines and other high-volume prescription medications"" as a broad conspiratorial assertion overstates this influence: governments, public research institutions, and international bodies play major roles in funding research, approving products, regulating safety and marketing, purchasing at scale, and setting or negotiating prices, and the system is documented as a mix of powerful industry influence and public/regulatory oversight rather than a unitary covert ""control"" by pharma companies.[3][6][7][10][12]",openrouter/perplexity/sonar-pro,d595a020b777,2026-07-04T16:32:06
R_6Km3PQV9QBoHoIn,study3,Truth-Constrained,debunk,affirms,"The US government or one of its agencies orchestrated the assassination of JFK, with many witnesses dying under suspicious circumstances thereafter.",conspiracy_claim,20,70,mostly_false,"Extensive official investigations, including the Warren Commission and later reviews of newly released files, have found no evidence that the US government or any of its agencies planned or carried out the assassination; they conclude that Lee Harvey Oswald was the gunman and acted alone, and that there is ""no evidence"" clearly linking any part of the US government to the specific act of JFK's killing.[5][6][10] A House Select Committee in 1979 did judge that Kennedy was ""probably assassinated as a result of a conspiracy,"" but it explicitly reported insufficient evidence to implicate any government group or agency and could not identify any additional gunman or define the conspiracy, leaving the allegation of US government orchestration unsupported.[8][14] Claims that ""many witnesses"" later died under suspicious circumstances have been widely circulated in popular conspiracy literature, but systematic reviews find that supposed patterns of mysterious witness deaths rely on loose, selective definitions of ""witness"" and do not demonstrate statistically unusual mortality or documented foul play; no credible body of evidence shows a coordinated campaign by US agencies to kill witnesses, so this part of the statement is also largely unsupported.",openrouter/perplexity/sonar-pro,d595a020b777,2026-07-04T16:32:06
R_6KpgvguxiiuMQrn,study3,Truth-Constrained,debunk,affirms,Lee Harvey Oswald did not act alone in the assassination of Kennedy.,conspiracy_claim,25,80,mostly_false,"Multiple official investigations, including the Warren Commission, the FBI, Secret Service, and later reviews of newly declassified files, have found no credible evidence that Oswald had accomplices or that a second gunman was involved, concluding he acted alone in assassinating President Kennedy.[8][9][10][4][5][7] While the House Select Committee on Assassinations in the late 1970s suggested a probable conspiracy and a second gunman based on acoustic evidence, that evidence was later discredited and no robust, independently verified proof of co-conspirators has emerged despite extensive investigation, so the claim that Oswald did not act alone is largely unsupported by the best available public evidence.[6][1][14]",openrouter/perplexity/sonar-pro,d595a020b777,2026-07-04T16:32:06
R_6LAigGkhoq5CMLf,study3,Truth-Constrained,debunk,affirms,The moon landing was faked.,conspiracy_claim,0,95,false,"The claim that the moon landing was faked alleges a large-scale hoax by NASA and the U.S. government, which is contradicted by extensive independent evidence: thousands of photos and hours of video, detailed telemetry and mission transcripts, and 382 kg of lunar rock that have been independently analyzed and verified as originating from the Moon.[1][4][9] Multiple non‑U.S. spacecraft (e.g., from China, India, Japan) have imaged Apollo landing sites and hardware on the lunar surface, further confirming that the missions occurred and directly falsifying the assertion that the moon landing was staged.[9]",openrouter/perplexity/sonar-pro,d595a020b777,2026-07-04T16:32:06
R_6Lol1due8mcApgR,study3,Truth-Constrained,bunk,affirms,A secret group called the Illuminati controls world events to maintain power.,conspiracy_claim,10,80,false,"A historical group called the Bavarian Illuminati did exist briefly in the late 18th century, but it was suppressed by Bavarian authorities by the 1780s and there is no credible evidence that a continuing secret organization called the Illuminati now controls world events to maintain power.[1][4][6][15] Modern claims of a global Illuminati directing world affairs are widely recognized by historians and mainstream media as conspiracy theories lacking supporting evidence, with analysts explicitly noting that no credible evidence shows a secret Illuminati cabal manipulating world events or establishing a New World Order.[3][5][7][13][11]",openrouter/perplexity/sonar-pro,d595a020b777,2026-07-04T16:32:06
R_6Lwk6iYDCUTQwKL,study3,Truth-Constrained,bunk,affirms,The government is hiding evidence of extraterrestrial contact and has recovered alien technology.,conspiracy_claim,25,70,mostly_false,"The claim asserts an ongoing, secret government program hiding verified extraterrestrial contact and recovered alien technology. Multiple official investigations, including the U.S. Defense Department’s 2024 historical review of UAP/UFO programs, report finding no empirical or verifiable evidence of extraterrestrial visits, recovered alien craft, or reverse‑engineered alien technology, and explicitly reject such assertions as inaccurate.[2][4][12][15] While some whistleblowers and witnesses allege hidden non‑human intelligences and crash‑retrieval programs, they have not produced independently verifiable physical evidence and their accounts are often second‑hand, whereas extensive official reviews and declassification efforts have so far yielded no corroboration.[7][8][15] Given the strong negative findings from systematic investigations and the absence of tangible corroborating evidence where it should exist if the claim were true, the best available public evidence indicates the statement is mostly false as stated.",openrouter/perplexity/sonar-pro,d595a020b777,2026-07-04T16:32:06
R_6O08iMybMHvu8KC,study3,Truth-Constrained,bunk,affirms,President Trump intends to overthrow America and become its sole ruler.,conspiracy_claim,25,70,mostly_false,"The statement asserts a specific, covert intention by President Trump to overthrow the United States and become its sole ruler. Public evidence does show attempts to overturn the 2020 election, pressure officials, and encourage actions that experts have described as insurrection, rebellion, or attempts to overthrow constitutional order.[10][12] However, these sources are analytical and interpretive, not direct proof of an explicit, secret plan to overthrow the entire country and install himself as sole ruler, and no credible documentation shows a formal plan or admitted intent to become a permanent or sole ruler. The core allegation about a concrete, proven intention to overthrow America and become its sole ruler therefore goes beyond available evidence, making it largely unsupported, though partially grounded in documented anti-democratic actions.",openrouter/perplexity/sonar-pro,d595a020b777,2026-07-04T16:32:06
R_6O1S2xLUikbTLzX,study3,Truth-Constrained,bunk,affirms,Civilizations existed that predate our recorded history.,official_account,90,90,true,"By standard definitions, any society before the invention of writing is both prehistoric and pre–recorded history, and archaeology has extensively documented complex societies and early civilizations from this period, such as Çatalhöyük, Göbekli Tepe, Mehrgarh, Nabta Playa, and Jiahu, all of which significantly predate the earliest written records.[10][4][15] The existence of these organized, socially complex communities before writing is well established in mainstream scholarship, even though debate continues over how ""advanced"" or urban some of them were, so the general claim that civilizations existed before recorded history is clearly supported by evidence.[4][13]",openrouter/perplexity/sonar-pro,d595a020b777,2026-07-04T16:32:06
R_6OC9NumsiclPcB7,study3,Truth-Constrained,debunk,affirms,The Government is under the control of a handful of unelected people that form policy.,conspiracy_claim,25,60,mostly_false,"The claim describes ""the Government"" as being under the control of a small group of unelected people who form policy, implying a covert domination of government by a handful of actors. Scholarly and journalistic work shows that **unelected bureaucrats, technocrats, and regulatory agencies do exercise substantial policy-making power in modern democracies**, often designing and implementing many detailed rules and regulations.[7][15][14] However, these bodies are generally *formally created, overseen, and constrained* by elected institutions such as Congress, presidents, and parliaments, through appointments, budget control, hearings, judicial review, and legal frameworks.[4][10][15] The evidence supports a significant, sometimes problematic influence of unelected actors, but not the stronger allegation that a small, secret group of unelected people fully ""controls"" the government; power remains dispersed across elected officials, courts, bureaucracies, and other institutions, and there is no public evidence of a single, unified handful of unelected controllers directing government policy from behind the scenes.",openrouter/perplexity/sonar-pro,d595a020b777,2026-07-04T16:32:06
R_6OJRgfgCAbqN0GX,study3,Truth-Constrained,debunk,affirms,The COVID-19 virus was fabricated to generate profit for certain groups through the sale of vaccines.,conspiracy_claim,10,90,false,"Public evidence strongly contradicts the claim that SARS-CoV-2 was fabricated; scientific reviews and fact checks report no credible evidence that the virus was man-made or engineered, and the prevailing scientific consensus supports natural origin or, at most, an unresolved origin question[2][8][10][14]. The separate profit allegation is also unsupported in the cited evidence, which specifically notes no evidence that Fauci or Gates profited from the pandemic or vaccines[12].",openrouter/perplexity/sonar-pro,d595a020b777,2026-07-04T16:32:06
R_6Oq4tWDdNTCdrlM,study3,Truth-Constrained,debunk,affirms,"COVID-19 was released by a lab in China on purpose, with the virus obtained from the United States.",conspiracy_claim,10,70,false,"The claim combines two specific allegations: that COVID-19 was *deliberately* released by a Chinese lab, and that the virus was *obtained from the United States*. Current evidence does not establish either point. Intelligence assessments and scientific reviews state that SARS‑CoV‑2 was not developed as a biological weapon and there is no direct evidence of intentional release; both natural spillover and accidental lab-related origin remain only plausible hypotheses.[2][8][14] Major scientific bodies and most experts favor a natural zoonotic origin and emphasize that evidence for any laboratory involvement is inconclusive and lacks substantiation.[2][6][11][14][15] No credible public evidence supports the additional claim that the virus originated in the US and was then supplied to a Chinese lab, making that component effectively unsupported and contradicted by genomic and epidemiological tracing to Wuhan, China.[2][9][14] Given the strong consensus against engineered or weaponized origin, the absence of evidence for deliberate release or US origin where such evidence should be detectable, and the speculative nature of these allegations, the statement is clearly false as stated, though in principle origin questions are empirically investigable, hence moderate checkability.",openrouter/perplexity/sonar-pro,d595a020b777,2026-07-04T16:32:06
R_6Pv33hJW1P3gWs8,study3,Truth-Constrained,bunk,affirms,"The disappearance of Malaysia Flight 370 involves a cover-up regarding the true fate of the flight, as indicated by the discovery of debris in the ocean.",conspiracy_claim,25,70,mostly_false,"The statement asserts that there is a cover‑up about the true fate of MH370, supposedly indicated by debris found in the Indian Ocean. Public evidence shows that multiple debris fragments have been recovered and officially identified as coming from MH370, and authorities have publicly stated that these provide physical proof the aircraft ended in the Indian Ocean.[3][8][5][13] While the precise cause of the crash and full sequence of events remain uncertain and the main wreckage has not been located, there is no credible evidence that officials are hiding a different fate of the flight, and the debris discoveries have been used to support, not suppress, the official account.[3][8][9] The existence of debris is well‑documented and highly checkable, but the alleged cover‑up is speculative and unsupported by available evidence, so the claim as stated is largely unsupported.",openrouter/perplexity/sonar-pro,d595a020b777,2026-07-04T16:32:06
R_6QEEAfWKip5vZUB,study3,Truth-Constrained,bunk,affirms,"The U.S. government was involved in the 9/11 attacks, as evidenced by the controlled demolition-like collapse of the Twin Towers and the presence of detonation charges.",conspiracy_claim,10,90,false,"The claim asserts that the U.S. government was involved in the 9/11 attacks and that the Twin Towers were brought down via controlled demolition with detonation charges. Multiple official investigations, including the NIST studies and the 9/11 Commission, found the collapses were caused by aircraft impact damage and subsequent fires, and reported no corroborating evidence of explosives, detonation charges, or controlled demolition.[6][13][15] Structural engineering experts broadly accept a fire-induced, gravity-driven collapse model and dismiss controlled demolition theories due to lack of physical, acoustic, or forensic evidence for explosives.[6][9][15] While some authors and activist groups publish materials claiming evidence of controlled demolition and possible government complicity, these remain speculative, are not supported by mainstream engineering analyses, and have not produced verifiable proof of government involvement in planning or executing the attacks.[2][5][10][15]",openrouter/perplexity/sonar-pro,d595a020b777,2026-07-04T16:32:06
R_6QElvbHVxy2xIu6,study3,Truth-Constrained,debunk,affirms,Covid was created in a lab and escaped.,conspiracy_claim,50,70,mixed_or_unclear,"The claim has two parts: that Covid (SARS‑CoV‑2) was *created* in a lab, and that it *escaped* from a lab. Current genetic and virologic evidence strongly indicates the virus is not genetically engineered or man‑made, but is a naturally evolved sarbecovirus related to bat coronaviruses, and scientists widely reject a deliberately created origin.[2][4][7][10] Multiple reviews find no genetic signatures of engineering and conclude a natural zoonotic origin is more likely than experimental manipulation.[2][4][10] The possibility of an *accidental lab leak* of a naturally occurring virus remains debated: major scientific assessments judge a lab incident possible but unsupported by direct evidence and less likely than animal‑to‑human spillover at the Wuhan market, while some government reports (including a 2025 US assessment claiming a lab‑related incident is most likely) argue the opposite but acknowledge a lack of conclusive data.[1][3][5][8][10][12][14][15] Because there is strong evidence against lab creation, but the escape hypothesis for a natural virus is not definitively ruled out nor confirmed, the overall claim as stated (created in a lab and escaped) is largely unsupported on the creation component and genuinely uncertain on the escape component, making the evidence mixed and inconclusive.",openrouter/perplexity/sonar-pro,d595a020b777,2026-07-04T16:32:06
R_6Qc5Fk897FEAL8Z,study3,Truth-Constrained,bunk,affirms,Muslims are evil and aim to destroy the USA.,no_claim,,,not_checkable,"The statement is a sweeping, dehumanizing generalization about a very large and diverse religious group, not a specific, checkable factual claim about coordinated secret actions or an official account of events. It expresses prejudice rather than a discrete empirical assertion that can be meaningfully verified or falsified.",openrouter/perplexity/sonar-pro,d595a020b777,2026-07-04T16:32:06
R_6Qf9UMBcVsmuwIV,study3,Truth-Constrained,debunk,affirms,The government is aware of the existence of aliens and UFOs but is concealing this information from the public.,conspiracy_claim,25,80,mostly_false,"Publicly available U.S. government statements say there is no empirical evidence that UAPs are extraterrestrial or that the government has hidden alien technology, and recent releases emphasize transparency rather than concealment.[5][6] While there are ongoing declassification efforts and unresolved UAP reports, that does not support the specific claim that the government knows aliens exist and is concealing that fact from the public.[1][5][6]",openrouter/perplexity/sonar-pro,d595a020b777,2026-07-04T16:32:06
R_6R4oyMToylDfFTn,study3,Truth-Constrained,debunk,affirms,The government is planning to initiate the third world war to control emerging economies.,conspiracy_claim,5,40,false,"The claim asserts a secret, intentional plan by ""the government"" (implicitly a national or multiple governments) to start a deliberate Third World War in order to control emerging economies. While governments do conduct war planning and national security strategy assessments, public and scholarly records describe these as contingency and deterrence planning in the context of existing geopolitical tensions, not as a covert project to initiate a world war for economic domination.[1][2][3][12][15] There is no credible evidence from mainstream journalism, declassified documents, or academic research that any government has a coordinated secret plan to start World War III specifically to control emerging economies; such allegations appear only in speculative or conspiratorial sources lacking verifiable documentation.[9] The core allegation of a deliberate, hidden plan to ignite a global war for that economic purpose is therefore unsupported by available evidence and contradicts the strong incentives states have to avoid catastrophic global conflict.",openrouter/perplexity/sonar-pro,d595a020b777,2026-07-04T16:32:06
R_6RKTOXwuifhfKnf,study3,Truth-Constrained,bunk,affirms,The government was involved in the 9/11 attacks and is now covering it up.,conspiracy_claim,10,70,false,"Extensive investigations, including the bipartisan 9/11 Commission and multiple government and independent reviews, conclude that the September 11 attacks were planned and carried out by al-Qaeda, with U.S. government failures in intelligence and coordination but no evidence of government involvement in planning or executing the attacks.[6][8][13][14] Reviews of 9/11 conspiracy theories specifically find that claims of U.S. government complicity or an ongoing cover-up lack credible supporting evidence and have been repeatedly debunked.[2][3][12]",openrouter/perplexity/sonar-pro,d595a020b777,2026-07-04T16:32:06
R_6ROeXAupfOnfgqd,study3,Truth-Constrained,bunk,affirms,"Wars and conflicts are orchestrated by certain groups, as world leaders are not genuinely committed to peace and often break agreements.",conspiracy_claim,25,60,mostly_false,"The statement makes a broad conspiratorial claim that wars and conflicts are generally orchestrated by unspecified ""certain groups"" and that world leaders are not genuinely committed to peace and routinely break agreements. Empirical research shows that wars arise from a mix of structural factors such as irreconcilable conflicts over governance, resources, ethnic tensions, and security dilemmas, involving both states and non‑state actors, rather than a single covert cabal directing most conflicts.[8][10][11][14] While there are documented cases of **proxy wars** and specific conflicts being orchestrated or heavily influenced by particular elites or foreign sponsors, these are particular mechanisms within some wars, not evidence that wars in general are centrally orchestrated by hidden groups or that world leaders as a class are insincere about peace; this generalization is not supported by available evidence.[5][6][11]",openrouter/perplexity/sonar-pro,d595a020b777,2026-07-04T16:32:06
R_6S6UyoXDrJymY9H,study3,Truth-Constrained,bunk,affirms,Some government officials deliberately create and disseminate information about extraterrestrials to promote it as a conspiracy.,conspiracy_claim,75,65,mostly_true,"There is documented evidence that some U.S. military and Pentagon officials have deliberately fabricated and disseminated UFO/alien-related stories and images as part of disinformation campaigns, especially during the Cold War, to conceal secret aerospace and weapons programs and mislead the public and adversaries.[4][5][9][14] However, these cases involve using extraterrestrial-themed rumors as strategic cover stories rather than broadly promoting them ""as a conspiracy"" in the popular sense, and the extent and motives across all governments and officials are not fully known, so the claim is best judged as mostly but not universally true.",openrouter/perplexity/sonar-pro,d595a020b777,2026-07-04T16:32:06
R_6S7ku2hWGrqFTtT,study3,Truth-Constrained,debunk,affirms,"A secret group of elites, known as The 'New World Order,' is orchestrating a single global government by manipulating world events, economies, and media to exert control over all nations.",conspiracy_claim,10,90,false,"The statement asserts a secret elite cabal is coordinating world events to create a single global government, which matches the New World Order conspiracy theory as described by multiple sources.[1][2][4] Public evidence does not support the existence of such a covert, coordinated plot, and the claim is presented as a conspiracy allegation rather than an established fact.[1][3][15]",openrouter/perplexity/sonar-pro,d595a020b777,2026-07-04T16:32:06
R_6SpJfS8slzQfXUb,study3,Truth-Constrained,bunk,affirms,COVID was caused by people in a lab.,conspiracy_claim,50,60,mixed_or_unclear,"The statement asserts that COVID-19 was *caused by people in a lab*, i.e., originated from laboratory activity rather than natural processes. Current evidence on origins is contested: most virologists and major scientific reviews conclude that a **natural zoonotic spillover** from animals, likely associated with the Huanan market in Wuhan, is better supported and remains the leading hypothesis, with no direct evidence that SARS‑CoV‑2 was engineered or that a specific lab incident has been documented.[4][8][11][15] At the same time, several governments and security agencies (e.g., FBI, some U.S. intelligence elements, U.S. congressional hearings, and a 2025 White House statement) publicly judge a lab-related incident to be plausible or even more likely, but these assessments have not been backed by publicly available, concrete scientific evidence such as records of the virus existing in a lab prior to the outbreak or verified biosecurity breaches.[1][2][3][9][10] Because the origin remains unresolved and authoritative bodies (including WHO’s advisory group) explicitly state that both zoonotic spillover and lab leak hypotheses are still on the table, with the weight of evidence favoring zoonosis, the claim that COVID *was* caused by people in a lab is not clearly established nor clearly disproven, yielding a mixed and uncertain verdict at present.[7][11]",openrouter/perplexity/sonar-pro,d595a020b777,2026-07-04T16:32:06
R_6TCn5jaGf5zRvPj,study3,Truth-Constrained,debunk,affirms,The Kennedy assassination was perpetrated by the CIA.,conspiracy_claim,20,70,mostly_false,"The claim that the CIA perpetrated Kennedy’s assassination is a prominent conspiracy theory, but multiple official investigations have explicitly concluded that the CIA was not involved.[1][10][13] The Warren Commission found no evidence of any conspiracy and determined that Lee Harvey Oswald acted alone, and later the House Select Committee on Assassinations likewise found that the Central Intelligence Agency was not involved in the assassination.[5][10][14] Recent large releases of JFK-related documents and scholarly reviews report no evidence that contradicts these conclusions or substantiates CIA responsibility for the killing, even though they do reveal CIA cover‑ups and intelligence failures around the event.[3][4][9]",openrouter/perplexity/sonar-pro,d595a020b777,2026-07-04T16:32:06
R_6UhFpKez1GCCxLS,study3,Truth-Constrained,debunk,affirms,The US government orchestrated the 9/11 attacks to justify war in the Middle East and increase national security measures.,conspiracy_claim,5,100,false,"The claim alleges a secret orchestration of 9/11 by the U.S. government, but the 9/11 Commission, FBI materials, and major reviews have rejected such theories and found no evidence that U.S. officials planned or carried out the attacks.[2][4][10] While the Bush administration did exploit 9/11 politically and misled the public about Iraq, that is different from orchestrating the attacks themselves.[11]",openrouter/perplexity/sonar-pro,d595a020b777,2026-07-04T16:32:06
R_6V3Fnuu3uZ898Pd,study3,Truth-Constrained,debunk,affirms,"When building a lake or dam near or on top of a cemetery, the bodies are not removed to another location but are submerged underwater.",official_account,25,70,mostly_false,"In many documented dam and reservoir projects, some cemeteries have indeed been submerged, but available historical evidence indicates that bodies are often exhumed and relocated before flooding, not simply left underwater as a universal practice.[6] The claim uses absolute language ('are not removed') about what happens in general, which is contradicted by records showing systematic grave relocation in most such projects, so while there are exceptions, the statement as a general rule is largely false.",openrouter/perplexity/sonar-pro,d595a020b777,2026-07-04T16:32:06
R_6V7HD2zY0zql2xl,study3,Truth-Constrained,debunk,affirms,A small elite cabal is actually controlling world events.,conspiracy_claim,5,40,false,"The statement matches the classic 'global cabal' or 'New World Order' conspiracy theory: a small, secretive elite allegedly coordinating and controlling most or all world events.[2][3][8][10] Political science, history, and economics show that global outcomes arise from many competing states, institutions, firms, and individuals with divergent interests, not a single unified group, and no credible evidence demonstrates that a small hidden cabal centrally directs world events as a whole.[6][9][10] While powerful elites and networks clearly exert significant influence, this falls far short of the total covert control over world events claimed here.",openrouter/perplexity/sonar-pro,d595a020b777,2026-07-04T16:32:06
R_6VdmALQlHzkt2Sd,study3,Truth-Constrained,debunk,affirms,The Moon landing was faked and the event was filmed from a specific location on Earth.,conspiracy_claim,0,95,false,"The claim that the Moon landing was faked and filmed on Earth is a classic Apollo hoax conspiracy theory, but it is contradicted by extensive, mutually corroborating evidence that humans did land on the Moon.[1][7][9] Independent verification includes thousands of photos and hours of video, detailed telemetry and audio, retroreflectors still on the lunar surface, and 382 kg of Moon rocks whose composition matches lunar origin and has been confirmed by laboratories worldwide, making an Earth-based film production explanation untenable.[7][1]",openrouter/perplexity/sonar-pro,d595a020b777,2026-07-04T16:32:06
R_6VrqXUc0elfo5fU,study3,Truth-Constrained,debunk,affirms,The COVID-19 virus was intentionally created and released by a government or organization as a form of biological warfare to gain political or economic advantage.,conspiracy_claim,10,80,false,"The claim that SARS-CoV-2 was *intentionally created and released* as a biological weapon is rejected by genomic analyses and by official investigations. Multiple peer‑reviewed studies conclude that the virus shows no signatures of genetic engineering or purposeful manipulation and is consistent with natural evolution.[1][8][13] U.S. intelligence assessments and public health agencies similarly state there is no credible evidence that SARS‑CoV‑2 was developed or released as a bioweapon, and all U.S. intelligence agencies have rejected the allegation that it was part of a clandestine biological weapons program.[3][4][6][10] While the precise origin (natural spillover vs. accidental lab leak) remains under investigation, there is currently no empirical evidence supporting deliberate creation and release for political or economic advantage, and extensive negative evidence where such evidence would be expected if the claim were true.[1][2][3][10][11]",openrouter/perplexity/sonar-pro,d595a020b777,2026-07-04T16:32:06
R_6VuEA3RZeCeqrQZ,study3,Truth-Constrained,bunk,affirms,"The government is paid off by big pharma to keep people sick and profit, with vaccines being prioritized and a lack of a cancer cure as evidence.",conspiracy_claim,20,70,mostly_false,"There is extensive evidence that pharmaceutical companies exert strong influence on government through lobbying, campaign contributions, revolving-door employment, and regulatory capture, which can contribute to high drug prices and profit-friendly policies.[2][7][10][13][15] However, the specific allegation that the government is broadly ""paid off"" by big pharma *with the deliberate goal of keeping people sick* is not supported: public health agencies and governments actively fund disease prevention, vaccination programs that reduce illness, and large-scale cancer research aimed at cures, which runs counter to a coordinated intent to maintain illness for profit.[10] The claim that lack of a single ""cancer cure"" is evidence of such a plot is also misleading; cancer comprises many different diseases, and current scientific consensus attributes the absence of a universal cure to biological complexity rather than a suppressed remedy, with no credible evidence of a hidden cure being intentionally blocked. The overall structure of the statement—asserting a unified, intentional conspiracy to keep people sick across government—goes beyond what available evidence can substantiate, even though aspects about undue industry influence on policy are well documented.",openrouter/perplexity/sonar-pro,d595a020b777,2026-07-04T16:32:06
R_6WNEl8614m0tm1R,study3,Truth-Constrained,debunk,affirms,Big pharmaceutical companies are hiding treatments or cures to maximize their profits.,conspiracy_claim,20,90,mostly_false,"The statement asserts a secret suppression plot, which is a core Big Pharma conspiracy claim. Public evidence supports that pharmaceutical companies often prioritize profit and may underinvest in unprofitable cures, but credible sources note there is no concrete evidence that companies systematically hide effective cures, and cases like hepatitis C show firms can profit from bringing cures to market rather than suppressing them.[2][9][10][11]",openrouter/perplexity/sonar-pro,d595a020b777,2026-07-04T16:32:06
R_6XbxqFcvP8xy4hs,study3,Truth-Constrained,debunk,affirms,Biden's mental decline was hidden by his cadre from everyone.,conspiracy_claim,40,60,mostly_false,"The statement asserts a fully successful, comprehensive cover-up of Biden’s mental decline ""from everyone"" by a coordinated inner cadre. Multiple partisan investigations, a House Oversight staff report, and books such as Tapper and Thompson’s ""Original Sin"" do allege that Biden’s close aides and family worked to hide or downplay signs of decline from voters, donors, and other elites, and that staff sometimes shielded him from unscripted events or exercised authority themselves.[2][3][7][8] However, these sources present allegations and interpretations rather than definitive, corroborated proof of a total cover-up, and Biden aides and allies explicitly dispute that he was mentally incapacitated or that a covert plot concealed such incapacity, arguing that observed changes largely reflect normal aging and that he remained an effective president.[1][9] Moreover, signs of age-related decline were visible in public appearances and widely discussed in media over several years, so they were not hidden ""from everyone,"" and there is no conclusive evidence that all or most indicators of his cognitive status were successfully concealed. The claim of a universal, fully hidden decline orchestrated by a cadre therefore overstates what the available evidence supports and conflicts with both public observation and contested, partisan sources.",openrouter/perplexity/sonar-pro,d595a020b777,2026-07-04T16:32:06
R_6YEzQQiJcthQH5T,study3,Truth-Constrained,bunk,affirms,Beyonce and Jay Z control a significant portion of the media.,conspiracy_claim,10,70,false,"Beyoncé and Jay Z are highly influential entertainment figures who exert considerable control over their own brand, music, and public image, including through social media and PR relationships with outlets that cover them.[2][11][14][15] However, there is no credible evidence that they *control a significant portion of the media* in the sense of owning or covertly directing major news or entertainment networks at scale; available reporting describes influence over coverage of themselves, not systemic ownership or top‑down control over large media institutions.[2][11][14] Claims that they are engaged in broad, systematic media manipulation come primarily from opinion pieces and speculative content rather than verifiable documentation of such structural control.[5]",openrouter/perplexity/sonar-pro,d595a020b777,2026-07-04T16:32:06
R_6YaFk2woEKv5p1q,study3,Truth-Constrained,bunk,affirms,The moon landing was staged by NASA in 1969 to win the Space Race against the Soviet Union.,conspiracy_claim,0,95,false,"The claim that NASA staged the 1969 Moon landing to win the Space Race is a classic Moon-landing hoax conspiracy theory and is rejected by overwhelming historical and scientific evidence.[4][13] Multiple independent lines of evidence confirm Apollo 11 really landed on the Moon in July 1969: extensive mission documentation, thousands of photos and hours of video, 382 kg of lunar rocks independently analyzed worldwide, and independent tracking and later imaging of Apollo landing sites by non-NASA space agencies from Japan, India, China and others.[5][7][14] These independent verifications, along with detailed debunkings of every major hoax argument by scientific bodies and media fact-checkers, show that the Moon landing was not staged, even though it did serve as a propaganda victory in the Space Race.[9][10][14][15]",openrouter/perplexity/sonar-pro,d595a020b777,2026-07-04T16:32:06
R_6ZPSADCM52Zv1Cn,study3,Truth-Constrained,debunk,affirms,The government is hiding evidence of extraterrestrial contact and has recovered alien technology.,conspiracy_claim,25,60,mostly_false,"The claim alleges a secret government cover-up of confirmed extraterrestrial contact and recovered alien technology. Multiple official investigations and reviews, including Project Blue Book, NASA inquiries, and the Pentagon’s 2024 Historical Record Report via AARO, explicitly state they have found no evidence that any UAP/UFO sighting represents extraterrestrial technology, nor any verifiable evidence that the U.S. government has recovered or is reverse‑engineering alien materials.[14][10][6][9][11] The White House has formally said there is no credible information that such evidence is being hidden.[4] While some whistleblowers (e.g., David Grusch) have made allegations of secret programs, these remain uncorroborated and the Defense Department reports it has found no verifiable information to substantiate such claims.[12] Given the strong contrary official record and lack of publicly verifiable proof of recovered alien technology or confirmed contact, the claim is largely unsupported by available evidence, though in principle it is empirically testable if such evidence were produced, which raises its checkability above purely unfalsifiable claims.",openrouter/perplexity/sonar-pro,d595a020b777,2026-07-04T16:32:06
R_6aN4YWKjhNuLmSt,study3,Truth-Constrained,bunk,affirms,The government knows about aliens and is hiding evidence from the public.,conspiracy_claim,25,80,mostly_false,"The statement asserts a secret government cover-up of alien evidence, which is a classic UFO conspiracy claim. Publicly available reporting from AARO and other official sources says there is no verifiable evidence that the government possesses alien craft or is hiding proof of extraterrestrial life, while the existence of UFO/UAP files and disclosure efforts does not itself establish such a cover-up.[6][7][15]",openrouter/perplexity/sonar-pro,d595a020b777,2026-07-04T16:32:06
R_6bKaZhavZyKWlUt,study3,Truth-Constrained,debunk,affirms,The COVID-19 virus was accidentally leaked from a laboratory where it was created.,conspiracy_claim,50,70,mixed_or_unclear,"The claim combines two elements: that SARS-CoV-2 was *created* in a lab and that it was *accidentally leaked*. Current evidence strongly indicates the virus was not genetically engineered or otherwise deliberately created, and most scientific analyses support a natural zoonotic origin, with no substantial evidence that the virus was designed in a laboratory[2][8][10]. At the same time, both scientific reviews and declassified intelligence assessments state that a laboratory-related origin via accidental leak cannot be ruled out and remains a plausible scenario alongside natural spillover, with some US agencies and political bodies assessing a lab incident as more likely, though with low to moderate confidence and no direct proof[6][7][10][12][15]. Because the ""created in a lab"" component is contradicted by available evidence, while the accidental leak component remains unresolved and contested, the overall claim as stated is neither clearly true nor clearly false, but partially supported and partially refuted by current public evidence.",openrouter/perplexity/sonar-pro,d595a020b777,2026-07-04T16:32:06
R_6cERPusbWDFey3f,study3,Truth-Constrained,debunk,affirms,China intentionally released the coronavirus.,conspiracy_claim,10,70,false,"The claim asserts that Chinese authorities intentionally released SARS-CoV-2, which corresponds to the most extreme version of the lab‑leak spectrum (deliberate engineering and release as a bioweapon). Major scientific reviews and intelligence assessments state there is **no evidence** the virus was engineered or deliberately released, and available genomic data strongly supports natural evolution in animals with subsequent spillover to humans.[9][10][4][14] While a few individuals (e.g., Li‑Meng Yan) publicly allege intentional release, these claims are uncorroborated and widely regarded as fringe, and multiple expert and WHO analyses report no supporting evidence for deliberate release or for prior lab possession of SARS‑CoV‑2.[2][7][9][11][12]",openrouter/perplexity/sonar-pro,d595a020b777,2026-07-04T16:32:06
R_6cSRMZ8hrpEBP9o,study3,Truth-Constrained,bunk,denies,Executive orders were signed by Biden in the White House while he was on vacation at a beach.,conspiracy_claim,25,70,mostly_false,"The claim asserts that executive orders were signed in the White House while Biden was on vacation at a beach, but available reporting mainly shows a different issue: some Biden documents were signed with autopen, and at least some official actions were taken while he was traveling or on vacation, not that he personally signed orders in Washington from a beach. The evidence supports use of autopen during travel/vacation, but not the specific covert or deceptive scene described in the statement.",openrouter/perplexity/sonar-pro,d595a020b777,2026-07-04T16:32:06
R_6cvKQ1AohJJ3O3A,study3,Truth-Constrained,bunk,affirms,The government possesses information about the existence of other undiscovered species.,no_claim,,,not_checkable,"The statement is too vague to count as a conspiracy claim or an official-account claim: governments and government-funded scientists routinely have data on species that are not yet broadly surveyed or classified, but the sentence does not clearly allege secret coordination, a cover‑up, or a specific empirical claim that can be fact‑checked beyond the general and well‑supported observation that many species remain undiscovered.",openrouter/perplexity/sonar-pro,d595a020b777,2026-07-04T16:32:06
R_6dSBUzxjAWlMuDs,study3,Truth-Constrained,bunk,affirms,JFK was killed by the US government.,conspiracy_claim,25,80,mostly_false,"Major official investigations, including the Warren Commission and later congressional inquiries, have found no evidence that U.S. government agencies such as the CIA, FBI, or Secret Service participated in assassinating President Kennedy or in a plot to kill him.[3][6][15][2][4] While the House Select Committee on Assassinations concluded in 1979 that JFK was probably killed as a result of some form of conspiracy, it explicitly reported that it found insufficient evidence to implicate any U.S. government entity, and more recent releases of classified files have not produced credible evidence overturning the lone‑gunman conclusion.[2][9][14]",openrouter/perplexity/sonar-pro,d595a020b777,2026-07-04T16:32:06
R_6dW1JI9wcr2V06e,study3,Truth-Constrained,bunk,affirms,The only statement that makes sense suggests that there is uncertainty about the truthfulness of publicly given information.,no_claim,,,not_checkable,"The statement is a meta-comment about finding a particular formulation about uncertainty most sensible, but it does not assert a specific factual proposition about events, actors, or evidence that can be empirically checked; it is too vague and general to evaluate for truthfulness as a discrete claim.",openrouter/perplexity/sonar-pro,d595a020b777,2026-07-04T16:32:06
R_6djHxe1SCUpVjZT,study3,Truth-Constrained,bunk,affirms,"Birds are actually surveillance drones created by the government to spy on people, having replaced real birds decades ago with drones that mimic their behavior and recharge on power lines.",conspiracy_claim,0,95,false,"The claim that real birds were wiped out decades ago and entirely replaced by government surveillance drones that recharge on power lines is the core of the satirical 'Birds Aren't Real' conspiracy, not a documented event.[5][10][12][14] Ornithology, ecology, and everyday observation all confirm the ongoing existence of biological birds, and there is no evidence that billions of birds were exterminated or replaced with indistinguishable drones.[1][15] While some governments, notably China, have tested and deployed a limited number of bird-shaped surveillance drones, these exist alongside, not instead of, real birds and do not support the claim of total replacement.[2][4][7]",openrouter/perplexity/sonar-pro,d595a020b777,2026-07-04T16:32:06
R_6dnmKZagUUWeV1M,study3,Truth-Constrained,bunk,affirms,"The government is lying to the American public and was involved in the attack on the Twin Towers, as suggested by the way the Towers collapsed resembling an implosion.",conspiracy_claim,0,85,false,"The claim asserts that the U.S. government secretly participated in and lied about its involvement in the 9/11 attacks, citing the Twin Towers’ collapse pattern as evidence of an implosion or controlled demolition. Multiple extensive investigations, including the 9/11 Commission and technical studies by the National Institute of Standards and Technology, conclude that the collapses were due to structural damage from the aircraft impacts and subsequent fires, not controlled demolition, and find no evidence that the U.S. government was operationally involved in carrying out the attacks.[1][2][3][4]",openrouter/perplexity/sonar-pro,d595a020b777,2026-07-04T16:32:06
R_6e1lDDjdiE2AVb3,study3,Truth-Constrained,bunk,affirms,The government is hiding proof of alien life.,conspiracy_claim,25,60,mostly_false,"The claim asserts that the government is actively hiding proof of alien life, i.e., that such proof exists and is being concealed. Multiple official investigations, including recent Pentagon and AARO reports reviewing decades of UAP/UFO data, explicitly conclude they have found no evidence of extraterrestrial life or of government programs possessing or reverse-engineering alien materials, and no evidence of a cover‑up.[1][7][11][12] While a few whistleblowers have alleged secret crash‑retrieval and alien biologics programs, these claims have not been substantiated and are directly denied by the Department of Defense.[5][8] Given the lack of verifiable evidence where one would expect it for such a large, long‑running cover‑up, the claim is largely unsupported, though it remains in principle empirically testable if credible evidence emerged.",openrouter/perplexity/sonar-pro,d595a020b777,2026-07-04T16:32:06
R_6eqRcbZw4WesYP4,study3,Truth-Constrained,debunk,affirms,The Chinese government deliberately sent the COVID-19 virus to the United States.,conspiracy_claim,0,85,false,"The claim alleges a deliberate, targeted release of SARS‑CoV‑2 by the Chinese government against the United States. Current investigations and intelligence assessments focus on whether the virus emerged via natural spillover or an accidental lab leak, not on intentional deployment as a bioweapon, and available evidence does not support deliberate release by any government.[4][7][14] Scientific reviews and WHO‑linked work indicate no evidence that the virus existed as a weaponized agent or was intentionally transferred to another country, and experts note there is no credible scientific support for any claim of deliberate release.[7][14]",openrouter/perplexity/sonar-pro,d595a020b777,2026-07-04T16:32:06
R_6fBvQweuwC4nIcO,study3,Truth-Constrained,debunk,affirms,The Covid-19 virus was created by scientists and deliberately spread by the government for population control.,conspiracy_claim,10,70,false,"Extensive genomic analyses indicate SARS-CoV-2 shows no signatures of genetic engineering or design and is consistent with known patterns of natural coronavirus evolution from bat-borne viruses.[4][6][7][14] Major reviews and intelligence assessments find no evidence that any government deliberately created and then purposefully spread the virus for population control; prevailing evidence supports a natural zoonotic origin or, in some official accounts, a possible accidental lab-related origin, not intentional creation or deliberate release.[1][2][3][10][12][14]",openrouter/perplexity/sonar-pro,d595a020b777,2026-07-04T16:32:06
R_6fN1zopQ9Wx4qCM,study3,Truth-Constrained,bunk,affirms,The government creates artificial rainfall containing harmful substances to affect human health and reduce the human population.,conspiracy_claim,10,60,false,"Artificial rain (cloud seeding) does involve adding substances such as silver iodide or salts to clouds, and these can pose limited environmental and health risks at high or prolonged exposures.[4][5][1][15] However, available scientific reviews and regulatory assessments indicate that typical cloud seeding uses very small, highly diluted amounts with **minimal documented health impact**, and there is no credible evidence that governments systematically create artificial rainfall with harmful substances for the deliberate purpose of damaging human health or reducing the population.[4][3][7][11]",openrouter/perplexity/sonar-pro,d595a020b777,2026-07-04T16:32:06
R_6fVT0GIxi4sopKe,study3,Truth-Constrained,bunk,affirms,The internet has been largely taken over by automated content and is no longer primarily driven by human interaction since 2021.,conspiracy_claim,25,60,mostly_false,"The statement restates the core of the 'dead internet theory': that since around 2021 the internet has been largely taken over by automated/bot/AI content and is no longer primarily driven by human interaction.[3][8][14] Empirical traffic data, platform reports, and research show growing bot and AI activity, but human users still constitute a substantial share of content creation and interaction; mainstream analyses note that the theory has ""no compelling evidence"" that bots or AI are the dominant driver of most online activity.[5][6][15] Thus, while automation is increasingly significant, the strong claim that the internet is *largely* taken over and no longer primarily human-driven since 2021 is not supported by available evidence.",openrouter/perplexity/sonar-pro,d595a020b777,2026-07-04T16:32:06
R_6gA9sknPecrKMm9,study3,Truth-Constrained,debunk,affirms,John F. Kennedy's murder was carried out on government orders.,conspiracy_claim,20,70,mostly_false,"Multiple official investigations, including the Warren Commission, concluded that Lee Harvey Oswald acted alone and found no evidence that any federal, state, or local officials were part of a conspiracy or ordered Kennedy’s murder.[5][7] A later House Select Committee on Assassinations judged there was a probable conspiracy but explicitly reported no evidence that the CIA, FBI, Secret Service, or other government entities were involved.[13][15] No credible, documented evidence has emerged in the extensive released record collections to support the specific claim that JFK was murdered on government orders.[2][11]",openrouter/perplexity/sonar-pro,d595a020b777,2026-07-04T16:32:06
R_6gOuoM0VXDTo5ar,study3,Truth-Constrained,bunk,affirms,"COVID-19 was planned, and the moon landing was faked, with evidence including how COVID-19 spread differently in China and the movement of the flag in the moon landing picture.",conspiracy_claim,0,90,false,"The claim asserts that COVID-19 was deliberately planned and that the Apollo moon landing was faked, citing spread patterns in China and apparent flag movement as evidence. Multiple independent investigations and genomic analyses find no evidence that the COVID-19 pandemic was planned or orchestrated; current evidence best supports a natural zoonotic origin, and fact‑checking organizations consistently rate ""planned pandemic"" claims as false[4][7][12][14][15]. Extensive documentation, telemetry data, rock samples, and independent verification by other space agencies confirm that the Apollo moon landings occurred; the apparent flag ""movement"" is explained by its horizontal support rod and residual motion in vacuum, not wind, and there is no credible evidence of a faked landing in the scientific or historical record. The spread dynamics in China and visual impressions of the flag do not constitute empirical evidence of planning or fakery, and in both cases substantial expected evidence for such large conspiracies is absent despite decades of scrutiny.",openrouter/perplexity/sonar-pro,d595a020b777,2026-07-04T16:32:06
R_6hcqA3fR2F4Y5sj,study3,Truth-Constrained,bunk,affirms,COVID-19 was pre-planned to control the entire population.,conspiracy_claim,5,80,false,"The claim asserts that COVID-19 was deliberately pre-planned as a tool to control the entire population. Extensive investigations into the virus’s origins, genomic characteristics, and early spread indicate a natural or accidental emergence, not a coordinated plan for global social control.[1][11][13] Public health planning documents and simulations before 2020 (e.g., pandemic preparedness exercises like Event 201) are designed to prepare for potential outbreaks, not to create them, and there is no credible evidence they were part of a plot to engineer COVID-19.[1][9] Conspiracy narratives that elites or organizations used COVID-19 or vaccines for depopulation or comprehensive population control are specifically documented as misinformation and are unsupported by empirical evidence; vaccines and interventions demonstrably reduced mortality and disease burden rather than serving a covert control agenda.[1][3][12][11] Coordinating a secret, worldwide plan involving governments, scientists, health workers, and media to fabricate or exploit a pandemic for total population control would be extraordinarily complex and would be expected to leave clear, corroborated evidence; none has surfaced in credible scientific or journalistic sources.[1][11][13]",openrouter/perplexity/sonar-pro,d595a020b777,2026-07-04T16:32:06
R_6hiNygPGvjQYaEI,study3,Truth-Constrained,debunk,affirms,COVID-19 was created in a laboratory and accidentally released.,conspiracy_claim,50,70,mixed_or_unclear,"The claim that SARS-CoV-2 was *created* in a laboratory and then accidentally released is not supported by current scientific evidence, which finds no signs of genetic engineering and considers natural zoonotic spillover the most likely origin.[2][11][6][8] At the same time, some intelligence agencies and governmental reports judge a laboratory-associated incident as a plausible or even more-likely origin, but they emphasize low to moderate confidence and provide no direct evidence that the virus was lab-created or that a specific accidental release occurred.[7][12][3][14] The balance of peer‑reviewed genetic, epidemiological, and WHO/NEJM assessments favors natural emergence and finds no evidence of laboratory creation, yet key origin data are incomplete and a lab-related incident cannot be definitively ruled out, leaving the overall claim in a genuinely uncertain, mixed state as to origin and mechanism of release.[6][8][1]",openrouter/perplexity/sonar-pro,d595a020b777,2026-07-04T16:32:06
R_6i9hlmHpIZp9byb,study3,Truth-Constrained,debunk,affirms,The recent pandemic was deliberately spread by some pharmaceutical companies to ensure widespread acceptance of their vaccine.,conspiracy_claim,0,95,false,"The statement alleges a covert, deliberate spread of the pandemic by pharmaceutical companies to drive vaccine acceptance, but the available evidence supports the mainstream account that COVID-19 was not orchestrated by pharma and identifies this as a recurring conspiracy theory rather than a documented fact.[6][9][11] Sources discussing pharma influence and pandemic profiteering do not show that companies deliberately spread the virus.",openrouter/perplexity/sonar-pro,d595a020b777,2026-07-04T16:32:06
R_6ikhq9IQJdnAxpf,study3,Truth-Constrained,bunk,affirms,A secret society like the Illuminati controls world government and major events.,conspiracy_claim,10,70,false,"A historical group called the Bavarian Illuminati did exist in the late 18th century, but it was small, regional, and was banned and dissolved by 1785.[4][9] Modern claims that a continuing secret society like the Illuminati now controls *world* government and major events are not supported by any credible primary evidence, and reference works and fact‑checks explicitly note that there is no verifiable documentation that such an organization directs multiple sovereign governments or orchestrates global events.[6][7]",openrouter/perplexity/sonar-pro,d595a020b777,2026-07-04T16:32:06
R_6inwuSFpuj7INAs,study3,Truth-Constrained,bunk,affirms,The government is concealing information from the public on extraterrestrial activity.,conspiracy_claim,25,60,mostly_false,"The claim alleges a deliberate governmental concealment of information specifically about *extraterrestrial activity*, not just unidentified aerial phenomena or general secrecy. Multiple official reviews, including a 2024 Pentagon report and the All-domain Anomaly Resolution Office (AARO), state they have found no evidence that the U.S. government possesses or is hiding alien technology, extraterrestrial materials, or validated evidence of extraterrestrial craft or beings.[2][11][13][14] While various whistleblowers and commentators allege a cover‑up, these assertions have not been substantiated with verifiable evidence and are explicitly rejected by official investigations.[3][9][12][13] Given decades of inquiry and the absence of corroborated, publicly verifiable proof of concealed extraterrestrial activity, the specific allegation of government concealment of such information is largely unsupported, though not logically impossible, hence ""mostly_false"" rather than clearly false.",openrouter/perplexity/sonar-pro,d595a020b777,2026-07-04T16:32:06
R_6iwKyo3hGsIHmFP,study3,Truth-Constrained,debunk,affirms,"Birds were all secretly replaced by surveillance drones in the 1980s as part of a global government effort to monitor citizens, with pigeons often seen in cities to recharge on power lines while collecting data.",conspiracy_claim,0,95,false,"The claim that all birds were secretly exterminated and replaced by surveillance drones in the 1980s is part of the satirical ""Birds Aren't Real"" movement, which its founder and multiple reports explicitly describe as a parody and hoax, not a real historical event.[9][11][12][15] There is extensive biological, ecological, and technological evidence of real birds existing worldwide, and no credible documentation of a global government program eliminating and replacing them with drones or of pigeons using power lines to recharge while collecting surveillance data.[7][11]",openrouter/perplexity/sonar-pro,d595a020b777,2026-07-04T16:32:06
R_6jJ5yRtotLB2K6p,study3,Truth-Constrained,debunk,affirms,Aliens are located in the ocean and the Antarctic.,conspiracy_claim,0,100,false,"The statement asserts that aliens are physically located in the ocean and Antarctica, which is a concrete empirical claim. Public evidence shows only that *non-native species* and sometimes 'alien' in the ecological sense have been introduced to Antarctic regions and the Southern Ocean; there is no credible evidence that extraterrestrial beings are located there.",openrouter/perplexity/sonar-pro,d595a020b777,2026-07-04T16:32:06
R_6jZIue51RhkbIJ9,study3,Truth-Constrained,bunk,affirms,"Elvis Presley is still alive, and it was actually his twin brother who died, while a DNA test confirmed this man's identity as Elvis after he was placed in a psych ward.",conspiracy_claim,5,95,false,"Elvis Presley’s mainstream biographical record says he died in 1977, and his twin brother Jesse Garon Presley was stillborn; claims that Elvis is alive and that a DNA test proved a psych-ward patient was Elvis are unsupported by credible evidence and are contradicted by reliable biographical sources. The cited results are largely hoax-like or speculative media, not authoritative forensic documentation.",openrouter/perplexity/sonar-pro,d595a020b777,2026-07-04T16:32:06
R_6k0QbygqbbXHn0Q,study3,Truth-Constrained,bunk,affirms,The U.S. government had prior knowledge of the 9/11 attacks and allowed them to occur to justify military intervention in the Middle East for political and economic gain.,conspiracy_claim,10,95,false,"The 9/11 Commission and the congressional Joint Inquiry found intelligence failures and some general pre-attack warnings, but they did not find that the U.S. government knowingly allowed the attacks to happen or orchestrated them for political/economic gain.[4][5][12][13][14] Public evidence supports prior warnings and missed signals, not deliberate permission or secret coordination to cause the attacks.",openrouter/perplexity/sonar-pro,d595a020b777,2026-07-04T16:32:06
R_6kXEMbKvKqkYqzS,study3,Truth-Constrained,debunk,affirms,"Area 51 is the most secure place on the planet, and they are hiding something significant there.",conspiracy_claim,25,70,mostly_false,"Area 51 is a highly classified and very secure U.S. Air Force facility with extensive perimeter controls, restricted airspace, electronic surveillance, and armed guards, making it one of the more secure sites in the world, though not demonstrably ""the most secure place on the planet"" compared against other top-security locations like nuclear weapon sites or certain underground bunkers.[1][3][5][6][11] Public evidence and declassified records indicate that Area 51’s primary purpose has been testing and developing advanced aircraft and related military technologies, and national security historians and official sources explicitly reject claims that it hides extraordinary or non-terrestrial secrets such as aliens or UFO debris; while it does contain classified military projects, there is no credible evidence of the kind of extraordinary hidden ""something significant"" typically implied by conspiracy theories about the base.[1][3][8][13][14]",openrouter/perplexity/sonar-pro,d595a020b777,2026-07-04T16:32:06
R_6lWGLVkgomkC94e,study3,Truth-Constrained,bunk,affirms,China is stealing our data through TikTok.,conspiracy_claim,40,70,mostly_false,"The claim asserts that the Chinese state is actively and covertly ""stealing"" user data via TikTok. Public evidence shows that TikTok collects extensive user data and that China-based ByteDance employees have had repeated access to U.S. and other foreign user data, and that some data have been transferred to China and stored on Chinese servers.[11][8][13] There are also sworn allegations by a former ByteDance executive that a CCP-linked office had ""supreme access"" to all data and used backdoor access to monitor Hong Kong activists and access U.S. user data.[2][3][4][10] However, these remain allegations and lawsuits rather than independently verified proof of systematic data ""stealing"" by the Chinese government, and security experts and regulators note there is currently no publicly demonstrated evidence that the Chinese government has directly spied on ordinary users through TikTok or that such access is ongoing as a matter of official policy.[3][9][12][15] TikTok and its CEO explicitly deny sharing data with the PRC government and say they would not comply if asked, and some technical reviews have found no overt transmission to the Chinese government.[3][12][15] Overall, the risk and capability for Chinese state access are substantial and partially evidenced, but the strong, categorical claim that China is actively stealing users' data through TikTok goes beyond what is currently documented, making it more supported as a concern than a proven fact.",openrouter/perplexity/sonar-pro,d595a020b777,2026-07-04T16:32:06
R_6liZq06CQun0G74,study3,Truth-Constrained,debunk,affirms,"The government is hiding evidence of aliens, who are real and may have made contact with us or been reached by us.",conspiracy_claim,25,40,mostly_false,"The claim asserts that the government is actively hiding evidence that aliens are real and have made or received contact with humans. Multiple official investigations and reports, including the U.S. Department of Defense’s All-domain Anomaly Resolution Office (AARO) 2024 historical review, state they found **no empirical evidence** that the U.S. government possesses or is concealing extraterrestrial technology, recovered aliens, or confirmed alien contact, and that most UAP/UFO sightings are misidentifications or experimental human technology[4][8][15]. Whistleblowers and some former officials (e.g., David Grusch, Luis Elizondo) have alleged secret programs and hidden alien craft or biologics, but these claims have not been substantiated by verifiable public evidence, and have been explicitly denied by the Pentagon after review[7][9][15]. Given strong official denials, extensive declassification efforts that have not produced proof of alien contact, and the lack of independently verifiable evidence that such contact has occurred and is being hidden, the specific allegation of a government cover-up of real alien contact is largely unsupported by current public evidence, though not absolutely impossible in principle.",openrouter/perplexity/sonar-pro,d595a020b777,2026-07-04T16:32:06
R_6luDtsx3GUWOF3J,study3,Truth-Constrained,debunk,affirms,The 1969 moon landing was faked by the United States to appear as if they had succeeded in the space race against the Soviet Union.,conspiracy_claim,0,95,false,"The claim that the 1969 Apollo 11 Moon landing was faked by the United States to merely appear to have won the space race is a well-known conspiracy theory, not supported by evidence.[1][3][5] Multiple independent lines of evidence—including telemetry data, thousands of contemporaneous observations and recordings, independently verified lunar rock samples, and subsequent corroborating missions—demonstrate that astronauts did land on the Moon, and detailed scientific and technical analyses have thoroughly debunked all alleged hoax arguments.[2][8][9]",openrouter/perplexity/sonar-pro,d595a020b777,2026-07-04T16:32:06
R_6mWcimtUnV4bLvD,study3,Truth-Constrained,bunk,affirms,"The 2020 election was rigged to ensure a Democratic victory, with lots of mail-in ballots lost or not delivered and multiple voting machines malfunctioning, casting votes for the opposing party.",conspiracy_claim,0,95,false,"The claim alleges a coordinated rigging of the 2020 U.S. election to ensure a Democratic victory via systemic loss/non‑delivery of mail‑in ballots and widespread voting machine malfunctions changing votes. Extensive investigations, audits, and recounts, along with over 60 court cases (including many before Republican and Trump‑appointed judges), found no evidence of widespread fraud or irregularities that could have changed the outcome of the election.[4][10][15] Federal, state, and local election officials — including the Cybersecurity and Infrastructure Security Agency and Attorney General William Barr — stated there was no evidence that voting systems deleted, lost, or changed votes, or were compromised, and no fraud on a scale that could have affected the result.[7][8][12] Fact‑checking by major news organizations and election experts has similarly found no credible evidence that mail‑in ballots were systematically lost/not delivered or that machines broadly miscast votes for the opposing party, and characterizes such allegations as part of the debunked ""stolen election"" or ""big lie"" narrative.[1][3][5][6][13]",openrouter/perplexity/sonar-pro,d595a020b777,2026-07-04T16:32:06
R_6mr5MutXeTTogny,study3,Truth-Constrained,bunk,affirms,"The government is hiding evidence of extraterrestrials, their contact, vehicles, and has recovered alien technology, including ancient megaliths and restricted areas at the South Pole linked to these beings.",conspiracy_claim,25,70,mostly_false,"The claim asserts a coordinated government cover-up of recovered extraterrestrial craft, technology, and related sites such as ancient megaliths and restricted areas at the South Pole. Multiple official investigations and recent reviews, including the Pentagon’s All-domain Anomaly Resolution Office (AARO) Historical Record Report and associated statements, report **no verifiable evidence** that the U.S. government has ever had access to, recovered, or reverse-engineered extraterrestrial technology, nor confirmed any UAP sighting as extraterrestrial in origin.[1][7][8] Congressional whistleblower allegations about secret programs and non-human ""biologics"" remain unsubstantiated, and the Defense Department states its inquiries have found no verifiable information supporting such programs.[6] Claims specifically linking ancient megaliths and South Pole restricted areas to aliens are purely speculative and lack empirical support in publicly available evidence, making the overall allegation largely unsupported despite being, in principle, empirically checkable if such evidence existed.",openrouter/perplexity/sonar-pro,d595a020b777,2026-07-04T16:32:06
R_6neX644qUdFZ8iU,study3,Truth-Constrained,bunk,affirms,A small group is operating in secrecy against the public interest.,conspiracy_claim,50,40,mixed_or_unclear,"The statement is very general: secret small groups do exist in some contexts, but the claim that such a group is operating against the public interest is not verifiable without specifying which group and what actions are alleged. Public sources document that some groups and partnerships do operate with secrecy or limited transparency, but that does not by itself establish a covert anti-public-interest plot in the abstract.[2][4][13]",openrouter/perplexity/sonar-pro,d595a020b777,2026-07-04T16:32:06
R_6ni15JZGMnoGjlH,study3,Truth-Constrained,bunk,affirms,"All diseases on Earth are curable, but we are made to believe they aren't to allow people to profit from others' suffering.",conspiracy_claim,10,85,false,"Public health sources explicitly state that many diseases are not curable, and some have no known cure at all; for example, Cleveland Clinic says “most diseases and conditions aren’t curable,” and lists cancer as not currently curable in general, while other sources note thousands of diseases still lack approved treatments.[14][10][5] The claim that people are being deliberately told otherwise “to allow people to profit” asserts a covert, coordinated suppression of medical truth, but the provided evidence supports the existence of untreated/incurable diseases rather than a secret plot.",openrouter/perplexity/sonar-pro,d595a020b777,2026-07-04T16:32:06
R_6od2BlI1hPP2mQx,study3,Truth-Constrained,bunk,affirms,5G technology harms health.,official_account,75,90,mostly_true,"Extensive reviews by the WHO, national health agencies, and independent scientific bodies report **no confirmed adverse health effects** causally linked to exposure from 5G or other wireless technologies at levels below established international guidelines.[6][5][9][13][15] These bodies agree that the only substantiated effects of radiofrequency fields occur at high exposure levels (tissue heating and nerve stimulation), and current 5G exposures are regulated to remain far below those thresholds.[1][5][15] Some researchers highlight uncertainties and call for precaution, especially regarding long-term and constant exposure, but this reflects incomplete data rather than evidence of harm, so the best available evidence supports the statement that 5G does not harm health under current exposure limits.[3][11][14]",openrouter/perplexity/sonar-pro,d595a020b777,2026-07-04T16:32:06
R_6pFeGEHtehtcSHO,study3,Truth-Constrained,debunk,affirms,"9/11 was carried out by the government, as evidenced by the unexplained melting of steel beams.",conspiracy_claim,0,95,false,"The statement asserts that the US government carried out the 9/11 attacks and that this is evidenced by supposedly unexplained melting of steel beams. Extensive investigations by the 9/11 Commission, the National Institute of Standards and Technology (NIST), and other expert bodies attribute the attacks to al‑Qaeda terrorists and find no credible evidence that the US government planned or executed them.[1][2][4][9] The specific claim about steel beams is also incorrect: official engineering analyses conclude the towers collapsed because impact damage and fires (reaching around 1,000°C) weakened and warped the steel, not because beams had to melt, and this mechanism is well understood and documented.[2][14] There is therefore strong, directly checkable evidence against both the government‑perpetrated attack allegation and the purported steel‑melting evidence.",openrouter/perplexity/sonar-pro,d595a020b777,2026-07-04T16:32:06
R_6pJNvRGSViwbfrz,study3,Truth-Constrained,debunk,affirms,Lee Harvey Oswald did not act alone in the Kennedy assassination.,conspiracy_claim,50,70,mixed_or_unclear,"The Warren Commission, FBI, Secret Service and later Justice Department reviews all concluded that Lee Harvey Oswald assassinated President Kennedy and that there is no persuasive evidence of a conspiracy or of additional gunmen, supporting the view that he acted alone.[7][10] However, the 1979 House Select Committee on Assassinations found, based largely on then‑interpreted acoustic data, that Kennedy was probably assassinated as a result of a conspiracy and reported a high probability that two gunmen fired at the president, though that acoustic evidence was later challenged and the committee could not identify other conspirators.[3][7][14] Subsequent expert reviews of the acoustic evidence and declassified material have not produced strong, widely accepted proof that Oswald had accomplices, leaving the claim that he did not act alone genuinely unresolved rather than clearly true or false.",openrouter/perplexity/sonar-pro,d595a020b777,2026-07-04T16:32:06
R_6pSgztJmXmHQdkI,study3,Truth-Constrained,debunk,affirms,The government and military have been hiding extraterrestrial events for many years.,conspiracy_claim,25,60,mostly_false,"The statement alleges a long‑running government and military cover‑up specifically of *extraterrestrial* events. Multiple official reviews, including the Pentagon’s AARO Historical Record Report and related statements to Congress, report finding **no evidence** that any U.S. government program has confirmed extraterrestrial technology, recovered alien materials, or encountered alien life, and explicitly reject claims of hidden reverse‑engineering programs as unsupported by evidence.[3][5][10][13] Although some whistleblowers and veterans allege such a cover‑up and describe secret programs and recovered non‑human biologics,[6][9][15] these claims have not been substantiated and are directly contradicted by official investigations; moreover, historical work shows many UFO legends were intentionally stoked to conceal human military projects rather than alien events.[2][8][10] Given current public evidence, a deliberate, long‑term cover‑up of genuine extraterrestrial events is largely unsupported, though the claim is partially checkable via declassified records, official reports, and congressional inquiries.",openrouter/perplexity/sonar-pro,d595a020b777,2026-07-04T16:32:06
R_6pbtyTJmogDDkJs,study3,Truth-Constrained,bunk,affirms,"The assassination of John F. Kennedy was orchestrated by multiple individuals or groups, including elements of the US government or organized crime.",conspiracy_claim,25,90,mostly_false,"The claim matches a common conspiracy theory, but the best public evidence does not support the specific allegation that elements of the U.S. government or organized crime orchestrated Kennedy’s assassination. The HSCA concluded Kennedy was probably killed as part of a conspiracy, but it found no sufficient evidence that the CIA, FBI, Secret Service, the Soviet or Cuban governments, or the national syndicate of organized crime were involved[4], while other summaries note the Warren Commission said Oswald acted alone[10].",openrouter/perplexity/sonar-pro,d595a020b777,2026-07-04T16:32:06
R_6q1yfr9K1ALKap4,study3,Truth-Constrained,debunk,affirms,"JFK was shot by someone other than Lee Harvey Oswald, involving another shooter.",conspiracy_claim,50,80,mixed_or_unclear,"The 1964 Warren Commission and subsequent official reviews have consistently concluded that Lee Harvey Oswald fired the shots that killed President Kennedy and acted alone, rejecting evidence of another shooter.[5][6][13] However, the 1979 House Select Committee on Assassinations found, based largely on then-available acoustic analysis, a high probability that two gunmen fired at Kennedy and that he was ""probably assassinated as a result of a conspiracy,"" while acknowledging it could not identify any other gunman.[8][15] Later re-evaluations have called that acoustic evidence into question, and no definitive physical or documentary proof of a second shooter has emerged, leaving the claim of another gunman empirically uncertain and contested rather than clearly true or false.",openrouter/perplexity/sonar-pro,d595a020b777,2026-07-04T16:32:06
R_6q3RNo6Zi4RJGIR,study3,Truth-Constrained,debunk,affirms,The government was aware that the 9/11 terrorist attacks would happen and intentionally did nothing to prevent them.,conspiracy_claim,10,80,false,"Multiple official investigations, including the 9/11 Commission, found that while U.S. intelligence and policymakers were broadly aware that al‑Qaeda intended to carry out major attacks and ""the system was blinking red"" in mid‑2001, they did not possess specific, actionable foreknowledge of the 9/11 plot and failed primarily through misjudgment, poor coordination, and inability to ""connect the dots,"" not through a deliberate decision to allow the attacks to happen.[5][10][13] No credible evidence has emerged that the government knew the 9/11 attacks, as executed (targets, date, method), would occur and *intentionally* chose not to prevent them, and extensive post‑event scrutiny has not substantiated such a deliberate stand‑down or complicity.[1][2][8]",openrouter/perplexity/sonar-pro,d595a020b777,2026-07-04T16:32:06
R_6q96q1Axo8HunUZ,study3,Truth-Constrained,debunk,affirms,"The moon landing was faked by the government to make it look real, allowing the US to claim victory in the Cold War.",conspiracy_claim,0,95,false,"The claim that the U.S. government faked the Apollo Moon landings to make them look real and secure victory in the Cold War is a well‑known conspiracy theory that has been extensively investigated and debunked by scientific, photographic, and independent third‑party evidence.[1][4][10] Multiple lines of evidence—including 382 kg of lunar rock independently tested worldwide, retroreflectors still used for laser ranging, high‑resolution images of Apollo landing sites from later U.S., Chinese, Indian and Japanese spacecraft, and detailed mission telemetry and recordings—confirm that humans did land on the Moon, while major scientific bodies explicitly state that all hoax arguments have been discredited.[1][2][5][6]",openrouter/perplexity/sonar-pro,d595a020b777,2026-07-04T16:32:06
R_6qIiTo9CZLZK85O,study3,Truth-Constrained,debunk,affirms,"The moon landing in 1969 was staged by the U.S. government to win the Space Race against the Soviet Union, with the footage filmed on a movie set.",conspiracy_claim,0,95,false,"Extensive evidence confirms that the 1969 Apollo 11 mission landed humans on the Moon, including thousands of photos and hours of video, detailed engineering and mission records, and 382 kg of lunar rock that have been independently tested and verified as of lunar origin by laboratories worldwide[6]. Claims that the landing was staged on a movie set to win the Space Race are part of well-documented moon landing conspiracy theories and rely on perceived anomalies in imagery (such as flag motion, lack of stars, crosshair artifacts), all of which have been repeatedly and scientifically debunked[1][2][5][6][8][9].",openrouter/perplexity/sonar-pro,d595a020b777,2026-07-04T16:32:06
R_6qmxjQQHabxyHiZ,study3,Truth-Constrained,debunk,affirms,Shoeless Joe Jackson participated in throwing the 1919 World Series.,conspiracy_claim,50,85,mixed_or_unclear,"Shoeless Joe Jackson was among eight White Sox players accused, banned by MLB, and widely described in historical accounts as having been involved in the conspiracy to throw the 1919 World Series, including accepting $5,000 from gamblers and admitting to a grand jury that he agreed to the fix.[3][13][14][15] However, he was acquitted in court, played exceptionally well in the Series (leading both teams statistically and committing no errors), and later consistently denied participating in intentionally losing games, while some testimony and modern analyses argue there is no proof he actually helped throw the Series, leaving historians divided on the extent of his active participation.[1][6][10][12]",openrouter/perplexity/sonar-pro,d595a020b777,2026-07-04T16:32:06
R_6qvNF4Tsrn3LMnI,study3,Truth-Constrained,debunk,affirms,A deep state organization is controlled by the richest individuals in the world.,conspiracy_claim,25,40,mostly_false,"The claim asserts a unified, organized 'deep state' that is *controlled* by the richest individuals in the world. Public evidence does show that wealthy individuals and corporate interests exert strong, sometimes disproportionate influence over policy and politics, and some scholars describe modern systems as oligarchic or plutocratic.[11][15] However, there is no credible, documented evidence of a single covert deep state organization centrally controlled by the world’s richest people as a coordinated entity. Existing analyses of the 'deep state' typically refer either to entrenched bureaucracies and security agencies or to diffuse networks of public–private elites, not a singular organization under the direct control of the richest individuals.[11][15] This makes the specific control claim largely unsupported, though influence by wealthy elites is well evidenced; the idea of a unified deep state run by them is only weakly checkable and not substantiated by mainstream empirical research.",openrouter/perplexity/sonar-pro,d595a020b777,2026-07-04T16:32:06
R_6qwpcw0iOuub0AU,study3,Truth-Constrained,bunk,affirms,Elvis is still alive and hiding from the mob.,conspiracy_claim,0,80,false,"The claim that Elvis is still alive and hiding from the mob is a classic Elvis death-conspiracy theory, asserting that he faked his 1977 death to escape Mafia reprisals or a criminal organization such as “The Fraternity.”[1][2][9][13] Medical records, the coroner’s report, and multiple eyewitness accounts from Graceland in August 1977 all document Elvis Presley’s death at age 42, and extensive review of FBI files has found no evidence he went into hiding or entered witness protection to avoid the mob.[2][8] To maintain such a hoax would require the long-term silence of hundreds or thousands of people, which is implausible and unsupported by any credible corroborating evidence.[2][8]",openrouter/perplexity/sonar-pro,d595a020b777,2026-07-04T16:32:06
R_6rNhFy70DLOdvQE,study3,Truth-Constrained,bunk,affirms,Area 51 contains advanced technology and aliens.,conspiracy_claim,10,70,false,"Area 51 is a secretive U.S. Air Force installation used for testing advanced but terrestrial military aircraft and technologies, and declassified records link many UFO sightings to test flights of planes like the U-2 rather than alien craft.[1][3][10][13] Multiple credible sources, including the CIA and expert historians, report that there is no evidence of extraterrestrial spacecraft, alien bodies, or alien technology being stored or studied at Area 51, nor any verified proof of aliens there.[1][6][10][13]",openrouter/perplexity/sonar-pro,d595a020b777,2026-07-04T16:32:06
R_6rUyPcsNOyycqWX,study3,Truth-Constrained,debunk,affirms,Rich people are controlling our government.,conspiracy_claim,50,60,mixed_or_unclear,"The statement asserts that rich people *are controlling* the government, which implies a decisive, overarching rule by wealthy elites rather than significant influence. Political science concepts like plutocracy and oligarchy describe systems where the wealthy have disproportionate power and can strongly shape laws and regulations, and multiple analyses (e.g., Oxfam reports, academic work on oligarchy, and investigative journalism) document that ultra-wealthy individuals and corporations exert major, often dominant influence over policy-making in the U.S. and other countries.[1][2][4][8][9][12][13][14][15] However, public evidence does not show that rich people uniformly and exclusively control government in a literal sense—formal democratic institutions, elections, and other interest groups still matter, and the degree of control varies by country and context—so the strong claim of full control over “our government” is only partly supported and remains broader than what can be empirically demonstrated.",openrouter/perplexity/sonar-pro,d595a020b777,2026-07-04T16:32:06
R_6rql2O5ULywAcy0,study3,Truth-Constrained,bunk,affirms,The United States government had prior knowledge of the events leading up to 9/11.,conspiracy_claim,25,80,mostly_false,"Official investigations, including the 9/11 Commission and the Joint Congressional Inquiry, found that U.S. intelligence agencies had **general prior knowledge** that al‑Qaeda was planning major attacks and might use hijacked aircraft, but **did not have specific prior knowledge** of the time, place, or operational details of the 9/11 plot.[2][6][10][14] The claim as typically understood in conspiracy discourse—that ""the United States government"" knew the concrete events leading up to 9/11 and thus had actionable foreknowledge of the attacks themselves—is not supported; evidence instead shows fragmented, nonspecific warnings, bureaucratic failures, and misinterpretation of threats rather than clear advance knowledge of the 9/11 hijackings.[6][10][11][14]",openrouter/perplexity/sonar-pro,d595a020b777,2026-07-04T16:32:06
R_6ruwr2N1wYOZVYV,study3,Truth-Constrained,debunk,affirms,Intelligence agencies were involved in the assassination of JFK.,conspiracy_claim,25,80,mostly_false,"Multiple official investigations, including the Warren Commission and the House Select Committee on Assassinations, explicitly concluded that U.S. intelligence agencies (CIA, FBI, Secret Service) were not involved in the assassination of JFK.[3][10][13] While there is extensive documentation of intelligence failures, withheld information, and CIA activities around Oswald, scholars note that alleged CIA involvement in the killing itself remains unproven and is likely incapable of definitive proof either way.[1][5][11] The best available public evidence therefore supports that intelligence agencies were not directly involved in carrying out the assassination, even though their conduct around the event and subsequent investigations was often misleading or deficient.",openrouter/perplexity/sonar-pro,d595a020b777,2026-07-04T16:32:06
R_6rvH21VMn3JHGLA,study3,Truth-Constrained,debunk,affirms,The lunar landing in 1969 was staged somewhere in the western area of the United States.,conspiracy_claim,0,95,false,"Extensive independent evidence confirms that Apollo 11 astronauts landed on the Moon in July 1969, including high‑resolution Lunar Reconnaissance Orbiter images of the Apollo 11 landing site showing hardware and tracks, laser ranging off retroreflectors left on the lunar surface, and hundreds of kilograms of lunar rock studied worldwide that match no terrestrial geology.[1][5][8][12][13][14] No credible evidence supports that the landing was staged in the western United States or anywhere on Earth, while multiple third‑party space agencies and observatories have independently validated NASA’s account, making the staging claim empirically refuted.[1][8][12][14]",openrouter/perplexity/sonar-pro,d595a020b777,2026-07-04T16:32:06
R_6sc3aDfDb1G5NxM,study3,Truth-Constrained,debunk,affirms,5G networks are used to control people's minds and spread diseases.,conspiracy_claim,0,95,false,"Scientific reviews and expert analyses find no evidence that 5G frequencies can control human minds, noting that human brain activity is in the low Hz range while 5G operates in the GHz range with no plausible mechanism for thought manipulation.[6][10] Similarly, health and technology fact-checks identify claims that 5G spreads diseases (including COVID-19) as baseless conspiracy theories with no epidemiological or biological support.[5][15]",openrouter/perplexity/sonar-pro,d595a020b777,2026-07-04T16:32:06
R_6uCCloFvXveSQu7,study3,Truth-Constrained,bunk,affirms,"Jesus was married and had at least one child during the 30 years before he started preaching, which the early church hid to suppress information about his personal life.",conspiracy_claim,20,70,mostly_false,"No canonical gospel, New Testament document, or early Christian text mentions Jesus having a wife or children, and scholars across traditions note that all early sources are completely silent about Jesus being married or having offspring.[1][5][6][13] Claims based on later manuscripts or sensational books (e.g., the so‑called 'lost gospel' or similar texts) are judged by mainstream historians and biblical scholars to have no credibility as evidence that Jesus was married with children, and there is likewise no evidence of an organized early church cover‑up of such a family life.[3][5][8][11]",openrouter/perplexity/sonar-pro,d595a020b777,2026-07-04T16:32:06
R_6uEAeBJmeSmr8BP,study3,Truth-Constrained,debunk,unclear,Voter fraud influenced the 2020 presidential election.,conspiracy_claim,25,100,mostly_false,"Public investigations, court rulings, and post-election reviews found no evidence that voter fraud was widespread enough to affect the 2020 presidential result, and AP’s review found fewer than 475 possible fraud cases across six contested states—far below what would be needed to change the outcome.[1][5][7][11] Isolated fraud cases existed, but the claim that voter fraud influenced the election as a whole is not supported by the evidence.",openrouter/perplexity/sonar-pro,d595a020b777,2026-07-04T16:32:06
R_6wGikpVboO5d9Cz,study3,Truth-Constrained,bunk,affirms,Aliens exist and have visited Earth.,conspiracy_claim,25,60,mostly_false,"The statement makes two claims: that extraterrestrial aliens exist and that they have visited Earth. As of now, no scientifically supported evidence of extraterrestrial life has been discovered, and major agencies such as NASA explicitly state that we have not yet found evidence for aliens or for extraterrestrial contact with Earth.[8][2][11][14] While many scientists consider alien life elsewhere in the universe probable on statistical grounds, this is an inference from probability rather than direct evidence, and there is no credible, verifiable proof that aliens have visited Earth.[9][14] Therefore, the visitation component is clearly unsupported, and the existence component is still unconfirmed, making the overall claim mostly false given current public evidence.",openrouter/perplexity/sonar-pro,d595a020b777,2026-07-04T16:32:06
R_6wmp2B52rE1rvvg,study3,Truth-Constrained,bunk,affirms,"The High-frequency Active Auroral Research Program facility in Alaska is secretly used to control the weather, trigger earthquakes, and perform mind control.",conspiracy_claim,0,90,false,"HAARP is documented by official project descriptions and independent scientific sources as an ionospheric research facility studying upper-atmosphere physics and impacts on communications, not as a system for operational weather control, earthquake triggering, or mind control.[1][3][9][13] Scientific analyses and expert commentary state that HAARP’s radio frequencies are not absorbed in the weather-forming layers of the atmosphere, its power and coupling to the solid Earth are far too small to induce earthquakes, and its emissions at ionospheric altitudes are far weaker at ground level than everyday devices, with no credible evidence of any mind-control capability, and no documented instances of such uses despite extensive scrutiny.[3][4][5][7][11][14]",openrouter/perplexity/sonar-pro,d595a020b777,2026-07-04T16:32:06
R_6y8H8vgOAUT3Ghh,study3,Truth-Constrained,debunk,affirms,A secret group within the government orchestrated the events of 9/11 to justify increased military action and surveillance.,conspiracy_claim,5,80,false,"The claim matches common 9/11 'inside job' and MIHOP/LIHOP conspiracy theories alleging that secret U.S. government actors orchestrated or allowed the attacks as a pretext for war and expanded surveillance.[2][7][13][15] Extensive investigations, including the 9/11 Commission Report, multiple U.S. government inquiries, and independent expert reviews, attribute the attacks to al-Qaeda and have found no evidence that a secret group within the U.S. government planned or orchestrated them or deliberately let them happen for policy goals.[2][3][4][5] While subsequent policies (wars in Afghanistan/Iraq, Patriot Act, expanded surveillance) did follow 9/11, this temporal and political linkage does not constitute evidence that the attacks were secretly orchestrated for that purpose, and available evidence directly contradicts the conspiracy allegation.[2][3][4]",openrouter/perplexity/sonar-pro,d595a020b777,2026-07-04T16:32:06
R_6zt1T5lIH3Eggox,study3,Truth-Constrained,bunk,affirms,NASA never went to the moon and the moon landings could have been fabricated using Hollywood props and technology.,conspiracy_claim,0,95,false,"Extensive independent evidence confirms that NASA conducted multiple successful crewed moon landings, including Apollo missions that left hardware and retroreflectors on the lunar surface, which are still observable and usable for laser ranging today.[1][6][9] Apollo missions returned hundreds of kilograms of lunar rocks whose unique composition has been repeatedly verified by laboratories worldwide as of lunar origin, and high‑resolution images from later U.S., Chinese, Indian, and Japanese spacecraft clearly show Apollo landing sites, equipment, and even astronaut tracks, leaving no credible support for a Hollywood-style fabrication.[6][8][12]",openrouter/perplexity/sonar-pro,d595a020b777,2026-07-04T16:32:06
R_707aartu7KvEQME,study3,Truth-Constrained,bunk,affirms,The CIA was involved in the assassination of JFK.,conspiracy_claim,25,80,mostly_false,"Multiple official investigations, including the Warren Commission and the House Select Committee on Assassinations, explicitly concluded that the CIA was *not* involved in the assassination of President Kennedy and found no evidence that Lee Harvey Oswald had a relationship with the Agency.[7][11] While later document releases and scholarly work show CIA misconduct and cover‑ups around its own activities and knowledge of Oswald, they have not produced evidence that the CIA planned, directed, or carried out the assassination itself, and legal and historical analyses emphasize that claims of CIA involvement remain unproven and likely unprovable.[2][14]",openrouter/perplexity/sonar-pro,d595a020b777,2026-07-04T16:32:06
R_708YpZDx2J0jmbY,study3,Truth-Constrained,debunk,affirms,The voting system is rigged.,conspiracy_claim,25,70,mostly_false,"Taken as a broad claim that the overall voting system is systematically ""rigged"" in the sense of coordinated large‑scale fraud or outcome manipulation, available evidence in the U.S. and other established democracies does not support this assertion. Major studies, investigations, and court decisions consistently find that voter fraud and large‑scale rigging are extremely rare and not at levels that could broadly invalidate election results, and security reviews of voting systems (including Dominion and other machines after 2020) have found no evidence of systemic manipulation.[2][3][7][8][12] While there are documented problems such as gerrymandering, voter suppression, and structural biases that can disadvantage participation and equality, these are better characterized as legal and institutional distortions rather than proof that the entire voting system is covertly rigged in the conspiratorial sense implied by the statement.[3][8][9]",openrouter/perplexity/sonar-pro,d595a020b777,2026-07-04T16:32:06
R_70mG4UcleLcsKo9,study3,Truth-Constrained,debunk,affirms,"Big Pharma is a racket, using methods to make people sick in order to profit.",conspiracy_claim,25,70,mostly_false,"The statement alleges that the pharmaceutical industry systematically uses methods to *make people sick* in order to profit, implying deliberate, coordinated harm to public health as a core business strategy. There is extensive documented evidence of serious misconduct by multiple large pharmaceutical companies, including deceptive marketing, concealment or downplaying of risks, manipulation or selective reporting of trial data, illegal kickbacks, and other fraud, all of which can and sometimes do result in patients being harmed while companies profit.[2][3][8][9][13][14][15] However, this is different from a coordinated industry-wide scheme to intentionally make people sick: most approved drugs undergo regulated clinical trials and are developed to treat or prevent disease, and when major harms are discovered, drugs are often withdrawn or restricted and companies face large settlements and fines.[3][5][8][13] The broad claim that Big Pharma as a whole is a racket whose deliberate method is to make people sick to profit overstates the evidence and treats documented profit-driven misconduct and regulatory failures as proof of an organized strategy to induce illness, which current public evidence does not support at that sweeping level.",openrouter/perplexity/sonar-pro,d595a020b777,2026-07-04T16:32:06
R_716hgdWDPTkkkYS,study3,Truth-Constrained,debunk,affirms,NASA fabricated the 1969 Apollo 11 moon landing and subsequent Apollo missions.,conspiracy_claim,0,95,false,"The claim that NASA fabricated the Apollo 11 and subsequent Apollo moon landings is contradicted by extensive independent evidence, including hundreds of kilograms of lunar rock samples verified by laboratories worldwide, laser ranging experiments using retroreflectors left on the lunar surface, and imagery of Apollo landing sites from later spacecraft operated by multiple countries.[6][7][5][4] Moon-landing hoax theories have been repeatedly analyzed and debunked by scientific bodies and historians, and are regarded as fringe views with no supporting empirical evidence.[3][8][1]",openrouter/perplexity/sonar-pro,d595a020b777,2026-07-04T16:32:06
R_71hc1Yjq4lJfzxD,study3,Truth-Constrained,debunk,affirms,Marilyn Monroe was killed by the government or a government agency.,conspiracy_claim,10,70,false,"Marilyn Monroe’s death on August 4–5, 1962 was officially ruled a **probable suicide by barbiturate overdose** by the Los Angeles County coroner, based on toxicology findings and her documented history of depression and suicidality.[1][5] Subsequent reviews, including a 1982 re‑examination by the Los Angeles County District Attorney, found **no credible evidence of murder or government involvement** and declined to open a criminal case.[1][13] While numerous theories allege that the CIA, FBI, or other government actors killed her, these accounts are explicitly described even by their proponents as speculative and unsupported, and multiple forensic and historical analyses over decades have uncovered no substantiating evidence.[6][7][13] In light of extensive investigation and the lack of corroboration where it should exist (e.g., documents, witnesses, forensic inconsistencies), the claim that Monroe was killed by the government or a government agency is best assessed as clearly false based on available public evidence.",openrouter/perplexity/sonar-pro,d595a020b777,2026-07-04T16:32:06
R_71p8UOMG0HRnV8a,study3,Truth-Constrained,bunk,affirms,Covid was intentionally released.,conspiracy_claim,10,90,false,"The statement asserts an intentional release, which is a specific covert-plot claim. Public evidence does not support deliberate release: the U.S. intelligence community judged the virus was not developed as a biological weapon, and scientific reviews report no evidence for intentional release; the strongest mainstream alternative remains natural spillover or, at most, an accidental lab leak.[10][5][4]",openrouter/perplexity/sonar-pro,d595a020b777,2026-07-04T16:32:06
R_71shtOlMlXbFLXr,study3,Truth-Constrained,bunk,affirms,The 2025 election was tampered with to help Trump win.,conspiracy_claim,25,80,mostly_false,"The statement asserts that the 2025 election was tampered with in a way that altered the result to help Trump win. Public reporting documents aggressive and in many cases likely illegal efforts by the Trump administration to change election rules, purge voter rolls, attack mail voting, and usurp control of election systems through executive orders and administrative pressure campaigns.[1][3][7][9][10][11] However, there is no credible evidence in the available record that the 2025 election outcome itself was procedurally corrupted or that ballots or vote counts were directly tampered with to secure Trump's victory, and courts have blocked many of the most extreme measures.[1][7] The claim of successful tampering to make Trump win goes beyond documented attempts to manipulate the electoral environment and is not supported by empirical evidence, though the underlying concern about efforts to tilt the system is partially grounded.",openrouter/perplexity/sonar-pro,d595a020b777,2026-07-04T16:32:06
R_71tBPqr2jeQogsa,study3,Truth-Constrained,bunk,affirms,The Illuminati is a secret society that is controlling the world.,conspiracy_claim,10,70,false,"Historically, there was a real Order of the Illuminati founded in Bavaria in 1776, but it was suppressed and dissolved by the late 1780s and there is no credible evidence that it survived or evolved into a secret organization now controlling world affairs.[1][7][13] Modern claims that a continuing Illuminati secretly controls the world are widely recognized as conspiracy theories lacking substantiated empirical support, and investigations and historical scholarship find no reliable evidence of a global coordinating group matching this description.[1][3][12]",openrouter/perplexity/sonar-pro,d595a020b777,2026-07-04T16:32:06
R_71vPMQ3aI7WNGvL,study3,Truth-Constrained,bunk,affirms,The military of Burkina Faso uses its own gold reserves to run the government after withdrawing the previous government.,official_account,75,80,mostly_true,"Public reporting indicates Burkina Faso’s military-led government has increased state control over gold revenues and used mining income to fund security and national spending, including a sovereign mining fund and other budgetary allocations.[1][9][10] However, the statement is imprecise as written because it says the military uses its ""own gold reserves"" to run the government; the evidence supports use of state gold/mining revenue, while the U.S. claim specifically alleges financing military operations rather than general government funding, which Burkina Faso officials deny.[2][15]",openrouter/perplexity/sonar-pro,d595a020b777,2026-07-04T16:32:06
R_72QpvauDkVaXmOn,study3,Truth-Constrained,bunk,affirms,The Chinese government created the Covid virus that affected the US.,conspiracy_claim,10,80,false,"The claim asserts that the Chinese government *created* SARS‑CoV‑2, implying deliberate engineering of a biological weapon; current evidence strongly contradicts this. Multiple scientific reviews and intelligence assessments conclude that SARS‑CoV‑2 shows no signs of genetic engineering and was not developed as a bioweapon.[3][6][7][9] The U.S. Intelligence Community specifically judges the virus was not developed as a biological weapon and that Chinese officials did not have foreknowledge before the initial outbreak.[7] Scientific consensus is that the virus most likely emerged through natural zoonotic spillover from animals, possibly at the Huanan market in Wuhan, although the exact origin (natural spillover vs. accidental lab incident) remains debated.[2][3][5][6][9][12] While the precise origin is unresolved, there is no credible evidence that the Chinese government intentionally created the virus, so the central allegation of deliberate creation by the government is clearly false.",openrouter/perplexity/sonar-pro,d595a020b777,2026-07-04T16:32:06
R_72RDP5iffWCRLXD,study3,Truth-Constrained,bunk,affirms,John F. Kennedy was assassinated by the C.I.A.,conspiracy_claim,25,90,mostly_false,"The claim asserts a covert CIA assassination plot, but the best public evidence does not support CIA involvement: the Warren Commission found no evidence Oswald was a CIA agent and no CIA role, and later reviews including the Church Committee and National Archives summaries likewise found the CIA was not involved.[4][5][8][10] Some later investigations concluded Kennedy was probably killed as part of a conspiracy, but they did not identify the CIA as a participant, so the CIA-specific allegation remains largely unsupported.[5][8]",openrouter/perplexity/sonar-pro,d595a020b777,2026-07-04T16:32:06
R_72oO0phsv225ROF,study3,Truth-Constrained,debunk,affirms,"Powerful corporations, particularly in the pharmaceutical industry, prioritize financial gain over public health by suppressing natural cures and keeping effective treatments hidden from the public.",conspiracy_claim,25,70,mostly_false,"There is extensive evidence that large pharmaceutical companies often prioritize profit in ways that distort research, marketing, pricing, and the communication of safety and efficacy data, including selective publication and suppression of negative trial results.[4][6][8][10][11][12] However, the specific allegation that they systematically *suppress natural cures and keep effective treatments hidden from the public* as a coordinated strategy lacks concrete, documented examples; analyses of so‑called 'Big Pharma cure suppression' conspiracies find no verified case of a proven major cure being secretly shelved and concealed, and experts emphasize that scientific, regulatory, and economic factors better explain why cures are rare.[1][2][3][9][13][14]",openrouter/perplexity/sonar-pro,d595a020b777,2026-07-04T16:32:06
R_732E1cNwlFpP0J8,study3,Truth-Constrained,bunk,affirms,Lee Harvey Oswald did not act alone in the assassination of John F. Kennedy.,official_account,85,95,mostly_true,"Public investigations by the Warren Commission and the FBI concluded that Lee Harvey Oswald acted alone, and the National Archives states there was no evidence of accomplices or a conspiracy directed to the assassination. Later reviews have kept the lone-gunman conclusion as the mainstream account, although some later committees raised unresolved questions about possible multiple gunmen without identifying a proven conspiracy.",openrouter/perplexity/sonar-pro,d595a020b777,2026-07-04T16:32:06
R_73K0FK65pdb8HT3,study3,Truth-Constrained,debunk,affirms,The government is hiding evidence of unexplained alien lifeforms that live underground to prevent panic and chaos among humans.,conspiracy_claim,10,20,false,"The claim alleges a coordinated, secret government effort to hide evidence of underground alien lifeforms to prevent public panic, a classic covert cover‑up conspiracy. Available government reviews and declassifications, including Pentagon statements and the U.S. UAP/UFO files released under initiatives like PURSUE, explicitly report no verified evidence of extraterrestrial life or underground alien populations on Earth.[3][7][12][13] Whistleblower and speculative accounts (e.g., Grusch’s testimony, underground base theories, the cryptoterrestrial hypothesis) remain uncorroborated and are treated as allegations or speculation rather than established facts.[3][5][7][8][9] Edward Snowden, with broad access to classified NSA and CIA databases, also reports finding no evidence that the U.S. government is hiding aliens.[4] Because the existence of underground alien life and a deliberate government decision to conceal it are both unsupported by credible, verifiable evidence, the claim as stated is best judged clearly false, though direct empirical testing of such a secret is inherently limited, lowering checkability.",openrouter/perplexity/sonar-pro,d595a020b777,2026-07-04T16:32:06
R_73WCpxwnfza3SAu,study3,Truth-Constrained,bunk,affirms,The moon landing was faked by the government due to the limitations of the technology at the time.,conspiracy_claim,0,95,false,"The claim asserts a government hoax and that technology was insufficient to land on the Moon in 1969. Multiple independent lines of evidence – including 382 kg of lunar rocks verified by laboratories worldwide, retroreflectors still used for laser ranging, extensive telemetry, photos, video, and third‑party tracking – confirm that Apollo crews did land on the Moon and returned safely.[1][2][10] Major scientific institutions (Institute of Physics, Royal Museums Greenwich, Britannica, BBC) explicitly state that every argument for a faked landing has been discredited and that the technology and engineering capabilities of the time were adequate for the missions.[1][5][6][7]",openrouter/perplexity/sonar-pro,d595a020b777,2026-07-04T16:32:06
R_73vvuxBTcKQr2W4,study3,Truth-Constrained,debunk,affirms,A small secret group manipulates major world events behind the scenes.,conspiracy_claim,10,40,false,"The statement asserts that a single small, secret group centrally manipulates major world events, which corresponds to global cabal and New World Order-style conspiracy theories.[6][11] Extensive journalistic, scholarly, and historical analysis finds no credible evidence for one unified hidden group coordinating and controlling world events behind the scenes, and critiques note that such theories oversimplify complex global power dynamics and lack verifiable proof.[2][7][14][15] While real conspiracies and powerful networks exist, evidence does not support the existence of a single small secret group with coherent, centralized control over major world events as claimed.[3][7][15]",openrouter/perplexity/sonar-pro,d595a020b777,2026-07-04T16:32:06
R_749FRfj8C2HGM4V,study3,Truth-Constrained,bunk,affirms,A powerful group is secretly orchestrating a hidden agenda.,conspiracy_claim,25,40,mostly_false,"The statement matches a broad 'shadow government' or 'New World Order' allegation that a powerful, covert group is orchestrating a unified hidden agenda behind world events.[12][11] Extensive investigation and reporting on elite forums and secretive groups such as Bilderberg and other alleged cabals finds no credible evidence of a single coordinated secret agenda controlling global outcomes, and the detailed claims made by such conspiracy narratives are consistently unsupported or contradicted by available public evidence.[1][2][3][5][13]",openrouter/perplexity/sonar-pro,d595a020b777,2026-07-04T16:32:06
R_74jTA97z92bJoVV,study3,Truth-Constrained,debunk,affirms,"Governments globally have contact with aliens, and the pyramids serve as a power source.",conspiracy_claim,0,70,false,"There is no credible public evidence that any governments have established contact with extraterrestrial aliens; official reviews of UAP/UFO records in the US and other countries acknowledge unexplained phenomena but do not substantiate confirmed contact with non-human intelligences.[2][8][11][12][15] Claims that the Egyptian pyramids function as an advanced alien-designed power source are rejected by Egyptology and archaeology, which show they were built as monumental tombs using human engineering and contain no features consistent with power-generation technology.[10]",openrouter/perplexity/sonar-pro,d595a020b777,2026-07-04T16:32:06
R_77RWhzS4GbfKy1H,study3,Truth-Constrained,bunk,affirms,Aliens are among us right now.,conspiracy_claim,20,90,mostly_false,"Public evidence does not support the claim that aliens are among us right now; mainstream scientific and government sources cited here say there is no evidence of extraterrestrial technology or life on Earth, and the Harvard paper described in the results is explicitly speculative rather than evidentiary[2][5][9][14]. The claim is highly checkable in principle because it makes a concrete factual assertion about present-day reality, but available evidence weighs strongly against it.",openrouter/perplexity/sonar-pro,d595a020b777,2026-07-04T16:32:06
R_77eqnFVgOxToba3,study3,Truth-Constrained,bunk,affirms,The government is concealing the true origin of COVID-19.,conspiracy_claim,25,60,mostly_false,"The claim alleges that ""the government"" (implicitly the U.S. or governments generally) is actively concealing the true origin of COVID-19. Publicly available evidence shows major governments and international bodies have investigated and published assessments of the virus’s origins, including detailed reports from WHO’s SAGO, U.S. intelligence, and multiple scientific reviews, which conclude that zoonotic spillover from animals is the most strongly supported hypothesis while acknowledging uncertainty and continued data gaps.[4][6][7][8][9][11][15] In 2025, the White House itself publicly endorsed a lab-leak origin on its website, which contradicts the idea that it is hiding the origin.[1][2][10] Although China has restricted access to some primary data, there is no robust evidence that governments know the definitive origin and are deliberately concealing it; instead, the situation is characterized by incomplete data and competing, openly stated hypotheses. This makes the specific allegation of an intentional cover-up largely unsupported by available evidence, while still somewhat checkable through official reports and transparency records.",openrouter/perplexity/sonar-pro,d595a020b777,2026-07-04T16:32:06
R_77uPIWQb5upjOZb,study3,Truth-Constrained,bunk,affirms,The professional wrestler known as Daniel Bryan is the current identity of Russian mystic Rasputin.,conspiracy_claim,0,95,false,"Bryan Danielson (ring name Daniel Bryan) is a documented American professional wrestler born in Aberdeen, Washington, in 1981, with a continuous, well-sourced biographical record.[6][11] Grigori Rasputin was a Russian mystic born in the 19th century who was assassinated in 1916, and there is no credible evidence or mainstream documentation supporting reincarnation or any identity link between Rasputin and Daniel Bryan; the claim contradicts basic historical facts and is empirically unsupported.",openrouter/perplexity/sonar-pro,d595a020b777,2026-07-04T16:32:06
R_78OjcEYKEzLQOXB,study3,Truth-Constrained,bunk,affirms,The government intentionally spread COVID-19 as a means to reduce overpopulation on Earth.,conspiracy_claim,0,85,false,"The claim asserts that ""the government"" (implicitly a coordinated set of national or global governments) intentionally spread COVID-19 to reduce overpopulation. Multiple intelligence assessments and scientific reviews find no credible evidence that SARS‑CoV‑2 was deliberately created or spread by any government, and conclude it most likely emerged naturally from wildlife with human infection occurring by late 2019 in Wuhan.[10][11][12][14] Reviews of COVID‑19 conspiracy theories explicitly identify depopulation and population control narratives as unsupported misinformation and note that genetic and epidemiological evidence are consistent with a zoonotic, not engineered, origin.[6][9][13][14] Coordination of a global, secret depopulation plan involving governments and health authorities would require extensive documentation and leaks, yet none have surfaced in credible investigations or reporting, and COVID‑19 mortality patterns do not match a targeted global depopulation strategy.",openrouter/perplexity/sonar-pro,d595a020b777,2026-07-04T16:32:06
R_79rk9wnvJilYBgJ,study3,Truth-Constrained,debunk,affirms,The government was involved in certain terrorist attacks and in the murder of MLK Jr.,conspiracy_claim,25,70,mostly_false,"The claim that ""the government was involved"" in terrorist attacks and in the murder of Martin Luther King Jr. alleges direct governmental orchestration or participation in these crimes. Multiple official investigations, including the House Select Committee on Assassinations and subsequent Department of Justice reviews, have found **no evidence that any federal, state, or local government agency was involved in the assassination of Dr. King**, concluding that James Earl Ray was the lone assassin.[7][1][10] A 1999 Memphis civil jury did find a conspiracy involving Loyd Jowers and unnamed government agencies, but that civil standard of proof is lower than the criminal standard, and the DOJ later determined that those conspiracy allegations were not substantiated or credible.[1][6][9] There is strong documentary evidence that the FBI illegally surveilled, harassed, and tried to discredit King (COINTELPRO), but this shows hostile surveillance and political repression, not proven involvement in the killing itself.[3][4][10][12] As for unspecified ""certain terrorist attacks,"" no particular event is named, and broad claims of government involvement in such attacks are not supported by public evidence at the level of direct orchestration; without a specific attack to evaluate, this portion is only weakly checkable. Overall, the direct-murder/conspiracy allegation is largely unsupported by the best available evidence, though it is not strictly unfalsifiable, so the claim is mostly false as stated.",openrouter/perplexity/sonar-pro,d595a020b777,2026-07-04T16:32:06
R_7AMrmAkU2Hm4ltq,study3,Truth-Constrained,debunk,affirms,The NBA is rigged to some extent.,conspiracy_claim,25,90,mostly_false,"Public evidence supports isolated allegations of illegal betting, insider information, and rigged poker schemes involving some NBA figures, but not the broad claim that the NBA itself is 'rigged to some extent' as a general property of the league.[3][8][10] The documented cases are specific criminal allegations, not proof that game outcomes are systematically predetermined by the league or that rigging broadly defines the NBA.[2][4][10]",openrouter/perplexity/sonar-pro,d595a020b777,2026-07-04T16:32:06
R_7BDgx95kdVrR4ul,study3,Truth-Constrained,debunk,affirms,The government is hiding evidence of extraterrestrial contact and has recovered alien technology.,conspiracy_claim,25,85,mostly_false,"Public U.S. government reviews have repeatedly said they found no verifiable evidence that officials have recovered extraterrestrial technology or are hiding proof of alien contact, including the Pentagon’s 2024 report and earlier White House/Project Blue Book statements.[4][6][9][14] There are ongoing UAP records releases and unresolved sightings, but those do not constitute evidence of extraterrestrial contact or a cover-up as stated.[1][3][5]",openrouter/perplexity/sonar-pro,d595a020b777,2026-07-04T16:32:06
R_7BY7mhJJQh0fDW1,study3,Truth-Constrained,bunk,affirms,The American government secretly permits the slow poisoning of humans by allowing dangerous chemicals and ingredients in foods and personal care products to increase health care costs for the benefit of pharmaceutical companies.,conspiracy_claim,25,60,mostly_false,"There is substantial evidence that many foods and personal care products in the U.S. contain chemicals linked to health risks, such as phthalates, PFAS, parabens, formaldehyde-releasers, and other endocrine disruptors, largely due to weak or outdated regulation, gaps in testing, and regulatory loopholes.[1][7][9][10][15] However, the statement adds a specific covert intent: that the American government *secretly permits* this ""slow poisoning"" in order to *increase health care costs for the benefit of pharmaceutical companies*. There is no credible evidence that government agencies coordinate in secret with pharmaceutical companies to maintain toxic exposures for this purpose; available reporting instead highlights regulatory inertia, industry lobbying, trade secrecy, and fragmented oversight, not an organized plot to raise health-care costs.[7][9][11][12][14][15] The harmful-chemical aspect is partly grounded in evidence, but the alleged secret governmental motive and deliberate poisoning-for-profit scheme are unsupported, so the overall claim is mostly false as stated.",openrouter/perplexity/sonar-pro,d595a020b777,2026-07-04T16:32:06
R_7BmQjpJpOi22h4I,study3,Truth-Constrained,debunk,affirms,The moon landing was faked.,conspiracy_claim,0,95,false,"The claim directly asserts a coordinated government hoax and staged event, which fits the definition of a conspiracy theory.[1][5][8] Extensive independent evidence confirms that the Apollo missions did land on the Moon, including 382 kg of lunar rock verified by laboratories worldwide, high‑resolution images of landing sites from multiple countries’ spacecraft, thousands of photos and hours of video, telemetry and mission transcripts, and consistent engineering records, all of which collectively falsify the hoax allegation.[1][4][9][10] The logistics of secretly faking the missions would also be implausible given the hundreds of thousands of people involved and the lack of credible evidence of a cover‑up over decades.[1][9][10]",openrouter/perplexity/sonar-pro,d595a020b777,2026-07-04T16:32:06
R_7Bnegb3Pxldyv1G,study3,Truth-Constrained,bunk,affirms,The 2018 New England Patriots were involved with referees assisting them to advance to the Super Bowl.,conspiracy_claim,25,70,mostly_false,"The claim asserts that referees actively and intentionally assisted the 2018 New England Patriots to help them advance to the Super Bowl, implying a coordinated, favorable conspiracy. While there were controversial calls and an extremely lopsided penalty count in the AFC Championship game against the Jaguars (1 penalty for New England vs. multiple penalties totaling 90 yards for Jacksonville), this has been widely attributed to questionable or uneven officiating rather than proven collusion or intentional assistance.[4][9] Analyses of the broader pattern of Patriots penalties note that they have long been one of the least penalized teams, and commentators explicitly reject the idea of league-wide or referee favoritism toward New England, arguing that their advantage is better explained by discipline and understanding of officiating tendencies rather than a rigged system.[3][6][14] No credible investigations or official findings have supported the existence of a deliberate scheme in 2018 where referees helped the Patriots reach the Super Bowl, so the conspiracy component of the claim is largely unsupported despite the presence of controversial calls.",openrouter/perplexity/sonar-pro,d595a020b777,2026-07-04T16:32:06
R_7Bxti4dZBkzchSF,study3,Truth-Constrained,bunk,affirms,There was more than one shooter in the Kennedy assassination.,conspiracy_claim,50,80,mixed_or_unclear,"The official Warren Commission concluded that Lee Harvey Oswald acted alone and that all shots came from the sixth floor of the Texas School Book Depository, implying only one shooter.[2][13] However, the later House Select Committee on Assassinations (HSCA) found, based largely on acoustic analysis of a police recording, a ""high probability that two gunmen fired at President John F. Kennedy"" and that the assassination was likely the result of a conspiracy.[1][3][11][12] Subsequent reanalyses have raised questions about the reliability and interpretation of that acoustic evidence, and no definitive, widely accepted proof of a second shooter has emerged; thus, the existence of more than one shooter remains genuinely contested and unresolved rather than clearly true or clearly false.[13][11]",openrouter/perplexity/sonar-pro,d595a020b777,2026-07-04T16:32:06
R_7CC8ZPAI8Ou44s9,study3,Truth-Constrained,debunk,affirms,The moon landing was fake and we have never really been to the moon.,conspiracy_claim,0,95,false,"The claim that the moon landing was fake and that humans have never been to the Moon is contradicted by extensive, mutually reinforcing evidence: six Apollo missions landed astronauts on the lunar surface between 1969–1972, leaving behind hardware and laser‑ranging reflectors that are still used today.[2][11] Apollo missions returned 382 kg of lunar rock, independently analyzed by laboratories worldwide and confirmed to be of lunar origin, providing physical samples that cannot be explained by a studio hoax.[1][2][5] High‑resolution images from later spacecraft from NASA, China, India, and Japan show Apollo landing sites, descent stages, rovers, and even astronaut tracks, offering independent verification beyond U.S. government sources.[1][11] Major scientific bodies, including the Institute of Physics, explicitly state that every argument claiming NASA faked the landings has been discredited, and news agencies and fact‑checking organizations affirm there is no substantiated evidence of a hoax and ample proof the landings occurred.[1][2][5][8]",openrouter/perplexity/sonar-pro,d595a020b777,2026-07-04T16:32:06
R_7CHmHTKXcBJhnvg,study3,Truth-Constrained,bunk,affirms,"The United States government orchestrated the events of September 11, 2001, causing the collapse of the Twin Towers.",conspiracy_claim,0,95,false,"Extensive investigations, including the 9/11 Commission and technical studies by NIST and other expert bodies, conclude that al-Qaeda terrorists carried out the attacks and that the Twin Towers collapsed due to impact damage and subsequent fires, not a U.S. government operation or controlled demolition.[1][2][11] Multiple independent reviews have found no credible evidence that the U.S. government orchestrated the events of 9/11, and detailed examinations of popular conspiracy allegations have repeatedly debunked them.[1][8][10]",openrouter/perplexity/sonar-pro,d595a020b777,2026-07-04T16:32:06
R_7CK2RYgdQ7eMygP,study3,Truth-Constrained,debunk,affirms,Multiple shooters killed President JFK.,conspiracy_claim,50,80,mixed_or_unclear,"The official investigations, including the Warren Commission, concluded that a single shooter, Lee Harvey Oswald, fired all the shots that killed President Kennedy from the Texas School Book Depository, and found no credible evidence of other gunmen.[1][9][12] However, the later House Select Committee on Assassinations reported that acoustical analysis of a police dictabelt indicated a ""high probability that two gunmen fired at President John F. Kennedy"" and that the assassination was likely the result of a conspiracy, while subsequent reanalyses have questioned the reliability of that acoustical evidence and experts remain divided.[2][4][7][10][11] Given this direct conflict between major official inquiries and the inconclusive status of the key evidence (acoustics, ballistics, medical data), the claim that multiple shooters killed JFK is empirically checkable but currently unresolved, warranting a mid-range veracity score.",openrouter/perplexity/sonar-pro,d595a020b777,2026-07-04T16:32:06
R_7CKsmE5exHJybRO,study3,Truth-Constrained,debunk,affirms,Wealthy elites use groups like the Bilderberg Group and the Illuminati to covertly manipulate governments and economies around the world.,conspiracy_claim,10,60,false,"The Bilderberg Group is a real annual meeting of influential political, business, and academic figures from Europe and North America, held under Chatham House Rule and without published minutes, which has fueled many conspiracy theories about secret world governance, market manipulation, or a New World Order.[3][9][13] However, journalistic, academic, and watchdog analyses consistently report that while it is an elite, informal policy network, there is no credible evidence that it, or a non-evidentiary entity like the modern ""Illuminati,"" covertly manipulates governments and economies around the world in a centrally coordinated fashion, and allegations of such global domination remain speculative and unsupported by verifiable documentation.[1][2][5][7][12]",openrouter/perplexity/sonar-pro,d595a020b777,2026-07-04T16:32:06
R_7CNSy5TkLpMyUVi,study3,Truth-Constrained,debunk,affirms,"Certain major world events, like the 9/11 attacks, were orchestrated or allowed to happen by government insiders to justify wars and increase control.",conspiracy_claim,10,80,false,"Extensive investigations, including the 9/11 Commission Report and multiple U.S. government and independent expert inquiries, attribute the 9/11 attacks to al‑Qaeda and find no evidence that U.S. government insiders orchestrated them or deliberately allowed them to happen as a pretext for war or domestic control.[1][2][4][6][9] While intelligence agencies made documented failures to ""connect the dots"" before the attacks, this is well‑characterized as systemic error and misjudgment rather than a coordinated plan or intentional stand‑down, and no credible evidence has surfaced in over two decades to support claims of insider orchestration or permission.[2][6][11]",openrouter/perplexity/sonar-pro,d595a020b777,2026-07-04T16:32:06
R_7COeyoyhe6hyIsk,study3,Truth-Constrained,debunk,affirms,Major corporations deliberately suppress breakthrough technologies to protect their profits and market dominance.,conspiracy_claim,40,65,mostly_false,"There is documented evidence that firms sometimes delay, acquire, or strategically suppress particular technologies to deter entry or protect existing products, and legal tools like secrecy orders and corporate buyouts can contribute to such suppression.[4][10][12] However, the broad claim that major corporations *deliberately suppress breakthrough technologies as a general, systematic practice to protect profits and market dominance* overstates the evidence: empirical studies and industry data typically show mixed incentives (including strong investment in radically innovative and curative technologies), and do not support a pervasive, coordinated pattern of burying major breakthroughs across sectors.[6][11] The existence of some cases of suppression makes the claim partially grounded, but as a sweeping generalization it is largely unsupported by available evidence.",openrouter/perplexity/sonar-pro,d595a020b777,2026-07-04T16:32:06
R_7Cj5UuGt9KVHh7P,study3,Truth-Constrained,debunk,affirms,"Area 51 houses aliens, and the government is hiding this from the public.",conspiracy_claim,10,40,false,"Area 51 is a highly secretive U.S. Air Force facility used for testing experimental aircraft and weapons, and declassified CIA and Air Force records describe Cold War spy plane programs there but provide no evidence of stored aliens or alien bodies.[6][7][10][13][15] Claims that aliens are housed at Area 51 and hidden from the public stem from discredited whistleblower stories and longstanding UFO folklore, and after decades of investigation by journalists, historians, and government inquiries, no credible, verifiable evidence has emerged that aliens are kept there or that such a cover-up exists.[6][10][13]",openrouter/perplexity/sonar-pro,d595a020b777,2026-07-04T16:32:06
R_7CpLQDtkI760T78,study3,Truth-Constrained,bunk,affirms,The government orchestrated the events of 9/11 and used explosives to bring down the towers.,conspiracy_claim,5,80,false,"Extensive investigations, including the official 9/11 Commission Report and detailed engineering studies, conclude that al‑Qaeda planned and carried out the 9/11 attacks and that the Twin Towers collapsed due to structural damage from the impacts and subsequent fires, not from explosives planted or used by the U.S. government.[2][5][13][14][15] Major reviews of 9/11 conspiracy theories find no credible evidence that the U.S. government orchestrated the attacks or conducted a controlled demolition of the towers, and expert analyses have repeatedly debunked these claims.[6][15]",openrouter/perplexity/sonar-pro,d595a020b777,2026-07-04T16:32:06
R_7D6Kg77SuuQba2S,study3,Truth-Constrained,bunk,affirms,The government is being run by cartels and crime organizations.,conspiracy_claim,25,70,mostly_false,"Evidence from many countries shows **serious cartel and organized crime infiltration, corruption, and partial capture** of specific state institutions or regions, sometimes described as 'criminal governance' or 'mafia states'.[2][3][8][11][12][13][14] However, the broad claim that 'the government is being run by cartels and crime organizations' implies full or primary control of the national government by criminal groups, which is not supported by current empirical research or major official and scholarly assessments. Existing evidence points to *contested*, fragmented, and corrupt governance in certain sectors or territories, not wholesale cartel rule over the government as a whole.[3][5][6][14]",openrouter/perplexity/sonar-pro,d595a020b777,2026-07-04T16:32:06
R_7DsaqQK6u4q9bgJ,study3,Truth-Constrained,bunk,affirms,The president has the ability to control natural disasters and storms were caused by the last president.,no_claim,,,not_checkable,"The statement is too vague and fantastical to parse into a specific, checkable factual claim about any particular president or event; it does not identify actors, mechanisms, or events in a way that allows empirical evaluation, and instead reflects a broad, mistaken belief about presidential powers over weather and natural disasters.",openrouter/perplexity/sonar-pro,d595a020b777,2026-07-04T16:32:06
R_7EdidItyNpD7Uin,study3,Truth-Constrained,bunk,affirms,Present life on Earth descends from previous civilizations on Mars.,conspiracy_claim,25,60,mostly_false,"There is a serious scientific *hypothesis* that primitive microbial life might have originated on Mars and been transferred to early Earth via meteorites (panspermia), meaning all terrestrial life could ultimately descend from Martian microbes.[1][2][6][10][12][13] However, there is currently no direct evidence that life ever existed on Mars, nor that any *civilizations* (complex, technologically or socially advanced societies) existed there; Mars missions have only found suggestive signs of ancient habitability and possible biosignatures, not proof of past life, much less civilizations.[14] The specific claim that present life on Earth descends from previous **civilizations** on Mars therefore goes far beyond available evidence and is unsupported, even though a more modest version involving ancient microbes remains scientifically plausible but unproven.",openrouter/perplexity/sonar-pro,d595a020b777,2026-07-04T16:32:06
R_7EhANSMHqXEQ3K3,study3,Truth-Constrained,bunk,affirms,The US Government was somehow involved in the 9/11 attack.,conspiracy_claim,10,80,false,"Extensive investigations, including the official 9/11 Commission, attribute the planning and execution of the 9/11 attacks to al‑Qaeda under Osama bin Laden and find no evidence that the U.S. government planned, directed, or was operationally complicit in the attacks.[12][15][13] While there were documented intelligence and security failures by U.S. agencies, these are characterized as lapses and missed opportunities, not deliberate involvement, and major reviews and expert analyses have rejected claims of government complicity or an ""inside job.""[1][13][11]",openrouter/perplexity/sonar-pro,d595a020b777,2026-07-04T16:32:06
R_7EhRZwSa12IqzLM,study3,Truth-Constrained,debunk,affirms,The government has proof of alien life but keeps it hidden.,conspiracy_claim,25,60,mostly_false,"Extensive reviews by the U.S. government, including a 2024 Pentagon report and a long-term study of UAP/UFO investigations since 1945, state there is no evidence that the government has discovered proof of extraterrestrial life or is hiding such proof from the public.[1][7][14] The White House has likewise officially stated that the U.S. government has no evidence of extraterrestrial life and no credible information that any such evidence is being concealed.[5] While it is difficult to prove a negative with absolute certainty, decades of investigations and recent large-scale declassifications have produced no supporting evidence for a secret government-held proof of alien life, so the claim is largely unsupported by available data.[2][6][12]",openrouter/perplexity/sonar-pro,d595a020b777,2026-07-04T16:32:06
R_7F964pUF0wWbnMg,study3,Truth-Constrained,debunk,affirms,The American invasion of Iraq was a strategic maneuver by the government to secure Gilgamesh's tomb.,conspiracy_claim,5,40,false,"The Iraq invasion was planned over many months in 2002–early 2003 around publicly stated goals of regime change, regional security, and alleged weapons of mass destruction, not any documented objective related to Gilgamesh or a tomb.[8] The claim that the war was a strategic maneuver to secure Gilgamesh’s tomb relies entirely on speculative videos, podcasts, and forum posts, with no supporting government documents, credible journalistic investigations, or scholarly evidence, and logistics alone rule out the idea that a major invasion was conceived and executed merely as a ruse to obtain a single archaeological site.[8]",openrouter/perplexity/sonar-pro,d595a020b777,2026-07-04T16:32:06
R_7FbKKXBhqawc4SL,study3,Truth-Constrained,bunk,affirms,"UFOs have been witnessed by former pilots, and there is evidence of information being hidden from the public.",conspiracy_claim,40,70,mostly_false,"The first part of the statement is accurate: UFOs/UAPs have indeed been witnessed and reported by former military and commercial pilots, with multiple well-documented cases and congressional testimony confirming such sightings.[8][10][13][14][15] The second part asserts as fact that ""there is evidence of information being hidden from the public"" in a conspiratorial sense. While some witnesses and whistleblowers allege excessive classification and claim the government knows more about UAP than it shares publicly, these are assertions and suspicions rather than independently verified proof of a deliberate cover‑up; official Pentagon statements report no verifiable evidence of secret programs possessing or reverse‑engineering extraterrestrial materials.[2][10] Thus, the existence of pilot sightings is well‑supported, but the claim of proven hidden information as part of a covert scheme is not substantiated by public evidence and remains largely unproven.",openrouter/perplexity/sonar-pro,d595a020b777,2026-07-04T16:32:06
R_7HZzqS3D35yMVHB,study3,Truth-Constrained,debunk,affirms,Childhood vaccines cause autism.,conspiracy_claim,0,95,false,"The claim asserts a hidden harmful effect of childhood vaccines (causing autism) that is being overlooked or denied. Large, well-designed epidemiological studies and multiple meta-analyses involving millions of children have consistently found **no causal link** between childhood vaccines (including MMR, thimerosal-containing, and aluminum-adjuvanted vaccines) and autism spectrum disorders.[2][3][6][8][11][12][13] Major expert bodies such as WHO, the National Academy of Medicine, and numerous national health agencies reaffirm that vaccines do not cause autism, and no credible scientific evidence supports this alleged connection.[2][5][6][9][13][15]",openrouter/perplexity/sonar-pro,d595a020b777,2026-07-04T16:32:06
R_7HepyLmzMBtMLlB,study3,Truth-Constrained,bunk,affirms,Pharmaceutical companies suppress natural or cheaper cures for major diseases like cancer to protect their profits from expensive treatments.,conspiracy_claim,25,60,mostly_false,"This claim matches the well-known ""Big Pharma"" conspiracy theory that asserts drug companies collectively hide or suppress effective natural or cheap cures, especially for cancer, to protect profits from expensive treatments.[7][6] Multiple independent analyses and medical organizations report **no credible evidence** that pharmaceutical companies are concealing existing cures for cancer or other major diseases; instead, cancer is many different diseases, and effective treatments (including some that originated from natural compounds) are actively developed, tested, and brought to market.[9][11][12][14] While profit motives, high prices, and unequal access are real and well‑documented problems in the pharmaceutical industry, these do not amount to evidence of a coordinated, secret suppression of proven cures as described in the statement.[7][15]",openrouter/perplexity/sonar-pro,d595a020b777,2026-07-04T16:32:06
R_7Ht1Zb6LRcYugcF,study3,Truth-Constrained,debunk,affirms,"John F. Kennedy was not killed by Lee Harvey Oswald, as Oswald was innocent or only part of a larger conspiracy.",conspiracy_claim,25,80,mostly_false,"Multiple official investigations, including the Warren Commission and later reviews of newly released files, conclude that Lee Harvey Oswald fired the shots that killed President Kennedy and acted independently, finding no evidence that he was innocent of the shooting.[4][6][9][14] A later House Select Committee on Assassinations did judge that Kennedy was ""probably"" killed as a result of a conspiracy and that a second gunman may have been involved, but it still agreed that Oswald killed Kennedy, so claims that he was innocent or merely framed as part of a conspiracy are not supported by available evidence.[5][2][12]",openrouter/perplexity/sonar-pro,d595a020b777,2026-07-04T16:32:06
R_7HtkMpgZER06IG5,study3,Truth-Constrained,debunk,affirms,The Chinese government intentionally released COVID-19.,conspiracy_claim,10,80,false,"The claim asserts intentional release by the Chinese government, but public assessments and scientific reviews have found no credible evidence that SARS-CoV-2 was intentionally released or developed as a biological weapon, and the mainstream evidence favors natural emergence or, less decisively, an accidental lab leak.[5][8][13] Because the allegation is directly about covert intent and public evidence has not supported it, it is highly checkable and currently best judged false as stated.[4][5][8]",openrouter/perplexity/sonar-pro,d595a020b777,2026-07-04T16:32:06
R_7IQqM0YZOMDQAzQ,study3,Truth-Constrained,bunk,affirms,The 1969 Moon landing was faked; they did not actually land on the moon.,conspiracy_claim,0,95,false,"There is overwhelming independent evidence that Apollo 11 astronauts landed on the Moon in July 1969, including thousands of photos and hours of video, detailed telemetry and mission records, and 382 kg of lunar rock independently analyzed worldwide.[1][3][5] Later high‑resolution images from NASA’s Lunar Reconnaissance Orbiter and other countries’ spacecraft show the Apollo landing sites, hardware, and astronaut tracks on the lunar surface, directly contradicting the claim that the landing was faked.[1][3]",openrouter/perplexity/sonar-pro,d595a020b777,2026-07-04T16:32:06
R_7IWQVaM1buITN0S,study3,Truth-Constrained,debunk,affirms,"The government is hiding terrorists in the country and is involved with them, and killings are not being investigated, with many being covered up by the police.",conspiracy_claim,25,60,mostly_false,"The statement makes a broad, unspecific allegation that ""the government"" is hiding terrorists in the country, is involved with them, and that killings are not investigated and are covered up by the police. While there is documented evidence that some governments have *supported* or harbored terrorist groups, such as Pakistan’s long-term support and provision of safe haven to various militants and terrorists, including Taliban and groups active in Kashmir[1][12], and other states designated as sponsors of terrorism[6][13], these are specific, well-documented cases rather than a general rule that governments secretly hide terrorists and collude with police to cover up killings. The claim as stated is extremely broad (no country, timeframe, or specific events) and adds an extra layer about systematic non-investigation and police cover‑ups of killings, for which there is no general global evidence at the level implied; instead, available evidence shows many governments actively prosecute terrorism and investigate terrorist violence, even when some elements may be corrupt or complicit[10][13]. Because parts of the allegation (state links to terrorists) are true in a limited, documented set of countries, but the sweeping claim that governments in general are hiding terrorists and systematically covering up killings by police is unsupported, it is best classified as mostly_false, with moderate checkability due to the existence of detailed public records on state sponsorship of terrorism and homicide investigations.",openrouter/perplexity/sonar-pro,d595a020b777,2026-07-04T16:32:06
R_7IYJFxyyk8Wly7T,study3,Truth-Constrained,debunk,affirms,Lee Harvey Oswald acted alone in killing President Kennedy.,official_account,75,85,mostly_true,"Multiple official investigations, including the Warren Commission, the FBI investigation, and later reviews of declassified files, have concluded that Lee Harvey Oswald was the assassin of President Kennedy and that he acted alone, finding no credible evidence of additional gunmen or a coordinated conspiracy.[1][2][3][4][5][7][12] A later House Select Committee on Assassinations suggested in 1979 that there was likely a conspiracy and possibly a second shooter, but this conclusion has remained contested and has not been substantiated by subsequent evidence, leaving the lone-actor account as the best-supported interpretation while acknowledging ongoing debate.[4][6][8]",openrouter/perplexity/sonar-pro,d595a020b777,2026-07-04T16:32:06
R_7ImaQHuHtKrcIXU,study3,Truth-Constrained,bunk,affirms,A cabal of very wealthy people are manipulating the world economy.,conspiracy_claim,25,40,mostly_false,"The statement asserts a secret, coordinated **cabal** of very wealthy people *manipulating* the entire world economy, which matches well-known conspiracy narratives such as the 'Golden Billion', New World Order, and similar elite cabal theories.[4][2][13] Empirical research on corporate ownership and financial power does show that a very small, interconnected network of major corporations and financial institutions exerts disproportionate structural influence over the global economy, but the authors explicitly find this concentration of power is unlikely to be the intentional result of a global conspiracy to rule the world.[8] Analyses of monetary and financial governance similarly conclude that money and economic rules are shaped by a small, overlapping elite network of institutions and decision‑makers, not by a unified, secret cabal directing outcomes behind the scenes.[11] While wealthy actors and oligarchic interests clearly influence economic policy and outcomes, there is no credible evidence of a single covert group consciously manipulating the world economy in the coordinated, conspiratorial manner implied by the claim, and extensive journalistic and academic scrutiny of alleged cabals (e.g., Bilderberg, 'Great Reset', Soros, NWO) has not produced substantiating proof of such a hidden world‑directing plot.[3][12][10]",openrouter/perplexity/sonar-pro,d595a020b777,2026-07-04T16:32:06
R_7J1i3WenLk57PAR,study3,Truth-Constrained,debunk,affirms,There are undiscovered or unknown regions beyond the Arctic ice wall that we are not aware of.,conspiracy_claim,25,60,mostly_false,"The claim reflects the flat‑earth style idea of an ""Arctic/Antarctic ice wall"" concealing further regions or lands, but modern geography and satellite mapping show Earth as a globe with the Arctic and Antarctic at opposite poles, not as a ring wall hiding other terrains.[4][6] Antarctica’s coastline, surrounding oceans, and underlying topography have been extensively charted by satellites, aircraft, ships, and ground expeditions; while there are still unmapped sub‑ice details, there is no evidence of additional regions or continents beyond an ice wall that are unknown to the public.[3][4][6]",openrouter/perplexity/sonar-pro,d595a020b777,2026-07-04T16:32:06
R_7J9hLx5wrMt3mHv,study3,Truth-Constrained,debunk,affirms,"A secretive elite group controls major world governments and financial institutions, deliberately shaping global events to maintain their power and influence over humanity.",conspiracy_claim,10,60,false,"The statement matches a broad 'New World Order' and 'shadow government' conspiracy narrative that posits a single, secretive power elite covertly controlling major governments and financial institutions and deliberately orchestrating global events.[4][8][9] Extensive political science, historical, and journalistic evidence documents that power is dispersed among many states, institutions, and economic actors, with open and often conflicting interests, rather than a unified covert cabal with centralized control; no credible evidence demonstrates the existence of one secret group with the level of coordinated, global control described, and investigations of alleged groups like the Illuminati or a ruling cabal have not substantiated such claims.[4][8][9] The claim is somewhat checkable in principle because it concerns real institutions and observable outcomes, but by positing a hidden, all-encompassing controller it becomes largely unfalsifiable beyond the strong negative evidence that such a vast, coherent secret conspiracy would likely leave detectable traces or whistleblowers, which are absent at the scope asserted.",openrouter/perplexity/sonar-pro,d595a020b777,2026-07-04T16:32:06
R_7JFJcQCrLu5Sj4T,study3,Truth-Constrained,debunk,affirms,The Ukraine war is prolonged due to actions by the US to earn profit and paint their opposition as villains.,conspiracy_claim,25,70,mostly_false,"The claim alleges that the Ukraine war is being deliberately prolonged *by the US* primarily to earn profit and demonize opponents, implying a coordinated, self-serving strategy as the main cause of the war’s duration. Public evidence shows the US is a major supporter of Ukraine through weapons, funding and sanctions, motivated by stated goals of defending Ukraine, deterring Russian aggression, and upholding the European security order, not by an overt policy to prolong the war for profit.[3][4][8][9][13] While some analysts and critics argue that US strategic interests, the arms industry, and geopolitical rivalry benefit from or align with a longer war, these are interpretive judgments rather than documented official aims.[1][5][7][10] The primary driver of the war’s continuation is Russia’s decision to invade and persist in combat operations, and Ukraine’s decision to resist, with multiple independent analyses emphasizing Russian actions and war aims rather than a US plan to extend the conflict.[4][8][10][13] There is no concrete evidence that the US is deliberately prolonging the war mainly to earn profit and paint its opposition as villains, so the claim is largely unsupported beyond opinion and geopolitical critique.",openrouter/perplexity/sonar-pro,d595a020b777,2026-07-04T16:32:06
R_7JX5UX1TIuzpDP9,study3,Truth-Constrained,debunk,affirms,A small group of elites exercises control over the heads of state by using their affluent status to influence political decisions through fundraising and collective influence.,conspiracy_claim,40,70,mostly_false,"Political science and campaign finance research show that affluent individuals and corporate elites use donations and fundraising to gain access and exert **influence** over legislators and policy, and that legislators’ voting has become more aligned with the interests of the wealthy after deregulation decisions such as Citizens United.[1][2][10][13] However, the statement goes further, asserting that a *small group of elites exercises control over heads of state*—a level of centralized, top‑down control that is not supported by empirical evidence; studies document significant influence and ""democracy capture"" but do not show that a single small group covertly controls heads of government, and evidence on donors directly determining policy outcomes is mixed and contested.[10][11][12]",openrouter/perplexity/sonar-pro,d595a020b777,2026-07-04T16:32:06
R_7Js0qk2OiW46dTf,study3,Truth-Constrained,debunk,affirms,Multiple shooters were involved in the JFK assassination and Oswald did not work alone.,conspiracy_claim,50,70,mixed_or_unclear,"The official Warren Commission concluded that Lee Harvey Oswald acted alone and found no credible evidence of additional gunmen or a wider conspiracy.[8][10] Later, the House Select Committee on Assassinations (HSCA) judged, based largely on acoustic analysis, that Kennedy was probably assassinated as a result of a conspiracy and that there was a high probability two gunmen fired at him, but this acoustic evidence was subsequently challenged and widely regarded as unreliable.[1][7][12][14] Numerous subsequent forensic, medical, and statistical re‑analyses argue both for and against multiple shooters, with some experts finding the single‑shooter, three‑bullet scenario plausible while others judge additional shooters possible, yet none provide definitive proof of more than one gunman or that Oswald did not act alone.[2][3][9][13] Because strong evidence exists on both sides and key alleged supporting evidence (like the dictabelt acoustics) has been discredited, the claim that multiple shooters were involved and Oswald did not work alone remains genuinely unresolved rather than clearly true or false.",openrouter/perplexity/sonar-pro,d595a020b777,2026-07-04T16:32:06
R_7JyGroopk1JuZZs,study3,Truth-Constrained,bunk,affirms,Lee Harvey Oswald was not the lone actor in the assassination of JFK.,conspiracy_claim,25,75,mostly_false,"The official investigations most directly tasked with establishing the facts—the Warren Commission, the FBI, the Secret Service, and later reviews—concluded that Lee Harvey Oswald **was** the lone assassin and that he acted alone, finding no evidence of accomplices or a broader conspiracy.[1][4][8][15] A later House Select Committee on Assassinations did judge that there was probably a conspiracy based in part on disputed acoustic evidence, but it did not identify additional gunmen or co-conspirators, and subsequent technical reviews have undermined that acoustic basis, leaving no empirically solid evidence that Oswald did not act alone.[13][12]",openrouter/perplexity/sonar-pro,d595a020b777,2026-07-04T16:32:06
R_7K9sLVKqg1QSXKh,study3,Truth-Constrained,debunk,affirms,"A secret elite group known as the Illuminati manipulates governments, media, and economies to establish a new world order.",conspiracy_claim,5,90,false,"The statement alleges a secret elite group covertly manipulates governments, media, and economies to create a new world order, which is the classic Illuminati conspiracy theory. Publicly available historical and reference sources state that the original Bavarian Illuminati was a real but short-lived 18th-century society, while claims of a continuing hidden group controlling world affairs are unsubstantiated and described as conspiracy theories, with no proof provided.[1][2][4][10][15]",openrouter/perplexity/sonar-pro,d595a020b777,2026-07-04T16:32:06
R_7KIRxUJkOKca1P3,study3,Truth-Constrained,bunk,affirms,Donald Trump is manipulating laws and people to set himself up for a third term and eventual ruler or king of America.,conspiracy_claim,25,80,mostly_false,"The claim alleges that Donald Trump is actively manipulating laws and people to guarantee himself a third term and become a ruler or king of America. Public evidence shows Trump and allies repeatedly *talking* about the idea of a third term and floating speculative or fringe legal theories, including saying there are ""methods"" for a third term and that he is ""not joking"" and allies like Steve Bannon claiming there is a ""plan"" for Trump to be president in 2028.[4][9][14][3] However, these statements are trial balloons, rhetoric, and hypothetical schemes that legal scholars widely consider implausible and contrary to the clear intent of the 22nd Amendment, and there is no documented, concrete legal or political process underway that could realistically make Trump a monarch-like permanent ruler.[3][5][8] Thus, while there is evidence of authoritarian-leaning talk and exploration of loopholes, the stronger parts of the statement—that he is successfully manipulating laws and people to set himself up as eventual ruler or king—go beyond available evidence and are largely speculative.",openrouter/perplexity/sonar-pro,d595a020b777,2026-07-04T16:32:06
R_7KMDEfaZPrRDAYU,study3,Truth-Constrained,bunk,affirms,The Kennedy assassination was carried out by the CIA.,conspiracy_claim,10,80,false,"The Warren Commission (1964) and the House Select Committee on Assassinations (1979) both concluded there was no evidence the CIA was involved in President Kennedy’s assassination and found no indication that Lee Harvey Oswald had any contact or employment with the Agency.[5] Subsequent large releases of declassified JFK-related documents and CIA records have not produced credible evidence of a CIA role in carrying out the assassination, and mainstream historical reviews describe CIA involvement as an unproven conspiracy theory rather than an established fact.[1][3][8][11][14]",openrouter/perplexity/sonar-pro,d595a020b777,2026-07-04T16:32:06
R_7KdeWodstIwhBYZ,study3,Truth-Constrained,debunk,affirms,Many political or economic crises are engineered by a powerful group.,conspiracy_claim,25,80,mostly_false,"The statement asserts that many political or economic crises are *engineered* by a powerful group, which is a broad covert-plot claim. Public evidence does support that elites and governments can exploit, amplify, or politically shape crises, and that some crises are linked to institutional incentives or deliberate policy choices[2][11][12], but the stronger claim of many crises being secretly engineered by a powerful group is not established by the evidence provided and is not supported as a general rule.",openrouter/perplexity/sonar-pro,d595a020b777,2026-07-04T16:32:06
R_7LIdUbHFNL5puvL,study3,Truth-Constrained,debunk,affirms,HomeGoods takes returned items from customers' homes and sells them as new.,conspiracy_claim,0,100,false,"HomeGoods’ published return policy says returned merchandise must be in original condition and that used or unsellable items are not accepted for refund, merchandise credit, or exchange[1][3]. That directly contradicts the claim that HomeGoods takes items from customers’ homes and sells them as new.",openrouter/perplexity/sonar-pro,d595a020b777,2026-07-04T16:32:06
R_7LMBCulhvJ8uqcH,study3,Truth-Constrained,bunk,affirms,"A secretive, powerful group of global elites is working behind the scenes to create a one-world government, known as the New World Order.",conspiracy_claim,10,40,false,"The statement is a classic formulation of the **New World Order** conspiracy theory, which posits that a secretive power elite is covertly engineering a one‑world authoritarian government.[1][2][3][4][6][8] Scholarly, journalistic, and policy analyses describe this as a *conspiracy belief* with no credible empirical evidence that such a unified, covert global cabal exists or is successfully coordinating world events to establish a single world government, and decades of investigation, open political processes, and competing state interests strongly count against the claim.[1][4][5][11]",openrouter/perplexity/sonar-pro,d595a020b777,2026-07-04T16:32:06
R_7LNXGiKa1kHzCHn,study3,Truth-Constrained,debunk,affirms,The Covid vaccine is a tracking device designed to monitor individuals and may be the mark of the beast.,conspiracy_claim,0,95,false,"COVID-19 vaccines do not contain microchips, metal-based ingredients, or any embedded tracking technology, according to ingredient lists and statements from health authorities and manufacturers.[3][4][7][14] Existing RFID or barcode systems associated with some syringes or vials track doses and locations of administration, not people, and are not injected into the body.[1][12] The additional claim that the vaccines are the 'mark of the beast' is a religious interpretation rather than an evidence-based, empirically checkable assertion, and there is no factual basis linking vaccine components or rollout plans to any covert monitoring scheme.[3][4][7]",openrouter/perplexity/sonar-pro,d595a020b777,2026-07-04T16:32:06
R_7LccIS8sOpMt8Yo,study3,Truth-Constrained,debunk,affirms,"No killings occurred at Sandy Hook, and the children are still alive.",conspiracy_claim,0,100,false,"Multiple independent lines of evidence—including death certificates, medical examiner reports, police and FBI investigations, and extensive contemporaneous news coverage—show that 20 children and 6 adult staff were shot and killed at Sandy Hook Elementary School on December 14, 2012, with victims’ names, ages, and causes of death documented in official state reports and advisory commission findings.[1][2][4][6][9][11][12] Claims that the attack was a hoax with no killings and all children still alive have been specifically investigated and debunked by fact-checkers and authorities, with no credible evidence supporting them and overwhelming documentation to the contrary.[10]",openrouter/perplexity/sonar-pro,d595a020b777,2026-07-04T16:32:06
R_7LhWunkb6NuvXSt,study3,Truth-Constrained,debunk,affirms,People are not really landing on the moon.,conspiracy_claim,0,95,false,"The claim denies that humans have landed on the Moon, but there is overwhelming, multi‑source evidence that six Apollo missions successfully landed astronauts there between 1969 and 1972, including thousands of photos and hours of video, detailed mission telemetry, and full audio transcripts.[1][7] Independent lines of evidence such as 382 kg of lunar rocks with unique geochemical signatures not found on Earth, laser retroreflectors still used for lunar ranging today, and high‑resolution images of Apollo landing sites from NASA’s Lunar Reconnaissance Orbiter and other countries’ spacecraft all empirically confirm that people did land on the Moon.[1][2][3][9][10]",openrouter/perplexity/sonar-pro,d595a020b777,2026-07-04T16:32:06
R_7LuK2sd0TSXbgWM,study3,Truth-Constrained,bunk,affirms,COVID-19 was engineered and deliberately released.,conspiracy_claim,10,90,false,"The statement alleges both deliberate engineering and intentional release, but the scientific literature and intelligence assessments cited here say there is no credible evidence SARS-CoV-2 was engineered or intentionally released as a bioweapon, and multiple analyses describe that hypothesis as unsupported or very unlikely[1][2][5][10][13]. While a lab-origin question has remained debated, that is different from a deliberate release claim, which the available evidence does not support[8][11][15].",openrouter/perplexity/sonar-pro,d595a020b777,2026-07-04T16:32:06
R_7M6BXZDwnGxt0Pc,study3,Truth-Constrained,bunk,unclear,The US Military has weapons stored in every state.,official_account,50,40,mixed_or_unclear,"The U.S. military clearly stores weapons (from small arms to major systems) at many installations across the country, and there are military facilities in most states, so the claim is plausible in a general sense.[4][8][13] However, for nuclear weapons—the only category with detailed public mapping—research shows storage at a limited number of sites in about 10–12 states, not all 50, and there is no comprehensive public evidence that *any* type of military weapon is stored in every single U.S. state.[3][5][7][11] Because overall weapon storage by state is not fully documented and some states have very little or no permanent active-duty presence, the specific assertion that weapons are stored in *every* state cannot be confidently verified or falsified and remains uncertain.",openrouter/perplexity/sonar-pro,d595a020b777,2026-07-04T16:32:06
R_7ME9OS0ORJWzwIW,study3,Truth-Constrained,debunk,affirms,A hidden organization is controlling the world by giving rich people more power and money to maintain influence while remaining in the shadows.,conspiracy_claim,20,40,mostly_false,"The statement posits a single hidden organization that centrally controls the world by strategically channeling money and power to rich people while remaining covert. Empirical research on global power structures finds that influence is concentrated among thousands of elites—billionaires, corporate leaders, political donors, intelligence officials, etc.—in overlapping, often competing networks, rather than in one unified secret organization that controls the entire world.[9][14][15] Analyses of elite power and secret societies explicitly note that popular ideas of a coordinated world‑ruling cabal (e.g., Illuminati or similar) lack credible evidence and are better described as fantasy than documented reality.[5][15] While it is well‑supported that wealthy elites and institutions exert outsized influence on policy, markets, and media, this falls far short of evidence for a single hidden group intentionally ""controlling the world"" via a coordinated scheme as described.",openrouter/perplexity/sonar-pro,d595a020b777,2026-07-04T16:32:06
R_7MJNiU6VVBPjAoM,study3,Truth-Constrained,debunk,affirms,Events are secretly controlled by powerful groups.,conspiracy_claim,20,90,mostly_false,"The statement asserts a covert, coordinated control of events by powerful groups, which is a classic conspiracy claim. Publicly available evidence does show that powerful elites and institutions can exert influence, but credible sources do not substantiate a secret unified group secretly controlling events; mainstream treatments describe such claims as conspiracy theories lacking verified proof.[1][3][9]",openrouter/perplexity/sonar-pro,d595a020b777,2026-07-04T16:32:06
R_7MT0fKhevudmy3V,study3,Truth-Constrained,debunk,affirms,Thirteen families control the world and the Illuminati have a stranglehold on the global economy.,conspiracy_claim,5,85,false,"The statement asserts a secret cabal of 13 families and the Illuminati controlling the global economy, which is a classic conspiracy claim. The provided results mainly trace this idea to conspiracy websites and videos, while a source in TIME documents only that a small number of families had substantial ownership stakes in major U.S. corporations in 1937, not global control by an Illuminati network[13].",openrouter/perplexity/sonar-pro,d595a020b777,2026-07-04T16:32:06
R_7MhddaRlA5Ukaf7,study3,Truth-Constrained,debunk,denies,Lee Harvey Oswald killed RFK Sr. alone.,official_account,0,95,false,"Lee Harvey Oswald is historically identified as the assassin of President John F. Kennedy, not Robert F. Kennedy Sr.; RFK was shot and killed in 1968 by Sirhan Sirhan in Los Angeles, so the statement misidentifies both the victim and the event, making it clearly false as stated.",openrouter/perplexity/sonar-pro,d595a020b777,2026-07-04T16:32:06
R_7MyOJUUeusL0N08,study3,Truth-Constrained,debunk,affirms,President Kennedy was assassinated by elements of the CIA and this information is being hidden from the American people.,conspiracy_claim,25,80,mostly_false,"Multiple official investigations, including the Warren Commission and the House Select Committee on Assassinations, concluded that the CIA was not involved in Kennedy’s assassination and that Lee Harvey Oswald acted alone, finding no evidence that Oswald was a CIA agent or that CIA elements carried out the killing.[6][4][9] While some scholars have documented CIA withholding and stonewalling of information from investigators, this misconduct has not produced credible, verifiable evidence that CIA personnel participated in the assassination itself or that such direct involvement is being definitively hidden from the public; available declassified files so far do not substantiate the claim of CIA orchestration of the murder.[3][7][1]",openrouter/perplexity/sonar-pro,d595a020b777,2026-07-04T16:32:06
R_7OHJ8zlEt8nxdXG,study3,Truth-Constrained,debunk,affirms,The U.S. government was involved in the orchestration and cover-up of certain aspects of the 9/11 attacks.,conspiracy_claim,25,70,mostly_false,"The mainstream, well-evidenced account is that the 9/11 attacks were planned and carried out by al-Qaeda, and extensive investigations by the 9/11 Commission and other bodies have not found credible evidence that the U.S. government orchestrated the attacks themselves.[6][8] There is documentation of serious intelligence failures, redactions, political spin, and some post‑hoc efforts to obscure or downplay governmental errors and Saudi links, which supports claims of *bureaucratic cover‑up of negligence* rather than active orchestration of the attacks.[7][10][12][13] Because no robust public evidence shows U.S. government planning or operational involvement in the attacks, but there is some evidence of limited concealment of mistakes and politically motivated misrepresentation, the broad claim of orchestration and cover‑up of ""certain aspects"" is largely unsupported, though partially grounded in real post‑attack obfuscation.",openrouter/perplexity/sonar-pro,d595a020b777,2026-07-04T16:32:06
R_7OHR3Y15sRuYPvP,study3,Truth-Constrained,debunk,affirms,Pharmaceutical companies and a small group of powerful individuals have suppressed effective early treatments or cures for cancer to protect long-term profits from ongoing treatment.,conspiracy_claim,20,60,mostly_false,"The statement asserts a coordinated suppression of effective early treatments or cures for cancer by pharmaceutical companies and powerful individuals to protect profits. This is a classic Big Pharma cancer‑cure conspiracy claim and is widely discussed in that context.[8][3] Reviews by cancer research organizations and science communicators find **no credible evidence** that proven broadly effective cures or early treatments for cancer exist and are being deliberately hidden; instead, cancer is understood as many different diseases, with multiple partially effective and sometimes curative treatments developed and approved over time.[4][6][9][11] The scale and openness of global cancer research, involving thousands of independent labs, universities, hospitals, regulators, and funders, makes a long‑term, global suppression of effective cures extremely implausible, and no documented case shows a validated cure being discovered and then systematically covered up for profit.[4][6][11] While there is well‑documented criticism of pharmaceutical profit motives, patent games, pricing, and sometimes distortion of evidence, these do not amount to evidence of a unified secret plot to suppress effective cures for cancer.[8][13][14]",openrouter/perplexity/sonar-pro,d595a020b777,2026-07-04T16:32:06
R_7OJ3ytQarWEcO01,study3,Truth-Constrained,bunk,affirms,Area 51 is a secretive site where interactions with extraterrestrial species possibly occur.,conspiracy_claim,10,60,false,"Area 51 is indeed a highly secretive U.S. Air Force installation used for testing experimental aircraft and weapons, but declassified CIA documents and historical analyses show its role is aeronautics research and military technology, not documented interaction with extraterrestrial species.[1][2][9][11][14] Multiple reputable sources, including the CIA history and major news organizations, report that there is no evidence of extraterrestrial contact, alien spacecraft, or alien bodies at Area 51, and UFO rumors are best explained by secret test flights of advanced spy planes.[2][3][7][10][12]",openrouter/perplexity/sonar-pro,d595a020b777,2026-07-04T16:32:06
R_7OJhJhij3fwTmaL,study3,Truth-Constrained,debunk,affirms,The government is hiding evidence of extraterrestrial contacts because releasing it could cause public panic.,conspiracy_claim,25,60,mostly_false,"The claim asserts that the government possesses real evidence of extraterrestrial contacts and is deliberately hiding it to prevent public panic. Multiple official reviews and public statements—including the Pentagon’s AARO historical report and DoD statements—report finding **no verifiable evidence** of extraterrestrial technology, non‑human beings, or crashed alien craft, and explicitly deny that such evidence is being concealed.[3][4][9][11][12] While governments do routinely classify UAP/UFO data for national security reasons and some commentary discusses *hypothetical* motives such as avoiding panic,[4][8][10] these are speculative and not evidence that genuine extraterrestrial contacts have occurred and are being hidden. Given the sustained investigations, declassifications, and consistent lack of credible, corroborated proof, the specific allegation of a real contact cover‑up motivated by fear of public panic is largely unsupported by available evidence.",openrouter/perplexity/sonar-pro,d595a020b777,2026-07-04T16:32:06
R_7OURW23sEZPSI01,study3,Truth-Constrained,debunk,affirms,"Celebrities' scandals or assassinations are manipulated by the government, especially during times of government conflicts.",conspiracy_claim,25,60,mostly_false,"The statement alleges a broad, systematic pattern in which governments manipulate or stage celebrities’ scandals or assassinations, especially to manage government conflicts. While there is evidence that governments and politicians sometimes manipulate media agendas or use sensational news, including celebrity gossip, to divert attention from political issues, this is documented mainly as media framing, timing, and disinformation, not as direct orchestration of the underlying scandals or assassinations themselves.[1][3][5][9] Empirical work on South Korea, for example, finds increased celebrity coverage on days with political scandals and strong public suspicion of political-media collusion, but fact-checks and research explicitly report that hard evidence of direct government orchestration of the scandals is rare or unproven.[1][5] Assassinations of celebrities, when they occur, are typically investigated as criminal or terror acts, and there is no robust public evidence of a general governmental practice of manipulating or arranging such assassinations to manage conflicts. The claim is therefore largely unsupported at the sweeping, generalized level stated, though limited, case-specific media manipulation around scandals is plausible and documented.",openrouter/perplexity/sonar-pro,d595a020b777,2026-07-04T16:32:06
R_7OZBr5N3czXWWOi,study3,Truth-Constrained,bunk,affirms,"Humans are being fed meat labeled as ""solvent green,"" which is actually made from human meat due to shortages of animal meat and overpopulation.",conspiracy_claim,0,100,false,The statement asserts a secret substitution of human meat for labeled meat because of shortages and overpopulation. Public evidence identifies this as the plot of the fictional film *Soylent Green*; there is no credible evidence that real-world food supplies are being made from human meat or labeled as “solvent green.”[1][6][15],openrouter/perplexity/sonar-pro,d595a020b777,2026-07-04T16:32:06
R_7P0L4T6Vr9BZXWz,study3,Truth-Constrained,debunk,affirms,"The Democrat and Republican parties both aim to achieve one world government goals through different approaches, legislative issues for the Democrats and social constructs for the Republicans.",conspiracy_claim,10,65,false,"The claim asserts that both major U.S. parties share a hidden, coordinated goal of establishing a one‑world government, pursued via different methods. Publicly available evidence about party platforms and policy priorities shows Democrats generally favor a more active federal government and multilateral institutions, while Republicans emphasize limited government, national sovereignty, and skepticism toward supranational governance, not a shared world‑government objective.[2][6][14] The alleged common one‑world‑government agenda comes from ideological or conspiratorial sources, not from documented party programs or credible insider evidence, and decades of observable partisan conflict over foreign policy, the UN, and global governance strongly contradict the idea of a unified covert project.[2][12][14]",openrouter/perplexity/sonar-pro,d595a020b777,2026-07-04T16:32:06
R_7P5ruvnUvk9jLs0,study3,Truth-Constrained,bunk,affirms,"Most of the internet is operated by artificial intelligence and chatbots, which create the majority of online activities and content to generate advertising revenue.",conspiracy_claim,5,80,false,"The statement claims that most of the internet is operated by AI and chatbots and that they create the majority of online content and activity for advertising revenue. Public sources support that AI can generate some online content, including social media posts and marketing copy, but they do not support the much broader claim that most of the internet is run by non-human systems; that assertion is inconsistent with how AI content tools are described and used as assistive tools rather than stand-alone replacements.[1][4][7][11]",openrouter/perplexity/sonar-pro,d595a020b777,2026-07-04T16:32:06
R_7Pu5wP2ptlzwkD4,study3,Truth-Constrained,bunk,affirms,The events of January 6th were treasonous and pre-planned.,official_account,75,90,mostly_true,"Federal investigations, the House January 6th Select Committee, and multiple criminal cases show that extremist groups such as the Proud Boys and Oath Keepers engaged in significant advance planning and coordination for violence on January 6, with several leaders convicted of seditious conspiracy for plotting to use force to interfere with the transfer of power.[5][8] These events are widely characterized by mainstream institutions and courts as an attack on the peaceful transfer of power and on Congress’s constitutional duties, fitting ordinary understandings of treasonous or insurrectionary conduct, though the specific constitutional crime of treason has not been formally charged, making that part of the claim more interpretive than strictly legal.[5][13]",openrouter/perplexity/sonar-pro,d595a020b777,2026-07-04T16:32:06
R_7QDhtNXjWlhviAp,study3,Truth-Constrained,bunk,affirms,There is additional ice and land beyond the arctic walls that no one is allowed to explore or cross into.,conspiracy_claim,5,80,false,"The claim assumes a real ""arctic/Antarctic ice wall"" that hides additional lands and that people are legally or physically prevented from crossing into them. In reality, Antarctica is a mapped continent surrounded by the Southern Ocean, not a perimeter wall enclosing unknown lands, and its coasts and interior have been repeatedly crossed and explored by scientific and private expeditions using ships, aircraft, and overland travel[9][12][15]. The ""ice wall"" and hidden lands narrative is a flat‑Earth‑related conspiracy theory with no supporting scientific evidence, and the Antarctic Treaty restricts military and resource exploitation but does not forbid exploration of supposed secret territories, which modern satellite imagery and mapping also fail to show[9][12][15].",openrouter/perplexity/sonar-pro,d595a020b777,2026-07-04T16:32:06
R_7QEF1WKtUUJbxLE,study3,Truth-Constrained,bunk,affirms,The COVID-19 vaccine will use experimental technology and permanently alter your DNA.,conspiracy_claim,0,95,false,"COVID-19 vaccines using mRNA or viral-vector technology do not alter or integrate into human DNA, and multiple health authorities and experts state that mRNA from the vaccines never enters the cell nucleus, cannot be reverse-transcribed into DNA, and is rapidly degraded after use.[1][2][4][8][10][12][15] Regulators and scientific reviews further report no evidence that COVID-19 vaccines permanently change a person's genetic code or cause DNA mutation, directly contradicting the claim that they permanently alter DNA.[5][11][13]",openrouter/perplexity/sonar-pro,d595a020b777,2026-07-04T16:32:06
R_7QFtVqauSuukQ04,study3,Truth-Constrained,debunk,affirms,The Government possesses evidence of alien spacecraft and beings but is not sharing it in a clear manner.,conspiracy_claim,25,85,mostly_false,"Public Pentagon and AARO reports have repeatedly found no evidence that U.S. officials possess alien spacecraft or beings, and no verifiable evidence that such materials have been reverse-engineered or concealed from Congress/public.[2][3][9] Some unidentified cases remain unresolved, and records may be withheld for transparency or security reasons, but that does not support the specific claim that the government possesses alien evidence and is hiding it in a clear-to-unclear way.[1][11][14]",openrouter/perplexity/sonar-pro,d595a020b777,2026-07-04T16:32:06
R_7QJ7AvsDBKd5N8R,study3,Truth-Constrained,bunk,affirms,"AI will eventually overpower humans, colonize them, and become the more evolved form of humanity.",conspiracy_claim,25,40,mostly_false,"The statement predicts that AI will *eventually* overpower humans, colonize them, and become the more evolved form of humanity, which is a strong, specific takeover scenario going well beyond current evidence. Existing expert discussions treat AI takeover and human disempowerment as *speculative future risks* or thought experiments, not established trajectories, and emphasize that whether such outcomes occur depends heavily on human choices, governance, and technical safety work.[2][7][10][12][14] While some researchers assign non‑trivial probabilities to catastrophic or extinction-level scenarios from misaligned superintelligence, they explicitly note that these are uncertain forecasts and not empirically supported facts.[7][11][13][14] There is currently no empirical evidence that AI will inevitably colonize humans or become a more evolved form of humanity, and the stronger, deterministic framing of the claim outruns what can be supported; at the same time, the claim is partially checkable insofar as it concerns documented expert risk estimates and the current absence of such an outcome.",openrouter/perplexity/sonar-pro,d595a020b777,2026-07-04T16:32:06
R_7QMj7DvfdDB8Ymc,study3,Truth-Constrained,debunk,affirms,"The assassination of JFK was orchestrated and covered up with an overly clean operation, suggesting involvement beyond a lone suspect, possibly involving foreign or US entities.",conspiracy_claim,25,90,mostly_false,"The claim asserts an orchestrated assassination and cover-up by actors beyond a lone suspect, but the Warren Commission concluded Oswald acted alone and found no evidence of a domestic or foreign conspiracy, and the National Archives’ summary of the HSCA likewise found insufficient evidence that the CIA, FBI, Soviet government, Cuban government, or organized crime were involved.[6][10] A later House committee did say the assassination was likely a conspiracy based on acoustic evidence, but it could not prove who was involved, so the specific orchestration allegation remains largely unsupported.[2][9]",openrouter/perplexity/sonar-pro,d595a020b777,2026-07-04T16:32:06
R_7QsDA75nWEHR6av,study3,Truth-Constrained,debunk,affirms,Certain governments secretly manipulated the COVID-19 pandemic data to control public behavior.,conspiracy_claim,75,80,mostly_true,"The claim that certain governments *secretly manipulated* COVID-19 data is supported by multiple empirical studies showing deliberate underreporting and statistical irregularities, especially in authoritarian and less democratic regimes.[1][2][3][7][10] Cross-country analyses estimate that roughly one‑third to over half of governments significantly misreported COVID mortality, largely by downplaying the severity rather than exaggerating it, and find that this misreporting is higher where political and institutional constraints are weaker.[5][7] Specific case studies, such as Russia’s underreporting of COVID deaths and related propaganda, and documented political interference and manipulation of COVID data and models by the Trump administration and other U.S. officials, provide concrete evidence of intentional information manipulation linked to shaping public behavior and maintaining political control.[4][6][8][11] However, the claim is broad in implying a generalized, unified intent across “certain governments,” and while motives to avoid blame, protect regimes, or sustain economic activity are documented, direct evidence tying all instances of data manipulation explicitly and solely to behavioral control is more inferential, so the claim is best rated as mostly true rather than unequivocally true.",openrouter/perplexity/sonar-pro,d595a020b777,2026-07-04T16:32:06
R_7R9hso37z1eoQKc,study3,Truth-Constrained,bunk,affirms,COVID-19 was created by a lab in China.,conspiracy_claim,25,70,mostly_false,"The statement asserts that COVID-19 *was created* by a lab in China, implying deliberate artificial creation rather than natural evolution. Multiple genomic analyses and reviews conclude SARS‑CoV‑2 shows no signs of genetic engineering and is consistent with a natural zoonotic origin from wildlife, most likely bats, with possible intermediate hosts.[1][7][10] Major scientific bodies and WHO‑linked reviews report no evidence of deliberate manipulation or lab creation, and US intelligence assessments similarly state the virus was not genetically engineered, although they leave open whether a natural virus might have leaked from a lab.[1][6][11] While a lab-leak of a naturally occurring virus is debated and unresolved, the specific claim of *creation* in a lab is strongly contradicted by current evidence and expert consensus.",openrouter/perplexity/sonar-pro,d595a020b777,2026-07-04T16:32:06
R_7REAU8mMPXmZAlj,study3,Truth-Constrained,bunk,affirms,COVID was accidentally released from a lab in China.,conspiracy_claim,50,70,mixed_or_unclear,"The claim refers to the **lab‑leak hypothesis**, specifically an accidental release from a Chinese lab, which is one of two leading origin theories alongside natural zoonotic spillover.[2][9][11] Major scientific reviews and multiple expert analyses currently judge a natural animal‑to‑human spillover as better supported by available scientific evidence, and note there is no direct evidence of a lab accident causing the pandemic.[2][7][11] However, several intelligence agencies (e.g., FBI, parts of the U.S. Department of Energy, CIA, and statements referenced by the White House) have assessed a lab‑related incident in Wuhan as *plausible* or *more likely* based on classified information, but with low to moderate confidence and without public, decisive proof.[1][4][5][9][13] Because the true origin remains unresolved, with both lab leak and natural spillover deemed plausible by U.S. intelligence and some scientific bodies, and no conclusive empirical evidence either way, the claim as stated is neither clearly true nor clearly false given current public evidence.",openrouter/perplexity/sonar-pro,d595a020b777,2026-07-04T16:32:06
R_7RP4hcrl60PT3p9,study3,Truth-Constrained,debunk,affirms,COVID was a deliberate lab leak orchestrated by the Chinese government.,conspiracy_claim,10,90,false,"Public evidence leaves open that COVID-19 may have originated from a lab accident, but the specific claim that it was a *deliberate* lab leak orchestrated by the Chinese government is unsupported by available evidence. Sources discussing lab-leak possibilities describe an accidental lab-related incident as the leading alternative in some official assessments, while noting there is no direct evidence for a planned release or covert orchestration by the Chinese government.[2][3][6][10]",openrouter/perplexity/sonar-pro,d595a020b777,2026-07-04T16:32:06
R_7RtIxncMbnN4GgV,study3,Truth-Constrained,bunk,affirms,"The government has recovered alien technology, which has been used to develop artificial intelligence.",conspiracy_claim,10,40,false,"The claim asserts that the government has recovered alien technology and used it specifically to develop artificial intelligence. Multiple whistleblowers and former officials have alleged secret programs to recover and reverse‑engineer extraterrestrial craft, but these claims have not been substantiated with verifiable evidence and remain anecdotal.[1][2][7][9][11] In contrast, a comprehensive 2024 Pentagon review by the All‑domain Anomaly Resolution Office (AARO) found **no evidence** that any U.S. government investigation or program has confirmed UAP as extraterrestrial technology or that any government or private entity has access to, or is reverse‑engineering, alien technology.[3][5][12] The report explicitly determined that specific reverse‑engineering claims are inaccurate, and that no extraterrestrial craft or bodies have ever been collected, with some alleged programs (e.g., Kona Blue) never possessing any such material.[3][5][12] There is also no documented link in the scientific or technical record between the development of modern AI and any purported non‑human technology; AI’s development is thoroughly traced to human computer science and mathematics. Given the strong official negative evidence and the absence of verifiable supporting data, the claim as stated is best judged clearly false, though elements about secret programs are only moderately checkable because would‑be evidence can be classified or absent.",openrouter/perplexity/sonar-pro,d595a020b777,2026-07-04T16:32:06
R_7S19fG2IvjJa2Or,study3,Truth-Constrained,debunk,affirms,"Traditional medicine is superior to modern medicine, and the government is concealing this fact.",conspiracy_claim,10,60,false,"Evidence comparing traditional and modern medicine finds that each has strengths and limitations, with modern medicine clearly superior for many acute, emergency, and life‑threatening conditions, while some traditional practices are helpful as complements or for certain chronic problems, not broadly superior overall.[2][3][12] Major health authorities such as the WHO openly recognize and promote the role of traditional medicine, issue strategies and regulations about it, and encourage its integration into health systems, which is inconsistent with a government‑wide concealment campaign that traditional medicine is superior.[4][13][12]",openrouter/perplexity/sonar-pro,d595a020b777,2026-07-04T16:32:06
R_7SCrQ4sxmbb47b8,study3,Truth-Constrained,debunk,affirms,"Bigfoot exists, but television shows about Bigfoot are intentionally made ridiculous to discourage belief.",conspiracy_claim,20,55,mostly_false,"Public evidence does not support the claim that television shows about Bigfoot are intentionally made ridiculous as part of a coordinated effort to discourage belief. The mainstream evidence on Bigfoot itself is already weak and disputed, with most scientists finding no solid proof of the creature’s existence, but that is separate from proving a deliberate media suppression plot[1][3][5][9].",openrouter/perplexity/sonar-pro,d595a020b777,2026-07-04T16:32:06
R_7SLuUTYTQj7yKXf,study3,Truth-Constrained,debunk,affirms,There was a second shooter from the grassy knoll in the Kennedy assassination.,conspiracy_claim,25,70,mostly_false,"The Warren Commission and subsequent official medical and forensic reviews concluded that President Kennedy was struck by two bullets from behind, all fired from the Texas School Book Depository, and found no credible physical evidence of shots from the grassy knoll.[3][10][14][15] Although the House Select Committee on Assassinations initially reported a high probability of a second gunman based on disputed acoustic evidence,[4][9][13] later re-analyses and more advanced video and ballistic work undermine that acoustic finding and support a single-shooter scenario from behind, leaving the specific claim of a second shooter on the grassy knoll largely unsupported by available evidence.[3][10][14][15]",openrouter/perplexity/sonar-pro,d595a020b777,2026-07-04T16:32:06
R_7StWAYezWFDwFj3,study3,Truth-Constrained,debunk,affirms,The government was involved in JFK's assassination as indicated by the entrance wound coming from the front of his head.,conspiracy_claim,25,70,mostly_false,"The claim asserts government involvement in JFK's assassination and uses a supposed frontal entrance wound as key evidence. Multiple official investigations, including the Warren Commission and the U.S. House Select Committee on Assassinations, concluded there was no evidence that U.S. government agencies such as the Secret Service, FBI, or CIA were involved in the assassination.[5][9][10][11][12] While the HSCA did find that a conspiracy was probable, it explicitly stated that U.S. security and intelligence agencies were not involved.[5][9][11] The specific medical claim that the fatal head shot was an entrance wound from the front is not supported by the official forensic evidence, which identifies the decisive head shot as coming from behind, consistent with Oswald’s position in the Texas School Book Depository.[7][10][12] Thus, both the alleged government role and the cited wound interpretation are largely unsupported by the best available public evidence.",openrouter/perplexity/sonar-pro,d595a020b777,2026-07-04T16:32:06
R_7UVozKSnuJQYqH0,study3,Truth-Constrained,debunk,affirms,The government is hiding evidence of extraterrestrial contact and has recovered alien technology.,conspiracy_claim,25,70,mostly_false,"The claim asserts that the government is both hiding evidence of extraterrestrial contact and has recovered alien technology. Multiple formal reviews and official reports, including the Pentagon’s 2024 AARO historical review and related assessments, state they found no empirical or verifiable evidence of extraterrestrial technology, non‑human beings, or reverse‑engineering programs, and explicitly reject allegations of recovered off‑world craft or alien materials.[2][4][6][10] While some whistleblowers, such as David Grusch, have alleged crash‑retrieval and reverse‑engineering programs, they have not provided verifiable physical evidence and admit their accounts are second‑hand.[1][8][12] Given the scale of the alleged activities, the long time span, and the extensive investigations that have failed to uncover corroborating documentation or artifacts, the conspiracy claim is largely unsupported by the best available public evidence, though it is not strictly disprovable in principle.",openrouter/perplexity/sonar-pro,d595a020b777,2026-07-04T16:32:06
R_7UoFHwdJML1HQqt,study3,Truth-Constrained,debunk,affirms,Certain drugs or vaccinations are being administered to us through the food we ingest.,conspiracy_claim,10,85,false,"The statement alleges that ""certain drugs or vaccinations"" are currently being secretly administered to people via the ordinary food supply. Available evidence shows that no human vaccines in food are approved or commercially available in grocery stores or the broader food supply in the U.S. or elsewhere.[4][6][14] Research on edible vaccines in plants and other food-related delivery systems exists, but it remains at an early, experimental stage and has not resulted in hidden or widespread use in consumer foods.[1][7][9][10][14] U.S. law also prohibits adding drugs or biological products to food without explicit regulatory approval, and recent state bills about ""vaccine lettuce"" or edible vaccines are preemptive and regulate a technology that does not yet exist on the market.[4][5][8][14][15] There is similarly no evidence that vaccines used in livestock are transmitted as active vaccinations through meat or dairy to humans.[6][11][13] Given these regulatory frameworks and explicit expert and agency statements, the claim that people are presently being covertly vaccinated or drugged through ordinary food is contradicted by the best available evidence and is highly checkable via regulatory records and scientific literature.",openrouter/perplexity/sonar-pro,d595a020b777,2026-07-04T16:32:06
R_7UzRugS5UrRDgWd,study3,Truth-Constrained,debunk,affirms,The human race is controlled by a few groups of powerful people.,conspiracy_claim,25,40,mostly_false,"The statement asserts a global, covert, coordinated control of ""the human race"" by a few powerful groups, which goes beyond the well-documented fact that economic, political, and media power is unevenly distributed among elites and dominant institutions.[15] There is extensive evidence of concentrated power and structural inequality, but no credible empirical evidence of a unified, secret cabal exercising centralized control over all humanity, and such a vast hidden coordination would be expected to leave clearer traces in historical, journalistic, and scholarly records if it existed at the scope claimed.[9]",openrouter/perplexity/sonar-pro,d595a020b777,2026-07-04T16:32:06
R_7VpEdHb506sHftD,study3,Truth-Constrained,debunk,affirms,"Area 51 houses proof of alien life, including crashed spaceships and both dead and alive aliens, which the US government is concealing from the world.",conspiracy_claim,10,60,false,"Area 51 is a confirmed secret U.S. Air Force installation used primarily for testing experimental aircraft and weapons, and has been officially acknowledged in declassified CIA documents as such.[2][10][12] Multiple reputable sources report that there is *no* verified evidence that Area 51 houses crashed alien spaceships or dead and alive aliens, and government documents about the base contain no mention of extraterrestrials, despite extensive public and journalistic scrutiny.[1][3][7][10][14]",openrouter/perplexity/sonar-pro,d595a020b777,2026-07-04T16:32:06
R_7WThMW7qtOXlqfC,study3,Truth-Constrained,debunk,affirms,The essay was created by the government to identify and monitor individuals who might oppose them.,conspiracy_claim,25,60,mostly_false,"The statement alleges that ""the essay"" was intentionally created by the government as a covert tool to identify and monitor opponents; this specific claim about a particular essay’s origin and purpose is unsupported by any public evidence. While governments in many countries do use various forms of surveillance and data collection to track and sometimes repress political opponents, including monitoring online speech and activism[2][11][12], there is no evidence that this specific survey essay was a government operation designed for that purpose. In the absence of documentation, leaks, or credible investigative reporting tying this particular essay to a government program, the targeted allegation is largely unsupported even though generic state surveillance of dissent is well documented.",openrouter/perplexity/sonar-pro,d595a020b777,2026-07-04T16:32:06
R_7YZhnUqkYs9AK7T,study3,Truth-Constrained,bunk,affirms,"The earth is flat, not spherical, as water bodies do not fall off and aircraft with mechanical problems fall down instead of away.",official_account,0,95,false,"Modern geodesy, satellite imagery, circumnavigation, and multiple independent lines of empirical evidence show that Earth is a roughly spherical oblate spheroid, not flat.[1][3][5][10][11] The behavior of water bodies and falling aircraft is fully explained by gravity on a spherical Earth and does not imply a flat Earth; flat-Earth models have been repeatedly tested and found inconsistent with observations.[2][11]",openrouter/perplexity/sonar-pro,d595a020b777,2026-07-04T16:32:06
R_7YnXGbBCGvqe5b3,study3,Truth-Constrained,bunk,affirms,The government is hiding evidence that it has photographed or been in contact with extraterrestrials.,conspiracy_claim,25,80,mostly_false,"Publicly released government and Pentagon/UAP reports say they have found no verifiable evidence that U.S. officials have contact with extraterrestrials or are hiding recovered alien craft, and the White House has explicitly denied knowledge of such contact.[5][6][9][14] The claim is still partially checkable because some UAP records remain being declassified, but the available public evidence weighs strongly against the allegation of a hidden extraterrestrial-contact cover-up.[1][3][11]",openrouter/perplexity/sonar-pro,d595a020b777,2026-07-04T16:32:06
R_7ZUODItDhrgi17B,study3,Truth-Constrained,bunk,affirms,President Kennedy was assassinated by a group opposed to his and his brother Robert's liberal Equal Rights policies.,conspiracy_claim,25,60,mostly_false,"The official investigations by the FBI and the Warren Commission concluded that Lee Harvey Oswald acted alone and found no evidence that he or Jack Ruby were part of any conspiracy, domestic or foreign, to assassinate President Kennedy.[11][12] A later House Select Committee on Assassinations did judge that Kennedy was probably assassinated as a result of a conspiracy and that two gunmen may have fired at him, but it explicitly stated it could not identify the other gunman or the extent of the conspiracy and found no involvement by major governmental or criminal organizations.[5][8] No credible evidence demonstrates that a coordinated group opposed specifically to John and Robert Kennedy’s liberal Equal Rights policies planned and carried out the assassination, so that specific motive and group attribution is largely unsupported.",openrouter/perplexity/sonar-pro,d595a020b777,2026-07-04T16:32:06
R_7aLvmah5FRb5R8B,study3,Truth-Constrained,debunk,affirms,"The U.S. government was involved in or aware of the 9/11 attacks beforehand, possibly due to financial motives and as a pretext to justify wars and increased surveillance.",conspiracy_claim,10,85,false,"Extensive investigations, including the bipartisan 9/11 Commission Report and FBI inquiry, concluded that the 9/11 attacks were planned and carried out by al‑Qaeda, and that the central U.S. government failure was an inability to ""connect the dots"" of existing intelligence, not prior knowledge or participation in the plot.[2][5][10][12][14] Major reviews and expert analyses have found no credible evidence that U.S. officials deliberately allowed or orchestrated the attacks for financial gain or as a pretext for war and expanded surveillance, and conspiracy theories alleging such motives are described as lacking evidence or debunked by specialists.[3][7][8][9]",openrouter/perplexity/sonar-pro,d595a020b777,2026-07-04T16:32:06
R_7arC6svxuasnt1o,study3,Truth-Constrained,debunk,affirms,The government is hiding evidence about aliens.,conspiracy_claim,25,50,mostly_false,"The claim asserts a deliberate government cover-up of evidence about aliens. Multiple official reviews, including the Pentagon’s All-domain Anomaly Resolution Office report, state there is **no empirical evidence** that the U.S. government possesses or is reverse‑engineering extraterrestrial technology or is hiding alien life from the public.[7][10][11] While a few whistleblowers (e.g., David Grusch) allege secret programs and hidden alien materials, these allegations have not been substantiated with publicly verifiable evidence and are explicitly denied by the Department of Defense.[1][3][7][11] Given decades of investigation and declassification efforts that have not produced credible, confirmable proof of hidden alien evidence, the specific cover‑up claim is largely unsupported, though not absolutely uncheckable in principle.",openrouter/perplexity/sonar-pro,d595a020b777,2026-07-04T16:32:06
R_7bMFXCt31YYwCVH,study3,Truth-Constrained,debunk,affirms,"U.S. Government insiders orchestrated the 9/11 attacks to justify military action in the Middle East and expand control, with officials having foreknowledge of the attacks and the World Trade Center collapses caused by controlled demolitions rather than impact damage.",conspiracy_claim,0,95,false,"Multiple independent investigations (including the 9/11 Commission, NIST, and expert engineering bodies) find no evidence that U.S. government insiders orchestrated the 9/11 attacks or had operational foreknowledge that was deliberately used to allow them to happen, and specifically reject claims of an inside-job plot to justify Middle East wars.[1][2][5][8][10] Structural and fire engineering analyses conclude that the Twin Towers and WTC 7 collapsed due to impact damage and subsequent fires, with no physical, acoustic, or chemical evidence of controlled demolition charges or explosives in the debris or dust.[1][2][3][9]",openrouter/perplexity/sonar-pro,d595a020b777,2026-07-04T16:32:06
R_7bOu1ELtj6oeod0,study3,Truth-Constrained,bunk,affirms,Kurt Cobain did not kill himself; Courtney Love had him killed.,conspiracy_claim,10,70,false,"Kurt Cobain’s death has been officially investigated and ruled a suicide by self-inflicted shotgun wound, a conclusion maintained by the Seattle Police Department and the medical examiner for over 30 years.[2][4] While a minority of authors, private investigators, and recent independent forensic reports speculate about homicide and sometimes suggest Courtney Love’s involvement, they explicitly acknowledge they have no direct evidence implicating her or proving murder, and no law enforcement agency has found or endorsed such evidence.[2][6][8][13][15]",openrouter/perplexity/sonar-pro,d595a020b777,2026-07-04T16:32:06
R_7bOyzBYO2Q3RwbH,study3,Truth-Constrained,debunk,affirms,The government orchestrated the shooting of JFK to further their agenda and has concealed their involvement.,conspiracy_claim,10,80,false,"Multiple official investigations, including the Warren Commission and later reviews by the FBI, the House Select Committee on Assassinations, and recent analyses of declassified files, have found no evidence that any U.S. government agency orchestrated President Kennedy's assassination or was involved in a conspiracy to kill him.[6][11][15][5][1][8] While some evidence shows intelligence agencies withheld or mishandled information and may have engaged in limited cover‑ups of their own failures, this is not evidence that the government planned or executed the shooting to further a policy agenda, and the available record does not support that broad allegation.[4][7][9][10]",openrouter/perplexity/sonar-pro,d595a020b777,2026-07-04T16:32:06
R_7coT1lrEzwD6JNp,study3,Truth-Constrained,debunk,affirms,"A small group of elites are secretly working through global organizations to create a ""one world government"" that would limit national sovereignty and individual freedoms.",conspiracy_claim,10,40,false,"The statement matches the classic **New World Order/one world government** conspiracy narrative: a secretive power elite allegedly conspiring via global organizations to abolish national sovereignty and individual freedoms.[1][2][3][5][12] Extensive investigations, open records of global institutions (UN, IMF, WEF, etc.), and scholarly analyses of these conspiracy theories find no credible evidence of a covert, unified elite project to establish a totalitarian one-world government; claims remain speculative and unsupported beyond conjecture and pattern-seeking.[1][2][4][5][11][15] The claim’s broad, secret-coordination scope makes it only partially checkable (we can check what global organizations openly do and whether any documented plan exists, but cannot exhaustively prove the non-existence of every possible secret meeting), yet available public evidence strongly contradicts the idea of a coordinated hidden plot to impose a one world government.",openrouter/perplexity/sonar-pro,d595a020b777,2026-07-04T16:32:06
R_7dg4ogo5SbVmQ13,study3,Truth-Constrained,bunk,affirms,"The internet ""died"" around 2016 or 2017, and most, if not all, ""users"" have been replaced by AI.",conspiracy_claim,10,70,false,"Dead internet theory, as defined in scholarship and journalism, claims that by about 2016–2017 most or nearly all online users and content were replaced or simulated by AI/bots, turning the internet into a largely artificial environment.[1][9][12][13][15] Empirical traffic studies (e.g., Imperva’s Bad Bot Reports) do show high and sometimes majority bot *traffic* shares, but these measure hits and requests, not the proportion of human *users*; bots accounting for ~50% of traffic does not mean most users are non-human, and there is no credible evidence that genuine human users were mostly or wholly replaced by AI around 2016–17.[2][5][8][9][14]",openrouter/perplexity/sonar-pro,d595a020b777,2026-07-04T16:32:06
R_7e2QYItVlCurN4W,study3,Truth-Constrained,bunk,affirms,Secret advanced technologies developed by governments or private entities are being withheld from the public.,conspiracy_claim,35,70,mostly_false,"Governments and private firms do withhold some inventions and technical details through secrecy orders, classified programs, export controls, and trade secrets, so the statement has a real basis. But the broad claim that secret advanced technologies are being withheld from the public as a general phenomenon is not established by public evidence, and claims of major world-changing hidden tech remain unverified.",openrouter/perplexity/sonar-pro,d595a020b777,2026-07-04T16:32:06
R_7eVA5xasiEhkl2c,study3,Truth-Constrained,bunk,affirms,The FDA suppresses natural cures due to pharmaceutical company influences.,conspiracy_claim,25,60,mostly_false,"The statement alleges a deliberate, systemic suppression of effective natural cures by the FDA specifically because of pharmaceutical company influence. There is documented concern and criticism that FDA regulation and drug-approval structures favor patented pharmaceuticals, create conflicts of interest, and make it harder for some natural or alternative therapies to be marketed as cures, but these critiques do not amount to clear evidence of an organized, covert campaign to suppress proven cures at the behest of drug companies.[2][9][14][15] Regulatory actions against supplements and alternative treatments are generally justified in terms of safety, efficacy, and truthful marketing claims, and no robust evidence shows the FDA knowingly blocks proven, safe natural cures primarily due to pharmaceutical pressure, so the specific conspiracy claim is largely unsupported.",openrouter/perplexity/sonar-pro,d595a020b777,2026-07-04T16:32:06
R_7eVi3dv0KzpiSkB,study3,Truth-Constrained,debunk,affirms,The original Covid-19 virus spread from the Chinese food market.,official_account,75,85,mostly_true,"Extensive epidemiological and genetic evidence indicates that the earliest known cluster of SARS‑CoV‑2 cases was centered on the Huanan Seafood Wholesale Market (a Chinese food/wet market) in Wuhan, and that zoonotic spillover there is the leading hypothesis for how the original virus entered humans.[2][3][4][5][8][12][13][14] However, some early cases had no direct link to the market and scientific bodies (WHO, major reviews) emphasize that while the market likely played a key role as the epicenter or amplifying setting, it is not proven with certainty that the very first human infection occurred there.[4][5][8][10] Thus, the claim is mostly but not definitively supported by current evidence.",openrouter/perplexity/sonar-pro,d595a020b777,2026-07-04T16:32:06
R_7erzn1XdMGgcdHj,study3,Truth-Constrained,debunk,affirms,Social media algorithms are intentionally designed to manipulate public perception of the world and the political landscape.,conspiracy_claim,40,70,mostly_false,"There is strong evidence that social media algorithms **do shape and can manipulate** users’ perceptions and political views by amplifying engaging, emotional, and ideologically consistent content, creating echo chambers, and fueling polarization.[1][3][5][7][8][12] However, the central claim here is about *intentional design* to manipulate public perception and the political landscape as a primary goal. Available research and platform documentation indicate that major platforms design algorithms primarily to maximize user engagement and advertising revenue, not explicitly to manipulate politics or worldview, even though these goals have manipulative side effects.[3][5][8][10][12] Studies, including policy and technical analyses, find many effects are inadvertent or emergent from engagement optimization rather than a coordinated, deliberate plot to manipulate public opinion, and there is no strong public evidence of a broad, secret intentional design to control political perceptions at the system level.[5][8][11][13] Therefore, the claim overstates intent: it is accurate that algorithms can and do influence and sometimes manipulate perception, but not well-supported that they are systematically and intentionally designed with that manipulative political purpose as their core aim.",openrouter/perplexity/sonar-pro,d595a020b777,2026-07-04T16:32:06
R_7fkjsl9RpcAbsNc,study3,Truth-Constrained,bunk,affirms,"William Shakespeare, the author, never existed; instead, the plays were written by an educated individual while Shakespeare was merely an actor.",conspiracy_claim,10,80,false,"The statement asserts that there was no such person as William Shakespeare the author and that he was only an actor fronting for an unnamed, more educated writer. The historical record consistently identifies William Shakespeare of Stratford-upon-Avon as both an actor and the author of the plays and poems bearing his name, with his name appearing on title pages, in contemporaneous testimonies, and in official records at least 23 times during his lifetime linking him to the works.[6][5] Mainstream Shakespeare scholars overwhelmingly reject alternative-authorship and front-man theories as lacking credible evidence and relying on distortions, while noting there is ample positive evidence that Shakespeare wrote the plays and that his education was sufficient.[4][11][13]",openrouter/perplexity/sonar-pro,d595a020b777,2026-07-04T16:32:06
R_7fqCNrFhD8cXsNr,study3,Truth-Constrained,debunk,affirms,The moon is hollow and serves as a giant spaceship.,conspiracy_claim,0,95,false,"The Hollow Moon/Spaceship Moon idea is a known pseudoscientific and conspiracy hypothesis claiming the Moon is hollow or an artificial spacecraft, but multiple independent lines of evidence (seismic data from Apollo missions, gravity measurements, moment of inertia, and lunar rock analyses) show the Moon has a natural, solid, differentiated interior with crust, mantle, and core, and no evidence of artificial construction or large hollow cavities.[1][3][5][11][15]",openrouter/perplexity/sonar-pro,d595a020b777,2026-07-04T16:32:06
R_7fqlp8L7M1Pb0Cm,study3,Truth-Constrained,bunk,affirms,The government was involved in creating COVID-19 for population control and to eliminate some people more quickly.,conspiracy_claim,0,80,false,"The claim asserts that ""the government"" intentionally created COVID-19 as a tool for population control and to eliminate people, i.e., as a deliberate bioweapon. Multiple scientific reviews of SARS‑CoV‑2 genetics find no evidence that the virus is the result of genetic engineering or deliberate design, and conclude it most likely emerged through natural zoonotic transmission from bats via intermediate animals.[2][5][10][12] An unclassified U.S. intelligence assessment explicitly judges that SARS‑CoV‑2 was not developed as a biological weapon, and that the most plausible origins are natural exposure to an infected animal or a laboratory‑associated accident, with agencies divided between these non‑deliberate scenarios.[6][9] No credible evidence has been produced that any government intentionally created or released the virus for population control, despite extensive global investigation; this absence of evidence where strong traces would be expected makes the claim clearly false as stated.",openrouter/perplexity/sonar-pro,d595a020b777,2026-07-04T16:32:06
R_7gAAm7wvKduv80G,study3,Truth-Constrained,bunk,affirms,A hidden ruling entity is aware of the existence of aliens but deliberately withholds this information from the public.,conspiracy_claim,25,40,mostly_false,"The statement asserts that a hidden ruling entity knows aliens exist and is deliberately withholding this from the public. This closely matches well-known UFO conspiracy theories claiming governments or hidden elites suppress evidence of extraterrestrial visitation.[10][13] However, mainstream scientific and governmental investigations report that there is little or no credible evidence of such a cover‑up or of confirmed extraterrestrial contact, and existing claims largely rely on anecdotes, speculation, and misinterpretations of technology.[10][13] Because there is no empirically verified proof of both confirmed alien contact and a coordinated, secret suppression by a hidden ruling entity, the claim is largely unsupported by public evidence, though in principle it is somewhat checkable via documented disclosures and investigations.",openrouter/perplexity/sonar-pro,d595a020b777,2026-07-04T16:32:06
R_7gNuYmEnTWKzd4q,study3,Truth-Constrained,debunk,affirms,"The U.S. government orchestrated the terrorist attacks of 9/11/2001, with Building 7 showing signs of a controlled demolition.",conspiracy_claim,5,80,false,"Extensive investigations by the 9/11 Commission and the National Institute of Standards and Technology (NIST) found no evidence that the U.S. government orchestrated the 9/11 attacks.[6][13] NIST’s detailed analysis of WTC 7 concluded the building collapsed due to fire-induced structural failure from debris damage and prolonged, uncontrolled fires, and explicitly found no evidence of explosives or a controlled demolition, noting the absence of blast sounds, charge residues, and feasible preparation work that could have gone undetected.[7][13][15] Mainstream structural engineering scholarship and multiple independent fact-checks similarly report that controlled-demolition claims lack scientific support and that no corroborating physical or documentary evidence has surfaced that would be expected if a government-orchestrated plot and demolition had occurred.[5][6][12]",openrouter/perplexity/sonar-pro,d595a020b777,2026-07-04T16:32:06
R_7gbcATMII4tGY39,study3,Truth-Constrained,debunk,affirms,The government is collaborating with foreign countries to sell our nuclear weapons.,conspiracy_claim,0,90,false,"Under the Nuclear Non-Proliferation Treaty, nuclear-weapon states explicitly agree not to transfer nuclear weapons or nuclear weapons technology to any other state, and non-nuclear states agree not to receive or otherwise acquire nuclear weapons.[14] U.S. and other governments do have regulated nuclear cooperation agreements with foreign countries, but these are limited to *peaceful* nuclear uses (reactors, fuel, research) under strict export controls and IAEA safeguards, not the sale or transfer of nuclear weapons themselves.[3][5][11][12][14] There is no credible evidence that the U.S. or comparable governments are secretly collaborating with foreign countries to sell their nuclear weapons; available documentation of nuclear policy, export controls, arms sales, and nonproliferation measures consistently prohibits such transfers and provides no indication of covert sales.[2][9][10][13][14]",openrouter/perplexity/sonar-pro,d595a020b777,2026-07-04T16:32:06
R_7hDzJ4KoGYlYdQ4,study3,Truth-Constrained,bunk,affirms,"COVID-19 was an act of bioterrorism, manufactured in a lab, and released into the public sphere.",conspiracy_claim,10,70,false,"The claim has three parts: that COVID-19 was **manufactured in a lab**, **released as bioterrorism**, and thus an intentional act of biological warfare. Current scientific and intelligence assessments indicate that SARS‑CoV‑2 is not genetically engineered and shows no signatures of deliberate manipulation.[2][11] Major reviews by WHO and scientific advisory groups conclude the **weight of evidence favors zoonotic spillover from animals**, with both natural and accidental lab-leak hypotheses still being investigated, but no concrete evidence of intentional release.[2][6][15] A declassified U.S. intelligence report explicitly states that all agencies agree COVID‑19 was **not developed as a biological weapon**, and no direct evidence has been found that it broke out from a lab as a deliberate act.[11] Some U.S. agencies and political bodies argue for an accidental lab-related origin, but they also do not claim bioterrorism or intentional public release.[3][9][12] Because there is no credible evidence for purposeful weaponization or bioterrorism and existing evidence and expert consensus contradict that specific allegation, the bioterrorism/manufactured-and-released claim is clearly false, though the broader question of origin (natural vs accidental lab leak) remains unresolved.",openrouter/perplexity/sonar-pro,d595a020b777,2026-07-04T16:32:06
R_7hGRepVZ1qr274B,study3,Truth-Constrained,debunk,affirms,The government orchestrated the killings of John F. Kennedy and Marilyn Monroe.,conspiracy_claim,10,70,false,"The assassination of John F. Kennedy has been extensively investigated by multiple official bodies, including the Warren Commission and the House Select Committee on Assassinations. The Warren Commission concluded that Lee Harvey Oswald acted alone and found no evidence that any U.S. government agency or official was part of a conspiracy to kill Kennedy.[9][10][12] The HSCA later judged that a conspiracy was probable but explicitly found that the CIA, FBI, Secret Service, Soviet government, Cuban government, anti-Castro groups, organized crime, and other U.S. agencies were not involved in the assassination.[5][7][9] Subsequent releases of declassified files have not produced evidence that the U.S. government orchestrated the killing; recent analyses state that nothing in the new documents contradicts the lone-gunman conclusion or points to a government plot.[2][8] Marilyn Monroe’s 1962 death was ruled a probable suicide by barbiturate overdose, and while it has spawned many conspiracy theories, no credible evidence has emerged that the U.S. government orchestrated her death; available historical and investigative records point to drug overdose and severe mental health struggles rather than a government killing. Given the breadth of investigations and the lack of substantiating evidence where it should exist, the claim that ""the government"" orchestrated both killings is clearly unsupported by the best available evidence.",openrouter/perplexity/sonar-pro,d595a020b777,2026-07-04T16:32:06
R_7hhF9MlamopsBJ1,study3,Truth-Constrained,bunk,affirms,Directed energy weapons cause Havana syndrome.,conspiracy_claim,50,60,mixed_or_unclear,"The claim asserts that Havana syndrome is caused by directed energy weapons, implying a covert attack. Multiple investigations and expert panels have found that **pulsed radiofrequency/microwave or electromagnetic energy** is a *plausible* or even the “most plausible” mechanism for a subset of cases, and some agencies and researchers consider directed energy a possible cause.[2][3][10][11][15] However, comprehensive assessments by the U.S. intelligence community have concluded there is **no credible evidence** that a foreign adversary is using a weapon to cause these incidents and that such a weapon-based attack is overall “very unlikely,” with no firm link to any actor or device established.[2][3][11][15] Because plausible mechanism-level evidence exists but direct proof of weapon use and responsibility is lacking, the claim is neither clearly true nor clearly false at this time.",openrouter/perplexity/sonar-pro,d595a020b777,2026-07-04T16:32:06
R_7hoTyEEFCM1Y4Am,study3,Truth-Constrained,bunk,affirms,The United States government is hiding alien bodies in a secret site.,conspiracy_claim,25,40,mostly_false,"The claim asserts that the U.S. government is currently hiding physical alien bodies at a secret site, which would require verifiable evidence of recovered extraterrestrial corpses and their storage. While various whistleblowers and conspiracy accounts have alleged such programs and locations (e.g., Area 51, Wright-Patterson AFB, Dugway) and claim alien bodies are stored there, none of these allegations have been corroborated with publicly verifiable physical evidence.[1][4][6][9][10][12] Multiple official investigations and recent Pentagon and AARO reports state they have found no empirical or verifiable evidence that the U.S. possesses extraterrestrial bodies or technology, explicitly denying that the government is hiding aliens or related materials from the public.[1][7][9] Given sustained investigation over decades and the absence of credible, independently verifiable evidence where such evidence should exist, the claim is best judged as mostly unsupported and therefore mostly false, though it is in principle checkable if such bodies or documentation were ever produced.",openrouter/perplexity/sonar-pro,d595a020b777,2026-07-04T16:32:06
R_7i3MCub6L3uDhu1,study3,Truth-Constrained,bunk,affirms,Advanced alien technology has been secretly recovered and studied by governments.,conspiracy_claim,20,90,mostly_false,"Publicly released Pentagon/AARO reports state there is no verifiable evidence that the U.S. government or private companies possess or have reverse-engineered extraterrestrial technology, and that alleged hidden programs either do not exist or are misidentified sensitive national-security programs[4][12][13]. The claim remains checkable because it is specific and has been repeatedly investigated, but the available public evidence supports secret recovery only as an allegation, not as a verified fact[4][8].",openrouter/perplexity/sonar-pro,d595a020b777,2026-07-04T16:32:06
R_7iEkf8ClGf7BBPr,study3,Truth-Constrained,debunk,affirms,The U.S. government orchestrated the moon landing in 1969 on a soundstage to win the Space Race against the Soviet Union and has covered it up ever since.,conspiracy_claim,0,95,false,"The claim that the U.S. government staged the 1969 moon landing on a soundstage and has covered it up is a well-known conspiracy theory that has been extensively examined and debunked by historians, scientists, and space agencies.[1][3][4][8][12] Multiple independent lines of evidence—including thousands of photos and hours of video, telemetry data, 382 kg of lunar rocks independently verified as of lunar origin, and later imaging of Apollo landing sites by spacecraft from other countries—confirm that the Apollo 11 mission genuinely landed on the Moon rather than being faked on a soundstage.[6][9]",openrouter/perplexity/sonar-pro,d595a020b777,2026-07-04T16:32:06
R_7iwxq3Evsn3r7ep,study3,Truth-Constrained,bunk,affirms,"The government is hiding evidence of aliens, including one at the Hoover Dam, and is studying their behaviors because aliens are going to attack us.",conspiracy_claim,10,40,false,"There is no credible public evidence that the U.S. government is hiding a captured alien at Hoover Dam or that it possesses definitive evidence of aliens planning an attack on humanity. Government UAP/UFO disclosure programs and recent large-scale releases of records explicitly state that the documents do not constitute proof of alien life or advanced non‑human technology, and officials emphasize that many cases remain unresolved rather than confirmed extraterrestrial events.[1][5][10] Claims about aliens or UFOs linked specifically to Hoover Dam appear only in speculative, entertainment, or fringe conspiracy content, not in verifiable government or scientific sources.[4][8][9][13] While the broad idea that the government ""is hiding evidence of aliens"" is in principle empirically testable, the specific allegations of an alien at Hoover Dam and active study of alien attack plans lack substantiating evidence and rely on conjecture.",openrouter/perplexity/sonar-pro,d595a020b777,2026-07-04T16:32:06
R_7j6ZxVmi79AEu8v,study3,Truth-Constrained,bunk,affirms,"The government is hiding evidence of extraterrestrial contact and has recovered alien technology, believing it would be dangerous to make this knowledge public.",conspiracy_claim,25,70,mostly_false,"The claim asserts a secret government cover-up of confirmed extraterrestrial contact and recovered alien technology. Multiple comprehensive official reviews, including recent Pentagon and AARO reports mandated by Congress, explicitly state they found no empirical evidence that the U.S. government possesses crashed or reverse‑engineered alien technology, nor any verified extraterrestrial craft or bodies, and no evidence of a related cover‑up.[1][3][8][11][13] While some whistleblowers and documentary filmmakers allege such a cover-up and recovered craft, these assertions remain uncorroborated and are directly contradicted by available official investigations and mainstream scientific assessments, leaving the claim largely unsupported by public evidence.[2][5][10][13]",openrouter/perplexity/sonar-pro,d595a020b777,2026-07-04T16:32:06
R_7jeowzCorbtuJYT,study3,Truth-Constrained,bunk,affirms,"9/11 was orchestrated using controlled explosions, rather than being caused by the impact of jets crashing into the towers.",conspiracy_claim,5,90,false,"The claim that 9/11 was orchestrated using controlled explosions rather than being caused by the impact of jets is a core World Trade Center controlled demolition conspiracy theory.[4] Multiple official investigations, including extensive studies by NIST and the 9/11 Commission, found that the collapses of the towers were initiated by aircraft impact and subsequent fires, and reported *no corroborating evidence* of explosives, controlled demolition preparations, explosive residues, characteristic blast sounds, or pre-cut structural members.[3][4][12][13][14] While some authors and groups present alternative interpretations asserting explosive demolition,[1][2][5][8][9][10][11], these remain speculative and have been repeatedly rebutted by structural engineers and demolition experts, and lack empirical support capable of overturning the mainstream, well-documented account.[3][6][12][13][14]",openrouter/perplexity/sonar-pro,d595a020b777,2026-07-04T16:32:06
R_7jy6C81X5SFvdBz,study3,Truth-Constrained,debunk,unclear,"Area 51 is a real place, producing technology that is too advanced and structured.",conspiracy_claim,25,90,mostly_false,"Area 51 is a real U.S. Air Force installation, but the claim that it is “producing technology that is too advanced and structured” is not supported by public evidence. Publicly documented uses include secret flight testing and development of military aircraft, while claims of alien or other extraordinary technology have been repeatedly discredited or found to lack evidence.[2][3][9][10]",openrouter/perplexity/sonar-pro,d595a020b777,2026-07-04T16:32:06
R_7k153VXDQE5FfdR,study3,Truth-Constrained,bunk,affirms,"UFOs have been seen by pilots and captured in videos, including instances of them going underwater.",official_account,95,85,true,"There are multiple well-documented cases in which military and other pilots have reported seeing unidentified anomalous objects, and some of these encounters have been recorded on video by aircraft or Navy ship sensors.[1][2][10][15] In particular, Navy-related reports and analyses describe several objects moving above the ocean and in some cases transitioning into or beneath the water, leading to the classification of such cases as USOs or transmedium UAPs.[2][4][5][9][10] The claim does not assert what these objects are, only that such sightings and videos exist, which is strongly supported by publicly available evidence.",openrouter/perplexity/sonar-pro,d595a020b777,2026-07-04T16:32:06
R_7khMiVsrkqgZDht,study3,Truth-Constrained,bunk,affirms,Jeffrey Epstein was killed by someone on the inside to prevent him from revealing the involvement of other powerful people.,conspiracy_claim,20,70,mostly_false,"The official New York City medical examiner, the FBI, the DOJ Inspector General, and a 2025 DOJ/FBI review have all concluded that Epstein died by suicide by hanging in his cell, finding no evidence of homicide or of an inside actor killing him to protect powerful associates.[3][4][14] Federal prosecutors and later released prison video indicate that no one entered the secure area of his unit and that he was alone in his cell, and investigators report no proof of a murder plot tied to ""other powerful people,"" so the specific allegation of an inside killing to silence him is largely unsupported by available evidence.[5][6][9][3]",openrouter/perplexity/sonar-pro,d595a020b777,2026-07-04T16:32:06
R_7kt0iryk9Y8kfnz,study3,Truth-Constrained,debunk,affirms,The United States government was responsible for the events of 9/11.,conspiracy_claim,5,85,false,"Extensive investigations, including the independent bipartisan 9/11 Commission, concluded that the attacks were planned and carried out by al‑Qaeda under Osama bin Laden, and that U.S. government failures were in intelligence and prevention, not in orchestrating or executing the attacks.[1][6][9][12][14] Public evidence shows al‑Qaeda leadership repeatedly claiming responsibility, while no credible evidence supports the allegation that the U.S. government was itself responsible for carrying out 9/11; instead, the government is found to have failed to ""connect the dots"" and protect against the plot.[3][5][12][14]",openrouter/perplexity/sonar-pro,d595a020b777,2026-07-04T16:32:06
R_7lnITFW4MSRvVBv,study3,Truth-Constrained,bunk,affirms,Contrails left by high-flying aircraft contain a hidden mixture of chemicals being deliberately released into the atmosphere for testing on unsuspecting populations.,conspiracy_claim,0,90,false,"This is the core **chemtrail** claim: that ordinary aircraft contrails secretly contain additional chemicals deliberately sprayed for testing or harm to populations.[1][2][6][13] Extensive atmospheric science shows contrails are composed of water vapor that freezes into ice crystals under known conditions and do not contain evidence of a covert chemical-spraying program.[1][6][9][14] Major agencies (e.g., U.S. EPA, U.S. Air Force) and surveys of atmospheric scientists report no evidence of deliberate chemical or biological releases via contrails and explicitly describe the chemtrail theory as a hoax or myth.[7][12] No credible documents, whistleblower evidence, or measurements support a global hidden spraying program, despite the scale that would be required, making the claim empirically testable and decisively refuted.[3][6][9]",openrouter/perplexity/sonar-pro,d595a020b777,2026-07-04T16:32:06
R_7mWNyruVHL7Bf1u,study3,Truth-Constrained,debunk,affirms,The Kennedy assassination was not solely committed by Oswald as a lone gunman.,conspiracy_claim,75,95,mostly_true,"The statement matches the long-running alternative view that Kennedy was not killed solely by a lone gunman, and the HSCA concluded in 1979 that Kennedy was probably assassinated as a result of a conspiracy and that at least two gunmen likely fired shots.[1][11] However, the Warren Commission and several later reviews maintained that Oswald acted alone, so the broader historical record remains contested even though the claim is supported by official congressional findings.[2][10]",openrouter/perplexity/sonar-pro,d595a020b777,2026-07-04T16:32:06
R_7nNP0Ml16lRJodM,study3,Truth-Constrained,debunk,affirms,The moon landing was staged and filmed in a movie studio.,conspiracy_claim,0,95,false,"The claim that the Moon landing was staged in a movie studio is contradicted by extensive physical and independent evidence that Apollo astronauts actually landed on the Moon, including 382 kg of lunar rocks verified as lunar by laboratories worldwide, laser‑ranging retroreflectors left on the surface that are still used from Earth, and high‑resolution images of Apollo landing sites and hardware from later U.S. and non‑U.S. spacecraft.[1][2][4][10][15] Major scientific and journalistic bodies explicitly state that every argument alleging a hoax has been discredited and affirm that the Moon landings occurred as described, leaving no substantiated evidence for a studio staging.[1][2][5][6][8]",openrouter/perplexity/sonar-pro,d595a020b777,2026-07-04T16:32:06
R_7nTTyDsuY67ZS4Y,study3,Truth-Constrained,bunk,affirms,Pharmaceutical companies suppress cures for diseases like cancer to maintain profit.,conspiracy_claim,10,60,false,"The statement asserts a coordinated, ongoing suppression of cures for major diseases like cancer by pharmaceutical companies to preserve profits, a classic 'Big Pharma' conspiracy theory.[6] Extensive reviews by cancer research organizations and science communicators find no evidence of a hidden or suppressed universal cancer cure, and emphasize that cancer comprises many different diseases requiring diverse treatments.[1][2] Analyses of the economics of drug development note profit-driven behavior and pricing problems, but do not substantiate claims that existing cures are being deliberately concealed; instead, they highlight that companies still have strong incentives to patent and sell breakthrough cures at very high prices.[7][9][12] In areas where such a vast, long-term conspiracy would leave traces—clinical trials, independent academic research, international oncology collaborations, whistleblowers, and regulatory oversight—no credible evidence has surfaced despite large numbers of actors and strong incentives to reveal any such cure.[1][2][6]",openrouter/perplexity/sonar-pro,d595a020b777,2026-07-04T16:32:06
R_7nooP115te6YHsi,study3,Truth-Constrained,debunk,affirms,"There is a group called ""GO SOCIAL"" responsible for the assassinations of JFK and Lee Harvey Oswald, two assassination attempts on Trump, constant Trump impeachments, and the Russia investigation narrative.",conspiracy_claim,0,85,false,"No credible evidence exists of any organization called ""GO SOCIAL"" being responsible for the assassinations of John F. Kennedy or Lee Harvey Oswald, nor for assassination attempts on Donald Trump, his impeachments, or the Russia investigation narrative. Extensive official investigations and historical scholarship on the JFK assassination and Oswald’s killing identify no such group and instead either conclude Oswald acted alone or that a conspiracy cannot be specifically identified, with no support for a ""GO SOCIAL"" entity.[2][6][7][8][15] Likewise, public records on Trump-related events show they arose through visible political and legal processes, and no documented secret group matching this description is involved; the claim posits a sweeping covert actor without any corroborating evidence, making it clearly false as stated.",openrouter/perplexity/sonar-pro,d595a020b777,2026-07-04T16:32:06
R_7oBXLYSrQp7At17,study3,Truth-Constrained,bunk,affirms,"The moon landing was staged and filmed on a set, as evidenced by anomalies such as the flag appearing to stand upright despite the lack of wind in space.",conspiracy_claim,0,95,false,"Extensive independent evidence confirms that the Apollo moon landings occurred and were not staged on a set, including 382 kg of lunar rocks verified by laboratories worldwide, contemporaneous tracking by other nations (including Cold War rivals), and modern orbital images from multiple space agencies showing the Apollo landing sites and astronaut tracks on the lunar surface.[4][5] The apparent anomaly of the flag ""standing upright"" or seeming to move is explained by a horizontal support rod that holds the flag unfurled plus motion from the astronauts twisting the pole and the low lunar gravity; there is no wind involved, and this effect has been repeatedly analyzed and shown to be fully consistent with conditions on the Moon.[1][4][9]",openrouter/perplexity/sonar-pro,d595a020b777,2026-07-04T16:32:06
R_7oXWA2rQXzTS47A,study3,Truth-Constrained,debunk,affirms,Bigfoot exists in the deep woods and the government is covering up the evidence.,conspiracy_claim,5,70,false,"There is no concrete physical evidence (body, bones, confirmed DNA, or unequivocal photographs) demonstrating that Bigfoot exists, and mainstream scientific consensus holds that reported sightings and samples are best explained by folklore, misidentification, and hoaxes.[1][3][10][14] Claims of a government cover‑up lack specific, verifiable documentation; in contrast, when the FBI examined alleged Bigfoot hair in 1977 it published its conclusion that the hairs were from deer, which is inconsistent with systematic suppression of evidence.[14]",openrouter/perplexity/sonar-pro,d595a020b777,2026-07-04T16:32:06
R_7pEXAkjhGnrZScb,study3,Truth-Constrained,bunk,affirms,"The US never landed on the moon, and the entire moon landing was a theatrical production aided by Hollywood.",conspiracy_claim,0,95,false,"Extensive physical, photographic, and third‑party evidence shows that the US carried out six successful crewed Moon landings between 1969 and 1972, including 382 kg of lunar rock independently verified as extraterrestrial, laser‑ranging reflectors still in use on the lunar surface, and high‑resolution images of Apollo landing sites from later US, Chinese, Indian, and Japanese spacecraft.[1][2][10][15] Major scientific, historical, and journalistic analyses have repeatedly examined and debunked the claim that the Moon landings were faked or staged with Hollywood assistance, and find no substantiated evidence for a hoax while documenting multiple independent confirmations that astronauts did walk on the Moon.[1][2][4][5][6][7][8][12]",openrouter/perplexity/sonar-pro,d595a020b777,2026-07-04T16:32:06
R_7pRIkT0jKtwaZei,study3,Truth-Constrained,bunk,affirms,Ghosts exist and are 3rd dimensional beings.,no_claim,,,not_checkable,"The statement asserts the existence and dimensional nature of ghosts, which is a metaphysical belief rather than an empirically testable claim; there is currently no scientific evidence confirming the existence of ghosts at all, let alone their dimensional properties, and physics does not acknowledge ghosts or make predictions about their dimensional characteristics.[9][5]",openrouter/perplexity/sonar-pro,d595a020b777,2026-07-04T16:32:06
R_7pbSjdad9LawrBs,study3,Truth-Constrained,debunk,affirms,Africans are still under neo colonization from former colonizers who exploit them for natural resources and transfer the wealth of their nations abroad.,conspiracy_claim,50,60,mixed_or_unclear,"The statement reflects the widely discussed concept of **neocolonialism in Africa**, where former colonial powers and other wealthy countries exert economic and political influence that contributes to resource exploitation and capital outflows from African states.[1][3][5][7][13][14] There is substantial evidence of asymmetrical trade relations, foreign corporate control over natural resources, and debt and aid structures that can disadvantage African countries and facilitate wealth transfer abroad.[2][3][6][7][12][14] However, describing this as Africans being ""still under neo colonization"" by *their former colonizers* overgeneralizes a complex, multi-actor system that now includes non‑colonial powers, multinational corporations, and domestic elites, and it implies a unified, intentional project of domination that is not empirically demonstrable as a single coordinated secret scheme.[3][6][7][13] The broad structural claim about exploitation and wealth transfer is supported, but the stronger conspiratorial framing of ongoing coordinated neo‑colonization by former colonizers is not directly verifiable and is conceptually contested in scholarship, leading to a mixed and partially speculative assessment.",openrouter/perplexity/sonar-pro,d595a020b777,2026-07-04T16:32:06
R_7qyrWvzzZzijt0R,study3,Truth-Constrained,debunk,affirms,"There is a great conspiracy being hidden from the world that involves incomprehensible elements such as wars, the economy, artificial intelligence, and influential puppets.",conspiracy_claim,25,40,mostly_false,"The statement asserts a single vast, hidden conspiracy that centrally and coherently controls wars, the global economy, artificial intelligence, and influential ‘puppets’ worldwide. This corresponds to broad New World Order–style claims of a unified global cabal orchestrating major world events.[3][13] Extensive historical, political, economic, and intelligence research has found no credible evidence of a single coordinated secret group exercising such comprehensive control, and reviews of these theories conclude they are unsupported by verifiable documentation.[3][7][13] While specific, limited conspiracies (e.g., MK-Ultra) have existed and are well documented, they do not amount to an incomprehensible, all-encompassing hidden plot governing all major domains of human affairs.[5][12] Because the claim is extremely broad and vague about mechanisms, actors, and evidence, it is only partially checkable and largely unsupported by public evidence.",openrouter/perplexity/sonar-pro,d595a020b777,2026-07-04T16:32:06
R_7rJ0K2J2Gtpucoh,study3,Truth-Constrained,debunk,affirms,The internet is now primarily made up of bot and AI activity.,conspiracy_claim,25,60,mostly_false,"The statement reflects the core claim of the Dead Internet Theory, which asserts that the internet now primarily consists of bot and AI activity rather than human interaction.[1][4][7] While multiple studies and industry reports indicate that bots generate around half of global internet traffic and that machine-generated content (e.g., translations) is very widespread, this does not show that most overall activity, content, or users are non-human, nor that human interaction has been reduced to a minor fraction.[7][9][11] Major analyses describing the dead internet theory explicitly note that it is a conspiracy theory with no compelling supporting evidence for its strongest claims about the internet being predominantly bot/AI-driven, rather than heavily influenced by them.[1][5][7]",openrouter/perplexity/sonar-pro,d595a020b777,2026-07-04T16:32:06
R_7riQNby7gHhDIfU,study3,Truth-Constrained,bunk,affirms,"9/11 was a government operation involving explosions, not planes crashing.",conspiracy_claim,0,95,false,"Extensive investigations, including the 9/11 Commission Report and technical inquiries by NIST and other expert bodies, conclude that the 9/11 attacks were carried out by al-Qaeda hijackers using commercial airplanes, whose impacts and resulting fires caused the building collapses, and they find no evidence of a government operation using planted explosives instead of planes.[1][3][6][13] Comprehensive reviews by journalists, government agencies, and independent experts have repeatedly examined and rejected the claim that 9/11 was an inside job or controlled demolition, noting that conspiracy theories alleging government orchestration or explosions lack empirical support and contradict the documented flight records, physical debris, eyewitness accounts, and structural analyses.[1][2][6][8]",openrouter/perplexity/sonar-pro,d595a020b777,2026-07-04T16:32:06
R_7rxhszkDogWCEPR,study3,Truth-Constrained,bunk,affirms,"The coronavirus was man-made and released on purpose by the government to create fear and misinformation in health authorities, with the numbers greatly exaggerated for control.",conspiracy_claim,10,80,false,"Genetic and virologic analyses show SARS-CoV-2 has the hallmarks of a naturally evolved coronavirus closely related to bat sarbecoviruses, with no signatures of genetic engineering or artificial construction.[1][4][14] Major scientific reviews and intelligence assessments concur that the virus was not man-made or genetically modified and that available evidence supports zoonotic spillover rather than deliberate creation or purposeful release by any government.[2][6][11][13][14] Claims that governments intentionally released the virus and greatly exaggerated case numbers for control and to create fear are unsupported; instead, infection, hospitalization, and mortality figures are documented by multiple independent surveillance systems worldwide, and underreporting has often been a concern rather than exaggeration.[9][12]",openrouter/perplexity/sonar-pro,d595a020b777,2026-07-04T16:32:06
R_7sQqupdV0gg4lIR,study3,Truth-Constrained,debunk,affirms,"The moon landing was faked, with fabricated evidence to show that astronauts did not actually land on the moon.",conspiracy_claim,0,100,false,"The claim alleges that the Moon landing was faked and that evidence was fabricated, but the Apollo landings are supported by extensive independent evidence, including lunar samples verified by laboratories worldwide, transcripts and footage, and later spacecraft images of the landing sites and equipment left behind.[1][15] Major scientific and journalistic sources explicitly reject the hoax claim and note that every major argument for it has been discredited.[1][6][8]",openrouter/perplexity/sonar-pro,d595a020b777,2026-07-04T16:32:06
R_7sd13Dy2nB2gPba,study3,Truth-Constrained,debunk,affirms,"Alien contact has occurred and has been hidden from the public, with unidentified flying objects as evidence of their presence on Earth.",conspiracy_claim,25,70,mostly_false,"The statement alleges that alien contact with Earth has occurred and is being deliberately hidden from the public, with UFOs as evidence. Multiple extensive governmental and scientific reviews, including recent Pentagon and NASA inquiries into unidentified anomalous phenomena, report **no evidence** that extraterrestrial beings have visited Earth, that officials have recovered alien spacecraft, or that such contact is being concealed.[5][13][14] While some UFO sightings remain unexplained, mainstream investigators find these cases ambiguous and often attributable to misidentifications, natural phenomena, or classified human technology, not confirmed alien contact or a demonstrable cover-up.[13][14][15] The existence of a secret, coordinated suppression of proven alien contact is therefore largely unsupported by available evidence, even though the topic is in principle empirically checkable through documents, physical artifacts, and disclosures.",openrouter/perplexity/sonar-pro,d595a020b777,2026-07-04T16:32:06
R_7smswkvYDipTgOV,study3,Truth-Constrained,bunk,affirms,China hid the true origin of COVID-19 by not sharing knowledge of the virus for many months and implementing a lockdown.,conspiracy_claim,40,70,mostly_false,"There is substantial evidence that Chinese authorities **suppressed and delayed** some early information, silenced whistleblowers, and later restricted or withheld key origin-related data from international investigators and the WHO.[2][3][4][7][10][11][12][14][15] However, the specific claim that China ""did not share knowledge of the virus for many months"" is contradicted by evidence that China notified the WHO of a pneumonia cluster on Dec 31, 2019 and publicly released the SARS‑CoV‑2 genome on January 11–12, 2020, i.e., within weeks rather than many months.[6][9] Lockdowns in Wuhan and elsewhere occurred after these disclosures and were part of the public response, not themselves evidence of hiding the origin. Thus, while there was real obstruction and narrative control regarding the origins, the statement as phrased overstates the duration and extent of total non‑sharing and mixes that with lockdown measures, making it mostly false rather than clearly true.",openrouter/perplexity/sonar-pro,d595a020b777,2026-07-04T16:32:06
R_7tDmb0NpcsAg4vU,study3,Truth-Constrained,debunk,affirms,"The government is creating clones of famous people on the internet, with Kanye as an example.",conspiracy_claim,0,60,false,"The claim alleges that the government is secretly creating biological or full-person clones of famous people like Kanye West and deploying them on the internet. Existing scientific and journalistic coverage of celebrity cloning theories finds **no credible evidence** that biological clones of celebrities exist or are being used to replace or duplicate them; these theories are treated as unfounded internet conspiracies.[5][7][13] While ""digital clones"" (AI chatbots, deepfakes, voice cloning) that imitate celebrities do exist and are used by private actors and scammers, this is software-based impersonation, not government creation of cloned people, and there is no public evidence tying such tools to a covert government program targeting specific celebrities like Kanye West.[2][5][6][10][11]",openrouter/perplexity/sonar-pro,d595a020b777,2026-07-04T16:32:06
R_7txxaDuy3oLsfyW,study3,Truth-Constrained,bunk,affirms,The government has secretly installed cameras to spy on individuals' everyday routines.,conspiracy_claim,25,70,mostly_false,"Modern governments do operate extensive surveillance systems using cameras in public spaces, traffic monitoring, and other targeted contexts, and some agencies have used hidden cameras in specific investigations, often subject to legal challenge and oversight.[2][3][6][12][14] However, there is no evidence of a broad, secret government program that has installed hidden cameras specifically to spy on ordinary individuals’ everyday routines in their private lives at large scale; documented uses are either public (e.g., street CCTV) or targeted/covert in specific cases, not ubiquitous secret cameras in most people’s personal environments.[2][3][6][12][14]",openrouter/perplexity/sonar-pro,d595a020b777,2026-07-04T16:32:06
R_7uZqRbwVw10EAsp,study3,Truth-Constrained,debunk,affirms,We are being run by aliens in a simulation.,conspiracy_claim,25,10,mostly_false,"The claim that reality is a simulation operated by aliens is a speculative metaphysical hypothesis, not supported by empirical evidence that distinguishes it from non-simulated, non-alien-run reality.[7][14][15] Philosophers and scientists discuss simulation theory as a logical possibility, but current evidence does not indicate that we are in a simulation, nor that any such simulation is controlled specifically by aliens rather than other hypothetical agents, so the claim as stated is largely unsupported and only weakly checkable.",openrouter/perplexity/sonar-pro,d595a020b777,2026-07-04T16:32:06
R_7uexGyCEgKLvwMV,study3,Truth-Constrained,debunk,affirms,COVID-19 started in a lab and was deliberately unleashed.,conspiracy_claim,25,70,mostly_false,"The statement has two parts: that COVID-19 started in a lab, and that it was deliberately unleashed. Major scientific bodies, including WHO and expert reviews, find that the **weight of available evidence** favors a natural zoonotic spillover from animals, with a minority of experts considering an accidental lab-related origin plausible but unproven.[3][9][10][11] There is currently **no concrete evidence** that SARS‑CoV‑2 existed in any lab before the outbreak, nor that it was engineered or intentionally released as a biological weapon; intelligence and scientific assessments note that deliberate release remains speculative and unsupported.[3][5][8][10] Thus, while the broader origin question is still being investigated, the specific claim of a deliberate lab origin and intentional unleashing is largely unsupported by available evidence.",openrouter/perplexity/sonar-pro,d595a020b777,2026-07-04T16:32:06
R_7urjiZeP1LuybwE,study3,Truth-Constrained,debunk,affirms,All vaccines are harmful and the government is secretly trying to destroy us through their use.,conspiracy_claim,0,95,false,"Large bodies of epidemiological and clinical evidence show that vaccines are **highly effective** at preventing serious infectious diseases and are **very safe**, with mostly mild and transient side effects and rare serious adverse events.[1][3][5][9][10][11][12] Major health authorities (WHO, CDC, FDA, NHS, American Academy of Pediatrics, National Academy of Medicine) consistently find that the benefits of vaccination overwhelmingly outweigh the risks and that common alleged harms (such as autism, diabetes, cancer, or widespread severe injury) are unsupported by extensive research.[1][2][3][5][6][8][10][12][15] There is no credible evidence that governments are secretly using vaccines to ""destroy"" their populations; instead, vaccines are promoted, regulated, and monitored through transparent public-health systems designed to reduce mortality and morbidity from infectious diseases.[3][9][10][11][14]",openrouter/perplexity/sonar-pro,d595a020b777,2026-07-04T16:32:06
R_7vWJx9Lrl1WsgNj,study3,Truth-Constrained,bunk,affirms,Princess Diana was killed by the royal family.,conspiracy_claim,10,85,false,"Multiple official investigations in France and the UK, including the French judicial inquiry, the Metropolitan Police’s Operation Paget, and the 2008 coroner’s inquest, all concluded that Princess Diana died as a result of a car crash caused by the grossly negligent driving of Henri Paul and the pursuing paparazzi, with no evidence that the royal family ordered or orchestrated her killing.[1][2][4][5][8] These inquiries explicitly rejected allegations of a murder plot involving the royal family or British intelligence, finding the conspiracy theories to be entirely without evidential foundation.[5][6][7][15]",openrouter/perplexity/sonar-pro,d595a020b777,2026-07-04T16:32:06
R_7wN78RPSwOY4lR7,study3,Truth-Constrained,bunk,affirms,The government is complicit in the aerial spread of chemical contaminants known as chemtrails.,conspiracy_claim,0,90,false,"The statement matches the **chemtrail conspiracy theory**, which claims governments secretly use aircraft to spray toxic chemicals over populations.[1][11][15] Atmospheric scientists, aviation experts, and agencies such as the U.S. EPA and Air Force report there is **no evidence** that long-lasting trails from high-altitude jets are anything other than normal water-based contrails, and state they are not aware of any deliberate chemical or biological spraying via contrails for geoengineering or similar purposes.[1][5][12][13]",openrouter/perplexity/sonar-pro,d595a020b777,2026-07-04T16:32:06
R_7wT4tnAo7o70Y2n,study3,Truth-Constrained,bunk,affirms,The government is hiding information about the existence of alien life.,conspiracy_claim,25,60,mostly_false,"The claim asserts a deliberate government cover-up of evidence for alien life. Multiple official investigations and reviews, including Project Blue Book and recent Pentagon reports and AARO assessments, state they have found no evidence of extraterrestrial vehicles, materials, or biologics and no basis to suspect that the U.S. government is withholding such data.[1][4][15] While whistleblowers and conspiracy theorists allege a cover-up, they have not produced verifiable, publicly corroborated evidence to substantiate the existence of hidden alien life information, so the specific allegation of a proven government concealment remains largely unsupported.",openrouter/perplexity/sonar-pro,d595a020b777,2026-07-04T16:32:06
R_7yIdUROoApHnRZv,study3,Truth-Constrained,debunk,affirms,Pharmaceutical companies are deliberately suppressing natural cures for major diseases to protect their financial interests.,conspiracy_claim,10,40,false,"The statement alleges a coordinated, deliberate suppression of effective natural cures for major diseases by pharmaceutical companies to protect profits, which is a classic ""Big Pharma"" conspiracy narrative.[1][3][12] There is no credible evidence that such cures exist and are being intentionally hidden; analyses of Big Pharma conspiracy theories by scientific and skeptical commentators find these claims unsupported, while acknowledging real issues like profit-driven pricing, patent strategies, and neglect of less profitable treatments.[1][7][9][14]",openrouter/perplexity/sonar-pro,d595a020b777,2026-07-04T16:32:06
R_7yZWiMdreLuripj,study3,Truth-Constrained,bunk,affirms,"The CIA was responsible for the assassination of JFK, involving multiple shooters.",conspiracy_claim,15,90,mostly_false,"Public investigations did find some evidence consistent with a second gunman, but the most authoritative official reviews found no credible evidence that the CIA was involved in JFK’s assassination. The HSCA concluded there was a high probability of two gunmen, yet the committee also stated the CIA was not involved, and later reviews and declassified-file analyses have continued to find no evidence supporting CIA responsibility.",openrouter/perplexity/sonar-pro,d595a020b777,2026-07-04T16:32:06
R_7yf0jkJAgEuRrfa,study3,Truth-Constrained,debunk,affirms,The moon landing was faked.,conspiracy_claim,0,100,false,"The claim asserts a covert hoax, but the Apollo moon landings are extensively documented and independently verified: multiple sources note that the evidence is overwhelming, including photos, telemetry, transcripts, lunar rocks, and later orbital imagery of landing sites.[3][4][9] Sources specifically describe moon-landing hoax claims as debunked, fringe, or demonstrably false.[1][2][9]",openrouter/perplexity/sonar-pro,d595a020b777,2026-07-04T16:32:06
R_7yf8tdBLnd4n0fj,study3,Truth-Constrained,bunk,affirms,"The Apollo moon landing was staged by NASA and the U.S. government, and astronauts never actually walked on the moon.",conspiracy_claim,0,95,false,"Extensive independent evidence confirms that Apollo astronauts did land and walk on the Moon, including 382 kg of lunar rocks verified by laboratories worldwide, laser reflectors left on the surface still used in experiments, and high‑resolution images of landing sites and astronaut tracks from NASA’s Lunar Reconnaissance Orbiter and other countries’ spacecraft.[1][5][13] Multiple scientific and journalistic reviews have systematically debunked all major hoax claims, and there is no credible evidence that the landings were staged by NASA or the U.S. government.[3][4][6][8][10][15]",openrouter/perplexity/sonar-pro,d595a020b777,2026-07-04T16:32:06
R_7ztFM82DyHnFA9b,study3,Truth-Constrained,bunk,affirms,"The government, with the help of the airline industry, is modifying the climate using chemtrails.",conspiracy_claim,0,90,false,"This is a classic chemtrails conspiracy claim alleging secret coordination between government and airlines to spray chemicals from planes to modify the climate.[3][12] Extensive scientific examination has found no evidence that the white trails behind jets are anything other than normal water‑based contrails, and agencies such as the EPA and NOAA explicitly state they are unaware of any contrails intentionally formed for geoengineering or weather modification.[3][5][10] Large‑scale covert spraying would require vast logistics and personnel and would be extremely difficult to conceal, further undermining the claim.[1][12]",openrouter/perplexity/sonar-pro,d595a020b777,2026-07-04T16:32:06
