"response_id","study","cluster_id","topic"
"R_502HaARTEyTzBkH","S1",0,"Mixed / Unclassified"
"R_5gjAsLzBALW7N0p","S1",7,"Trump as Russian Asset"
"R_3YXMcC5OBTGt0LN","S1",0,"Mixed / Unclassified"
"R_7w6OP3J6CtoKzjO","S1",0,"Mixed / Unclassified"
"R_5zv26jLvuaGa2uR","S1",7,"Trump as Russian Asset"
"R_5PkaSyZPnVUQ4F8","S1",0,"Mixed / Unclassified"
"R_3QyWBdwj5SpRmaw","S1",13,"JFK Assassination Conspiracy"
"R_7KoTyHVEkPi74UV","S1",25,"Government alien cover-up"
"R_5dhxFRv6yt1BDvw","S1",13,"JFK Assassination Conspiracy"
"R_1jpjzUf1FOeXBLj","S1",13,"JFK Assassination Conspiracy"
"R_3emeG94FgXa06Rm","S1",3,"Moon Landing Hoax"
"R_5dcNpI3knvxX207","S1",0,"Mixed / Unclassified"
"R_3nOgYme1ZPqTKKZ","S1",25,"Government alien cover-up"
"R_3R8k4j0QZtYTBdL","S1",24,"Area 51 Alien Cover-up"
"R_55HClmJtEob6QzU","S1",9,"Election fraud conspiracy beliefs"
"R_5jVun3tLe8kOFH6","S1",21,"Deliberate COVID-19 Lab Release"
"R_1OH8OgjQvUn71nK","S1",0,"Mixed / Unclassified"
"R_7LVwWhUK3eWwgjn","S1",3,"Moon Landing Hoax"
"R_7SlysEWMZZsU7t2","S1",0,"Mixed / Unclassified"
"R_5oAPrSy4V0gnmp7","S1",0,"Mixed / Unclassified"
"R_1X4GO94gu8EJLqZ","S1",13,"JFK Assassination Conspiracy"
"R_6C7uVySRybCnp5A","S1",0,"Mixed / Unclassified"
"R_3YEjKxXWzbkMRHP","S1",13,"JFK Assassination Conspiracy"
"R_7zHBqDxKxL3CHiq","S1",13,"JFK Assassination Conspiracy"
"R_6CygBTCXqpzXIe4","S1",13,"JFK Assassination Conspiracy"
"R_5N9PenceXwxcJa1","S1",24,"Area 51 Alien Cover-up"
"R_3qNKXCEnUhxVqWs","S1",26,"Existence of Alien Life"
"R_6jjPg3mzwFIDROt","S1",0,"Mixed / Unclassified"
"R_6p4vVkvhofIxhsJ","S1",13,"JFK Assassination Conspiracy"
"R_7BpL6hMvvtdyWGt","S1",9,"Election fraud conspiracy beliefs"
"R_3qiFslY0KGpn6md","S1",21,"Deliberate COVID-19 Lab Release"
"R_36zYDu4CovRrPSp","S1",13,"JFK Assassination Conspiracy"
"R_3jvATOC5aTP9cyt","S1",18,"Hiding medical cures for profit"
"R_51zouIwV7jqvIiM","S1",13,"JFK Assassination Conspiracy"
"R_6EzS5nBK4ZRb8JZ","S1",3,"Moon Landing Hoax"
"R_6DjvZqrZEql3IQc","S1",0,"Mixed / Unclassified"
"R_3jU601f0GW943Hi","S1",25,"Government alien cover-up"
"R_3e36ESi8yVHULa2","S1",18,"Hiding medical cures for profit"
"R_7P80p2SttoIJzZN","S1",21,"Deliberate COVID-19 Lab Release"
"R_6jlcU4tN7E5ZoqZ","S1",13,"JFK Assassination Conspiracy"
"R_572sEqvsrOHocQx","S1",21,"Deliberate COVID-19 Lab Release"
"R_3JmFOsNdVZucvlL","S1",13,"JFK Assassination Conspiracy"
"R_1cu7GOhhAlfH3Wr","S1",0,"Mixed / Unclassified"
"R_7qNFJWHUQjFCduX","S1",13,"JFK Assassination Conspiracy"
"R_3wzWIRcmQWGSCX9","S1",0,"Mixed / Unclassified"
"R_7lxYUm2vI9TVq2G","S1",0,"Mixed / Unclassified"
"R_73yk0KT4ENYsoR8","S1",13,"JFK Assassination Conspiracy"
"R_73N9vj2gzdqV5PH","S1",0,"Mixed / Unclassified"
"R_3pzIa2wYEToEadu","S1",13,"JFK Assassination Conspiracy"
"R_7LkTo0dmHQJfovn","S1",13,"JFK Assassination Conspiracy"
"R_7E9zwpmbwlLpThJ","S1",9,"Election fraud conspiracy beliefs"
"R_7njCZUVPjdpJetF","S1",0,"Mixed / Unclassified"
"R_7rwPkrxyb8Om2jr","S1",0,"Mixed / Unclassified"
"R_5k7f39FszldkfvG","S1",21,"Deliberate COVID-19 Lab Release"
"R_7MNKhd0dmEX0ACt","S1",24,"Area 51 Alien Cover-up"
"R_5MA0nvUlRQXt2H0","S1",13,"JFK Assassination Conspiracy"
"R_3fwSgYcaffLkyE9","S1",0,"Mixed / Unclassified"
"R_6lrgjT1s0kmiRaz","S1",0,"Mixed / Unclassified"
"R_7EFGgvtN9S0sFGu","S1",12,"Secret Elite World Control"
"R_3NTk8D4ys5cldg5","S1",0,"Mixed / Unclassified"
"R_1Oe9tvOwbbqE264","S1",0,"Mixed / Unclassified"
"R_7f4Rmf33pkfq94l","S1",0,"Mixed / Unclassified"
"R_7qUSQBGCXrbaXEd","S1",21,"Deliberate COVID-19 Lab Release"
"R_5NysIM0HcZErFTB","S1",21,"Deliberate COVID-19 Lab Release"
"R_5dLxDrI5CswRzpF","S1",13,"JFK Assassination Conspiracy"
"R_3wRmJ9th58aDEOO","S1",0,"Mixed / Unclassified"
"R_7QH0ZGiubXgtJ2s","S1",0,"Mixed / Unclassified"
"R_6P6L4ZMdBja8hwx","S1",9,"Election fraud conspiracy beliefs"
"R_5dHmZiiaHhSu7gz","S1",0,"Mixed / Unclassified"
"R_7lozAUhw9UhNBpN","S1",13,"JFK Assassination Conspiracy"
"R_7sh55GImxjxsvI4","S1",0,"Mixed / Unclassified"
"R_7DZyFhmfO5UF8rU","S1",0,"Mixed / Unclassified"
"R_5rZlJkjmen6gaQN","S1",24,"Area 51 Alien Cover-up"
"R_7jVwJOQQMCewZKx","S1",13,"JFK Assassination Conspiracy"
"R_7I3sXAKUj5duz1Y","S1",13,"JFK Assassination Conspiracy"
"R_5ND4pBwkeOuq6Nz","S1",0,"Mixed / Unclassified"
"R_6rOA9wsfu34X3qG","S1",0,"Mixed / Unclassified"
"R_6fvZ9Agoc4JJL5I","S1",13,"JFK Assassination Conspiracy"
"R_1SzEbKISVIpjcnn","S1",0,"Mixed / Unclassified"
"R_6CfnoDsFQgQ2i6B","S1",3,"Moon Landing Hoax"
"R_65NtwdqU5MVuO9E","S1",0,"Mixed / Unclassified"
"R_3c2sWgrKx8E8ZYq","S1",24,"Area 51 Alien Cover-up"
"R_1Do1t76WMAAWDqC","S1",0,"Mixed / Unclassified"
"R_523whVZq0P2GaSE","S1",13,"JFK Assassination Conspiracy"
"R_7fZe7T4fLvEbHTS","S1",0,"Mixed / Unclassified"
"R_1QKo6MX6ShjfG0R","S1",3,"Moon Landing Hoax"
"R_7b3qWggXRxjV4Hp","S1",18,"Hiding medical cures for profit"
"R_30coENINXcYWbZ9","S1",21,"Deliberate COVID-19 Lab Release"
"R_3mdP3SGieVzLfoA","S1",0,"Mixed / Unclassified"
"R_5fJQgFvZI7wRjkI","S1",0,"Mixed / Unclassified"
"R_50ATXwQyUxgMQMK","S1",13,"JFK Assassination Conspiracy"
"R_3D0FLhtv8RLhd8T","S1",13,"JFK Assassination Conspiracy"
"R_1no9cWKmUi6PoI1","S1",13,"JFK Assassination Conspiracy"
"R_5pRSZsmrh08qz6x","S1",18,"Hiding medical cures for profit"
"R_7rz5J0HEC0iuA9z","S1",21,"Deliberate COVID-19 Lab Release"
"R_3kM4goJwdicZdy8","S1",0,"Mixed / Unclassified"
"R_1U6rf4dQhuF0VIw","S1",0,"Mixed / Unclassified"
"R_7Ttu6By2C1RbXx6","S1",0,"Mixed / Unclassified"
"R_1qysYYa8S4BZ4gh","S1",21,"Deliberate COVID-19 Lab Release"
"R_1FJrGqeLdEHtIjr","S1",0,"Mixed / Unclassified"
"R_7thSlJpXlQkkjoY","S1",13,"JFK Assassination Conspiracy"
"R_1us07xYuYWTMVoC","S1",0,"Mixed / Unclassified"
"R_6CQIcqOTPMnTkzH","S1",0,"Mixed / Unclassified"
"R_6hTHixNYNwmcfp7","S1",21,"Deliberate COVID-19 Lab Release"
"R_6GDpa4H6ENP1h6c","S1",0,"Mixed / Unclassified"
"R_7npcDv2bqNhhB1e","S1",13,"JFK Assassination Conspiracy"
"R_53mK0lL4Fuahh73","S1",0,"Mixed / Unclassified"
"R_5EyRhV6KLvjn5Z6","S1",3,"Moon Landing Hoax"
"R_1dzNeIhK3oUE8Tw","S1",0,"Mixed / Unclassified"
"R_3GcGPtLfHaAYxrz","S1",0,"Mixed / Unclassified"
"R_1Cg8Fwryq9bbDfg","S1",25,"Government alien cover-up"
"R_5hYhr9uYcqm75R2","S1",0,"Mixed / Unclassified"
"R_5HNE3CaIzd8NlTD","S1",24,"Area 51 Alien Cover-up"
"R_3YJKvSt2WGi7hsJ","S1",0,"Mixed / Unclassified"
"R_3Q4sJdz8pvRlIIX","S1",0,"Mixed / Unclassified"
"R_3tygbh4WzSjMMO6","S1",21,"Deliberate COVID-19 Lab Release"
"R_32I7DSDrHlY89lT","S1",0,"Mixed / Unclassified"
"R_3d79HvlJZhycE6t","S1",7,"Trump as Russian Asset"
"R_5jpR9MddC45dTVl","S1",21,"Deliberate COVID-19 Lab Release"
"R_1OZvDq3I6ruTUY3","S1",0,"Mixed / Unclassified"
"R_7M3GDQEVgokXG16","S1",0,"Mixed / Unclassified"
"R_5gQ13zfdKEBOri9","S1",0,"Mixed / Unclassified"
"R_7fXqfuUPNGZ4qFb","S1",0,"Mixed / Unclassified"
"R_7PenImigqgJi4aB","S1",26,"Existence of Alien Life"
"R_3G8wKZrPrEfpoAh","S1",0,"Mixed / Unclassified"
"R_5H5m24ZLe8YSwvC","S1",2,"Staged Trump assassination attempt"
"R_1OqXg4Xv9L0NISQ","S1",0,"Mixed / Unclassified"
"R_54ufuGXWnEPV7SV","S1",0,"Mixed / Unclassified"
"R_5eahIhUeKi52Rdn","S1",0,"Mixed / Unclassified"
"R_3fdmsMpPuc5aVxf","S1",13,"JFK Assassination Conspiracy"
"R_5hZYXGurH6CPXKV","S1",0,"Mixed / Unclassified"
"R_38Hwv5C8KDPgWT7","S1",12,"Secret Elite World Control"
"R_6nTx6F0s9YlE1yn","S1",3,"Moon Landing Hoax"
"R_6R1qfvKDvCksIBb","S1",13,"JFK Assassination Conspiracy"
"R_5OA2k0w6RTZ8OfT","S1",16,"9/11 Inside Job Conspiracy"
"R_1eF57bKjmFByYG4","S1",16,"9/11 Inside Job Conspiracy"
"R_7tJs3uEmERY7q3K","S1",21,"Deliberate COVID-19 Lab Release"
"R_7ClGfkkW3YjbKUG","S1",0,"Mixed / Unclassified"
"R_6t4OrcOxrQLCqUp","S1",25,"Government alien cover-up"
"R_3eb4NP6orIUFL0B","S1",13,"JFK Assassination Conspiracy"
"R_7gd8giCXWAiFWzz","S1",8,"Existence of Bigfoot"
"R_114lKJMd8wvIO6t","S1",0,"Mixed / Unclassified"
"R_1S6xBQ3VqV9Exkn","S1",0,"Mixed / Unclassified"
"R_7AXOGzXncAB4Hdc","S1",25,"Government alien cover-up"
"R_5M0t1UkuxKxy5S3","S1",13,"JFK Assassination Conspiracy"
"R_7n5YHpBa7ucfwHD","S1",3,"Moon Landing Hoax"
"R_7CZYRTBRgHZmblF","S1",0,"Mixed / Unclassified"
"R_1l6TCM0DHqqek8x","S1",21,"Deliberate COVID-19 Lab Release"
"R_1zqn1HE7qK9oEEN","S1",0,"Mixed / Unclassified"
"R_1wFGUPH57WiQzGx","S1",0,"Mixed / Unclassified"
"R_56nHTSWEkKTio0a","S1",2,"Staged Trump assassination attempt"
"R_3k0KoxBNWOmR0OM","S1",0,"Mixed / Unclassified"
"R_3jEdR9oLTvgJvxF","S1",9,"Election fraud conspiracy beliefs"
"R_5LqvzTzTRvYEBiO","S1",0,"Mixed / Unclassified"
"R_5wgimieBEVb6d69","S1",16,"9/11 Inside Job Conspiracy"
"R_1bRUrnWI3tL6VUZ","S1",13,"JFK Assassination Conspiracy"
"R_6dcWqn0Qe8pPUyE","S1",16,"9/11 Inside Job Conspiracy"
"R_71oUkC4WstLqYYe","S1",13,"JFK Assassination Conspiracy"
"R_6SCPRt8cgwlr5RL","S1",0,"Mixed / Unclassified"
"R_6roiQot9WtmxWrL","S1",13,"JFK Assassination Conspiracy"
"R_7kUYqOmQQBPc75f","S1",0,"Mixed / Unclassified"
"R_1Dd8ilC6BECpXUZ","S1",16,"9/11 Inside Job Conspiracy"
"R_7fPOj4zOuml1NVy","S1",0,"Mixed / Unclassified"
"R_5ZHWMBYm3ozSzof","S1",13,"JFK Assassination Conspiracy"
"R_7dGUPzPoJwZhHAP","S1",0,"Mixed / Unclassified"
"R_7TtKOCc1OXMEDtJ","S1",13,"JFK Assassination Conspiracy"
"R_1IS4Pr0b74qdS37","S1",13,"JFK Assassination Conspiracy"
"R_6lXsSWjCapjfi0h","S1",11,"Jeffrey Epstein Death Conspiracies"
"R_6aafK5gBnzlNQKn","S1",0,"Mixed / Unclassified"
"R_6ElQCaIsaJXQr50","S1",0,"Mixed / Unclassified"
"R_7qpW1Pq4YwGlMVl","S1",13,"JFK Assassination Conspiracy"
"R_3VanjYtYT1V5ISh","S1",0,"Mixed / Unclassified"
"R_7NyslmbTN4nwKTX","S1",13,"JFK Assassination Conspiracy"
"R_7wcWMofUPOBxoF0","S1",0,"Mixed / Unclassified"
"R_3QA8UP4WRjqZNbp","S1",3,"Moon Landing Hoax"
"R_39DHoQhlleogltT","S1",0,"Mixed / Unclassified"
"R_6LkSQ1WkUR2na6J","S1",12,"Secret Elite World Control"
"R_7OeFr8ltIcjZRuN","S1",16,"9/11 Inside Job Conspiracy"
"R_64yWfazz2PyUGsx","S1",3,"Moon Landing Hoax"
"R_71oA74phAUC6XTo","S1",21,"Deliberate COVID-19 Lab Release"
"R_6LXv9F4c3TIQKoH","S1",19,"Chemtrail Conspiracy Beliefs"
"R_7mk4LNwbjxFst0B","S1",13,"JFK Assassination Conspiracy"
"R_3tomAp8LangT89D","S1",0,"Mixed / Unclassified"
"R_5RpVlg9WOqRCkxT","S1",0,"Mixed / Unclassified"
"R_7ikkmI60zIQ7yHL","S1",0,"Mixed / Unclassified"
"R_69aOVSh2fUuXP8d","S1",0,"Mixed / Unclassified"
"R_5ritFb7GytarNSa","S1",0,"Mixed / Unclassified"
"R_5wtuUplkkJVWevI","S1",25,"Government alien cover-up"
"R_71RYO4fmIniVEBG","S1",16,"9/11 Inside Job Conspiracy"
"R_6NCxFxMfwJBSARo","S1",0,"Mixed / Unclassified"
"R_1BsPqRTcOf5KQGl","S1",13,"JFK Assassination Conspiracy"
"R_3mF9CPQcobpVlaV","S1",21,"Deliberate COVID-19 Lab Release"
"R_7QDQSrQnCnwAyc1","S1",0,"Mixed / Unclassified"
"R_3d5kyeGkbsa2vxD","S1",3,"Moon Landing Hoax"
"R_7Q6DxRBCFhUcgvc","S1",9,"Election fraud conspiracy beliefs"
"R_65SGAhJQx2S5hyR","S1",25,"Government alien cover-up"
"R_147tDYoizl4DIU9","S1",19,"Chemtrail Conspiracy Beliefs"
"R_3fbjpMuBQb6YrXX","S1",0,"Mixed / Unclassified"
"R_3mf66is9PhUN1E8","S1",25,"Government alien cover-up"
"R_5uTkJTmw42G0hZD","S1",3,"Moon Landing Hoax"
"R_7oqiqJzfiwXMv4E","S1",0,"Mixed / Unclassified"
"R_3ci3UH5DACQBJwK","S1",0,"Mixed / Unclassified"
"R_7jCTVWFuvYVCfYC","S1",0,"Mixed / Unclassified"
"R_3gydeL4KEUIJKz7","S1",0,"Mixed / Unclassified"
"R_7WGwKu2a0jZbyxC","S1",0,"Mixed / Unclassified"
"R_6bupB2cjwAncFbP","S1",21,"Deliberate COVID-19 Lab Release"
"R_7L9keet4ExdKXTj","S1",26,"Existence of Alien Life"
"R_5Q0cX5p7oQKAM7u","S1",25,"Government alien cover-up"
"R_7TNp1LoZF4WIjpj","S1",0,"Mixed / Unclassified"
"R_3aEx3yYPkOsuZZ2","S1",0,"Mixed / Unclassified"
"R_6TILcEQuMmljGZH","S1",0,"Mixed / Unclassified"
"R_6nNKL2poQ5SX5Uf","S1",21,"Deliberate COVID-19 Lab Release"
"R_5CWbfePIFISz68f","S1",0,"Mixed / Unclassified"
"R_58LhMS5Rgkq0wLf","S1",9,"Election fraud conspiracy beliefs"
"R_1fxQMO3wqbh9w9S","S1",0,"Mixed / Unclassified"
"R_6QhsbPh8BF7NV4y","S1",3,"Moon Landing Hoax"
"R_7IhLQTZdwPnsARy","S1",0,"Mixed / Unclassified"
"R_3N2h6aXhnQQ2veB","S1",0,"Mixed / Unclassified"
"R_7zikheislOdam5O","S1",3,"Moon Landing Hoax"
"R_3lgpOAilRkkgkWR","S1",0,"Mixed / Unclassified"
"R_7uTVgYXObG4kyEp","S1",0,"Mixed / Unclassified"
"R_5MlmqWPz7bdSdUN","S1",9,"Election fraud conspiracy beliefs"
"R_3dc9Dq9OwuZY8iw","S1",13,"JFK Assassination Conspiracy"
"R_1h0Gf6VqDnQzhOF","S1",0,"Mixed / Unclassified"
"R_5vct4nshLUJh6Nj","S1",13,"JFK Assassination Conspiracy"
"R_3JbtQyonID3Dsat","S1",16,"9/11 Inside Job Conspiracy"
"R_6Pel1bFoZuYCMLu","S1",3,"Moon Landing Hoax"
"R_1b3tmNFW4YQmIor","S1",25,"Government alien cover-up"
"R_6n9wdzzGXSurTUt","S1",9,"Election fraud conspiracy beliefs"
"R_1DYz35U1zzMnHbB","S1",0,"Mixed / Unclassified"
"R_3fdFi3TDzLUl3hM","S1",8,"Existence of Bigfoot"
"R_7m9sjENzTkuGfUs","S1",13,"JFK Assassination Conspiracy"
"R_7gc3nYBrx2x4i6R","S1",13,"JFK Assassination Conspiracy"
"R_5Y2oscFo6UX32ed","S1",13,"JFK Assassination Conspiracy"
"R_5239MWUjS8ZM51q","S1",3,"Moon Landing Hoax"
"R_6ts9xtkbHgVwkTg","S1",21,"Deliberate COVID-19 Lab Release"
"R_78Zblm4HyYntQE9","S1",0,"Mixed / Unclassified"
"R_3pfqUCtQOXd4N5Y","S1",0,"Mixed / Unclassified"
"R_3rJkSaNiH0wTmXi","S1",0,"Mixed / Unclassified"
"R_7ZDbUwJMIYrsww1","S1",13,"JFK Assassination Conspiracy"
"R_5YtQ3sOYwyj30OP","S1",0,"Mixed / Unclassified"
"R_3zmmeFkkqeSxgdj","S1",0,"Mixed / Unclassified"
"R_6TmBlsnlFKA6tJE","S1",13,"JFK Assassination Conspiracy"
"R_7BreUKZXqdfAjyc","S1",26,"Existence of Alien Life"
"R_65TM6ggViBmZJND","S1",0,"Mixed / Unclassified"
"R_6rpjAMopVHYX20h","S1",3,"Moon Landing Hoax"
"R_1NkharktjKvBsbL","S1",0,"Mixed / Unclassified"
"R_7QPB1Cz56GDCMjT","S1",9,"Election fraud conspiracy beliefs"
"R_3OH2SYAktdLAyr8","S1",0,"Mixed / Unclassified"
"R_5r9tMFSqZE1zm8h","S1",21,"Deliberate COVID-19 Lab Release"
"R_3CBLjJb4S6ywSKO","S1",16,"9/11 Inside Job Conspiracy"
"R_1trNcM1Sq1rekp8","S1",21,"Deliberate COVID-19 Lab Release"
"R_7OMMOernaL5p6Oy","S1",14,"Celebrity death and replacement conspiracies"
"R_1j6ey41YYQOIosP","S1",0,"Mixed / Unclassified"
"R_5talN6DzWbqRrax","S1",0,"Mixed / Unclassified"
"R_51K9CxTqoavtAhr","S1",0,"Mixed / Unclassified"
"R_6hsYNDlvinTbWZ7","S1",13,"JFK Assassination Conspiracy"
"R_7zOctT81jUULC3G","S1",0,"Mixed / Unclassified"
"R_7nWbqNWdDGqYH5X","S1",0,"Mixed / Unclassified"
"R_3dojKFQp3YwBWzc","S1",21,"Deliberate COVID-19 Lab Release"
"R_7jUutcosMxZxyMl","S1",0,"Mixed / Unclassified"
"R_7H2hW2YYtFkDMUX","S1",13,"JFK Assassination Conspiracy"
"R_3GCVrSOb38G6q6f","S1",25,"Government alien cover-up"
"R_5VD61Gj16wRx3Kp","S1",21,"Deliberate COVID-19 Lab Release"
"R_7myIhgOI4D3cE8a","S1",0,"Mixed / Unclassified"
"R_5Vl5koKsbSC8Q5i","S1",0,"Mixed / Unclassified"
"R_3P1TBJ6uBhayhrk","S1",0,"Mixed / Unclassified"
"R_3ho76LOQZpXWhSO","S1",0,"Mixed / Unclassified"
"R_3byFF8M8RGAh3MJ","S1",0,"Mixed / Unclassified"
"R_5NCfbRS65rI5qLD","S1",0,"Mixed / Unclassified"
"R_6rUX7J4JjjYjMes","S1",21,"Deliberate COVID-19 Lab Release"
"R_5if76jXBBIIHXsR","S1",0,"Mixed / Unclassified"
"R_1n1LQQTKY5CN2rz","S1",24,"Area 51 Alien Cover-up"
"R_5oTMJfdwl9qgXXB","S1",3,"Moon Landing Hoax"
"R_1qh8qWryNU1P7TX","S1",0,"Mixed / Unclassified"
"R_6JcF8u7Ccyi37Md","S1",12,"Secret Elite World Control"
"R_3czpw4j8bEoBp8B","S1",0,"Mixed / Unclassified"
"R_5jVieNCDXk6Gmt1","S1",24,"Area 51 Alien Cover-up"
"R_5R9t4XmrQbkV0SV","S1",0,"Mixed / Unclassified"
"R_594Sy8gKlgYwk9j","S1",18,"Hiding medical cures for profit"
"R_5dQyNSZwDMRCrhw","S1",13,"JFK Assassination Conspiracy"
"R_1CEjcXtVS2KdLaN","S1",14,"Celebrity death and replacement conspiracies"
"R_3SBwVhSYkEEBziW","S1",0,"Mixed / Unclassified"
"R_3HvNKXE29csHe3K","S1",0,"Mixed / Unclassified"
"R_511pFwobiIcXj33","S1",13,"JFK Assassination Conspiracy"
"R_3CeVOdk6mkeRBrj","S1",12,"Secret Elite World Control"
"R_3BXWlDNkMcrulsu","S1",21,"Deliberate COVID-19 Lab Release"
"R_7lyUhPBoKw0yAGZ","S1",14,"Celebrity death and replacement conspiracies"
"R_3KoNIy2bVffVhlM","S1",7,"Trump as Russian Asset"
"R_6tkZ5njtXMBRZYJ","S1",16,"9/11 Inside Job Conspiracy"
"R_6QsSsc8f9n5SQRy","S1",0,"Mixed / Unclassified"
"R_7hPTla8Lqrjkx3c","S1",11,"Jeffrey Epstein Death Conspiracies"
"R_7vYbzPpZOi94DQJ","S1",21,"Deliberate COVID-19 Lab Release"
"R_5QgB2BM4iN11g6j","S1",0,"Mixed / Unclassified"
"R_1Nh0Zl1pt9p1oKN","S1",18,"Hiding medical cures for profit"
"R_3orAbJHLtCsPzZn","S1",0,"Mixed / Unclassified"
"R_7rxGwxDaWxRIhDW","S1",13,"JFK Assassination Conspiracy"
"R_67NJ0DsY98B9bkd","S1",0,"Mixed / Unclassified"
"R_5G3awGEyGZUqKmf","S1",0,"Mixed / Unclassified"
"R_3DT8JLGQWTR7jkp","S1",21,"Deliberate COVID-19 Lab Release"
"R_7EicZlpwYOAHtg2","S1",0,"Mixed / Unclassified"
"R_5t8jIbktZuZJXdn","S1",0,"Mixed / Unclassified"
"R_3EgT2u4ejI0PGSd","S1",0,"Mixed / Unclassified"
"R_7ne1SZ3EbU1cTgZ","S1",13,"JFK Assassination Conspiracy"
"R_62PKEcEbrJcL6x8","S1",21,"Deliberate COVID-19 Lab Release"
"R_5JEeFvALmOp3QUQ","S1",19,"Chemtrail Conspiracy Beliefs"
"R_1EuVRaVGGqMXQHq","S1",0,"Mixed / Unclassified"
"R_6cULxPQEgPB9Cin","S1",16,"9/11 Inside Job Conspiracy"
"R_72P73Ga8VHklKbY","S1",9,"Election fraud conspiracy beliefs"
"R_7GPrcOCPzBC0L7s","S1",13,"JFK Assassination Conspiracy"
"R_6QnNQIZnkScJnWh","S1",20,"Vaccine harms and conspiracies"
"R_57rlxIAXv7YYhcB","S1",0,"Mixed / Unclassified"
"R_6rpUlI1C6axkWru","S1",0,"Mixed / Unclassified"
"R_33NPUBFwcD3gruh","S1",25,"Government alien cover-up"
"R_3wNf2afp1WqdLpg","S1",13,"JFK Assassination Conspiracy"
"R_1H2nq1JYnveWZrZ","S1",0,"Mixed / Unclassified"
"R_5PuruYmmm4oHnRU","S1",8,"Existence of Bigfoot"
"R_6oF4SvNur6ZRbAj","S1",0,"Mixed / Unclassified"
"R_1hAwTHv01ZjC6wa","S1",0,"Mixed / Unclassified"
"R_3lhsJTPhI7EB98a","S1",0,"Mixed / Unclassified"
"R_52x1slUY4AZi2Zt","S1",0,"Mixed / Unclassified"
"R_60pMyoKhhuj7QBD","S1",21,"Deliberate COVID-19 Lab Release"
"R_572SHn2JFJfboRN","S1",13,"JFK Assassination Conspiracy"
"R_5qbm6PhKvrgeCgF","S1",0,"Mixed / Unclassified"
"R_3lXEYdTYjvBkQtH","S1",0,"Mixed / Unclassified"
"R_6MVPY7iRP0lQ2fp","S1",0,"Mixed / Unclassified"
"R_3JOYrlFgCzucwJW","S1",13,"JFK Assassination Conspiracy"
"R_5ByONyztfuR2hCg","S1",13,"JFK Assassination Conspiracy"
"R_7Na6fsxIfiPlXUd","S1",2,"Staged Trump assassination attempt"
"R_7EYzbF04XOaPZ6m","S1",0,"Mixed / Unclassified"
"R_7bVv129eXSUEfJV","S1",0,"Mixed / Unclassified"
"R_3D74akafGmYGkVM","S1",13,"JFK Assassination Conspiracy"
"R_1KqJljiznaGfw4j","S1",13,"JFK Assassination Conspiracy"
"R_6D6omkIiHQHKa1V","S1",0,"Mixed / Unclassified"
"R_3rPsmk6SXiUqR42","S1",9,"Election fraud conspiracy beliefs"
"R_1qVgzlLXPaWixtO","S1",0,"Mixed / Unclassified"
"R_3e0L4xIhO3Yes93","S1",0,"Mixed / Unclassified"
"R_1QgOF6PPCMmKXvs","S1",0,"Mixed / Unclassified"
"R_7rdACD81P2sh7QG","S1",12,"Secret Elite World Control"
"R_62JyXA2HghWDhGo","S1",0,"Mixed / Unclassified"
"R_6hH2xOBlJPXH0s2","S1",16,"9/11 Inside Job Conspiracy"
"R_1ixybWeulacIWyd","S1",0,"Mixed / Unclassified"
"R_1rmLVunEyULCvfP","S1",3,"Moon Landing Hoax"
"R_5Re8VwbxQyog5Gh","S1",0,"Mixed / Unclassified"
"R_60pdp9Wl25RSZf5","S1",0,"Mixed / Unclassified"
"R_6btUvp9GB3S0HDP","S1",0,"Mixed / Unclassified"
"R_5PtAQNkRktZkMtv","S1",26,"Existence of Alien Life"
"R_1gFu4LZdlpulrTd","S1",0,"Mixed / Unclassified"
"R_3vlb8SeGWiPwsj0","S1",0,"Mixed / Unclassified"
"R_5Qqohzyueh8TOQ9","S1",0,"Mixed / Unclassified"
"R_72of9mUYvpVFi8V","S1",13,"JFK Assassination Conspiracy"
"R_5LwK0SmBVLj5m7A","S1",13,"JFK Assassination Conspiracy"
"R_3z8PmnaJf8e9r0t","S1",12,"Secret Elite World Control"
"R_5jSZpvYchZYWWVr","S1",0,"Mixed / Unclassified"
"R_7iBwIqT1Je4kLhn","S1",25,"Government alien cover-up"
"R_7rAWog6AYPfPlKy","S1",0,"Mixed / Unclassified"
"R_6V1otg970dbJv5A","S1",21,"Deliberate COVID-19 Lab Release"
"R_3soJe3hcNwA67Tm","S1",3,"Moon Landing Hoax"
"R_13eK2JPnkPV1SNP","S1",26,"Existence of Alien Life"
"R_7XiA99dbSQ6jMLD","S1",0,"Mixed / Unclassified"
"R_3xz1PTQqRSjM45B","S1",25,"Government alien cover-up"
"R_1YYCDw3Rr8RPks6","S1",0,"Mixed / Unclassified"
"R_7AXZ0NycFsuCceH","S1",0,"Mixed / Unclassified"
"R_5zHZ0ULBgf8kek1","S1",9,"Election fraud conspiracy beliefs"
"R_5U0twuuQPuFEEHT","S1",2,"Staged Trump assassination attempt"
"R_7nUFhMReDdtMPz6","S1",0,"Mixed / Unclassified"
"R_71XkOg0ME8gucnI","S1",0,"Mixed / Unclassified"
"R_3EIk5vBmTFIE11L","S1",0,"Mixed / Unclassified"
"R_7isAWYnPGqFL86e","S1",13,"JFK Assassination Conspiracy"
"R_7q3BDHdeNPV0iX4","S1",0,"Mixed / Unclassified"
"R_5kH7HPH0zzzliIl","S1",13,"JFK Assassination Conspiracy"
"R_8ttg8gWe7sFQ73g","S1",12,"Secret Elite World Control"
"R_7YVD7CXByrujZnz","S1",0,"Mixed / Unclassified"
"R_1hYeBFAalOBonuV","S1",13,"JFK Assassination Conspiracy"
"R_34nLP3NAkx7544o","S1",13,"JFK Assassination Conspiracy"
"R_55ucGd49i1wQqRj","S1",0,"Mixed / Unclassified"
"R_6VJuGIBE9Ml2SeN","S1",13,"JFK Assassination Conspiracy"
"R_5dvatN6QvJeDsg7","S1",0,"Mixed / Unclassified"
"R_7Y4Ws6fyfHuOnDj","S1",0,"Mixed / Unclassified"
"R_7pTZF1tNovr6MQp","S1",0,"Mixed / Unclassified"
"R_696o8EQlo03WDPf","S1",21,"Deliberate COVID-19 Lab Release"
"R_7CTzwqCEIEJo0uZ","S1",0,"Mixed / Unclassified"
"R_7Lp60e1GNBvrHu3","S1",16,"9/11 Inside Job Conspiracy"
"R_72caCVtxEHSvpM5","S1",16,"9/11 Inside Job Conspiracy"
"R_7R3Jr5BBn6EYa5j","S1",0,"Mixed / Unclassified"
"R_5AMXks9hVjXuKnD","S1",0,"Mixed / Unclassified"
"R_7m96xh9bCcwjhYg","S1",25,"Government alien cover-up"
"R_7K2X7ATaCMyvR1X","S1",0,"Mixed / Unclassified"
"R_5dKN2fYgiY3lLD6","S1",0,"Mixed / Unclassified"
"R_7rJqSaUuTJKtvwt","S1",0,"Mixed / Unclassified"
"R_55RojUxAM8SjUJ3","S1",7,"Trump as Russian Asset"
"R_6yl5knd2LAM4bmI","S1",13,"JFK Assassination Conspiracy"
"R_7C2SXxoM5G1i73X","S1",21,"Deliberate COVID-19 Lab Release"
"R_742AyFmPye40J8I","S1",0,"Mixed / Unclassified"
"R_6qua8vUn2fverex","S1",13,"JFK Assassination Conspiracy"
"R_7mFZdunQPZlSc6J","S1",9,"Election fraud conspiracy beliefs"
"R_7YG2wqQ2BZ0Ztzu","S1",12,"Secret Elite World Control"
"R_1nx8gFw3l9RSoi2","S1",21,"Deliberate COVID-19 Lab Release"
"R_3QAnTUE39i7BFFf","S1",0,"Mixed / Unclassified"
"R_340JVc6lknI0SuL","S1",13,"JFK Assassination Conspiracy"
"R_3sD1hcxhxrkOygp","S1",0,"Mixed / Unclassified"
"R_1y3hLx7Fhz9KLZB","S1",0,"Mixed / Unclassified"
"R_3bESiUd0vgBlyeZ","S1",16,"9/11 Inside Job Conspiracy"
"R_1OOX8W2oJIZJtF0","S1",21,"Deliberate COVID-19 Lab Release"
"R_3fVjxVvozDOKSSv","S1",16,"9/11 Inside Job Conspiracy"
"R_7Q6hICkKsWHkP3X","S1",13,"JFK Assassination Conspiracy"
"R_38UQQhiZgdgkFyo","S1",25,"Government alien cover-up"
"R_1LdmbGQFvD153RC","S1",21,"Deliberate COVID-19 Lab Release"
"R_7AFMDCLejOscdQ7","S1",0,"Mixed / Unclassified"
"R_5COhD8cTcWXuZqg","S1",26,"Existence of Alien Life"
"R_1qhdUASGBf6PhGI","S1",19,"Chemtrail Conspiracy Beliefs"
"R_1tusxKGH9qvwJEh","S1",13,"JFK Assassination Conspiracy"
"R_70P73mTCLMGvlEB","S1",0,"Mixed / Unclassified"
"R_70cPNCrikgiHBzf","S1",0,"Mixed / Unclassified"
"R_78M161k5J2MFeNQ","S1",21,"Deliberate COVID-19 Lab Release"
"R_5qjIZtdGNY2wmBP","S1",13,"JFK Assassination Conspiracy"
"R_3DnYpEuYDmyg1aU","S1",0,"Mixed / Unclassified"
"R_5n1mfxYqP0PxM7T","S1",16,"9/11 Inside Job Conspiracy"
"R_7fPH4sjQc5hMsRz","S1",24,"Area 51 Alien Cover-up"
"R_6E0Zqod8LlPcMyq","S1",16,"9/11 Inside Job Conspiracy"
"R_16m7xyRGB1R1SSt","S1",0,"Mixed / Unclassified"
"R_7JKneVHFT1rFG87","S1",0,"Mixed / Unclassified"
"R_5HvIOm1pIQw3EK7","S1",0,"Mixed / Unclassified"
"R_7k7gLv9my5fJTc3","S1",13,"JFK Assassination Conspiracy"
"R_3j39NafsmQ25oUm","S1",0,"Mixed / Unclassified"
"R_6ToeBkMFIQCtdfz","S1",0,"Mixed / Unclassified"
"R_5i0auzEXzC1YxdT","S1",0,"Mixed / Unclassified"
"R_1hzzw6TxpOnTlct","S1",0,"Mixed / Unclassified"
"R_7FIKiGp5bwDjmtc","S1",25,"Government alien cover-up"
"R_31bg8LrLoyJrbNL","S1",21,"Deliberate COVID-19 Lab Release"
"R_7bFIv0ymTHX1aCJ","S1",13,"JFK Assassination Conspiracy"
"R_7NQC1z9TtqvgMOW","S1",0,"Mixed / Unclassified"
"R_7Pqdhjd8hNoYyrj","S1",0,"Mixed / Unclassified"
"R_3ndzxhzzOFDrUKl","S1",9,"Election fraud conspiracy beliefs"
"R_3jRcEOWz4dO1RMB","S1",21,"Deliberate COVID-19 Lab Release"
"R_5F3c4ogFsUoER4f","S1",26,"Existence of Alien Life"
"R_6SqX2spcH0t7Dvr","S1",12,"Secret Elite World Control"
"R_3QT3latyS8Uua9H","S1",0,"Mixed / Unclassified"
"R_7Qg7SGvkKbLibSB","S1",0,"Mixed / Unclassified"
"R_3zo0tN14vhX6SuJ","S1",0,"Mixed / Unclassified"
"R_6YijOVz1pO9FiQs","S1",0,"Mixed / Unclassified"
"R_5gMZxPvbGlCzz23","S1",0,"Mixed / Unclassified"
"R_5fMpOP3MDdBFJQt","S1",0,"Mixed / Unclassified"
"R_5OUdBsrOOU6qE8j","S1",21,"Deliberate COVID-19 Lab Release"
"R_1KImoAq6pMXgvhc","S1",0,"Mixed / Unclassified"
"R_6J5n4qap3swLKr7","S1",24,"Area 51 Alien Cover-up"
"R_5ie4n7mUcppBa1T","S1",0,"Mixed / Unclassified"
"R_7kLiNKH8EvPUhK6","S1",21,"Deliberate COVID-19 Lab Release"
"R_1bd7GfZ407IcBLr","S1",0,"Mixed / Unclassified"
"R_6jBFs24e9XHX3s5","S1",0,"Mixed / Unclassified"
"R_7OB56eFYP3uzXwW","S1",21,"Deliberate COVID-19 Lab Release"
"R_6DHWtrt8tOStTa4","S1",9,"Election fraud conspiracy beliefs"
"R_3mTN17xkXEh6fId","S1",0,"Mixed / Unclassified"
"R_6CPO3EF6NDU81T8","S1",13,"JFK Assassination Conspiracy"
"R_7ReCfls5BN6xYrF","S1",25,"Government alien cover-up"
"R_6edgcDuZn2Pmn2V","S1",0,"Mixed / Unclassified"
"R_6F9wpMqS7oQ0asT","S1",21,"Deliberate COVID-19 Lab Release"
"R_6qtFopdiP2k5BL3","S1",0,"Mixed / Unclassified"
"R_6CCa03FohnF2hCG","S1",6,"AI Takeover and Dead Internet"
"R_7mls7CASbHkt3XO","S1",16,"9/11 Inside Job Conspiracy"
"R_7Jw6hd2KK4qvrTR","S1",0,"Mixed / Unclassified"
"R_5whgoZpZAxuGOZj","S1",3,"Moon Landing Hoax"
"R_6Qj9dYDVx2WzJwl","S1",0,"Mixed / Unclassified"
"R_3jcZyqOSMjltB85","S1",0,"Mixed / Unclassified"
"R_7d7ioKdkc3uJC4R","S1",0,"Mixed / Unclassified"
"R_5wtclGhYMjZcVCV","S1",0,"Mixed / Unclassified"
"R_52nYlD3MIhGTBpD","S1",0,"Mixed / Unclassified"
"R_5AQCBtVrNrsQMCD","S1",13,"JFK Assassination Conspiracy"
"R_6NlTFkILBXM9cSR","S1",0,"Mixed / Unclassified"
"R_1qm7lvIYT4MxjeC","S1",18,"Hiding medical cures for profit"
"R_3wiY03W88Dyfu2N","S1",12,"Secret Elite World Control"
"R_5qZbGnV5kE2VDFL","S1",0,"Mixed / Unclassified"
"R_5cZgxuMurqmgI9Y","S1",25,"Government alien cover-up"
"R_71XuM8UMPqsALLP","S1",18,"Hiding medical cures for profit"
"R_3uiaWn7xqIEFnXP","S1",0,"Mixed / Unclassified"
"R_30iA8ucfM9WX5GG","S1",0,"Mixed / Unclassified"
"R_6FgjITAAdQsA3HE","S1",0,"Mixed / Unclassified"
"R_5NFwpUhzd4SEVSV","S1",13,"JFK Assassination Conspiracy"
"R_5QhWO2sEeWV0u14","S1",13,"JFK Assassination Conspiracy"
"R_5GErhUSgWZVpByi","S1",0,"Mixed / Unclassified"
"R_6BTiEXUdIUnTqc9","S1",21,"Deliberate COVID-19 Lab Release"
"R_5lLZklIcswtbcEW","S1",13,"JFK Assassination Conspiracy"
"R_3YxEGWcJI8N7XnU","S1",0,"Mixed / Unclassified"
"R_6lualOv2lzdxShu","S1",0,"Mixed / Unclassified"
"R_7nMWxKeZHZpV87T","S1",16,"9/11 Inside Job Conspiracy"
"R_3EYjgsZYTohUpJn","S1",0,"Mixed / Unclassified"
"R_3EGxHdQydjy8GK5","S1",19,"Chemtrail Conspiracy Beliefs"
"R_52FIf5UuW764tiJ","S1",0,"Mixed / Unclassified"
"R_5Ges6rWR2ibl9DQ","S1",12,"Secret Elite World Control"
"R_6Cp6vyWvWurpRHI","S1",0,"Mixed / Unclassified"
"R_5QPmtayh5ZWuPgl","S1",3,"Moon Landing Hoax"
"R_3mk8q7LrHhH2gPT","S1",13,"JFK Assassination Conspiracy"
"R_5Fv0KrlNG7IIWlj","S1",12,"Secret Elite World Control"
"R_3qu9p7etwgrBJsd","S1",21,"Deliberate COVID-19 Lab Release"
"R_5CNGvKDNJddpFEv","S1",21,"Deliberate COVID-19 Lab Release"
"R_6mJjBlxvTr9iBml","S1",2,"Staged Trump assassination attempt"
"R_6JQrBQPmsf96zqp","S1",0,"Mixed / Unclassified"
"R_5kiegyiH9Zpt5fj","S1",20,"Vaccine harms and conspiracies"
"R_3tb6kOxIH9ZFmk9","S1",13,"JFK Assassination Conspiracy"
"R_7EolaFW4EC01opm","S1",9,"Election fraud conspiracy beliefs"
"R_60SvTdjfDBL6pgE","S1",21,"Deliberate COVID-19 Lab Release"
"R_12IJB1j1HjeBD9f","S1",13,"JFK Assassination Conspiracy"
"R_5rikzgEuvMLudpS","S1",0,"Mixed / Unclassified"
"R_6gGUhbnZHMBtohP","S1",0,"Mixed / Unclassified"
"R_5dnbRfgfGEAcOZA","S1",21,"Deliberate COVID-19 Lab Release"
"R_7UaoVW4ZYia9XFv","S1",0,"Mixed / Unclassified"
"R_3NiwtlBFUAweFXj","S1",21,"Deliberate COVID-19 Lab Release"
"R_3YxkoNU0LGua5T4","S1",20,"Vaccine harms and conspiracies"
"R_6s9wBjjStINXwcN","S1",12,"Secret Elite World Control"
"R_1DQS32KEAY2WESd","S1",8,"Existence of Bigfoot"
"R_50U9EgU5NXGgLQW","S1",25,"Government alien cover-up"
"R_1i531tcNGrIbzYZ","S1",13,"JFK Assassination Conspiracy"
"R_7FJnndzo8H8golW","S1",13,"JFK Assassination Conspiracy"
"R_5IosPcaAtlC6yTi","S1",13,"JFK Assassination Conspiracy"
"R_54jhHSbUYdEar0a","S1",0,"Mixed / Unclassified"
"R_3VxA7vTYAcV3ZYt","S1",26,"Existence of Alien Life"
"R_1SIkpOXx8OTQICP","S1",8,"Existence of Bigfoot"
"R_3faRMZFWkKb6Wc1","S1",0,"Mixed / Unclassified"
"R_3ewPBMyKIhpv64Q","S1",0,"Mixed / Unclassified"
"R_1JMuRDyPSyOhnsl","S1",0,"Mixed / Unclassified"
"R_1IDGwQ2x1Xz6qjL","S1",0,"Mixed / Unclassified"
"R_3fB3PbgWEFS8q09","S1",0,"Mixed / Unclassified"
"R_6Nqy9zrrXuK0lSt","S1",18,"Hiding medical cures for profit"
"R_1N2ZPJqFhQLxNvR","S1",21,"Deliberate COVID-19 Lab Release"
"R_12cGYpFkGhNqt21","S1",21,"Deliberate COVID-19 Lab Release"
"R_6kUhr34Cz9qQBne","S1",7,"Trump as Russian Asset"
"R_1U9Pz76FO33VyCp","S1",0,"Mixed / Unclassified"
"R_1iw7Jxx9kQYLN6h","S1",25,"Government alien cover-up"
"R_3SnITPszGpLeech","S1",16,"9/11 Inside Job Conspiracy"
"R_61uXq4oxjcdg61H","S1",25,"Government alien cover-up"
"R_71jk3g5QPUmCC1v","S1",0,"Mixed / Unclassified"
"R_1n5i4HKLoLXMA93","S1",24,"Area 51 Alien Cover-up"
"R_5jHcbzupO7UEyn8","S1",7,"Trump as Russian Asset"
"R_6KJ7xmtvvHh8VJo","S1",21,"Deliberate COVID-19 Lab Release"
"R_5Qjjv9p9WMfsXiV","S1",0,"Mixed / Unclassified"
"R_7cuNrXTChgvKZsD","S1",3,"Moon Landing Hoax"
"R_5qWeQcnKlWrFsEa","S1",3,"Moon Landing Hoax"
"R_1hT6wYmZl0w7WcV","S1",13,"JFK Assassination Conspiracy"
"R_5PSKxY6MJWSJpeB","S1",0,"Mixed / Unclassified"
"R_32WSRUgv2baAvKk","S1",13,"JFK Assassination Conspiracy"
"R_6F23apRbhtO5LgN","S1",21,"Deliberate COVID-19 Lab Release"
"R_1QsYfvr2xJpktbT","S1",7,"Trump as Russian Asset"
"R_7jqr1mNE4ZodjUK","S1",21,"Deliberate COVID-19 Lab Release"
"R_5ERofxEs27eVVgl","S1",0,"Mixed / Unclassified"
"R_3dnftJP5UBPeFS9","S1",3,"Moon Landing Hoax"
"R_30NEn6BLaWnuSiT","S1",7,"Trump as Russian Asset"
"R_5UmcuSLdpzsR7Jn","S1",16,"9/11 Inside Job Conspiracy"
"R_7kX3TYwjtdmwIi5","S1",0,"Mixed / Unclassified"
"R_1bn2Exb6ngRfNhn","S1",0,"Mixed / Unclassified"
"R_1IiSfZPNi3MsJUQ","S1",24,"Area 51 Alien Cover-up"
"R_35A9qZe7z47zAY8","S1",21,"Deliberate COVID-19 Lab Release"
"R_5D5CVgsUidgMTIG","S1",0,"Mixed / Unclassified"
"R_3d2Ogky1aAfgda1","S1",0,"Mixed / Unclassified"
"R_1BQKZpLbp5EZhDz","S1",0,"Mixed / Unclassified"
"R_1adDMjuGydTFrl7","S1",13,"JFK Assassination Conspiracy"
"R_6bop4B26GRX5VWV","S1",13,"JFK Assassination Conspiracy"
"R_6E7bNqwfwSt5t60","S1",0,"Mixed / Unclassified"
"R_1NUrf39WLMIyzBk","S1",13,"JFK Assassination Conspiracy"
"R_3YgNAy7Bgn8eMPQ","S1",0,"Mixed / Unclassified"
"R_7X1oZjKRs1MhMch","S1",21,"Deliberate COVID-19 Lab Release"
"R_1gN2HrxYoy4Gmvp","S1",25,"Government alien cover-up"
"R_11gy1dxFxCaGQKc","S1",0,"Mixed / Unclassified"
"R_38gLFUx3g0XXMHf","S1",0,"Mixed / Unclassified"
"R_5KNRUiAhCrxQZxB","S1",12,"Secret Elite World Control"
"R_5O50HZm175H1alb","S1",21,"Deliberate COVID-19 Lab Release"
"R_3TnFbTxqfCGDjZV","S1",25,"Government alien cover-up"
"R_3zIRklOB0ZBd3KT","S1",21,"Deliberate COVID-19 Lab Release"
"R_3CECO8QVApD8bkM","S1",0,"Mixed / Unclassified"
"R_7kTDAznVK0EY6nM","S1",18,"Hiding medical cures for profit"
"R_77D0iR4PiBAbbYP","S1",13,"JFK Assassination Conspiracy"
"R_60QsPufk8tqBUo9","S1",25,"Government alien cover-up"
"R_53fok3JKkuJyUBn","S1",0,"Mixed / Unclassified"
"R_5nAE882MLEBGm6D","S1",16,"9/11 Inside Job Conspiracy"
"R_1zTQnKh6IyjX7ir","S1",13,"JFK Assassination Conspiracy"
"R_62sbrsuhk3EGROx","S1",13,"JFK Assassination Conspiracy"
"R_5n1QINma3BWWprw","S1",0,"Mixed / Unclassified"
"R_7VDZykHSLxKzOYZ","S1",0,"Mixed / Unclassified"
"R_5lyRGzAocLrS16I","S1",3,"Moon Landing Hoax"
"R_3QQTbbs3WH3VBxh","S1",21,"Deliberate COVID-19 Lab Release"
"R_5n0CHsM4u1ec5ZX","S1",0,"Mixed / Unclassified"
"R_1FxJm9r60TZU2Di","S1",3,"Moon Landing Hoax"
"R_1jrmhfDaoqUKJRU","S1",0,"Mixed / Unclassified"
"R_6Jw72rbElDtWg81","S1",21,"Deliberate COVID-19 Lab Release"
"R_1G46lwqhO1IwMSt","S1",20,"Vaccine harms and conspiracies"
"R_5Set3LrBqyy0Yic","S1",3,"Moon Landing Hoax"
"R_5ptobFUNXda0IPM","S1",0,"Mixed / Unclassified"
"R_1MRNj6OBXU8t8GR","S1",0,"Mixed / Unclassified"
"R_3NqSrpI66EPEio9","S1",16,"9/11 Inside Job Conspiracy"
"R_7mXGyQ01A93d8DX","S1",0,"Mixed / Unclassified"
"R_6iI2Aud3BAywnxi","S1",25,"Government alien cover-up"
"R_5hhaJPgdLbefd6C","S1",13,"JFK Assassination Conspiracy"
"R_3pJrcTyIi6DI8Ze","S1",13,"JFK Assassination Conspiracy"
"R_5uMnamebmEcpEkx","S1",16,"9/11 Inside Job Conspiracy"
"R_7OgtW0RTWDWEtzz","S1",0,"Mixed / Unclassified"
"R_5Sm0QEjoMW5GTcd","S1",12,"Secret Elite World Control"
"R_3QMZJXhayKXn9X1","S1",8,"Existence of Bigfoot"
"R_7dS2djvOwyQDBqR","S1",13,"JFK Assassination Conspiracy"
"R_1fAFYH61KtPMU7O","S1",21,"Deliberate COVID-19 Lab Release"
"R_3eEKcKUNnEtzfyy","S1",25,"Government alien cover-up"
"R_1eDUOTnjnKsQ1J7","S1",25,"Government alien cover-up"
"R_7mF4mIh8A0RLpKO","S1",13,"JFK Assassination Conspiracy"
"R_1amCTTzeTjQXKqO","S1",0,"Mixed / Unclassified"
"R_7lrV9tAaGCcHjpF","S1",0,"Mixed / Unclassified"
"R_3jMTEpV5dzhHfOi","S1",24,"Area 51 Alien Cover-up"
"R_3LZ3cEK6pM3ZyRf","S1",0,"Mixed / Unclassified"
"R_16hSfo9gCu1QULN","S1",21,"Deliberate COVID-19 Lab Release"
"R_5H8LR1yqWyvChGx","S1",16,"9/11 Inside Job Conspiracy"
"R_1PNQql9XJWQmAWg","S1",21,"Deliberate COVID-19 Lab Release"
"R_7d3NinM8aW6l0hy","S1",13,"JFK Assassination Conspiracy"
"R_3Br0ba8OUKUjpgu","S1",13,"JFK Assassination Conspiracy"
"R_7GQRQmbapoi6FnH","S1",7,"Trump as Russian Asset"
"R_7n74uyG5A9PyThn","S1",0,"Mixed / Unclassified"
"R_1MrqFQFKRZR7PdP","S1",14,"Celebrity death and replacement conspiracies"
"R_3VGG7uc4FDsjUtz","S1",13,"JFK Assassination Conspiracy"
"R_3F3XJJkE4Jj2MzH","S1",3,"Moon Landing Hoax"
"R_5zFjTudpKSUmcud","S1",16,"9/11 Inside Job Conspiracy"
"R_3skjWZpO1a7BVGV","S1",13,"JFK Assassination Conspiracy"
"R_3nTjPU0hKlJV3Is","S1",13,"JFK Assassination Conspiracy"
"R_6QKw9AsgKwgEa0F","S1",3,"Moon Landing Hoax"
"R_6nJJjFFwXD2ex1n","S1",11,"Jeffrey Epstein Death Conspiracies"
"R_6PRDJ2fMebEivfX","S1",16,"9/11 Inside Job Conspiracy"
"R_7Lh4i4coMd5XjTB","S1",25,"Government alien cover-up"
"R_1psdhP9KVGTRrLl","S1",21,"Deliberate COVID-19 Lab Release"
"R_6DP0GlPEcdI5NA6","S1",21,"Deliberate COVID-19 Lab Release"
"R_7R3SlW4dAhBaF1n","S1",0,"Mixed / Unclassified"
"R_5lXtALihEPLt3i1","S1",18,"Hiding medical cures for profit"
"R_3m4wwve704QsEHD","S1",0,"Mixed / Unclassified"
"R_3rp9AJDciczS8Lk","S1",21,"Deliberate COVID-19 Lab Release"
"R_7wCyZ3ziWlEdOo1","S1",0,"Mixed / Unclassified"
"R_1codNeQke3YB0IN","S1",13,"JFK Assassination Conspiracy"
"R_1ghd7D5ObStr1rb","S1",21,"Deliberate COVID-19 Lab Release"
"R_1nOFHDjX1OvfV4G","S1",13,"JFK Assassination Conspiracy"
"R_1BduzquHYuzhBDz","S1",0,"Mixed / Unclassified"
"R_5Orbx2sxR4BcYa5","S1",25,"Government alien cover-up"
"R_6igRif5L0AqURiv","S1",21,"Deliberate COVID-19 Lab Release"
"R_1fvVXePzM5Vh4aJ","S1",0,"Mixed / Unclassified"
"R_17VD7o06CKZpqqm","S1",12,"Secret Elite World Control"
"R_7GahyjvIqrdQHHH","S1",25,"Government alien cover-up"
"R_1bK2uSuwg894e6A","S1",13,"JFK Assassination Conspiracy"
"R_1CBVHkAPN6gPOtz","S1",25,"Government alien cover-up"
"R_7GJt9LAXgZxF2Zr","S1",21,"Deliberate COVID-19 Lab Release"
"R_3CKjp6KqStcZqHW","S1",3,"Moon Landing Hoax"
"R_6u9SKb3LFqCUg0N","S1",21,"Deliberate COVID-19 Lab Release"
"R_6PA1VahNnhUGzah","S1",13,"JFK Assassination Conspiracy"
"R_6NtAIUdHB8tOICh","S1",16,"9/11 Inside Job Conspiracy"
"R_3s1zafP79uVuRn0","S1",0,"Mixed / Unclassified"
"R_13BUJ37aFHBdj6j","S1",21,"Deliberate COVID-19 Lab Release"
"R_6RltT7L7cHCn7rR","S1",0,"Mixed / Unclassified"
"R_7z79UfJb3WNswA1","S1",21,"Deliberate COVID-19 Lab Release"
"R_5e5qLmvj2cUd042","S1",3,"Moon Landing Hoax"
"R_3tDOexXojTx05PZ","S1",0,"Mixed / Unclassified"
"R_5RVvnXW8Kr0g30g","S1",7,"Trump as Russian Asset"
"R_3BrlP6HkTJVJ6lr","S1",0,"Mixed / Unclassified"
"R_5h1JfPM1xhuMcCJ","S1",12,"Secret Elite World Control"
"R_3Ep7RFlq7GWjCyR","S1",0,"Mixed / Unclassified"
"R_362EEeuSZliUs8N","S1",0,"Mixed / Unclassified"
"R_1HHdzjQlUVSmKsb","S1",0,"Mixed / Unclassified"
"R_7P735I2MTAefSlC","S1",0,"Mixed / Unclassified"
"R_6WUtjwC6YDeNueZ","S1",16,"9/11 Inside Job Conspiracy"
"R_7hShToczZzaLdvY","S1",0,"Mixed / Unclassified"
"R_5f1InHPSmtn8y8Y","S1",3,"Moon Landing Hoax"
"R_7k5vikjK7aBYghQ","S1",0,"Mixed / Unclassified"
"R_1P6JcSJLHkhqNkw","S1",24,"Area 51 Alien Cover-up"
"R_7CNXXkt6p148AGO","S1",0,"Mixed / Unclassified"
"R_37fAvEwXHqZyCls","S1",21,"Deliberate COVID-19 Lab Release"
"R_5A0hGUOapLkEd4U","S1",21,"Deliberate COVID-19 Lab Release"
"R_7flm3ct6XmZxIuV","S1",21,"Deliberate COVID-19 Lab Release"
"R_57WicMHewAN5CcC","S1",0,"Mixed / Unclassified"
"R_3hZ7G9CW8N14MiG","S1",0,"Mixed / Unclassified"
"R_30VA9GXjQIvv3Iw","S1",7,"Trump as Russian Asset"
"R_3OpnaiPXvjnOJ1a","S1",19,"Chemtrail Conspiracy Beliefs"
"R_7LkFP2pvzjKyE2O","S1",0,"Mixed / Unclassified"
"R_6p4jw1dWWWyqn0q","S1",21,"Deliberate COVID-19 Lab Release"
"R_71v0oPmBT7C9NMO","S1",3,"Moon Landing Hoax"
"R_7nuwYwtBf0NmNIQ","S1",0,"Mixed / Unclassified"
"R_3pRlErbPCM4zZAx","S1",0,"Mixed / Unclassified"
"R_3nlkyJdcAsQGS1b","S1",13,"JFK Assassination Conspiracy"
"R_6gbUpP9yolHEgP7","S1",0,"Mixed / Unclassified"
"R_3dpi61s3bpfXKRL","S1",0,"Mixed / Unclassified"
"R_3Qo1Y2PY1bcgjHv","S1",0,"Mixed / Unclassified"
"R_5S5pImIJ4sXZ0nT","S1",18,"Hiding medical cures for profit"
"R_5lai1SxtJCwc3JW","S1",25,"Government alien cover-up"
"R_7EVZykMlbOIlmNj","S1",13,"JFK Assassination Conspiracy"
"R_7R2dS0Toic4GyGf","S1",0,"Mixed / Unclassified"
"R_51SrFyVSRIWi168","S1",21,"Deliberate COVID-19 Lab Release"
"R_6p6e0Sfl9qTBZdQ","S1",25,"Government alien cover-up"
"R_7MxMyewrcocQ53z","S1",0,"Mixed / Unclassified"
"R_1BDDWc8FNQxKDxn","S1",13,"JFK Assassination Conspiracy"
"R_7bOUFIHCNLHrpUs","S1",9,"Election fraud conspiracy beliefs"
"R_32WGCS6EDpwzZ9P","S1",0,"Mixed / Unclassified"
"R_5LaNcThwzZYr917","S1",21,"Deliberate COVID-19 Lab Release"
"R_32ttONUd7YtPv8C","S1",3,"Moon Landing Hoax"
"R_3eSDRYH8qG73h2V","S1",13,"JFK Assassination Conspiracy"
"R_6fGNCiGlK4MEtrH","S1",2,"Staged Trump assassination attempt"
"R_32aMFAsrHxDA8CN","S1",0,"Mixed / Unclassified"
"R_6Dqf5v0DsH8xT1a","S1",13,"JFK Assassination Conspiracy"
"R_3m18EfK8J9KWGnD","S1",0,"Mixed / Unclassified"
"R_3duxIxkwcxbXL1q","S1",0,"Mixed / Unclassified"
"R_72znGoe7mYUFdgO","S1",13,"JFK Assassination Conspiracy"
"R_5hSWhf8sSDwXTgL","S1",13,"JFK Assassination Conspiracy"
"R_6EVWrp7FsiO93pT","S1",13,"JFK Assassination Conspiracy"
"R_3pHQezn9f8q25Md","S1",0,"Mixed / Unclassified"
"R_7GxCEzTRzwBIh1y","S1",13,"JFK Assassination Conspiracy"
"R_3j9DpuYtgRqmBxL","S1",21,"Deliberate COVID-19 Lab Release"
"R_6docq1tF662AFMd","S1",16,"9/11 Inside Job Conspiracy"
"R_1jVMKs29kLbhSgH","S1",19,"Chemtrail Conspiracy Beliefs"
"R_3OGxnta1hkbeqsc","S1",0,"Mixed / Unclassified"
"R_6vMeiICVRk090rf","S1",0,"Mixed / Unclassified"
"R_7cqMsE39b8r3pLC","S1",16,"9/11 Inside Job Conspiracy"
"R_7psUBx0J5FF2TM7","S1",0,"Mixed / Unclassified"
"R_7ttlyEmDg8z6Yr4","S1",0,"Mixed / Unclassified"
"R_5iJz4t1K6WMuDPQ","S1",0,"Mixed / Unclassified"
"R_59b7iOaBRxldqX6","S1",9,"Election fraud conspiracy beliefs"
"R_5fPoaN11TP4Xrsl","S1",9,"Election fraud conspiracy beliefs"
"R_6Nc0cA2mfDIztU5","S1",16,"9/11 Inside Job Conspiracy"
"R_3LG2SHemvitq9vP","S1",0,"Mixed / Unclassified"
"R_13BiP6eFpljNWaA","S1",0,"Mixed / Unclassified"
"R_3dfPPk37hbWQxOU","S1",0,"Mixed / Unclassified"
"R_7ly9v093jGBZl3k","S1",0,"Mixed / Unclassified"
"R_1xRi5xrQnUpGXAE","S1",21,"Deliberate COVID-19 Lab Release"
"R_33fu7lW6l1BY2Ig","S1",13,"JFK Assassination Conspiracy"
"R_62MjebjWdzu4p4z","S1",0,"Mixed / Unclassified"
"R_3zBAPbhP5Rg7c0M","S1",12,"Secret Elite World Control"
"R_7Qtuw2Bcq8J2QIB","S1",0,"Mixed / Unclassified"
"R_6rNqT4hzRCUHoRs","S1",0,"Mixed / Unclassified"
"R_69hNhohzHVlvdOc","S1",0,"Mixed / Unclassified"
"R_3Xd0DVhvkO0vRQo","S1",24,"Area 51 Alien Cover-up"
"R_7pqXu5DZLcEYg1E","S1",0,"Mixed / Unclassified"
"R_75Z4YIj02eQXYDx","S1",21,"Deliberate COVID-19 Lab Release"
"R_5kjts1uEx9HDZ1Y","S1",0,"Mixed / Unclassified"
"R_73hDuavnb0qbEyJ","S1",26,"Existence of Alien Life"
"R_6Z6AkStMcNVyLD3","S1",18,"Hiding medical cures for profit"
"R_3I50qHYukC99Juh","S1",24,"Area 51 Alien Cover-up"
"R_6YLDc3Z1OsYpEVf","S1",7,"Trump as Russian Asset"
"R_163FApar750Q75E","S1",13,"JFK Assassination Conspiracy"
"R_52lIoF0DUv8MyuB","S1",13,"JFK Assassination Conspiracy"
"R_7iGMTEVkfdMP3RD","S1",13,"JFK Assassination Conspiracy"
"R_6oHkuHNvDp1vCA9","S1",24,"Area 51 Alien Cover-up"
"R_6dvoE1iWZ6dlhNH","S1",25,"Government alien cover-up"
"R_3rT5TYdhYIpoKcH","S1",0,"Mixed / Unclassified"
"R_7Y2SjYieyluKBrz","S1",19,"Chemtrail Conspiracy Beliefs"
"R_5Pc1P704fGSudSo","S1",0,"Mixed / Unclassified"
"R_7U1tdY5AsvF0yqd","S1",9,"Election fraud conspiracy beliefs"
"R_3rq2aCnCrikXOBm","S1",0,"Mixed / Unclassified"
"R_3af21KUfpf4lRKq","S1",0,"Mixed / Unclassified"
"R_1n8B1HSQSLcJTGm","S1",13,"JFK Assassination Conspiracy"
"R_7tbT2DHNt73Ba0v","S1",13,"JFK Assassination Conspiracy"
"R_3GQwm7VRDRYsDRc","S1",0,"Mixed / Unclassified"
"R_1KNtdRPnXDYU0vZ","S1",13,"JFK Assassination Conspiracy"
"R_6oNmRu0wETGGvUl","S1",0,"Mixed / Unclassified"
"R_5wcRIZjHJXKKQd6","S1",13,"JFK Assassination Conspiracy"
"R_6YSbeCo6HdF08lw","S1",13,"JFK Assassination Conspiracy"
"R_7j8Mp0eHRaCrUDT","S1",0,"Mixed / Unclassified"
"R_7M6QFpl6enQUOIz","S1",16,"9/11 Inside Job Conspiracy"
"R_6sZg3qEPo7OkcKt","S1",0,"Mixed / Unclassified"
"R_5xStQS1HXP005Yl","S1",3,"Moon Landing Hoax"
"R_6RwOiWcCOoq4cJp","S1",16,"9/11 Inside Job Conspiracy"
"R_1cMQPhFFGaYuHdL","S1",21,"Deliberate COVID-19 Lab Release"
"R_6FLp8ELhK38mq9g","S1",26,"Existence of Alien Life"
"R_5YX5eaRUW5XmUSh","S1",21,"Deliberate COVID-19 Lab Release"
"R_3NabweI9ghrM7uT","S1",19,"Chemtrail Conspiracy Beliefs"
"R_1vewaD5Svs8MjYr","S1",0,"Mixed / Unclassified"
"R_32JsRL8VtEZP8OZ","S1",2,"Staged Trump assassination attempt"
"R_5xy33zLbN258LJD","S1",13,"JFK Assassination Conspiracy"
"R_62KUzKzueUyd2J1","S1",0,"Mixed / Unclassified"
"R_5DPiVx7EDw5u4AT","S1",12,"Secret Elite World Control"
"R_7WGvgG85dgetmzO","S1",21,"Deliberate COVID-19 Lab Release"
"R_3fvBNNNZhjG0xIA","S1",25,"Government alien cover-up"
"R_3dEcWBFsGRQEidI","S1",0,"Mixed / Unclassified"
"R_6eWTsAJ3cMPP2qC","S1",0,"Mixed / Unclassified"
"R_7kGhzRbvLZ2kRqN","S1",0,"Mixed / Unclassified"
"R_1fuzuc55t8seln8","S1",0,"Mixed / Unclassified"
"R_5HFFaa2CMCHQVdf","S1",0,"Mixed / Unclassified"
"R_1TVe22AXKiAZ2il","S1",13,"JFK Assassination Conspiracy"
"R_7dhTW1uNcaqZGe2","S1",3,"Moon Landing Hoax"
"R_7uVAVzkA3QiDxst","S1",0,"Mixed / Unclassified"
"R_6DFRSmm6kX371G4","S1",0,"Mixed / Unclassified"
"R_5c5WaGymmhtGbtK","S1",0,"Mixed / Unclassified"
"R_3Rq5BEo4lE6WJsl","S1",7,"Trump as Russian Asset"
"R_5153jR81U4enKxM","S1",7,"Trump as Russian Asset"
"R_3YnYQomKOzb8usK","S1",16,"9/11 Inside Job Conspiracy"
"R_1cJR5KBo1HXUmCR","S1",18,"Hiding medical cures for profit"
"R_5HBLtoDg16yD7q4","S1",13,"JFK Assassination Conspiracy"
"R_6TSHZLXa61WbQKE","S1",13,"JFK Assassination Conspiracy"
"R_7bGW641GeNJKfLA","S1",0,"Mixed / Unclassified"
"R_7PiufNYK1rOnix3","S1",0,"Mixed / Unclassified"
"R_33a8WC9TRC3IzoJ","S1",13,"JFK Assassination Conspiracy"
"R_7ganzakbYRNGIWR","S1",0,"Mixed / Unclassified"
"R_6E5Euiq20c5aHPJ","S1",13,"JFK Assassination Conspiracy"
"R_6OelRU3bHEkCBzP","S1",0,"Mixed / Unclassified"
"R_5NasnplmWKvZBpD","S1",0,"Mixed / Unclassified"
"R_3az6egctHJLWUZs","S1",0,"Mixed / Unclassified"
"R_3ptFzFBbkY9KzFW","S1",12,"Secret Elite World Control"
"R_51dMTzZsATwBuHY","S1",0,"Mixed / Unclassified"
"R_51PC6l60nVU2TM5","S1",0,"Mixed / Unclassified"
"R_1CxMmiA0IUQuAvo","S1",13,"JFK Assassination Conspiracy"
"R_6cjUaCSazq607fS","S1",18,"Hiding medical cures for profit"
"R_3WuK9Z4mr39yNnz","S1",19,"Chemtrail Conspiracy Beliefs"
"R_3q7yo46wNp75wSq","S1",0,"Mixed / Unclassified"
"R_60TEzJHWpCRh2tA","S1",16,"9/11 Inside Job Conspiracy"
"R_70PeoUHxyNkY510","S1",0,"Mixed / Unclassified"
"R_52VXS2kMgxLihzW","S1",0,"Mixed / Unclassified"
"R_3Et3XZLCewjUjZt","S1",0,"Mixed / Unclassified"
"R_5e9ypXofy3DJ7wL","S1",8,"Existence of Bigfoot"
"R_1mqSLIMXh3NEadB","S1",0,"Mixed / Unclassified"
"R_5gUeiefHvu76MRb","S1",21,"Deliberate COVID-19 Lab Release"
"R_30xfMbiLioywwvK","S1",24,"Area 51 Alien Cover-up"
"R_3MfGPAvrhs0sGNf","S1",13,"JFK Assassination Conspiracy"
"R_3ZVZEVgb7vpW7OV","S1",0,"Mixed / Unclassified"
"R_3k2m962MKV4cNAg","S1",21,"Deliberate COVID-19 Lab Release"
"R_7ssjOC5LDUSa59p","S1",3,"Moon Landing Hoax"
"R_608kgA3f3QnQxEF","S1",0,"Mixed / Unclassified"
"R_7E3MRQg5nKMJ9iI","S1",0,"Mixed / Unclassified"
"R_6hFrMqJeflju8NP","S1",13,"JFK Assassination Conspiracy"
"R_1q8dXI0unbKoR9f","S1",13,"JFK Assassination Conspiracy"
"R_5fX4iwvtALyNcpr","S1",0,"Mixed / Unclassified"
"R_5pg1OQvUYCSHbHU","S1",7,"Trump as Russian Asset"
"R_3zeuF4WCBJdoBnv","S1",0,"Mixed / Unclassified"
"R_5dGRamIKjVUIjnl","S1",12,"Secret Elite World Control"
"R_3m7EFFuAjaPDGxO","S1",0,"Mixed / Unclassified"
"R_6Y9VX0TkjaQMHoF","S1",12,"Secret Elite World Control"
"R_6tn5ITPh6lgxkZz","S1",0,"Mixed / Unclassified"
"R_3REDrbJK1IfgaxX","S1",0,"Mixed / Unclassified"
"R_1LBQAYyWcr5H2Ip","S1",13,"JFK Assassination Conspiracy"
"R_717P8Kl17VQgaMb","S1",0,"Mixed / Unclassified"
"R_5ks1YJsfzSAga4N","S1",0,"Mixed / Unclassified"
"R_3n7AwjB2CzvNvcy","S1",0,"Mixed / Unclassified"
"R_5IHp4hZdHRrWt8O","S1",12,"Secret Elite World Control"
"R_7TpHkPmfXXIYOVX","S1",0,"Mixed / Unclassified"
"R_6OPPG5iNySWkEjn","S1",0,"Mixed / Unclassified"
"R_1dtHegqlDdGYYzY","S1",21,"Deliberate COVID-19 Lab Release"
"R_51mhYNdqezbqqnR","S1",0,"Mixed / Unclassified"
"R_3eKugjd4bc3xRJK","S1",21,"Deliberate COVID-19 Lab Release"
"R_5dL4skWGpx6a57g","S1",13,"JFK Assassination Conspiracy"
"R_3hhcB26uEz5cLAa","S1",0,"Mixed / Unclassified"
"R_6Ouxhf5pbeIddGg","S1",13,"JFK Assassination Conspiracy"
"R_1dNDbaNV5rUimg9","S1",24,"Area 51 Alien Cover-up"
"R_7sWvLS4TyuLrvMt","S1",0,"Mixed / Unclassified"
"R_35oWFSXDIjDGT1T","S1",12,"Secret Elite World Control"
"R_5Qrue5vML25q28e","S1",0,"Mixed / Unclassified"
"R_3IcGXiRHsWRSQLt","S1",0,"Mixed / Unclassified"
"R_6En3g5jaonddTOr","S1",21,"Deliberate COVID-19 Lab Release"
"R_3PqLE2KM9u00aZz","S1",0,"Mixed / Unclassified"
"R_7gG4X721TZ3phRT","S1",0,"Mixed / Unclassified"
"R_6crBAPoHI07dJdL","S1",21,"Deliberate COVID-19 Lab Release"
"R_3EguA17nRZhgSLZ","S1",0,"Mixed / Unclassified"
"R_1R9vLoTzB5USgUk","S1",0,"Mixed / Unclassified"
"R_7lcakKvIZRX3QE4","S1",0,"Mixed / Unclassified"
"R_5I5AwnQDGlieRX1","S1",13,"JFK Assassination Conspiracy"
"R_6QRMqgmttwMt87q","S1",0,"Mixed / Unclassified"
"R_11yqqj1rISdANAq","S1",26,"Existence of Alien Life"
"R_5Ihuj9zGgXUtjW1","S1",13,"JFK Assassination Conspiracy"
"R_52nUS5jizlZkbaT","S1",0,"Mixed / Unclassified"
"R_5iJ1AW6QmXw9tKx","S1",13,"JFK Assassination Conspiracy"
"R_7IvpAxYfEjSkXbr","S1",21,"Deliberate COVID-19 Lab Release"
"R_7sjhezlLG2vf0vq","S1",3,"Moon Landing Hoax"
"R_75NSqFpjOvpNu57","S1",13,"JFK Assassination Conspiracy"
"R_7L8i11wAmu3FsmB","S1",0,"Mixed / Unclassified"
"R_58OP5bWSDv2sHJX","S1",16,"9/11 Inside Job Conspiracy"
"R_5qeXGMVMpR30Bat","S1",13,"JFK Assassination Conspiracy"
"R_7AxmaORMf8DmjAd","S1",0,"Mixed / Unclassified"
"R_5TXdzTorbmiKELm","S1",13,"JFK Assassination Conspiracy"
"R_5ktcn23RDXfGpAw","S1",13,"JFK Assassination Conspiracy"
"R_7COUS9BUJpKhKja","S1",0,"Mixed / Unclassified"
"R_6OVp9rNDKHceKVB","S1",18,"Hiding medical cures for profit"
"R_39g2BO7yUZDMyKP","S1",7,"Trump as Russian Asset"
"R_5pms7jUZG9siHHi","S1",13,"JFK Assassination Conspiracy"
"R_3HtZXox2TCg6i7a","S1",13,"JFK Assassination Conspiracy"
"R_7EAiZw9X42UC4Rr","S1",12,"Secret Elite World Control"
"R_1OwTmR8TrYOCDg3","S1",13,"JFK Assassination Conspiracy"
"R_64I5B8vgRzVLMvm","S1",13,"JFK Assassination Conspiracy"
"R_51vK0q6jC5dvqnm","S1",0,"Mixed / Unclassified"
"R_69ijzSNDwJJcfrh","S1",21,"Deliberate COVID-19 Lab Release"
"R_7LZOizz7kD5JkvU","S1",0,"Mixed / Unclassified"
"R_1QLfkLHD8ZT9Qvf","S1",0,"Mixed / Unclassified"
"R_3qJcTG1NY8FNsJ7","S1",21,"Deliberate COVID-19 Lab Release"
"R_31M1lvbYJHvxDg4","S1",13,"JFK Assassination Conspiracy"
"R_7mWMbTucJPwmVhm","S1",0,"Mixed / Unclassified"
"R_3rvpbQBkJ3dkFuD","S1",0,"Mixed / Unclassified"
"R_5YEUuvhh3e30oUQ","S1",0,"Mixed / Unclassified"
"R_1J3YTrUVLRXu4FP","S1",11,"Jeffrey Epstein Death Conspiracies"
"R_7fkysnUzJeiipXa","S1",21,"Deliberate COVID-19 Lab Release"
"R_3meqNsHj2xTqg2k","S1",0,"Mixed / Unclassified"
"R_5YAsU5RAEEXd09R","S1",0,"Mixed / Unclassified"
"R_1hKbjfhULrMmxrD","S1",0,"Mixed / Unclassified"
"R_6powXEjBVBvaSB3","S1",13,"JFK Assassination Conspiracy"
"R_77HxwihqPKOIMjd","S1",0,"Mixed / Unclassified"
"R_7kFmet1dD26SVPw","S1",21,"Deliberate COVID-19 Lab Release"
"R_6SkK9az8g1MBPkd","S1",0,"Mixed / Unclassified"
"R_7CaMyrGvpZj3lBf","S1",25,"Government alien cover-up"
"R_6E5gOHsxjoVk5a3","S1",13,"JFK Assassination Conspiracy"
"R_131CNvqt0nBm874","S1",13,"JFK Assassination Conspiracy"
"R_7dDI4JcTxo9CVcG","S1",0,"Mixed / Unclassified"
"R_3dsgcgUr0YjPzpu","S1",0,"Mixed / Unclassified"
"R_3TeUrAD9L2gcq2d","S1",0,"Mixed / Unclassified"
"R_5hMZofwItGiWBex","S1",8,"Existence of Bigfoot"
"R_6LNNBErG2JRXsnT","S1",21,"Deliberate COVID-19 Lab Release"
"R_630YghBjLbzUfPw","S1",0,"Mixed / Unclassified"
"R_3h2S0bklf0q7BOV","S1",24,"Area 51 Alien Cover-up"
"R_5G4d9Do1SYdQyyt","S1",0,"Mixed / Unclassified"
"R_3OoAGzYkS5IiCyO","S1",0,"Mixed / Unclassified"
"R_3Lu4AAoGxUtx6Al","S1",3,"Moon Landing Hoax"
"R_5CNLeGQb9VodTem","S1",0,"Mixed / Unclassified"
"R_3CJ5p2SZWOeNaSZ","S1",0,"Mixed / Unclassified"
"R_1PMOAaQsAcPkOrL","S1",13,"JFK Assassination Conspiracy"
"R_1woaB6XLFiwtgOy","S1",12,"Secret Elite World Control"
"R_3f1EhY6RxVZIfwI","S1",21,"Deliberate COVID-19 Lab Release"
"R_62SvpEviYoPzB9Q","S1",0,"Mixed / Unclassified"
"R_6CkUvI23cNosSac","S1",21,"Deliberate COVID-19 Lab Release"
"R_3IRk8Jtqh1Toaxo","S1",3,"Moon Landing Hoax"
"R_72AoK2qPhzNaC24","S1",0,"Mixed / Unclassified"
"R_6n02m5f0B1Xqhvv","S1",0,"Mixed / Unclassified"
"R_1CNK1w85AXYIVUX","S1",16,"9/11 Inside Job Conspiracy"
"R_6IWd8hQSytRip0i","S1",18,"Hiding medical cures for profit"
"R_5jZDSQnhzx9GoBe","S1",11,"Jeffrey Epstein Death Conspiracies"
"R_3I5zdSQMPi99lmX","S1",18,"Hiding medical cures for profit"
"R_1TXjBvGAx6dVUwN","S1",25,"Government alien cover-up"
"R_7dp9oDa3EDCndrO","S1",0,"Mixed / Unclassified"
"R_1xcboy4MH0u3Cmt","S1",0,"Mixed / Unclassified"
"R_6ICO7tRT4tf9AyZ","S1",0,"Mixed / Unclassified"
"R_3vd08aJPb8LxjAc","S1",13,"JFK Assassination Conspiracy"
"R_1FRmzdAScjWF29i","S1",0,"Mixed / Unclassified"
"R_6YPq2H1eXK9ybMB","S1",12,"Secret Elite World Control"
"R_6ACBpnzwXhtGngR","S1",3,"Moon Landing Hoax"
"R_1JIV60mP2299mSu","S1",8,"Existence of Bigfoot"
"R_6q5SJvEsDeos3g5","S1",7,"Trump as Russian Asset"
"R_1YmFfeTrk9Gidda","S1",0,"Mixed / Unclassified"
"R_6kdnSSB3biqNNt3","S1",0,"Mixed / Unclassified"
"R_33CgUSw1EXpvHAI","S1",0,"Mixed / Unclassified"
"R_7RsekLrsiDNOwK0","S1",25,"Government alien cover-up"
"R_1g4Se540w3Ex2YA","S1",21,"Deliberate COVID-19 Lab Release"
"R_5yrPScr6c50cI7V","S1",0,"Mixed / Unclassified"
"R_5mFBw0YdhZgCxNv","S1",13,"JFK Assassination Conspiracy"
"R_1CJ6esIqRPyOFy9","S1",0,"Mixed / Unclassified"
"R_7GSdNxXzhLNvrK9","S1",13,"JFK Assassination Conspiracy"
"R_7AFJTYoUuMyFdYY","S1",0,"Mixed / Unclassified"
"R_5zOVnwiTADned5t","S1",0,"Mixed / Unclassified"
"R_3uptzY7G5Ris8PT","S1",0,"Mixed / Unclassified"
"R_3ThE4YzZgtxNMyJ","S1",13,"JFK Assassination Conspiracy"
"R_1dEbplGTmJ6hj4l","S1",0,"Mixed / Unclassified"
"R_7svT11ikvBOxJJI","S1",0,"Mixed / Unclassified"
"R_1hLjm7pNs5fDTml","S1",13,"JFK Assassination Conspiracy"
"R_1flsNKooQ9Mwnq9","S1",0,"Mixed / Unclassified"
"R_7G9DkZNIK3cTi7m","S1",0,"Mixed / Unclassified"
"R_3qDxHxxYms2OPKY","S1",0,"Mixed / Unclassified"
"R_61ZKcCasGv55XkM","S1",16,"9/11 Inside Job Conspiracy"
"R_7OU0xtmxCuU3HLT","S1",0,"Mixed / Unclassified"
"R_7jeWnDiZmpc0T51","S1",0,"Mixed / Unclassified"
"R_53dzJkDAhELMu5P","S1",0,"Mixed / Unclassified"
"R_1n9mlND90rWgl6U","S1",25,"Government alien cover-up"
"R_7AKHhIuCxSFeHMq","S1",0,"Mixed / Unclassified"
"R_19zJW9PGE9Evj3z","S1",0,"Mixed / Unclassified"
"R_5n15XBOPI18LYGU","S1",0,"Mixed / Unclassified"
"R_7MbNJ37Xpa03r6O","S1",0,"Mixed / Unclassified"
"R_7PSDjydkLdipywJ","S1",0,"Mixed / Unclassified"
"R_174ks2CSkL2FGrT","S1",0,"Mixed / Unclassified"
"R_7co1ehOev9pS4RA","S1",0,"Mixed / Unclassified"
"R_7w5PBFNlTafJGKZ","S1",0,"Mixed / Unclassified"
"R_7kGt6aa1vIfgGsA","S1",0,"Mixed / Unclassified"
"R_1FPeECeBYCUWFyh","S1",0,"Mixed / Unclassified"
"R_3q3fANLCOIKisbN","S1",25,"Government alien cover-up"
"R_6AQgu1Jip7Uqplh","S1",0,"Mixed / Unclassified"
"R_7SVMkZW9DeEKFup","S1",0,"Mixed / Unclassified"
"R_6arHTtEgEntZSAY","S1",13,"JFK Assassination Conspiracy"
"R_7pQlbzNIdnK82Qb","S1",21,"Deliberate COVID-19 Lab Release"
"R_6atO2cHx8Tsyo9f","S1",13,"JFK Assassination Conspiracy"
"R_3Vlnk56maH2ivPb","S1",13,"JFK Assassination Conspiracy"
"R_5zp7ChzKhNr38S9","S1",12,"Secret Elite World Control"
"R_7xOTbpftF2Z9j19","S1",13,"JFK Assassination Conspiracy"
"R_7oj4H6R1TAeRfyx","S1",7,"Trump as Russian Asset"
"R_7SpfGXfExyzHChl","S1",9,"Election fraud conspiracy beliefs"
"R_6QzfFiTLVX6NgDs","S1",0,"Mixed / Unclassified"
"R_5upQFOjYRx0oUyL","S1",3,"Moon Landing Hoax"
"R_6ILh8N9br0z4vUC","S1",13,"JFK Assassination Conspiracy"
"R_6jOgfLYsr0o3w7U","S1",13,"JFK Assassination Conspiracy"
"R_5eQYxUwNJKF9BM6","S1",0,"Mixed / Unclassified"
"R_6QxPkU4eCa1G71n","S1",13,"JFK Assassination Conspiracy"
"R_53LxblFsP9QgfRv","S1",0,"Mixed / Unclassified"
"R_3Phmh4WNnY410gl","S1",21,"Deliberate COVID-19 Lab Release"
"R_7OrEAAcerM55Emh","S1",0,"Mixed / Unclassified"
"R_1jMLTfHe21HxpCj","S1",18,"Hiding medical cures for profit"
"R_5dzjw5pDr5OsYFL","S1",13,"JFK Assassination Conspiracy"
"R_6A4a7rMeVswKIPT","S1",25,"Government alien cover-up"
"R_7fsYIVZFO6TZC0N","S1",0,"Mixed / Unclassified"
"R_1OPATNqYMYVt6UB","S1",0,"Mixed / Unclassified"
"R_1F5jMcsHWV9jety","S1",0,"Mixed / Unclassified"
"R_5fO9FIpkVXHIjel","S1",0,"Mixed / Unclassified"
"R_5xRSC8jdbHy7CVi","S1",0,"Mixed / Unclassified"
"R_3ghFudHQTK2bkZf","S1",0,"Mixed / Unclassified"
"R_3wxs1RCaTsrrugx","S1",0,"Mixed / Unclassified"
"R_5ldWlGTirRvqKDD","S1",0,"Mixed / Unclassified"
"R_3omWsG46OKPdgCi","S1",18,"Hiding medical cures for profit"
"R_6s7CV1sgAjfLsgF","S1",16,"9/11 Inside Job Conspiracy"
"R_7JR9Ew2h6UeXdAy","S1",9,"Election fraud conspiracy beliefs"
"R_5nSWV1klpTHu3ri","S1",13,"JFK Assassination Conspiracy"
"R_7p8NJSohI1AECgK","S1",9,"Election fraud conspiracy beliefs"
"R_7tmVKHvTExNNTtQ","S1",13,"JFK Assassination Conspiracy"
"R_7DnMSXYi52Pkhsf","S1",13,"JFK Assassination Conspiracy"
"R_6X0TBwudJOF2pJD","S1",24,"Area 51 Alien Cover-up"
"R_3KrLhXeuTwTHRkD","S1",12,"Secret Elite World Control"
"R_6i8eQQCtG0jeiHv","S1",26,"Existence of Alien Life"
"R_6hL3V42wQP9ZQDO","S1",0,"Mixed / Unclassified"
"R_1VkZgDwhJ170T6q","S1",0,"Mixed / Unclassified"
"R_587JkUEmrZaysed","S1",21,"Deliberate COVID-19 Lab Release"
"R_7UhNIrgUHpZRn5T","S1",13,"JFK Assassination Conspiracy"
"R_3dArkk8rahUX1kJ","S1",0,"Mixed / Unclassified"
"R_5us8Scvo4lZxTzj","S1",16,"9/11 Inside Job Conspiracy"
"R_16hZB9Qy2Pkvcvu","S1",13,"JFK Assassination Conspiracy"
"R_1HitDmTnANjxs2T","S1",0,"Mixed / Unclassified"
"R_3Af3lKlfOFA85vr","S1",25,"Government alien cover-up"
"R_5cSb8r54H2m9g77","S1",0,"Mixed / Unclassified"
"R_3mgyl2jxA4da62A","S1",24,"Area 51 Alien Cover-up"
"R_73gd6Zgs5So5989","S1",26,"Existence of Alien Life"
"R_7Yapv8rwpyuRfFf","S1",16,"9/11 Inside Job Conspiracy"
"R_7e3q1XSU57Hiq3h","S1",25,"Government alien cover-up"
"R_51M1rnIQ9yDf63a","S1",0,"Mixed / Unclassified"
"R_3UfTU8HGm0KeSIx","S1",21,"Deliberate COVID-19 Lab Release"
"R_3xu803SycZbVnNf","S1",0,"Mixed / Unclassified"
"R_7opCd13LsnFWWE6","S1",0,"Mixed / Unclassified"
"R_6ygCyT3L23YKjGF","S1",0,"Mixed / Unclassified"
"R_3kFWuPxD27CrptC","S1",0,"Mixed / Unclassified"
"R_3q80feT7aRfvOcv","S1",9,"Election fraud conspiracy beliefs"
"R_7tKyvl4tJ4wb51v","S1",0,"Mixed / Unclassified"
"R_7fDMjNvPlATkA81","S1",0,"Mixed / Unclassified"
"R_6My5tqrWasS7yKW","S1",24,"Area 51 Alien Cover-up"
"R_1KrRtAfA7tXkFLa","S1",13,"JFK Assassination Conspiracy"
"R_51Zs1b8fD9WsHVT","S1",0,"Mixed / Unclassified"
"R_6PZDc4CJu5AwVph","S1",13,"JFK Assassination Conspiracy"
"R_796NDOTJ0RFL5bL","S1",0,"Mixed / Unclassified"
"R_6JY2uoagGk52K6e","S1",3,"Moon Landing Hoax"
"R_1otXbo0ntn2EXmL","S1",21,"Deliberate COVID-19 Lab Release"
"R_6TIuy0ehG1GyqMp","S1",21,"Deliberate COVID-19 Lab Release"
"R_1X7pFqa8lOYV2UQ","S1",24,"Area 51 Alien Cover-up"
"R_7q8xegfHVomk98n","S1",0,"Mixed / Unclassified"
"R_6vfplYrN6TBj2vL","S1",13,"JFK Assassination Conspiracy"
"R_5SHPKWrLvjjVfIA","S1",24,"Area 51 Alien Cover-up"
"R_5qDDcscpOFENLYQ","S1",9,"Election fraud conspiracy beliefs"
"R_767yFDkvSgx92QF","S1",0,"Mixed / Unclassified"
"R_3gCnGUAnLSqpMHW","S1",0,"Mixed / Unclassified"
"R_1FP6MHLk9gjYEWB","S1",0,"Mixed / Unclassified"
"R_3zGQD9p6zW2NTGM","S1",13,"JFK Assassination Conspiracy"
"R_1mlNxhteMjLst8b","S1",0,"Mixed / Unclassified"
"R_5xWVaEZLtp1ax4p","S1",0,"Mixed / Unclassified"
"R_6KO3rFkur0tIVAx","S1",9,"Election fraud conspiracy beliefs"
"R_6o7Lm19NyIZFZk0","S1",0,"Mixed / Unclassified"
"R_6Qo6Pnqpx7S6tSA","S1",13,"JFK Assassination Conspiracy"
"R_5paT4QZZikv2LL4","S1",0,"Mixed / Unclassified"
"R_5TnLcNKSVcB09yy","S1",24,"Area 51 Alien Cover-up"
"R_1WYVO4h673xYyty","S1",21,"Deliberate COVID-19 Lab Release"
"R_6WMS1eDTKMR33Yh","S1",0,"Mixed / Unclassified"
"R_5n2VX9WDcsUcOfp","S1",21,"Deliberate COVID-19 Lab Release"
"R_3QLfxruTjEcNoUP","S1",26,"Existence of Alien Life"
"R_5CeSQA4bpPz0upG","S1",21,"Deliberate COVID-19 Lab Release"
"R_5xnZVoo5kN5FeRr","S1",13,"JFK Assassination Conspiracy"
"R_52IJw64mP3jzBSM","S1",0,"Mixed / Unclassified"
"R_3pYl5yqBbVuEjqp","S1",0,"Mixed / Unclassified"
"R_7TueJiEk5vJr2oo","S1",18,"Hiding medical cures for profit"
"R_11sM8toIp1bpCne","S1",0,"Mixed / Unclassified"
"R_7mO5njqKuByu1RA","S1",16,"9/11 Inside Job Conspiracy"
"R_5WSBNWvGghUu9ce","S1",13,"JFK Assassination Conspiracy"
"R_5fHwJL5oUPg2tTj","S1",0,"Mixed / Unclassified"
"R_6TzSK8gKZprY0As","S1",0,"Mixed / Unclassified"
"R_7nbuAsb3dCUMEc9","S1",24,"Area 51 Alien Cover-up"
"R_7c0J0e1Ro9XXy3n","S1",21,"Deliberate COVID-19 Lab Release"
"R_3i2I8koYdWm5awo","S1",0,"Mixed / Unclassified"
"R_5z39RvrPTQ3IjrH","S1",0,"Mixed / Unclassified"
"R_5D76gwIgVCXwfok","S1",25,"Government alien cover-up"
"R_5Vvqp3DRJJ5WYx3","S1",14,"Celebrity death and replacement conspiracies"
"R_6r3pudvJS7IsC7n","S1",21,"Deliberate COVID-19 Lab Release"
"R_6DIOL1chjb3jHSB","S2",24,"Area 51 Alien Cover-up"
"R_38NauaAKBYFOUpP","S2",25,"Government alien cover-up"
"R_1WVvvc6m7wRFCb8","S2",21,"Deliberate COVID-19 Lab Release"
"R_7LCHiEXUfoShjlx","S2",0,"Mixed / Unclassified"
"R_3oo24toNV3JuZKl","S2",13,"JFK Assassination Conspiracy"
"R_1IszGlEoXLcyTYe","S2",0,"Mixed / Unclassified"
"R_6QhqqJHFNrQ0wCZ","S2",3,"Moon Landing Hoax"
"R_3nSrUnXsKh4HEmN","S2",12,"Secret Elite World Control"
"R_1TjDam67JtnWVsB","S2",0,"Mixed / Unclassified"
"R_3SRwTK6SYfKLhjH","S2",0,"Mixed / Unclassified"
"R_14AxivjT64ZIvzb","S2",0,"Mixed / Unclassified"
"R_139byb6WtzUpQgl","S2",3,"Moon Landing Hoax"
"R_63kYGfCPzfS8Om3","S2",0,"Mixed / Unclassified"
"R_3QJM0bsw5Rw5CHR","S2",0,"Mixed / Unclassified"
"R_3qfgRrZkyFClLcc","S2",12,"Secret Elite World Control"
"R_7CPqUzmMX4DkqEk","S2",21,"Deliberate COVID-19 Lab Release"
"R_5tlMv0B8c6CJiBr","S2",12,"Secret Elite World Control"
"R_5dgX7siBX8FzvaV","S2",0,"Mixed / Unclassified"
"R_77qgi216YPqDDV3","S2",0,"Mixed / Unclassified"
"R_6JK2VFCWobzVgwa","S2",0,"Mixed / Unclassified"
"R_79Yzjid2vfgfdwR","S2",3,"Moon Landing Hoax"
"R_5lv3tYXREa7ZfXv","S2",0,"Mixed / Unclassified"
"R_3EAcK0G3AIXdzwA","S2",18,"Hiding medical cures for profit"
"R_7oY48SqmxqUBnMZ","S2",12,"Secret Elite World Control"
"R_6r67C6elYGoAtGR","S2",13,"JFK Assassination Conspiracy"
"R_7Gva9uLbeoFuPcZ","S2",0,"Mixed / Unclassified"
"R_1atyeDLcA3FRHkv","S2",0,"Mixed / Unclassified"
"R_7g5EMYtIdlJJpQn","S2",21,"Deliberate COVID-19 Lab Release"
"R_6HnPMBMahHrw1fu","S2",21,"Deliberate COVID-19 Lab Release"
"R_3KO0x9vLLB6XsVH","S2",16,"9/11 Inside Job Conspiracy"
"R_1cezxWzmLMiMUyl","S2",12,"Secret Elite World Control"
"R_5CwmlpVnQK15xMl","S2",13,"JFK Assassination Conspiracy"
"R_6pVlImfaE0jNGs3","S2",0,"Mixed / Unclassified"
"R_3bIQNVJ723wTF8l","S2",16,"9/11 Inside Job Conspiracy"
"R_3CP3RXf73QfDfGq","S2",0,"Mixed / Unclassified"
"R_6lz4QVAEWnJS4l3","S2",0,"Mixed / Unclassified"
"R_3w6R6A86emhZS2o","S2",19,"Chemtrail Conspiracy Beliefs"
"R_1e2L5IcZRqFeuwh","S2",0,"Mixed / Unclassified"
"R_7pPsP5OhWvslJNv","S2",0,"Mixed / Unclassified"
"R_5kHdyy9mdPHyTST","S2",0,"Mixed / Unclassified"
"R_1NUqYVVmQ9vvdeL","S2",16,"9/11 Inside Job Conspiracy"
"R_3ITbCHPk7oLAdcs","S2",21,"Deliberate COVID-19 Lab Release"
"R_3xSWdKnxwDvE94B","S2",0,"Mixed / Unclassified"
"R_3iQN9zJbSYUcwwh","S2",3,"Moon Landing Hoax"
"R_7zZM87vEIgyBXI5","S2",0,"Mixed / Unclassified"
"R_6qs4ztii9Xq4a4h","S2",0,"Mixed / Unclassified"
"R_3DOdYMiVwSEycyj","S2",0,"Mixed / Unclassified"
"R_1zBY0BhxjCqnaTV","S2",21,"Deliberate COVID-19 Lab Release"
"R_12as0QHBvkk3Yqf","S2",0,"Mixed / Unclassified"
"R_52bafQxuQhQWWP4","S2",0,"Mixed / Unclassified"
"R_7FHywrZ9gz1RFL3","S2",0,"Mixed / Unclassified"
"R_5cTlA1SPrxcXcVJ","S2",0,"Mixed / Unclassified"
"R_73UEFiSALQzD6CH","S2",0,"Mixed / Unclassified"
"R_3sHl0dJfrbksB7b","S2",16,"9/11 Inside Job Conspiracy"
"R_3C854vzL23vDrdN","S2",0,"Mixed / Unclassified"
"R_1qQztimIPgIC20C","S2",21,"Deliberate COVID-19 Lab Release"
"R_7hZo6JDMSxZhmGo","S2",3,"Moon Landing Hoax"
"R_6FyW6VLI4zPoVTe","S2",0,"Mixed / Unclassified"
"R_7VBKOxfuUEv6MWr","S2",19,"Chemtrail Conspiracy Beliefs"
"R_1dh8N1EpPkeV1h8","S2",13,"JFK Assassination Conspiracy"
"R_7lzFuAJ0fpo3l6h","S2",13,"JFK Assassination Conspiracy"
"R_3m4CevmQddNjgKP","S2",0,"Mixed / Unclassified"
"R_7TWOqGIGZTFleNP","S2",0,"Mixed / Unclassified"
"R_7MzJZp2FYROTKi9","S2",18,"Hiding medical cures for profit"
"R_7bPv84FxfGrpUIx","S2",13,"JFK Assassination Conspiracy"
"R_5CPMYA9CRsDRUUi","S2",11,"Jeffrey Epstein Death Conspiracies"
"R_5OTluHMmsHy72r1","S2",8,"Existence of Bigfoot"
"R_3nc1QGHiX465LmD","S2",0,"Mixed / Unclassified"
"R_5lWV9yNLCHV8qKi","S2",0,"Mixed / Unclassified"
"R_77KdymG6Y5bLvep","S2",0,"Mixed / Unclassified"
"R_3HoZur0rVRJMCqp","S2",21,"Deliberate COVID-19 Lab Release"
"R_7780JhYclHbvdn7","S2",21,"Deliberate COVID-19 Lab Release"
"R_3AkXwExqxpkIMQV","S2",21,"Deliberate COVID-19 Lab Release"
"R_3aDTfdsaOIII4Sd","S2",0,"Mixed / Unclassified"
"R_5qfOGQB901524nY","S2",0,"Mixed / Unclassified"
"R_6HYMlBn8unQlJf3","S2",25,"Government alien cover-up"
"R_5DT2RF3pijNu3YZ","S2",0,"Mixed / Unclassified"
"R_74w3vdpWnNYRXJK","S2",16,"9/11 Inside Job Conspiracy"
"R_6DtP2Ptfwvs6xqz","S2",13,"JFK Assassination Conspiracy"
"R_3DtzBqctVE6AXrr","S2",0,"Mixed / Unclassified"
"R_6l55IPpEvJftm0h","S2",16,"9/11 Inside Job Conspiracy"
"R_7waWHMlqmt7BR9y","S2",0,"Mixed / Unclassified"
"R_1FHOExXpAq4lDgZ","S2",21,"Deliberate COVID-19 Lab Release"
"R_1EtZFIxVMtsn6KV","S2",13,"JFK Assassination Conspiracy"
"R_3BqFr4O6LrfNl86","S2",13,"JFK Assassination Conspiracy"
"R_3Y2rQXExuiB2pxL","S2",0,"Mixed / Unclassified"
"R_3IY8DmsjYUBxsP4","S2",0,"Mixed / Unclassified"
"R_5UcU0rGuY1isfC1","S2",0,"Mixed / Unclassified"
"R_3iQEhIO1peu9FRx","S2",0,"Mixed / Unclassified"
"R_7lRiIAjOTzCQGIm","S2",3,"Moon Landing Hoax"
"R_6sZKsxHU7uYcLRN","S2",0,"Mixed / Unclassified"
"R_5BhyBt7fQmrcU21","S2",0,"Mixed / Unclassified"
"R_5CJUN5Sbhzp8Vx4","S2",3,"Moon Landing Hoax"
"R_3wu8y0pFVszBOwW","S2",3,"Moon Landing Hoax"
"R_7SphjCbEycvehUZ","S2",0,"Mixed / Unclassified"
"R_18YYqkJg8XQVifF","S2",3,"Moon Landing Hoax"
"R_5oFO2Rt9DJDlpIP","S2",0,"Mixed / Unclassified"
"R_7EFN4Qrr4mlRpq3","S2",16,"9/11 Inside Job Conspiracy"
"R_6PTYxZLhCEsse96","S2",0,"Mixed / Unclassified"
"R_3qCAYakOe9rUyiF","S2",0,"Mixed / Unclassified"
"R_3giMC0kXsbL6sub","S2",0,"Mixed / Unclassified"
"R_3fDHRkVn6RcSS6c","S2",0,"Mixed / Unclassified"
"R_3CEH2dPYexkTNoz","S2",16,"9/11 Inside Job Conspiracy"
"R_30qaggQid7kqKJo","S2",8,"Existence of Bigfoot"
"R_7scCBRhONSGgRBA","S2",3,"Moon Landing Hoax"
"R_5a55aauyQPSbQFH","S2",7,"Trump as Russian Asset"
"R_6fg6SvH1d3pz4xZ","S2",12,"Secret Elite World Control"
"R_1ffrar5sCKNCujD","S2",3,"Moon Landing Hoax"
"R_7XUnwG2NAyxFo0F","S2",9,"Election fraud conspiracy beliefs"
"R_7rO7evKQbzwTtPg","S2",13,"JFK Assassination Conspiracy"
"R_3P5na80wOwe3nEO","S2",13,"JFK Assassination Conspiracy"
"R_52Vhpd4g5I3rbQu","S2",12,"Secret Elite World Control"
"R_6xDXNCyP5zEj0A2","S2",13,"JFK Assassination Conspiracy"
"R_7gTJzBbyRh0NrYj","S2",13,"JFK Assassination Conspiracy"
"R_1zUwLzVR0ZtQnZi","S2",0,"Mixed / Unclassified"
"R_77Wgk9qSgOfynFg","S2",21,"Deliberate COVID-19 Lab Release"
"R_3g7AV2uKnqJ6zPl","S2",0,"Mixed / Unclassified"
"R_1jKiyJqt0Yxkmwv","S2",13,"JFK Assassination Conspiracy"
"R_7qU5SDOGqV9fK23","S2",18,"Hiding medical cures for profit"
"R_9mlOVBfLxHRUCDg","S2",3,"Moon Landing Hoax"
"R_3uORlxHgk2l7XrM","S2",0,"Mixed / Unclassified"
"R_7Qzk0CsaFPz1myj","S2",0,"Mixed / Unclassified"
"R_3aK4EkB46zj1Xta","S2",12,"Secret Elite World Control"
"R_5imwHJqRxRWqBXr","S2",0,"Mixed / Unclassified"
"R_3HB9YFA4t04IK77","S2",13,"JFK Assassination Conspiracy"
"R_51ufonGrDCBhKXr","S2",21,"Deliberate COVID-19 Lab Release"
"R_55AsLYEPsCCr43G","S2",25,"Government alien cover-up"
"R_5UCOGZjdGuIQrIt","S2",16,"9/11 Inside Job Conspiracy"
"R_7kSmxT6lKCCAe2F","S2",0,"Mixed / Unclassified"
"R_3G8xUrUKOHAreMN","S2",21,"Deliberate COVID-19 Lab Release"
"R_1l62k2xm4mpsVEd","S2",0,"Mixed / Unclassified"
"R_3Ex9BwbTUr9Rnln","S2",24,"Area 51 Alien Cover-up"
"R_65ZOvihHgF2kdeD","S2",21,"Deliberate COVID-19 Lab Release"
"R_7qen3CoILZ0bWP0","S2",21,"Deliberate COVID-19 Lab Release"
"R_3a8LHPDvYkcRjBT","S2",21,"Deliberate COVID-19 Lab Release"
"R_3UluZeM5L5LqYk9","S2",25,"Government alien cover-up"
"R_5s1DXHkUGC3XH2B","S2",0,"Mixed / Unclassified"
"R_7G0rJLNf94Hn1X0","S2",0,"Mixed / Unclassified"
"R_7j8w4iOsIxWAfu9","S2",13,"JFK Assassination Conspiracy"
"R_6YY3ofjNn4umHzt","S2",3,"Moon Landing Hoax"
"R_3bOUdhPqXoFXbxd","S2",0,"Mixed / Unclassified"
"R_5rPms8tpx2O1i6W","S2",3,"Moon Landing Hoax"
"R_74a6aL7aQe2cXUl","S2",0,"Mixed / Unclassified"
"R_1UYrOZfQMmQ0PCh","S2",0,"Mixed / Unclassified"
"R_5erBcuJXRFF0Tam","S2",0,"Mixed / Unclassified"
"R_7WUcblJ1jRiVHmi","S2",19,"Chemtrail Conspiracy Beliefs"
"R_3xGnK3oYSsxbm3M","S2",13,"JFK Assassination Conspiracy"
"R_6D5XhvzOhYWJ0s0","S2",3,"Moon Landing Hoax"
"R_3JtiD3awfu3H1vP","S2",25,"Government alien cover-up"
"R_1g78JnaqVuN4bNc","S2",0,"Mixed / Unclassified"
"R_3Qu7w1y9ApCwCu3","S2",13,"JFK Assassination Conspiracy"
"R_3UQPD0lSAukivcZ","S2",0,"Mixed / Unclassified"
"R_37VxDNyyRSENyQ7","S2",18,"Hiding medical cures for profit"
"R_5Cqjt0sTbadWmT5","S2",0,"Mixed / Unclassified"
"R_6G9CAUlfcNV15Yd","S2",13,"JFK Assassination Conspiracy"
"R_1CAW3oRd2InjzEY","S2",21,"Deliberate COVID-19 Lab Release"
"R_5BeosuoXqg9LC8o","S2",0,"Mixed / Unclassified"
"R_3l1HaOmlgJkHPVL","S2",0,"Mixed / Unclassified"
"R_3EsF6xiSViMNgin","S2",0,"Mixed / Unclassified"
"R_7EYnorHAg4WCgg2","S2",21,"Deliberate COVID-19 Lab Release"
"R_772KjSzVLOsQwy5","S2",9,"Election fraud conspiracy beliefs"
"R_5CIALqtAP6M3zYm","S2",0,"Mixed / Unclassified"
"R_762OR1K65OYzmHR","S2",13,"JFK Assassination Conspiracy"
"R_7FexCMKJja65c0F","S2",0,"Mixed / Unclassified"
"R_3qKdP17N7uXRdMO","S2",0,"Mixed / Unclassified"
"R_5oMw38wpk4p9fV2","S2",18,"Hiding medical cures for profit"
"R_5zdSV5kei0peZ8Y","S2",7,"Trump as Russian Asset"
"R_3EXR9Mk729rrXA1","S2",6,"AI Takeover and Dead Internet"
"R_32gYuPlDRgH6uAx","S2",3,"Moon Landing Hoax"
"R_5q9EGIHe6uwdOKW","S2",21,"Deliberate COVID-19 Lab Release"
"R_5PdcE21t66Tjr0r","S2",0,"Mixed / Unclassified"
"R_6FUv5DUDFfQNGsr","S2",0,"Mixed / Unclassified"
"R_7IiNDTfj1KU6HU5","S2",24,"Area 51 Alien Cover-up"
"R_7RaIFrVG7AClmDU","S2",21,"Deliberate COVID-19 Lab Release"
"R_5ik8iITKDGd9AFb","S2",21,"Deliberate COVID-19 Lab Release"
"R_6q7TPukbJWAiLHX","S2",13,"JFK Assassination Conspiracy"
"R_1XdDNGqU4P9VSAP","S2",16,"9/11 Inside Job Conspiracy"
"R_1q8kwJf37Lb7J42","S2",0,"Mixed / Unclassified"
"R_7u0Tmvl3UTPhuV3","S2",19,"Chemtrail Conspiracy Beliefs"
"R_7SXEHus0MdeA6qd","S2",0,"Mixed / Unclassified"
"R_3Fz7IApQ6ZZXGu4","S2",18,"Hiding medical cures for profit"
"R_1OFnmg8V9vyPIad","S2",25,"Government alien cover-up"
"R_52V9JQ7WjYI6aWU","S2",14,"Celebrity death and replacement conspiracies"
"R_7rJQ1Ug9VcosnHq","S2",25,"Government alien cover-up"
"R_5qmbH5Jm8OAu3mm","S2",0,"Mixed / Unclassified"
"R_32RqRh1unrPSa56","S2",7,"Trump as Russian Asset"
"R_3GHq5a9z2VrcmdH","S2",0,"Mixed / Unclassified"
"R_3s6QOWrXT5kUEfL","S2",12,"Secret Elite World Control"
"R_3fLorKZf5z5yGhH","S2",0,"Mixed / Unclassified"
"R_5OGUnCHu2VFc0ZX","S2",0,"Mixed / Unclassified"
"R_5PuNBdFWb1Gp6Jr","S2",7,"Trump as Russian Asset"
"R_53DS0GBNBt9FY0d","S2",9,"Election fraud conspiracy beliefs"
"R_3kF6DzwLJABagBr","S2",0,"Mixed / Unclassified"
"R_7h4w34BVq8ZEOMq","S2",0,"Mixed / Unclassified"
"R_50jwWS6VXUaKf77","S2",0,"Mixed / Unclassified"
"R_7DA5sre4f87tplU","S2",0,"Mixed / Unclassified"
"R_32y5fbgDxoKIn6b","S2",0,"Mixed / Unclassified"
"R_73rSDf4rFTbvOTe","S2",12,"Secret Elite World Control"
"R_5PoZwiWBcbAuEDf","S2",0,"Mixed / Unclassified"
"R_7ivPDKLJzp1jpql","S2",26,"Existence of Alien Life"
"R_3ooRnrdHuXJsnl8","S2",21,"Deliberate COVID-19 Lab Release"
"R_55NET0QObRJTOsF","S2",0,"Mixed / Unclassified"
"R_5T1L5nnwYDEEkoh","S2",0,"Mixed / Unclassified"
"R_5mfBYCExslj77eV","S2",9,"Election fraud conspiracy beliefs"
"R_5reIilskJjK1zjA","S2",0,"Mixed / Unclassified"
"R_5p2LL7z6frZRm2R","S2",7,"Trump as Russian Asset"
"R_7gRYG6ifWAYKiLn","S2",3,"Moon Landing Hoax"
"R_7L4UGL4K0zTauOZ","S2",0,"Mixed / Unclassified"
"R_6QDYxiBSlm8wszV","S2",0,"Mixed / Unclassified"
"R_1WCkdoABgmxelkz","S2",19,"Chemtrail Conspiracy Beliefs"
"R_3ikgeKu5oVDw2jv","S2",0,"Mixed / Unclassified"
"R_6j9XNaMiE1QJTN3","S2",3,"Moon Landing Hoax"
"R_7iHUH7OpiGQUNuJ","S2",26,"Existence of Alien Life"
"R_6r1fhccjBuZMEp4","S2",0,"Mixed / Unclassified"
"R_6VCOGny8q8Uorej","S2",25,"Government alien cover-up"
"R_1mn7kXqXblEiebA","S2",0,"Mixed / Unclassified"
"R_7lhHzYH5yoC7Z61","S2",0,"Mixed / Unclassified"
"R_3fxEL7CG3FmL5S8","S2",16,"9/11 Inside Job Conspiracy"
"R_18Tfif0wp4eQw9q","S2",0,"Mixed / Unclassified"
"R_7l9yFSVekSIVSzc","S2",13,"JFK Assassination Conspiracy"
"R_3mmIHC5l7frkdvC","S2",9,"Election fraud conspiracy beliefs"
"R_7uqa8Z1bOUsIqMu","S2",0,"Mixed / Unclassified"
"R_3rGLzujpar6EFcF","S2",25,"Government alien cover-up"
"R_1oFK4b4wPahzqEv","S2",0,"Mixed / Unclassified"
"R_32UksKLjnU17065","S2",0,"Mixed / Unclassified"
"R_5AtGUt9vogQKq3v","S2",12,"Secret Elite World Control"
"R_7drZYBbYZEH9vkD","S2",0,"Mixed / Unclassified"
"R_30PBHNgmDxhEoUN","S2",21,"Deliberate COVID-19 Lab Release"
"R_7sKp2tkA0JIWJTX","S2",0,"Mixed / Unclassified"
"R_5UauIVwTlZg5D1U","S2",0,"Mixed / Unclassified"
"R_58MIFS5jx3QvLWx","S2",0,"Mixed / Unclassified"
"R_7gZtFnDyZ1UGMXT","S2",0,"Mixed / Unclassified"
"R_3FnRwbWcMtpF51F","S2",25,"Government alien cover-up"
"R_7vY3OjjX9S60XH2","S2",21,"Deliberate COVID-19 Lab Release"
"R_7abtbmQDCgY74bi","S2",0,"Mixed / Unclassified"
"R_3NDjjxo7a6dd4IN","S2",0,"Mixed / Unclassified"
"R_5bTFKoKnZwq0r7j","S2",13,"JFK Assassination Conspiracy"
"R_6USeMHDsCPOJ3YB","S2",21,"Deliberate COVID-19 Lab Release"
"R_5eCu46aM6Tu4Z5c","S2",16,"9/11 Inside Job Conspiracy"
"R_57PnR8tkG1H9imJ","S2",0,"Mixed / Unclassified"
"R_7PXx2NUjNOUJe37","S2",3,"Moon Landing Hoax"
"R_6KuMHTXNFZCeHLu","S2",0,"Mixed / Unclassified"
"R_1dQR8F93zNgJ1bo","S2",3,"Moon Landing Hoax"
"R_7m8y5YNaOXn8S5P","S2",7,"Trump as Russian Asset"
"R_5MSfJ97xSeiMNAy","S2",9,"Election fraud conspiracy beliefs"
"R_1m7DCei0ThFO6BH","S2",0,"Mixed / Unclassified"
"R_15EJLKGam7jACQ1","S2",25,"Government alien cover-up"
"R_7O8oe6V2EwjbuCi","S2",25,"Government alien cover-up"
"R_7HOG1O4Gg5V1fWc","S2",0,"Mixed / Unclassified"
"R_5PCGgqW4iaj21BT","S2",0,"Mixed / Unclassified"
"R_1KoPOKSpTOhIyb7","S2",0,"Mixed / Unclassified"
"R_5hAo3fcwJbdKfuF","S2",24,"Area 51 Alien Cover-up"
"R_7CkXFbYOtIzg46T","S2",0,"Mixed / Unclassified"
"R_1ydOnGeXrKSjLrW","S2",13,"JFK Assassination Conspiracy"
"R_1CNJFoR3wCfPi6t","S2",12,"Secret Elite World Control"
"R_6ErJ1qdDhy2tMF7","S2",0,"Mixed / Unclassified"
"R_3GP8DQ7jVe5X4zF","S2",18,"Hiding medical cures for profit"
"R_7PrJC18wofcAK8F","S2",0,"Mixed / Unclassified"
"R_12i8uTcvik0jjyx","S2",0,"Mixed / Unclassified"
"R_188FPxacENZkJUZ","S2",0,"Mixed / Unclassified"
"R_3avdISwAf3Git6V","S2",3,"Moon Landing Hoax"
"R_3waFpwACcFSMvGm","S2",0,"Mixed / Unclassified"
"R_1n8bbimylGgOfpL","S2",12,"Secret Elite World Control"
"R_3Ecn2HWDRQv4IxH","S2",0,"Mixed / Unclassified"
"R_542hJa1apaIclRc","S2",0,"Mixed / Unclassified"
"R_7z4OAOYxKZxpu1P","S2",21,"Deliberate COVID-19 Lab Release"
"R_3eCOmXKvhGQxBNi","S2",0,"Mixed / Unclassified"
"R_3rH64INc0lFLvHP","S2",13,"JFK Assassination Conspiracy"
"R_74Bo4kllpMguBVq","S2",16,"9/11 Inside Job Conspiracy"
"R_5jdhIRgldpbTxs5","S2",16,"9/11 Inside Job Conspiracy"
"R_7aQkiPUU0figP05","S2",7,"Trump as Russian Asset"
"R_1AOPYRy33oUe30R","S2",0,"Mixed / Unclassified"
"R_6EZuhpGwrUZ1uw0","S2",16,"9/11 Inside Job Conspiracy"
"R_5MttEU9sHZQGTaV","S2",0,"Mixed / Unclassified"
"R_5eKItU7vaoi3rtJ","S2",0,"Mixed / Unclassified"
"R_7X7D61WL26MS6nX","S2",0,"Mixed / Unclassified"
"R_6IpgHFacxCRU7Rx","S2",7,"Trump as Russian Asset"
"R_65Wl8RtvIDECwSa","S2",13,"JFK Assassination Conspiracy"
"R_6wNTIejAe7W5RQd","S2",25,"Government alien cover-up"
"R_7QLNbGO8mj1mefA","S2",0,"Mixed / Unclassified"
"R_1lYPhk4cvct6rJa","S2",21,"Deliberate COVID-19 Lab Release"
"R_5ql06sx28Phi0hL","S2",0,"Mixed / Unclassified"
"R_7MKEq8Ot2j3wEZ6","S2",25,"Government alien cover-up"
"R_52clPUO7l6qqJ4P","S2",21,"Deliberate COVID-19 Lab Release"
"R_7Y4K6u7eAReKljY","S2",0,"Mixed / Unclassified"
"R_7RaHpueX4NuQy7w","S2",21,"Deliberate COVID-19 Lab Release"
"R_6MRSrku4hZevjsb","S2",16,"9/11 Inside Job Conspiracy"
"R_7pXxmkdXgE8NwGf","S2",0,"Mixed / Unclassified"
"R_1wiv5aZ6YVaClWN","S2",21,"Deliberate COVID-19 Lab Release"
"R_6q4cxKty135YFDf","S2",0,"Mixed / Unclassified"
"R_5PRY9zYvX5U68zB","S2",0,"Mixed / Unclassified"
"R_5qgnolKFRKH0lMZ","S2",12,"Secret Elite World Control"
"R_1MEetXSBk14oqRC","S2",0,"Mixed / Unclassified"
"R_3LAHVtnWITFhQmF","S2",21,"Deliberate COVID-19 Lab Release"
"R_7n7dgsV1NkSZWAl","S2",0,"Mixed / Unclassified"
"R_5rYKTNTzI5KEWCZ","S2",13,"JFK Assassination Conspiracy"
"R_12V1k6Wt6sLlqnL","S2",9,"Election fraud conspiracy beliefs"
"R_120fDBQJRWYDLBv","S2",0,"Mixed / Unclassified"
"R_7nPGfvPpQLpZD31","S2",13,"JFK Assassination Conspiracy"
"R_32y6KwWvYUeKET7","S2",0,"Mixed / Unclassified"
"R_1h0wABDAG06AA0S","S2",0,"Mixed / Unclassified"
"R_1RXutCkaJznQXTR","S2",13,"JFK Assassination Conspiracy"
"R_14OFMASpu2OV8FK","S2",0,"Mixed / Unclassified"
"R_5SucSsBoszxoOdj","S2",0,"Mixed / Unclassified"
"R_1oR8VicFkNyHBq2","S2",0,"Mixed / Unclassified"
"R_5wnrm1ERtURDtDr","S2",21,"Deliberate COVID-19 Lab Release"
"R_7kByxRdokBzO1tO","S2",19,"Chemtrail Conspiracy Beliefs"
"R_5dKUwTLg1uX48BC","S2",0,"Mixed / Unclassified"
"R_5YOFLticsqqZFqF","S2",0,"Mixed / Unclassified"
"R_1f3kjzJYuv3QcJ6","S2",0,"Mixed / Unclassified"
"R_60o2C6Br4edUhqS","S2",0,"Mixed / Unclassified"
"R_6p6lKb9TAx0UPK6","S2",0,"Mixed / Unclassified"
"R_78JWpgjthxgUIVP","S2",13,"JFK Assassination Conspiracy"
"R_3kHzWGSzSk5LgIJ","S2",13,"JFK Assassination Conspiracy"
"R_1jk2xqMv0BSGS0F","S2",0,"Mixed / Unclassified"
"R_6nVq2EvV85Y3P4F","S2",13,"JFK Assassination Conspiracy"
"R_7HsX9bzrkXOZ0C5","S2",0,"Mixed / Unclassified"
"R_7Kj6f1qIb1BXPd8","S2",21,"Deliberate COVID-19 Lab Release"
"R_3L11wnifldtt5sC","S2",0,"Mixed / Unclassified"
"R_3wECAERQ3Clj2wh","S2",0,"Mixed / Unclassified"
"R_6EilEe8P6BTOFkt","S2",13,"JFK Assassination Conspiracy"
"R_6QdLmXuncXlWoiR","S2",0,"Mixed / Unclassified"
"R_7SoxHrFcyscTQEn","S2",0,"Mixed / Unclassified"
"R_50jv5Q0DPdvJzEJ","S2",16,"9/11 Inside Job Conspiracy"
"R_3cXMHU8pLZuo2L1","S2",13,"JFK Assassination Conspiracy"
"R_7oEKvObhO0KjEtZ","S2",19,"Chemtrail Conspiracy Beliefs"
"R_5Q3lK4uakvwdRup","S2",0,"Mixed / Unclassified"
"R_5jLar8vqCVbmQKZ","S2",3,"Moon Landing Hoax"
"R_3j8bFaJNYU4ARN2","S2",0,"Mixed / Unclassified"
"R_5qflvQUbscVlXSX","S2",0,"Mixed / Unclassified"
"R_7f9E4Wso8de078O","S2",0,"Mixed / Unclassified"
"R_3of5W7OIsiSoVCp","S2",12,"Secret Elite World Control"
"R_7WAy37YDiQhCZFY","S2",25,"Government alien cover-up"
"R_5QJrvBxRbKgTPLZ","S2",0,"Mixed / Unclassified"
"R_33X10B65k0tNUDy","S2",19,"Chemtrail Conspiracy Beliefs"
"R_7huRC1Ig1wuuTsl","S2",26,"Existence of Alien Life"
"R_3LZpexcO7YpQLwR","S2",13,"JFK Assassination Conspiracy"
"R_137CMbwsgnNSKq2","S2",13,"JFK Assassination Conspiracy"
"R_6SAEW8x4KFg0APH","S2",0,"Mixed / Unclassified"
"R_6e3RxNHL23dNIM4","S2",21,"Deliberate COVID-19 Lab Release"
"R_3gqJn2gXtz4nrYd","S2",13,"JFK Assassination Conspiracy"
"R_6phUSVrW8boqpwq","S2",18,"Hiding medical cures for profit"
"R_3kjlM177QGiClUE","S2",0,"Mixed / Unclassified"
"R_6HufMr9jMZSsKs9","S2",0,"Mixed / Unclassified"
"R_6yqQmXpWFl0cTLN","S2",21,"Deliberate COVID-19 Lab Release"
"R_6wt271Q0MQcABMZ","S2",13,"JFK Assassination Conspiracy"
"R_3EzmOkoVJWtDCIl","S2",0,"Mixed / Unclassified"
"R_5CWq8UnwzIrGlXL","S2",0,"Mixed / Unclassified"
"R_1Unj5OoNxXnzbMd","S2",13,"JFK Assassination Conspiracy"
"R_7B9MtKB0GlhYygp","S2",25,"Government alien cover-up"
"R_56AXQQ8GQhSugx3","S2",21,"Deliberate COVID-19 Lab Release"
"R_6OcJp7jNVo5IX85","S2",16,"9/11 Inside Job Conspiracy"
"R_1CKmh5imDCwuXuc","S2",3,"Moon Landing Hoax"
"R_1ffRejIAsCoegmK","S2",0,"Mixed / Unclassified"
"R_7zLab943FLo2oEN","S2",0,"Mixed / Unclassified"
"R_3hKHHKZtrbYNrwF","S2",13,"JFK Assassination Conspiracy"
"R_3xbO18iSs6udXZD","S2",0,"Mixed / Unclassified"
"R_3dRWlbXBfNArEe5","S2",3,"Moon Landing Hoax"
"R_5soYgt9JyknzVCP","S2",21,"Deliberate COVID-19 Lab Release"
"R_725CityyOwQ4cPG","S2",0,"Mixed / Unclassified"
"R_1vtJUutVasD9FWV","S2",21,"Deliberate COVID-19 Lab Release"
"R_7Bwa6u4dGqZsFtT","S2",0,"Mixed / Unclassified"
"R_72Rvde7LG8oTn53","S2",16,"9/11 Inside Job Conspiracy"
"R_3Kpu3nlT9UjaFDX","S2",3,"Moon Landing Hoax"
"R_3QKWA9s0sQtui7I","S2",12,"Secret Elite World Control"
"R_6hyJFuiighQGMny","S2",0,"Mixed / Unclassified"
"R_1sb6e0gAc8KVWEg","S2",0,"Mixed / Unclassified"
"R_7EyNRfQhMcMGwwa","S2",25,"Government alien cover-up"
"R_1ECCodugdvNbrW1","S2",0,"Mixed / Unclassified"
"R_5Gy9RllrFiW9U5Z","S2",16,"9/11 Inside Job Conspiracy"
"R_5hMdz7oWcuO1DxF","S2",25,"Government alien cover-up"
"R_7ro8AEAPxQ0v7qF","S2",16,"9/11 Inside Job Conspiracy"
"R_7KUi9kFa6YXOTdO","S2",13,"JFK Assassination Conspiracy"
"R_3Xh8ZS5lPrMSRzo","S2",3,"Moon Landing Hoax"
"R_1PFSP9QJUTsKYpJ","S2",21,"Deliberate COVID-19 Lab Release"
"R_5sdocFwgZmk8NxP","S2",19,"Chemtrail Conspiracy Beliefs"
"R_3zIppC0ZBqz2g7l","S2",26,"Existence of Alien Life"
"R_17etfZRjkEEYwUJ","S2",19,"Chemtrail Conspiracy Beliefs"
"R_7346qldeTT8B9bc","S2",0,"Mixed / Unclassified"
"R_3PXqCkMmZjbOC9j","S2",0,"Mixed / Unclassified"
"R_3qVYXYWWzlnbWkH","S2",21,"Deliberate COVID-19 Lab Release"
"R_5TF2tLEO11TiHaj","S2",21,"Deliberate COVID-19 Lab Release"
"R_1bNV5Dzd2V3CmwX","S2",13,"JFK Assassination Conspiracy"
"R_6fvx11Ego1lwhy8","S2",0,"Mixed / Unclassified"
"R_1eWqUtPdcreuZKI","S2",0,"Mixed / Unclassified"
"R_1hGVWsj1nFj3lXr","S2",13,"JFK Assassination Conspiracy"
"R_15EgvQ7ySo0mknD","S2",0,"Mixed / Unclassified"
"R_1RkKqn3LNMKVvEL","S2",16,"9/11 Inside Job Conspiracy"
"R_7FFdPV94qshTyrs","S2",0,"Mixed / Unclassified"
"R_5Pwmls6qTwsOUA9","S2",7,"Trump as Russian Asset"
"R_7ettH3HPXzzPDTE","S2",21,"Deliberate COVID-19 Lab Release"
"R_1CspG1y4dwlV7Vu","S2",21,"Deliberate COVID-19 Lab Release"
"R_3JEgrROF0s7vCV3","S2",0,"Mixed / Unclassified"
"R_5QGGSlaD13tJwt6","S2",19,"Chemtrail Conspiracy Beliefs"
"R_7aPMSN7RrV0dOl9","S2",21,"Deliberate COVID-19 Lab Release"
"R_1KH1lZjyFHgq4uJ","S2",0,"Mixed / Unclassified"
"R_3s1hZpk3qPY7hpn","S2",21,"Deliberate COVID-19 Lab Release"
"R_5pbURDzbO5aL7O0","S2",21,"Deliberate COVID-19 Lab Release"
"R_51n4p9iT1Bmdw2f","S2",21,"Deliberate COVID-19 Lab Release"
"R_6s0wwz8DSSlX6ko","S2",0,"Mixed / Unclassified"
"R_5wBxfv5K4VETkLY","S2",25,"Government alien cover-up"
"R_5cwFRzbfxCJmqYY","S2",0,"Mixed / Unclassified"
"R_60JEU7cWungpew0","S2",0,"Mixed / Unclassified"
"R_6JDdRogDbVmANyu","S2",16,"9/11 Inside Job Conspiracy"
"R_7DNDq8hDY8AqMYR","S2",0,"Mixed / Unclassified"
"R_3tVry2O98BpuKqd","S2",9,"Election fraud conspiracy beliefs"
"R_5UX9tDE6K0QjFtf","S2",0,"Mixed / Unclassified"
"R_6COPlU0VWz573t6","S2",16,"9/11 Inside Job Conspiracy"
"R_5iCszGm9610BoWf","S2",0,"Mixed / Unclassified"
"R_62WPEQtsEXYQZXc","S2",0,"Mixed / Unclassified"
"R_5go16JKzvCNumtR","S2",12,"Secret Elite World Control"
"R_16WmUm1102G5Yg9","S2",0,"Mixed / Unclassified"
"R_63HcDMq4emJpPsR","S2",21,"Deliberate COVID-19 Lab Release"
"R_1nUzOD42t70l5qY","S2",0,"Mixed / Unclassified"
"R_3rSSVsAPGJ0auTE","S2",16,"9/11 Inside Job Conspiracy"
"R_64sk3I9s6V60p5T","S2",3,"Moon Landing Hoax"
"R_7fJsM4eodlhznEb","S2",13,"JFK Assassination Conspiracy"
"R_3YqGACmIzxFx9pT","S2",0,"Mixed / Unclassified"
"R_7F3at0MPPkY4kcw","S2",0,"Mixed / Unclassified"
"R_7I5frvFxYrCHdnR","S2",0,"Mixed / Unclassified"
"R_62PKDxlS1DGKMlo","S2",0,"Mixed / Unclassified"
"R_6TAjKmZnoviVWX9","S2",21,"Deliberate COVID-19 Lab Release"
"R_7hQFUmx9aqWrXtB","S2",3,"Moon Landing Hoax"
"R_3d50iAMTDwavwKz","S2",16,"9/11 Inside Job Conspiracy"
"R_6are7ymTIgdp4iu","S2",13,"JFK Assassination Conspiracy"
"R_32suxqDdbBNgRBN","S2",3,"Moon Landing Hoax"
"R_3mW46qSEgCQ9sgM","S2",12,"Secret Elite World Control"
"R_6mORzPVFyKuGl0M","S2",0,"Mixed / Unclassified"
"R_3U1d9DRImcwbK0N","S2",13,"JFK Assassination Conspiracy"
"R_5TE9hBr8yFETVzb","S2",0,"Mixed / Unclassified"
"R_3EbQ9g555gzg3pB","S2",21,"Deliberate COVID-19 Lab Release"
"R_6Xp7bCbICP4R5vM","S2",21,"Deliberate COVID-19 Lab Release"
"R_6k8wPMpfw0gd99D","S2",21,"Deliberate COVID-19 Lab Release"
"R_55ghRDltfBtFuAV","S2",25,"Government alien cover-up"
"R_1iD9vghyTfoVu5D","S2",9,"Election fraud conspiracy beliefs"
"R_5etywYIPbFVWGrh","S2",21,"Deliberate COVID-19 Lab Release"
"R_1dyarmcIkdmIhtL","S2",0,"Mixed / Unclassified"
"R_3FFJgZq0VYlcONX","S2",0,"Mixed / Unclassified"
"R_6lV5rdFSwSD7J9T","S2",0,"Mixed / Unclassified"
"R_7gIKrDWyX379CGp","S2",13,"JFK Assassination Conspiracy"
"R_5pRUgMukdCjwgeZ","S2",20,"Vaccine harms and conspiracies"
"R_6nVk9B9zrAzqC4w","S2",3,"Moon Landing Hoax"
"R_3S63CHQHoW7r37W","S2",9,"Election fraud conspiracy beliefs"
"R_5QEDp56OEWIQM9r","S2",0,"Mixed / Unclassified"
"R_50fhxE0deibdJjX","S2",0,"Mixed / Unclassified"
"R_3jVAeK2VawYW7mK","S2",0,"Mixed / Unclassified"
"R_6CJCA2wEOJ1o96F","S2",0,"Mixed / Unclassified"
"R_6qW1QN0t6MtnHlw","S2",3,"Moon Landing Hoax"
"R_3B7If1sP5tyIjqp","S2",13,"JFK Assassination Conspiracy"
"R_3ScOoKEfJzOuu7v","S2",3,"Moon Landing Hoax"
"R_5WRjmp1gwHK9f8J","S2",0,"Mixed / Unclassified"
"R_6DLHI0vRfiW2Bv9","S2",0,"Mixed / Unclassified"
"R_3d5BozSzTHOIQnN","S2",0,"Mixed / Unclassified"
"R_4OSC3KJuMVU4zMG","S2",0,"Mixed / Unclassified"
"R_5aP0ybNQvzsFBjS","S2",21,"Deliberate COVID-19 Lab Release"
"R_1Pj17nIPXZx56wK","S2",16,"9/11 Inside Job Conspiracy"
"R_7qg73kyHmf7n0ts","S2",7,"Trump as Russian Asset"
"R_3j4Tde5ux9jzMeR","S2",21,"Deliberate COVID-19 Lab Release"
"R_7YhN4FbZZW0zbw0","S2",0,"Mixed / Unclassified"
"R_5d05Xanw3wsMsXm","S2",25,"Government alien cover-up"
"R_5Ob3LCqDZSnsIq5","S2",21,"Deliberate COVID-19 Lab Release"
"R_32r02q2RQOQxsip","S2",16,"9/11 Inside Job Conspiracy"
"R_5B3freHipYPZZZU","S2",0,"Mixed / Unclassified"
"R_5EcGgNGR50AkLeD","S2",0,"Mixed / Unclassified"
"R_3kBLlhR2om75lq3","S2",0,"Mixed / Unclassified"
"R_5edWWFV4nrO6cot","S2",7,"Trump as Russian Asset"
"R_5Ppzr0wPa3NLhxn","S2",21,"Deliberate COVID-19 Lab Release"
"R_7B9BS9faRwcTzKi","S2",0,"Mixed / Unclassified"
"R_6Q4Kz98lrWQq6X7","S2",3,"Moon Landing Hoax"
"R_5P6rOosOQrf1xB0","S2",0,"Mixed / Unclassified"
"R_7qeEr5M4ffO02EF","S2",0,"Mixed / Unclassified"
"R_5VeAj4ppem5aoZH","S2",13,"JFK Assassination Conspiracy"
"R_32alwckuqOJUS0Z","S2",0,"Mixed / Unclassified"
"R_7c74qdV483EGTij","S2",0,"Mixed / Unclassified"
"R_1FWJED9Hms5nAVr","S2",0,"Mixed / Unclassified"
"R_5M5qWT99Nosahix","S2",21,"Deliberate COVID-19 Lab Release"
"R_32sKBIdxSJayPnU","S2",0,"Mixed / Unclassified"
"R_7I0IwdJr8M2pCUY","S2",13,"JFK Assassination Conspiracy"
"R_3dW8nGXT6d67CLf","S2",13,"JFK Assassination Conspiracy"
"R_1f6OWblRuTQtHUk","S2",3,"Moon Landing Hoax"
"R_7Uaok3ZWaFOA2gJ","S2",0,"Mixed / Unclassified"
"R_6PbDWjDrSvVhO1u","S2",0,"Mixed / Unclassified"
"R_1338eYZQNVs6hYa","S2",13,"JFK Assassination Conspiracy"
"R_7JenL0JfMgOJnNR","S2",20,"Vaccine harms and conspiracies"
"R_1XmIm9Empi7PWGL","S2",0,"Mixed / Unclassified"
"R_5PoUKplciNyH7rj","S2",21,"Deliberate COVID-19 Lab Release"
"R_5YPmEKCv4UHdEF7","S2",20,"Vaccine harms and conspiracies"
"R_53e1akOpl7upb3Z","S2",13,"JFK Assassination Conspiracy"
"R_34uxJs90CfSZDXB","S2",0,"Mixed / Unclassified"
"R_53DNMMFdRbNYXBs","S2",0,"Mixed / Unclassified"
"R_7rUVCyngBTnsLFd","S2",0,"Mixed / Unclassified"
"R_7V91OeRerKxJdqk","S2",0,"Mixed / Unclassified"
"R_3g25T9wA4OYCroz","S2",0,"Mixed / Unclassified"
"R_7Tw23cvbTkqaFer","S2",0,"Mixed / Unclassified"
"R_5nvnm2crW7cR7yE","S2",0,"Mixed / Unclassified"
"R_5RdVNeAiNmI9WFz","S2",0,"Mixed / Unclassified"
"R_10Z9AQIqbR9TOlY","S2",0,"Mixed / Unclassified"
"R_53rNvR14IVCYdVL","S2",9,"Election fraud conspiracy beliefs"
"R_7IsAKTJ5x7DrPq1","S2",0,"Mixed / Unclassified"
"R_7WYBfkjMQvoP3No","S2",9,"Election fraud conspiracy beliefs"
"R_1CkjEnUbRNPIDZU","S2",13,"JFK Assassination Conspiracy"
"R_106jyKthlFTEsnf","S2",13,"JFK Assassination Conspiracy"
"R_1oFtKB1FVxyOoaL","S2",16,"9/11 Inside Job Conspiracy"
"R_7LNCyI3vzKM5NGB","S2",13,"JFK Assassination Conspiracy"
"R_3oj6AxpjIN50Jmx","S2",0,"Mixed / Unclassified"
"R_6aJmrJdUROTbDfv","S2",13,"JFK Assassination Conspiracy"
"R_7rBpKNm9xn2blcT","S2",13,"JFK Assassination Conspiracy"
"R_7r1ZPSMZLekW907","S2",20,"Vaccine harms and conspiracies"
"R_6GHzSmE7bbrMpxk","S2",0,"Mixed / Unclassified"
"R_3GsawMqHPpOUkIT","S2",16,"9/11 Inside Job Conspiracy"
"R_3hxM2zZalq1WINj","S2",14,"Celebrity death and replacement conspiracies"
"R_3OJyCyCfxO95KWk","S2",7,"Trump as Russian Asset"
"R_5C768QlGylyOs4O","S2",7,"Trump as Russian Asset"
"R_3aDFTsrTvRvxuAx","S2",21,"Deliberate COVID-19 Lab Release"
"R_5QE8mjWx497UyIk","S2",0,"Mixed / Unclassified"
"R_3k0M8yuimkwS2V5","S2",0,"Mixed / Unclassified"
"R_10qNZ8V2LiscnGC","S2",0,"Mixed / Unclassified"
"R_3n77nwwei1hQllH","S2",0,"Mixed / Unclassified"
"R_61L7PaIiWsICKCa","S2",0,"Mixed / Unclassified"
"R_1EbTTp9suaMBijo","S2",25,"Government alien cover-up"
"R_6TtkEkkSeGDGBVn","S2",21,"Deliberate COVID-19 Lab Release"
"R_5PtkRfOxBHxa2I9","S2",0,"Mixed / Unclassified"
"R_7l0RxC4CavGDr5T","S2",0,"Mixed / Unclassified"
"R_3CndwFHbGI8rkBz","S2",16,"9/11 Inside Job Conspiracy"
"R_1jfClM7zuN8Z4oV","S2",0,"Mixed / Unclassified"
"R_3FUMHLix5UxNPyB","S2",0,"Mixed / Unclassified"
"R_5nvocphyxnG8k7n","S2",19,"Chemtrail Conspiracy Beliefs"
"R_6fUKtWlfWMl49r3","S2",12,"Secret Elite World Control"
"R_58J4v13ty7BkjhH","S2",0,"Mixed / Unclassified"
"R_7WC2d5Zb6ZIaHUD","S2",3,"Moon Landing Hoax"
"R_5BXirgvMibiCAN0","S2",13,"JFK Assassination Conspiracy"
"R_7yfS1S7IpfVt8XR","S2",25,"Government alien cover-up"
"R_7EcoYrU6zU01LqW","S2",0,"Mixed / Unclassified"
"R_33dHoC3O6DpYnbX","S2",12,"Secret Elite World Control"
"R_3KBoSlyLpdyVPjQ","S2",0,"Mixed / Unclassified"
"R_32KD5jsvX1UO5k6","S2",13,"JFK Assassination Conspiracy"
"R_7BCttHQSkVmqEXT","S2",0,"Mixed / Unclassified"
"R_6q27isCyMSP4wgo","S2",21,"Deliberate COVID-19 Lab Release"
"R_7dx4qaGTfpYnp05","S2",21,"Deliberate COVID-19 Lab Release"
"R_3oP4VNwV6oe8pax","S2",13,"JFK Assassination Conspiracy"
"R_6vZoEoAmk88ahO1","S2",13,"JFK Assassination Conspiracy"
"R_3E7k78PhJUdzfQp","S2",3,"Moon Landing Hoax"
"R_3G9pBDu0YiOQxAl","S2",16,"9/11 Inside Job Conspiracy"
"R_6oGgrY3lz5cOJNA","S2",20,"Vaccine harms and conspiracies"
"R_31EFb8AwHtMBFgq","S2",13,"JFK Assassination Conspiracy"
"R_3DO9VM6yvKezaXz","S2",0,"Mixed / Unclassified"
"R_5rjY9jkQELpMrfD","S2",0,"Mixed / Unclassified"
"R_1SojqYEBVHL1OPb","S2",9,"Election fraud conspiracy beliefs"
"R_639Wq0FF8tpKKh3","S2",0,"Mixed / Unclassified"
"R_1pK9vnfklO6jZc3","S2",0,"Mixed / Unclassified"
"R_7sc7j2yqWLzFeMl","S2",19,"Chemtrail Conspiracy Beliefs"
"R_5ZahJta79rJFTjP","S2",0,"Mixed / Unclassified"
"R_53y8tTvdWBTyRQo","S2",24,"Area 51 Alien Cover-up"
"R_7TY1TH8VQhyqRNQ","S2",0,"Mixed / Unclassified"
"R_6fuXUt1K4BOkFw8","S2",0,"Mixed / Unclassified"
"R_3PdUJQyImdHHVGS","S2",0,"Mixed / Unclassified"
"R_7tdpHU8kDbmHTlT","S2",0,"Mixed / Unclassified"
"R_6XBZv7u2tcilaxP","S2",2,"Staged Trump assassination attempt"
"R_1nSLbSEdzqh4tbt","S2",13,"JFK Assassination Conspiracy"
"R_3nVknSsu9KLWrrG","S2",0,"Mixed / Unclassified"
"R_5AVO0YuQUBQWElb","S2",0,"Mixed / Unclassified"
"R_5Exim33MR2QwIUh","S2",13,"JFK Assassination Conspiracy"
"R_633fXrIwP2tAww5","S2",25,"Government alien cover-up"
"R_7QLIkuKluUUfClz","S2",0,"Mixed / Unclassified"
"R_6uiaVkkktKJ5ngJ","S2",0,"Mixed / Unclassified"
"R_6BfjS2T7q35xfgv","S2",13,"JFK Assassination Conspiracy"
"R_7CMYVrEI6RHpifm","S2",0,"Mixed / Unclassified"
"R_5qpu811MIz2MQhT","S2",12,"Secret Elite World Control"
"R_5LBBNU3PEDJ2wlc","S2",21,"Deliberate COVID-19 Lab Release"
"R_5QQdCQE4yuBg8zq","S2",0,"Mixed / Unclassified"
"R_7jkplagOrTxe5RD","S2",0,"Mixed / Unclassified"
"R_7lrWIOKpgH8uve1","S2",21,"Deliberate COVID-19 Lab Release"
"R_3Wxodwe3VALdyOB","S2",16,"9/11 Inside Job Conspiracy"
"R_5dco7rEqbOwnDQL","S2",0,"Mixed / Unclassified"
"R_7m03yFgp7LArfDr","S2",13,"JFK Assassination Conspiracy"
"R_5EGpG5waar0oq6V","S2",12,"Secret Elite World Control"
"R_1O2P0vycTqmwLNn","S2",0,"Mixed / Unclassified"
"R_3TRND9P2oDBHZv3","S2",0,"Mixed / Unclassified"
"R_71mwEGXcLtC3wUp","S2",0,"Mixed / Unclassified"
"R_5qWHt4yrjpP8Dmr","S2",19,"Chemtrail Conspiracy Beliefs"
"R_57vDOyrYY5eHNsX","S2",0,"Mixed / Unclassified"
"R_5FEiUPua4qQeQhj","S2",0,"Mixed / Unclassified"
"R_3psretaZQhsshSf","S2",21,"Deliberate COVID-19 Lab Release"
"R_5e4sdWueoHMfmAk","S2",25,"Government alien cover-up"
"R_5ZInuzygFZEbrdT","S2",0,"Mixed / Unclassified"
"R_7VDSecKay2FyWT8","S2",12,"Secret Elite World Control"
"R_1MlfROSpWfNtxMB","S2",14,"Celebrity death and replacement conspiracies"
"R_5F4Hb15In7GeMDr","S2",0,"Mixed / Unclassified"
"R_3PIftu6E1K44oSU","S2",0,"Mixed / Unclassified"
"R_12mddRTRTwSJfYD","S2",20,"Vaccine harms and conspiracies"
"R_6EsysQEiWrDkjvz","S2",9,"Election fraud conspiracy beliefs"
"R_3bPFBpMy2gNTYds","S2",21,"Deliberate COVID-19 Lab Release"
"R_7CNQrPIYH5KYC3Z","S2",12,"Secret Elite World Control"
"R_3o1Ghr2fMmNGgGe","S2",13,"JFK Assassination Conspiracy"
"R_1E4p1sxD630pgDB","S2",16,"9/11 Inside Job Conspiracy"
"R_1aDPh3gJh209WCZ","S2",0,"Mixed / Unclassified"
"R_5yURc704RHnULCh","S2",0,"Mixed / Unclassified"
"R_3CqeWdlHtcHHvGB","S2",3,"Moon Landing Hoax"
"R_3QlpEzSTdf6PBqM","S2",0,"Mixed / Unclassified"
"R_5QcqnaTz0uB5tLH","S2",7,"Trump as Russian Asset"
"R_5tupVJ8KkmqZDC8","S2",0,"Mixed / Unclassified"
"R_1KOxZq6RuqL01fM","S2",13,"JFK Assassination Conspiracy"
"R_7Hqww2OYnsiM4dd","S2",13,"JFK Assassination Conspiracy"
"R_7Xh2wgD5Yhq2OIN","S2",0,"Mixed / Unclassified"
"R_54S9998yf6nnyX7","S2",12,"Secret Elite World Control"
"R_6pE8ep3BuRZoKml","S2",13,"JFK Assassination Conspiracy"
"R_7JXjQsGA8Wshbwm","S2",25,"Government alien cover-up"
"R_7ztDovggYqykYJt","S2",0,"Mixed / Unclassified"
"R_7H0MebG0Bix3Rdg","S2",0,"Mixed / Unclassified"
"R_6kLWv57IMOY3eZE","S2",0,"Mixed / Unclassified"
"R_7abJFBIANV0A3Dj","S2",0,"Mixed / Unclassified"
"R_5Y3Mc6ins8wgmwA","S2",16,"9/11 Inside Job Conspiracy"
"R_5alergdvo3ZnAaV","S2",13,"JFK Assassination Conspiracy"
"R_1IFsRFYKa2VA5iQ","S2",16,"9/11 Inside Job Conspiracy"
"R_7an0CIK86ivzyVE","S2",0,"Mixed / Unclassified"
"R_7HC8FBIYLs2Ufh0","S2",0,"Mixed / Unclassified"
"R_7320h7HxxhJRYq6","S2",13,"JFK Assassination Conspiracy"
"R_6VMUr5BwPIXzSEN","S2",21,"Deliberate COVID-19 Lab Release"
"R_7yNaPa3cwjF9kXf","S2",16,"9/11 Inside Job Conspiracy"
"R_3ICs8SmClGniBS9","S2",19,"Chemtrail Conspiracy Beliefs"
"R_5N1R8hCUCyA2DTw","S2",0,"Mixed / Unclassified"
"R_1C8ONTsmSgnaMOl","S2",0,"Mixed / Unclassified"
"R_3rkgpWtGt32hXip","S2",0,"Mixed / Unclassified"
"R_13obhCnUifTqTHb","S2",21,"Deliberate COVID-19 Lab Release"
"R_3CY8DyMDfrUmmqZ","S2",20,"Vaccine harms and conspiracies"
"R_6N4aCPgmBpjsIw9","S2",25,"Government alien cover-up"
"R_3NNWtiFYhV1yRzo","S2",16,"9/11 Inside Job Conspiracy"
"R_6QLnEKD4trz4eLS","S2",0,"Mixed / Unclassified"
"R_5QtGlQeBgCQbmRj","S2",13,"JFK Assassination Conspiracy"
"R_7PUjQvU95Dm3pHR","S2",0,"Mixed / Unclassified"
"R_72J124EyhZiyyaI","S2",13,"JFK Assassination Conspiracy"
"R_3aRY5kyrumvwRiN","S2",0,"Mixed / Unclassified"
"R_5EMcYStcxUXrO1S","S2",0,"Mixed / Unclassified"
"R_1TTi1jsMOXV6oUx","S2",0,"Mixed / Unclassified"
"R_3kv2KebmpwPA5B3","S2",0,"Mixed / Unclassified"
"R_6dTm6togGSMeWij","S2",21,"Deliberate COVID-19 Lab Release"
"R_5Pd6HFPilVz4r6z","S2",0,"Mixed / Unclassified"
"R_1cnIoWhBHPADDNL","S2",0,"Mixed / Unclassified"
"R_14eCFQfHJBVfxlM","S2",21,"Deliberate COVID-19 Lab Release"
"R_62vNlkEuB9mCm3L","S2",21,"Deliberate COVID-19 Lab Release"
"R_3yvKwaCHt6vaVNL","S2",19,"Chemtrail Conspiracy Beliefs"
"R_1LComLjaeRqjCnx","S2",21,"Deliberate COVID-19 Lab Release"
"R_6D8Omt5YrtULmHN","S2",0,"Mixed / Unclassified"
"R_5bS140tRsEBAhnb","S2",0,"Mixed / Unclassified"
"R_3QTDMGVJC62m6fD","S2",0,"Mixed / Unclassified"
"R_1scMTRkBeQsRo1D","S2",0,"Mixed / Unclassified"
"R_7jpTsJkctJqd3MH","S2",21,"Deliberate COVID-19 Lab Release"
"R_5MJBynMorYTw2Qt","S2",0,"Mixed / Unclassified"
"R_7U4aEoe9LXdQinV","S2",0,"Mixed / Unclassified"
"R_7CkxerNrtzTwmP4","S2",0,"Mixed / Unclassified"
"R_3JvuXEUqUYUv2Lv","S2",0,"Mixed / Unclassified"
"R_7Jy3iTmdA7Q79Iy","S2",0,"Mixed / Unclassified"
"R_1rpXusiKnmHnOSd","S2",0,"Mixed / Unclassified"
"R_6Lg4ijRey9GbNxD","S2",0,"Mixed / Unclassified"
"R_6n0ejlqiH2DNub7","S2",18,"Hiding medical cures for profit"
"R_59C2uHS27o4Dpmh","S2",8,"Existence of Bigfoot"
"R_1OVlVvKKsZpa2OB","S2",0,"Mixed / Unclassified"
"R_5wgDbeMMdJeknNp","S2",12,"Secret Elite World Control"
"R_7PYHrNP32JFe5TI","S2",21,"Deliberate COVID-19 Lab Release"
"R_3Cq7AbB6KXC5SxL","S2",0,"Mixed / Unclassified"
"R_7gMmdLEAHGZuVnA","S2",9,"Election fraud conspiracy beliefs"
"R_1Aknz2ySnPpprJn","S2",16,"9/11 Inside Job Conspiracy"
"R_6Mzz4Pp2IN2DDpv","S2",0,"Mixed / Unclassified"
"R_1IWSbsK4jFjn8Hm","S2",21,"Deliberate COVID-19 Lab Release"
"R_1TbRnWpqcBrIvGV","S2",0,"Mixed / Unclassified"
"R_7O8lMl6vcruStEy","S2",0,"Mixed / Unclassified"
"R_7qC0uU3t6v81y5f","S2",21,"Deliberate COVID-19 Lab Release"
"R_1e2vdtkJNY90aeR","S2",0,"Mixed / Unclassified"
"R_5pRwmHPaaUV1Htm","S2",13,"JFK Assassination Conspiracy"
"R_1P7qxnA8P4689F3","S2",0,"Mixed / Unclassified"
"R_7EGe2aVBMYDjKm5","S2",0,"Mixed / Unclassified"
"R_7f8Xvgk3g4Uod3P","S2",0,"Mixed / Unclassified"
"R_6vyP18KlSrByOc1","S2",25,"Government alien cover-up"
"R_50BN5Dr4sqF0KqZ","S2",25,"Government alien cover-up"
"R_1GdgEQURXaJIVWK","S2",16,"9/11 Inside Job Conspiracy"
"R_66frLrXUQkmg3Za","S2",25,"Government alien cover-up"
"R_7dECN9c7MbrDzKc","S2",18,"Hiding medical cures for profit"
"R_7hg8sFLD50wWkTt","S2",0,"Mixed / Unclassified"
"R_1CVrYEeK6RKqK47","S2",0,"Mixed / Unclassified"
"R_1ZIakPMOHCiy3At","S2",0,"Mixed / Unclassified"
"R_7p0sBkZOTRjcQ7v","S2",0,"Mixed / Unclassified"
"R_3kcegcHorbuzUC0","S2",0,"Mixed / Unclassified"
"R_3MLnjS9Bw8arEvD","S2",0,"Mixed / Unclassified"
"R_5sXJJvOpjLGPz2x","S2",0,"Mixed / Unclassified"
"R_5eKpg2PfEFPq3dN","S2",25,"Government alien cover-up"
"R_3pilm793D07eDhV","S2",21,"Deliberate COVID-19 Lab Release"
"R_7lsjYtBg6dRgFFP","S2",0,"Mixed / Unclassified"
"R_5eWy4NWCsmKmQak","S2",24,"Area 51 Alien Cover-up"
"R_6luTgczspNkSqYV","S2",6,"AI Takeover and Dead Internet"
"R_3JXTIEcFtp6SZGx","S2",9,"Election fraud conspiracy beliefs"
"R_5w4rYwiXpOYUdDd","S2",0,"Mixed / Unclassified"
"R_31aohZ86x210wRo","S2",13,"JFK Assassination Conspiracy"
"R_79lA1EVcgNR0DAd","S2",13,"JFK Assassination Conspiracy"
"R_33qImTJPj9vSn83","S2",0,"Mixed / Unclassified"
"R_5uZEhW7JIqXceF2","S2",14,"Celebrity death and replacement conspiracies"
"R_653xZkqTW5Oa3hT","S2",0,"Mixed / Unclassified"
"R_6sR5utWSWkQqlMX","S2",0,"Mixed / Unclassified"
"R_5liZNEYGzOw0Jmn","S2",0,"Mixed / Unclassified"
"R_1ttm77DYtqbpGLF","S2",0,"Mixed / Unclassified"
"R_6oYlFUZr7AP9hDU","S2",0,"Mixed / Unclassified"
"R_1z0HMpRKwOPwWvT","S2",26,"Existence of Alien Life"
"R_3LhUHZWt1zi6fVY","S2",21,"Deliberate COVID-19 Lab Release"
"R_5iImCvA4tgPbWvS","S2",16,"9/11 Inside Job Conspiracy"
"R_7CODc4bBSj6FBqw","S2",24,"Area 51 Alien Cover-up"
"R_1PTLYWwGF5iR51D","S2",16,"9/11 Inside Job Conspiracy"
"R_6P8biZrAFbXfAj2","S2",13,"JFK Assassination Conspiracy"
"R_3tF2C3LRVDIFNEt","S2",0,"Mixed / Unclassified"
"R_5V8b7sIr48xxKgA","S2",0,"Mixed / Unclassified"
"R_5VOqO2MKuerm4AD","S2",12,"Secret Elite World Control"
"R_70nMdWMJFJ7lhvH","S2",13,"JFK Assassination Conspiracy"
"R_6qPPIUk0zS96P2E","S2",0,"Mixed / Unclassified"
"R_7P1OXFuxJsNZgyT","S2",21,"Deliberate COVID-19 Lab Release"
"R_1lfpuYQ3yw3DQgg","S2",25,"Government alien cover-up"
"R_1V9JOpIPaqIcT4L","S2",21,"Deliberate COVID-19 Lab Release"
"R_59fzNaPURdtRPcl","S2",16,"9/11 Inside Job Conspiracy"
"R_7rG2v2ZYUaKH8fx","S2",0,"Mixed / Unclassified"
"R_1ladhiNLo1nAF5l","S2",0,"Mixed / Unclassified"
"R_3IGICKS4o0ESIg5","S2",13,"JFK Assassination Conspiracy"
"R_7mDSDkR67WusVyE","S2",16,"9/11 Inside Job Conspiracy"
"R_5QQCFjpFeVUfiQ0","S2",18,"Hiding medical cures for profit"
"R_3ikaodKAAZJVaKc","S2",0,"Mixed / Unclassified"
"R_1woVw68IEXEGL9v","S2",3,"Moon Landing Hoax"
"R_3XhPhiw5fw8Hf3U","S2",0,"Mixed / Unclassified"
"R_5jZIbLr82IBPAyd","S2",7,"Trump as Russian Asset"
"R_3qVU6Xe0Ubvdzvm","S2",0,"Mixed / Unclassified"
"R_1WYW27KsDtDXab7","S2",18,"Hiding medical cures for profit"
"R_1tEbhhcrpusT5DO","S2",3,"Moon Landing Hoax"
"R_1Ejlthprjj0FF7A","S2",0,"Mixed / Unclassified"
"R_3GBwQBBz3ddyJqu","S2",21,"Deliberate COVID-19 Lab Release"
"R_54SgjkZdTFKhKut","S2",0,"Mixed / Unclassified"
"R_1jNHkwsSicZT3tG","S2",13,"JFK Assassination Conspiracy"
"R_5yryWVXVU8MbBlU","S2",19,"Chemtrail Conspiracy Beliefs"
"R_1KmbM6oytmkRZ3H","S2",0,"Mixed / Unclassified"
"R_7GpYAJhQCdNwDFn","S2",0,"Mixed / Unclassified"
"R_6SvRSM3qSDVeIEI","S2",0,"Mixed / Unclassified"
"R_5Yf6BjQAICiJE0M","S2",0,"Mixed / Unclassified"
"R_7Fmqgi27u3uWWZ7","S2",12,"Secret Elite World Control"
"R_12Dd6iORrthX7HP","S2",13,"JFK Assassination Conspiracy"
"R_3YnXsZ86QNpPrhZ","S2",0,"Mixed / Unclassified"
"R_6gNjd0SrmgY3oSf","S2",21,"Deliberate COVID-19 Lab Release"
"R_6m1p9q1ncYF2Ud0","S2",0,"Mixed / Unclassified"
"R_3j3htuLq6yC8thN","S2",8,"Existence of Bigfoot"
"R_3IAbaPVU1BcXUpg","S2",11,"Jeffrey Epstein Death Conspiracies"
"R_7rwbVAxde7EGbiO","S2",24,"Area 51 Alien Cover-up"
"R_3TjTRqYxP833goF","S2",16,"9/11 Inside Job Conspiracy"
"R_7i1RJP7MKhkMnJL","S2",0,"Mixed / Unclassified"
"R_7NfSgQpZXwh8Gzi","S2",0,"Mixed / Unclassified"
"R_1e9Wj6USTMK7wgp","S2",0,"Mixed / Unclassified"
"R_5t0JHzjcgx65KnL","S2",0,"Mixed / Unclassified"
"R_15XvbKnynPIcWzO","S2",0,"Mixed / Unclassified"
"R_7RGgtkjrb7xqQcV","S2",0,"Mixed / Unclassified"
"R_6qflqwFiNPdRc8A","S2",9,"Election fraud conspiracy beliefs"
"R_5MN0ZhMFVEMUZKY","S2",2,"Staged Trump assassination attempt"
"R_5HhjFA315lBBonq","S2",16,"9/11 Inside Job Conspiracy"
"R_1ARV2U3mpFi4PwJ","S2",0,"Mixed / Unclassified"
"R_37gkNjkVfbS1lRb","S2",0,"Mixed / Unclassified"
"R_3feza0dObf9aeSB","S2",18,"Hiding medical cures for profit"
"R_5lh5d7ZO8XichY7","S2",0,"Mixed / Unclassified"
"R_5TZDGHMTd20Euqv","S2",0,"Mixed / Unclassified"
"R_5im4FZDKG2TJwy6","S2",0,"Mixed / Unclassified"
"R_6PBYwb3tXzdXmcj","S2",13,"JFK Assassination Conspiracy"
"R_7BBi8yjDEmAB8eR","S2",0,"Mixed / Unclassified"
"R_6GBenuSVd2NJobH","S2",0,"Mixed / Unclassified"
"R_77Bt9vRnt3lZqut","S2",0,"Mixed / Unclassified"
"R_3Iuh0AN5zA1zsE9","S2",16,"9/11 Inside Job Conspiracy"
"R_3dGMJo32UNZDtY1","S2",13,"JFK Assassination Conspiracy"
"R_1HMue8VvTqytUcr","S2",3,"Moon Landing Hoax"
"R_5cS8jFqkIB27kVf","S2",0,"Mixed / Unclassified"
"R_6FOK0bLMOzfOEhm","S2",6,"AI Takeover and Dead Internet"
"R_5okWCLVRwMaPUK5","S2",8,"Existence of Bigfoot"
"R_5E7Je4EAemJECf7","S2",12,"Secret Elite World Control"
"R_7myqrlEiCyLXgRo","S2",0,"Mixed / Unclassified"
"R_5XcICfUXQ14PcD5","S2",3,"Moon Landing Hoax"
"R_7JQ5VINNvHS1M41","S2",0,"Mixed / Unclassified"
"R_3c2xi9Ko2IzI9iB","S2",8,"Existence of Bigfoot"
"R_1dfLKKcfFxNIWej","S2",13,"JFK Assassination Conspiracy"
"R_7D76WgDTLCOSuwR","S2",25,"Government alien cover-up"
"R_1jTJGNLsqhN9zvT","S2",0,"Mixed / Unclassified"
"R_7BnfrXHf6XY6g5G","S2",0,"Mixed / Unclassified"
"R_6Oq3skXKtdLhM40","S2",21,"Deliberate COVID-19 Lab Release"
"R_6e2TKJutkm9AFvn","S2",0,"Mixed / Unclassified"
"R_7RQiAc7f1BaAWJg","S2",0,"Mixed / Unclassified"
"R_5FxPpa7rwx5JI3e","S2",0,"Mixed / Unclassified"
"R_3Di0esN4v8oL26F","S2",24,"Area 51 Alien Cover-up"
"R_31n5vnkJoxPX7gJ","S2",0,"Mixed / Unclassified"
"R_1pif7MptwSEXMje","S2",0,"Mixed / Unclassified"
"R_6OMFO8HFdFQQK0H","S2",19,"Chemtrail Conspiracy Beliefs"
"R_6Pp0XDl7HpHzTZQ","S2",0,"Mixed / Unclassified"
"R_72CXzKjRRNI6Rby","S2",0,"Mixed / Unclassified"
"R_3c6d2I0KaMjRygx","S2",16,"9/11 Inside Job Conspiracy"
"R_6OI5zVntC0k8NZK","S2",3,"Moon Landing Hoax"
"R_52Ki1lG8EjkpExz","S2",18,"Hiding medical cures for profit"
"R_7I16C3EDXUiugVj","S2",21,"Deliberate COVID-19 Lab Release"
"R_63dBUCh7L7Xhgjj","S2",0,"Mixed / Unclassified"
"R_5ClPvaqNUeccpOE","S2",0,"Mixed / Unclassified"
"R_3DzONSeSRAuHx5c","S3",0,"Mixed / Unclassified"
"R_3OOxvwnALZK4bap","S3",16,"9/11 Inside Job Conspiracy"
"R_6zt1T5lIH3Eggox","S3",3,"Moon Landing Hoax"
"R_1urnLVm6p7I136r","S3",7,"Trump as Russian Asset"
"R_5noejpSyeaOSvLt","S3",0,"Mixed / Unclassified"
"R_5BKEYEx5r8m67sZ","S3",11,"Jeffrey Epstein Death Conspiracies"
"R_1jXcS7mmP9xYvlL","S3",0,"Mixed / Unclassified"
"R_1aDlLk3HWHlWbUW","S3",16,"9/11 Inside Job Conspiracy"
"R_5QyJRGsdow9y8a5","S3",16,"9/11 Inside Job Conspiracy"
"R_6uCCloFvXveSQu7","S3",0,"Mixed / Unclassified"
"R_6dW1JI9wcr2V06e","S3",0,"Mixed / Unclassified"
"R_7eVA5xasiEhkl2c","S3",18,"Hiding medical cures for profit"
"R_7LccIS8sOpMt8Yo","S3",0,"Mixed / Unclassified"
"R_7sd13Dy2nB2gPba","S3",0,"Mixed / Unclassified"
"R_3EEhWj8ZtSPjQmN","S3",0,"Mixed / Unclassified"
"R_6V3Fnuu3uZ898Pd","S3",0,"Mixed / Unclassified"
"R_3SGUMVhNsLV76Df","S3",12,"Secret Elite World Control"
"R_5kZabStvqrsbYAk","S3",0,"Mixed / Unclassified"
"R_3OrcCNboNN2SDvT","S3",0,"Mixed / Unclassified"
"R_5QPjnzL2S3cYJf3","S3",0,"Mixed / Unclassified"
"R_3gOsBrWo38zHOdb","S3",2,"Staged Trump assassination attempt"
"R_16lIRhX45wEdbRw","S3",3,"Moon Landing Hoax"
"R_1JwKZCdlQEQQYKJ","S3",12,"Secret Elite World Control"
"R_5ieVCjiKCB4u5Wh","S3",0,"Mixed / Unclassified"
"R_7Js0qk2OiW46dTf","S3",13,"JFK Assassination Conspiracy"
"R_7M6BXZDwnGxt0Pc","S3",0,"Mixed / Unclassified"
"R_5ENqnXz7xnLNP3v","S3",12,"Secret Elite World Control"
"R_7wT4tnAo7o70Y2n","S3",25,"Government alien cover-up"
"R_3w0FIvAufSFkXy7","S3",0,"Mixed / Unclassified"
"R_39olWYCaZgeLqfi","S3",3,"Moon Landing Hoax"
"R_5gO8aCPyKpnISpX","S3",0,"Mixed / Unclassified"
"R_71p8UOMG0HRnV8a","S3",21,"Deliberate COVID-19 Lab Release"
"R_341feHvTEtpaJjz","S3",12,"Secret Elite World Control"
"R_1gvx1os1A8a7PqD","S3",0,"Mixed / Unclassified"
"R_3VJNbu0lyUEo5fr","S3",13,"JFK Assassination Conspiracy"
"R_3MzA41te2fMLX5U","S3",0,"Mixed / Unclassified"
"R_1QiN6hIJpmKAqin","S3",0,"Mixed / Unclassified"
"R_5Q5aV3NkbuxrEGz","S3",16,"9/11 Inside Job Conspiracy"
"R_7hoTyEEFCM1Y4Am","S3",0,"Mixed / Unclassified"
"R_5FqYWxVpWoxm9em","S3",0,"Mixed / Unclassified"
"R_1oBbqNN7GC0klcp","S3",0,"Mixed / Unclassified"
"R_3IrXygrepXOsTa1","S3",25,"Government alien cover-up"
"R_3RUAAMR5nFZh7Bn","S3",0,"Mixed / Unclassified"
"R_7QEF1WKtUUJbxLE","S3",0,"Mixed / Unclassified"
"R_50YXK3ZSKI2J82d","S3",16,"9/11 Inside Job Conspiracy"
"R_6O1S2xLUikbTLzX","S3",0,"Mixed / Unclassified"
"R_6J7jtBVzygOmAr7","S3",3,"Moon Landing Hoax"
"R_1cAc68xwU4RfE91","S3",0,"Mixed / Unclassified"
"R_7CC8ZPAI8Ou44s9","S3",3,"Moon Landing Hoax"
"R_5fy4aD2rweXA8qN","S3",0,"Mixed / Unclassified"
"R_1ToaLQ9rtWRZkM5","S3",0,"Mixed / Unclassified"
"R_3f8ADfT490wePLN","S3",0,"Mixed / Unclassified"
"R_1QrWbp0Y8dlCTYh","S3",16,"9/11 Inside Job Conspiracy"
"R_6ZPSADCM52Zv1Cn","S3",24,"Area 51 Alien Cover-up"
"R_1oA3i8lDLo599Lf","S3",0,"Mixed / Unclassified"
"R_1gLz23PFy4CGZ46","S3",0,"Mixed / Unclassified"
"R_77uPIWQb5upjOZb","S3",0,"Mixed / Unclassified"
"R_1QAc3Hz4SWvfx24","S3",0,"Mixed / Unclassified"
"R_1dX2Ta1iwJk4Z0D","S3",0,"Mixed / Unclassified"
"R_6cSRMZ8hrpEBP9o","S3",0,"Mixed / Unclassified"
"R_7IYJFxyyk8Wly7T","S3",13,"JFK Assassination Conspiracy"
"R_6qwpcw0iOuub0AU","S3",14,"Celebrity death and replacement conspiracies"
"R_7LIdUbHFNL5puvL","S3",0,"Mixed / Unclassified"
"R_7K9sLVKqg1QSXKh","S3",12,"Secret Elite World Control"
"R_1m4rUiCUcbrU5T8","S3",0,"Mixed / Unclassified"
"R_1RV3zO8xazVQnKM","S3",21,"Deliberate COVID-19 Lab Release"
"R_6neX644qUdFZ8iU","S3",0,"Mixed / Unclassified"
"R_6QEEAfWKip5vZUB","S3",16,"9/11 Inside Job Conspiracy"
"R_5xLEIuHL7AIWUfL","S3",3,"Moon Landing Hoax"
"R_5wSGM3iQz1BMnrX","S3",0,"Mixed / Unclassified"
"R_57R9RPlPtnq104x","S3",0,"Mixed / Unclassified"
"R_5lKXktw8cXYG8Rg","S3",21,"Deliberate COVID-19 Lab Release"
"R_3ml6zOdt8QeeMGR","S3",16,"9/11 Inside Job Conspiracy"
"R_7WThMW7qtOXlqfC","S3",0,"Mixed / Unclassified"
"R_3CTsUJId4nPYeiD","S3",18,"Hiding medical cures for profit"
"R_7pEXAkjhGnrZScb","S3",3,"Moon Landing Hoax"
"R_5DqyiH6a3UHwGFg","S3",12,"Secret Elite World Control"
"R_6QElvbHVxy2xIu6","S3",21,"Deliberate COVID-19 Lab Release"
"R_55uV9rkDfjJNA8I","S3",0,"Mixed / Unclassified"
"R_6Pv33hJW1P3gWs8","S3",0,"Mixed / Unclassified"
"R_3TG4lmeZDYPgWOt","S3",0,"Mixed / Unclassified"
"R_52xaKU5HGJWLwOs","S3",0,"Mixed / Unclassified"
"R_7QJ7AvsDBKd5N8R","S3",6,"AI Takeover and Dead Internet"
"R_5ZeS7mnIj0irpBL","S3",0,"Mixed / Unclassified"
"R_1ke2QP37dQrtKmY","S3",0,"Mixed / Unclassified"
"R_6luDtsx3GUWOF3J","S3",3,"Moon Landing Hoax"
"R_28sUbI5RbJ49rvb","S3",3,"Moon Landing Hoax"
"R_7smswkvYDipTgOV","S3",0,"Mixed / Unclassified"
"R_5H69HoItDmgXqN7","S3",0,"Mixed / Unclassified"
"R_11vadVss8ZPv6wx","S3",0,"Mixed / Unclassified"
"R_1tDPUQf26D6hxPQ","S3",0,"Mixed / Unclassified"
"R_6iwKyo3hGsIHmFP","S3",0,"Mixed / Unclassified"
"R_6gOuoM0VXDTo5ar","S3",0,"Mixed / Unclassified"
"R_1UrYw0hJqqARqMN","S3",0,"Mixed / Unclassified"
"R_10C3WFJsJqOJb9S","S3",0,"Mixed / Unclassified"
"R_6k0QbygqbbXHn0Q","S3",16,"9/11 Inside Job Conspiracy"
"R_7eVi3dv0KzpiSkB","S3",21,"Deliberate COVID-19 Lab Release"
"R_36TyJ70yd3YSx0t","S3",3,"Moon Landing Hoax"
"R_6DV960Ay8w5UAsd","S3",0,"Mixed / Unclassified"
"R_6kXEMbKvKqkYqzS","S3",0,"Mixed / Unclassified"
"R_3F20lsUN7UZstAd","S3",0,"Mixed / Unclassified"
"R_73vvuxBTcKQr2W4","S3",12,"Secret Elite World Control"
"R_1iU7OsWtqVSb8ph","S3",12,"Secret Elite World Control"
"R_7i3MCub6L3uDhu1","S3",0,"Mixed / Unclassified"
"R_7QFtVqauSuukQ04","S3",25,"Government alien cover-up"
"R_5Ja3vSUKGzjtIyZ","S3",0,"Mixed / Unclassified"
"R_7HtkMpgZER06IG5","S3",21,"Deliberate COVID-19 Lab Release"
"R_5dJ6Zffl5e5jc2J","S3",0,"Mixed / Unclassified"
"R_1YYtr4LIPTLOVCV","S3",24,"Area 51 Alien Cover-up"
"R_143fuRYt1xl3Dxv","S3",0,"Mixed / Unclassified"
"R_1nithtjxc3HJTXK","S3",0,"Mixed / Unclassified"
"R_5C2cSmzgDK3gTTf","S3",13,"JFK Assassination Conspiracy"
"R_1NWZDCqZYpiWNZv","S3",0,"Mixed / Unclassified"
"R_7D6Kg77SuuQba2S","S3",0,"Mixed / Unclassified"
"R_6inwuSFpuj7INAs","S3",25,"Government alien cover-up"
"R_3MyJCzgtSWGpmrn","S3",3,"Moon Landing Hoax"
"R_5r6Ufy4s0eZVbQI","S3",0,"Mixed / Unclassified"
"R_6wGikpVboO5d9Cz","S3",26,"Existence of Alien Life"
"R_3R4xgYPTKHizWq1","S3",12,"Secret Elite World Control"
"R_71tBPqr2jeQogsa","S3",12,"Secret Elite World Control"
"R_3NDrx1NHnoAFSqK","S3",12,"Secret Elite World Control"
"R_6ROeXAupfOnfgqd","S3",0,"Mixed / Unclassified"
"R_7QDhtNXjWlhviAp","S3",0,"Mixed / Unclassified"
"R_5ozqS6mNvEH9TuJ","S3",3,"Moon Landing Hoax"
"R_5TGM0tkNNYcws3e","S3",20,"Vaccine harms and conspiracies"
"R_7coT1lrEzwD6JNp","S3",12,"Secret Elite World Control"
"R_3oB01tu2mX4hlU8","S3",0,"Mixed / Unclassified"
"R_3wOXgoHKAeDuTZL","S3",3,"Moon Landing Hoax"
"R_1ew7JxG8zd4U1Dp","S3",0,"Mixed / Unclassified"
"R_5QyZoDHy33ZjgPT","S3",25,"Government alien cover-up"
"R_3E9jUPpTvbBGSfT","S3",0,"Mixed / Unclassified"
"R_3Di1seyLTnbnXEX","S3",13,"JFK Assassination Conspiracy"
"R_6qmxjQQHabxyHiZ","S3",0,"Mixed / Unclassified"
"R_358hEaJVUNYt8lz","S3",18,"Hiding medical cures for profit"
"R_5Nn99dActmvnNS1","S3",3,"Moon Landing Hoax"
"R_3IDUI4DJ1C9UDpV","S3",11,"Jeffrey Epstein Death Conspiracies"
"R_6aN4YWKjhNuLmSt","S3",25,"Government alien cover-up"
"R_5PpJP2dm7hdfoTX","S3",25,"Government alien cover-up"
"R_6XbxqFcvP8xy4hs","S3",0,"Mixed / Unclassified"
"R_3Tbbe9NzttULyk9","S3",12,"Secret Elite World Control"
"R_3C62ZdbI39Wm289","S3",0,"Mixed / Unclassified"
"R_7iwxq3Evsn3r7ep","S3",0,"Mixed / Unclassified"
"R_5bGYsVkpRU8C6gM","S3",0,"Mixed / Unclassified"
"R_1YfwIEFegtuGkFa","S3",3,"Moon Landing Hoax"
"R_1tSV4hPZ9WDWRvr","S3",13,"JFK Assassination Conspiracy"
"R_1PUHijNYlxlhVWC","S3",0,"Mixed / Unclassified"
"R_5PSF6Tles2m2Yqt","S3",12,"Secret Elite World Control"
"R_7OJ3ytQarWEcO01","S3",0,"Mixed / Unclassified"
"R_3vYyvEEfMLelQ2k","S3",13,"JFK Assassination Conspiracy"
"R_5Jiq2D6cClKS7qp","S3",7,"Trump as Russian Asset"
"R_5K8wKRvZvB5xa26","S3",13,"JFK Assassination Conspiracy"
"R_6OJRgfgCAbqN0GX","S3",21,"Deliberate COVID-19 Lab Release"
"R_1hG5fFaTuAxz8PZ","S3",3,"Moon Landing Hoax"
"R_1t5mk6N4Xq7yyL2","S3",9,"Election fraud conspiracy beliefs"
"R_7UVozKSnuJQYqH0","S3",24,"Area 51 Alien Cover-up"
"R_1SBry9D2Z2nTRXn","S3",0,"Mixed / Unclassified"
"R_5GKBEwsH6X1LoUE","S3",0,"Mixed / Unclassified"
"R_7UzRugS5UrRDgWd","S3",0,"Mixed / Unclassified"
"R_1PRGW7Sa9do9wGe","S3",21,"Deliberate COVID-19 Lab Release"
"R_1iht7TKTFpqTo25","S3",18,"Hiding medical cures for profit"
"R_6Oq4tWDdNTCdrlM","S3",21,"Deliberate COVID-19 Lab Release"
"R_1WCpwJidTvtrij6","S3",0,"Mixed / Unclassified"
"R_1QYbD35bgrIawo5","S3",0,"Mixed / Unclassified"
"R_5P570qEQKrPCYCt","S3",0,"Mixed / Unclassified"
"R_1mfpm7IxAAtc1tg","S3",0,"Mixed / Unclassified"
"R_1AZ5Cdt27vqYtix","S3",13,"JFK Assassination Conspiracy"
"R_3QGj98lnlEVggvh","S3",8,"Existence of Bigfoot"
"R_3lt5TidxTEbLI73","S3",0,"Mixed / Unclassified"
"R_5chmy9JzODvl5ut","S3",6,"AI Takeover and Dead Internet"
"R_60evnKnYW4kgbaV","S3",0,"Mixed / Unclassified"
"R_6RKTOXwuifhfKnf","S3",16,"9/11 Inside Job Conspiracy"
"R_1C5EFosTuKJLlvz","S3",16,"9/11 Inside Job Conspiracy"
"R_5HFSvVXc2qxvfsl","S3",13,"JFK Assassination Conspiracy"
"R_11vNZA3IT04Jxeh","S3",13,"JFK Assassination Conspiracy"
"R_5Me2JuZ8tC1WJgZ","S3",21,"Deliberate COVID-19 Lab Release"
"R_64oERJAK8gk8gud","S3",21,"Deliberate COVID-19 Lab Release"
"R_7J9hLx5wrMt3mHv","S3",12,"Secret Elite World Control"
"R_1EbeSR1k3i2WsXF","S3",2,"Staged Trump assassination attempt"
"R_3BtVx9u2zOeB5gJ","S3",3,"Moon Landing Hoax"
"R_1VwPj1XyH9Xh2O1","S3",0,"Mixed / Unclassified"
"R_1XWVV1LsG8W18hX","S3",21,"Deliberate COVID-19 Lab Release"
"R_6CO9TtG0r0ph66t","S3",0,"Mixed / Unclassified"
"R_62h5yNa7FyUP88p","S3",3,"Moon Landing Hoax"
"R_332Z2utpM0sWV57","S3",18,"Hiding medical cures for profit"
"R_7FbKKXBhqawc4SL","S3",0,"Mixed / Unclassified"
"R_70mG4UcleLcsKo9","S3",0,"Mixed / Unclassified"
"R_5YRg9GuFdhfsJGj","S3",3,"Moon Landing Hoax"
"R_5rYHHU5e8CObWP6","S3",13,"JFK Assassination Conspiracy"
"R_1SGshjKwfeIBrLH","S3",16,"9/11 Inside Job Conspiracy"
"R_5rd7NRi9C3T01z3","S3",13,"JFK Assassination Conspiracy"
"R_707aartu7KvEQME","S3",13,"JFK Assassination Conspiracy"
"R_1Yq5QOc1bZRxB0l","S3",13,"JFK Assassination Conspiracy"
"R_3llSgscXHAbrEH1","S3",7,"Trump as Russian Asset"
"R_1OenUwYCprGJjsk","S3",16,"9/11 Inside Job Conspiracy"
"R_3DHDcj4KeEXlTZT","S3",0,"Mixed / Unclassified"
"R_71hc1Yjq4lJfzxD","S3",13,"JFK Assassination Conspiracy"
"R_7Bnegb3Pxldyv1G","S3",0,"Mixed / Unclassified"
"R_6Ii8RQrZsg85WfL","S3",0,"Mixed / Unclassified"
"R_5nwn3ccFhyrzfC9","S3",24,"Area 51 Alien Cover-up"
"R_5TMgu2AzVddV1ru","S3",0,"Mixed / Unclassified"
"R_5GlUCgjaM3yQOmk","S3",0,"Mixed / Unclassified"
"R_7OURW23sEZPSI01","S3",0,"Mixed / Unclassified"
"R_7JyGroopk1JuZZs","S3",13,"JFK Assassination Conspiracy"
"R_1gi0fXI92igKDqg","S3",12,"Secret Elite World Control"
"R_6JUZFcRzcX9BEfz","S3",18,"Hiding medical cures for profit"
"R_3pMfYNee7hL7k8Y","S3",3,"Moon Landing Hoax"
"R_5HtWWntlkMj1LYP","S3",0,"Mixed / Unclassified"
"R_6J8VZa7TEpz4wNn","S3",0,"Mixed / Unclassified"
"R_5QRduOIzq5NuQEU","S3",13,"JFK Assassination Conspiracy"
"R_7Ht1Zb6LRcYugcF","S3",13,"JFK Assassination Conspiracy"
"R_7e2QYItVlCurN4W","S3",0,"Mixed / Unclassified"
"R_6KDaQLDktfNErRg","S3",0,"Mixed / Unclassified"
"R_5JvY9XIqv1JQLxh","S3",0,"Mixed / Unclassified"
"R_5GZiKKt7E5uvINj","S3",0,"Mixed / Unclassified"
"R_1cTgXrpLlc9n3mX","S3",13,"JFK Assassination Conspiracy"
"R_5dZihRm4H1tqRGb","S3",0,"Mixed / Unclassified"
"R_7k153VXDQE5FfdR","S3",0,"Mixed / Unclassified"
"R_1imo9m7fiaBWwzT","S3",0,"Mixed / Unclassified"
"R_7kt0iryk9Y8kfnz","S3",16,"9/11 Inside Job Conspiracy"
"R_1qOG2jokmE7E5QR","S3",0,"Mixed / Unclassified"
"R_1MYi4s0KadUk2Yp","S3",0,"Mixed / Unclassified"
"R_5ridpZ8XZh9lsAZ","S3",0,"Mixed / Unclassified"
"R_19j0jMbXTV1LFaB","S3",0,"Mixed / Unclassified"
"R_3OZKiW6g2mj8MwV","S3",0,"Mixed / Unclassified"
"R_1fHKlsplNceP8SV","S3",0,"Mixed / Unclassified"
"R_6qvNF4Tsrn3LMnI","S3",12,"Secret Elite World Control"
"R_593r6OjVIFx0dVv","S3",21,"Deliberate COVID-19 Lab Release"
"R_1bGYdHvdq9UQQHc","S3",9,"Election fraud conspiracy beliefs"
"R_3Jns4LWeu1Hxjxv","S3",0,"Mixed / Unclassified"
"R_6liZq06CQun0G74","S3",25,"Government alien cover-up"
"R_3x7yx5JqToPLJyF","S3",13,"JFK Assassination Conspiracy"
"R_3f2rMoR3FZ9B1yl","S3",12,"Secret Elite World Control"
"R_1LcHRMOJhuuzK7u","S3",0,"Mixed / Unclassified"
"R_55VNdA2RbLqoInf","S3",0,"Mixed / Unclassified"
"R_6KkhoDugg3xFSL9","S3",16,"9/11 Inside Job Conspiracy"
"R_7arC6svxuasnt1o","S3",25,"Government alien cover-up"
"R_1OZcsTL8NucfDyA","S3",0,"Mixed / Unclassified"
"R_7j6ZxVmi79AEu8v","S3",0,"Mixed / Unclassified"
"R_1X7EjEm4ohvqb7M","S3",21,"Deliberate COVID-19 Lab Release"
"R_3OJVSySDq8toYPU","S3",0,"Mixed / Unclassified"
"R_1Ijfk3OoTGnoxC5","S3",21,"Deliberate COVID-19 Lab Release"
"R_10wQLC1zaqcoVvG","S3",16,"9/11 Inside Job Conspiracy"
"R_7uexGyCEgKLvwMV","S3",21,"Deliberate COVID-19 Lab Release"
"R_5h61oWLqLvGbCiA","S3",16,"9/11 Inside Job Conspiracy"
"R_1WOPapyhF6Jv1MT","S3",13,"JFK Assassination Conspiracy"
"R_3WZjBM5hUtGp8iJ","S3",21,"Deliberate COVID-19 Lab Release"
"R_5fDN5ZapYpUYtFf","S3",16,"9/11 Inside Job Conspiracy"
"R_6q1yfr9K1ALKap4","S3",13,"JFK Assassination Conspiracy"
"R_1CvbbQ8m4LXKZDD","S3",0,"Mixed / Unclassified"
"R_546pLbIwoAr00Ot","S3",0,"Mixed / Unclassified"
"R_6pJNvRGSViwbfrz","S3",13,"JFK Assassination Conspiracy"
"R_7StWAYezWFDwFj3","S3",13,"JFK Assassination Conspiracy"
"R_1IXCPR9M56dXR8J","S3",0,"Mixed / Unclassified"
"R_3k04ahM4e4pEAdg","S3",21,"Deliberate COVID-19 Lab Release"
"R_708YpZDx2J0jmbY","S3",9,"Election fraud conspiracy beliefs"
"R_1h0FSCfTE8heC0k","S3",0,"Mixed / Unclassified"
"R_5k9YBc0REBPsk8x","S3",16,"9/11 Inside Job Conspiracy"
"R_7jy6C81X5SFvdBz","S3",0,"Mixed / Unclassified"
"R_3rV7CvYn0h4P7iH","S3",13,"JFK Assassination Conspiracy"
"R_6mr5MutXeTTogny","S3",0,"Mixed / Unclassified"
"R_1jqvi7ajS7hV0vs","S3",16,"9/11 Inside Job Conspiracy"
"R_5CyB2UowLCsS7x5","S3",0,"Mixed / Unclassified"
"R_71shtOlMlXbFLXr","S3",9,"Election fraud conspiracy beliefs"
"R_1rJ3aYROKYquH5p","S3",0,"Mixed / Unclassified"
"R_1lxIEh9dYl0iOad","S3",3,"Moon Landing Hoax"
"R_7HZzqS3D35yMVHB","S3",20,"Vaccine harms and conspiracies"
"R_3CKFpSeb2VRNIO6","S3",16,"9/11 Inside Job Conspiracy"
"R_7txxaDuy3oLsfyW","S3",0,"Mixed / Unclassified"
"R_6dSBUzxjAWlMuDs","S3",13,"JFK Assassination Conspiracy"
"R_3ds7ctWFy4J9w82","S3",18,"Hiding medical cures for profit"
"R_3AGVjA4Jzi0lWhb","S3",3,"Moon Landing Hoax"
"R_7nooP115te6YHsi","S3",0,"Mixed / Unclassified"
"R_5mhNsukRljyxFuN","S3",13,"JFK Assassination Conspiracy"
"R_5W0ueBE7TuQYxWx","S3",0,"Mixed / Unclassified"
"R_1aDk7bNdD5gAdNh","S3",12,"Secret Elite World Control"
"R_5QuIAnma4gvM1Sa","S3",0,"Mixed / Unclassified"
"R_6fN1zopQ9Wx4qCM","S3",0,"Mixed / Unclassified"
"R_58GHumizcxRUYiR","S3",25,"Government alien cover-up"
"R_7ztFM82DyHnFA9b","S3",19,"Chemtrail Conspiracy Beliefs"
"R_7dg4ogo5SbVmQ13","S3",6,"AI Takeover and Dead Internet"
"R_6eqRcbZw4WesYP4","S3",21,"Deliberate COVID-19 Lab Release"
"R_6JCQxI31axvboo3","S3",0,"Mixed / Unclassified"
"R_1CTlHTtqjH9u9u1","S3",0,"Mixed / Unclassified"
"R_30obdNQjUDLJKto","S3",0,"Mixed / Unclassified"
"R_3rpihZnYIxItgNv","S3",16,"9/11 Inside Job Conspiracy"
"R_1lSaAA2r1Vbq5F0","S3",3,"Moon Landing Hoax"
"R_1yqR1k4DEK0yquu","S3",13,"JFK Assassination Conspiracy"
"R_5RPyT95BRsuh7JW","S3",13,"JFK Assassination Conspiracy"
"R_7fkjsl9RpcAbsNc","S3",0,"Mixed / Unclassified"
"R_3wmcGZVU5uAwRmd","S3",13,"JFK Assassination Conspiracy"
"R_3wnmaOCeNk4OKe5","S3",0,"Mixed / Unclassified"
"R_3eajdJmEzXsF1QL","S3",0,"Mixed / Unclassified"
"R_5RfqL6AqwuzPK01","S3",21,"Deliberate COVID-19 Lab Release"
"R_3GCFZDSIulz6bJ3","S3",0,"Mixed / Unclassified"
"R_5eypzY1rlvsAJ8R","S3",21,"Deliberate COVID-19 Lab Release"
"R_59husIS8wnSPgBX","S3",0,"Mixed / Unclassified"
"R_6S6UyoXDrJymY9H","S3",0,"Mixed / Unclassified"
"R_1Ed1eZCyci64cFO","S3",0,"Mixed / Unclassified"
"R_5PzgCyls9DP89BD","S3",9,"Election fraud conspiracy beliefs"
"R_7erzn1XdMGgcdHj","S3",0,"Mixed / Unclassified"
"R_7jeowzCorbtuJYT","S3",16,"9/11 Inside Job Conspiracy"
"R_30MJpqSJkjBqdVO","S3",12,"Secret Elite World Control"
"R_1ndBbfx14dDsdXV","S3",0,"Mixed / Unclassified"
"R_5scATCpAkNWZmzw","S3",2,"Staged Trump assassination attempt"
"R_68B6NIXkllbZcpm","S3",13,"JFK Assassination Conspiracy"
"R_6DwtLqRJwP57DRP","S3",13,"JFK Assassination Conspiracy"
"R_6pFeGEHtehtcSHO","S3",16,"9/11 Inside Job Conspiracy"
"R_3I5VZZ3C73lE0xz","S3",3,"Moon Landing Hoax"
"R_5L7Htxs8UFHHKQr","S3",0,"Mixed / Unclassified"
"R_7YnXGbBCGvqe5b3","S3",25,"Government alien cover-up"
"R_1t3GQrnxEsq3KdH","S3",13,"JFK Assassination Conspiracy"
"R_510erddhmy6sThL","S3",0,"Mixed / Unclassified"
"R_74jTA97z92bJoVV","S3",0,"Mixed / Unclassified"
"R_69j1mwCOLHzZG9j","S3",0,"Mixed / Unclassified"
"R_5oz3qCGFi7vOi7n","S3",0,"Mixed / Unclassified"
"R_7SLuUTYTQj7yKXf","S3",13,"JFK Assassination Conspiracy"
"R_5UToIGvxQzU2tLH","S3",16,"9/11 Inside Job Conspiracy"
"R_7RtIxncMbnN4GgV","S3",0,"Mixed / Unclassified"
"R_5cbVVZlcjSYnuey","S3",18,"Hiding medical cures for profit"
"R_3tv5rY1REJbzNOV","S3",7,"Trump as Russian Asset"
"R_3FLO134O8X9RBDB","S3",25,"Government alien cover-up"
"R_1knqatG66iodPM8","S3",24,"Area 51 Alien Cover-up"
"R_5FWoezWclRm7Lth","S3",0,"Mixed / Unclassified"
"R_3RoThE8UKPCOyBz","S3",0,"Mixed / Unclassified"
"R_14NawdSXnKe7hFM","S3",12,"Secret Elite World Control"
"R_37vrFd77Qgu21Uy","S3",0,"Mixed / Unclassified"
"R_1zW48NWZxdAoo6t","S3",0,"Mixed / Unclassified"
"R_7P5ruvnUvk9jLs0","S3",6,"AI Takeover and Dead Internet"
"R_6IRRZ5A3IYywHye","S3",3,"Moon Landing Hoax"
"R_1w1RU1p3JifDqox","S3",12,"Secret Elite World Control"
"R_6Jz2QFZEuzFHRhn","S3",0,"Mixed / Unclassified"
"R_6G3UCiQ05CxNmJ2","S3",3,"Moon Landing Hoax"
"R_1HcsWQOjRSGxIu5","S3",0,"Mixed / Unclassified"
"R_62fkfpiD28zKuGT","S3",0,"Mixed / Unclassified"
"R_7bOu1ELtj6oeod0","S3",0,"Mixed / Unclassified"
"R_68ehCTKqlI6tLQ5","S3",13,"JFK Assassination Conspiracy"
"R_5BnWBBaoLYsretH","S3",11,"Jeffrey Epstein Death Conspiracies"
"R_5nxcHQq5zIa4HEn","S3",12,"Secret Elite World Control"
"R_3lShV8lMD4fJQFb","S3",16,"9/11 Inside Job Conspiracy"
"R_3AoWkRKIgfbsP7z","S3",12,"Secret Elite World Control"
"R_5rUDjQiYPeDJzQs","S3",16,"9/11 Inside Job Conspiracy"
"R_1KxOiigiJvsA3aX","S3",12,"Secret Elite World Control"
"R_11yzo4JcoygGNEX","S3",0,"Mixed / Unclassified"
"R_6ni15JZGMnoGjlH","S3",18,"Hiding medical cures for profit"
"R_3QnY9GZ1gaFLOfr","S3",21,"Deliberate COVID-19 Lab Release"
"R_7LMBCulhvJ8uqcH","S3",12,"Secret Elite World Control"
"R_7YZhnUqkYs9AK7T","S3",0,"Mixed / Unclassified"
"R_6od2BlI1hPP2mQx","S3",0,"Mixed / Unclassified"
"R_6bKaZhavZyKWlUt","S3",21,"Deliberate COVID-19 Lab Release"
"R_749FRfj8C2HGM4V","S3",12,"Secret Elite World Control"
"R_1nI9x6avRnCsUb3","S3",7,"Trump as Russian Asset"
"R_3EuGXjHhE6Qs4TF","S3",0,"Mixed / Unclassified"
"R_5OzYs9s505zIdQl","S3",0,"Mixed / Unclassified"
"R_6VdmALQlHzkt2Sd","S3",3,"Moon Landing Hoax"
"R_3GMLIgLp4rKmlgd","S3",25,"Government alien cover-up"
"R_3s7xlNp4LpO8XkS","S3",13,"JFK Assassination Conspiracy"
"R_1mq1qi5faPmsH8g","S3",12,"Secret Elite World Control"
"R_6rql2O5ULywAcy0","S3",16,"9/11 Inside Job Conspiracy"
"R_3Znft7Ywc9QZKQ9","S3",12,"Secret Elite World Control"
"R_15XWINLaJ8K2Mrn","S3",0,"Mixed / Unclassified"
"R_1Zr5cGUFjZNUB8t","S3",12,"Secret Elite World Control"
"R_3JIZ6AaB8FPup5e","S3",12,"Secret Elite World Control"
"R_57l11z5KT0MRsrS","S3",0,"Mixed / Unclassified"
"R_3TQNHTcx8oIKca5","S3",12,"Secret Elite World Control"
"R_7MJNiU6VVBPjAoM","S3",12,"Secret Elite World Control"
"R_3aPH7tni45MGPc0","S3",3,"Moon Landing Hoax"
"R_5c6uMnfkJ5OScGB","S3",0,"Mixed / Unclassified"
"R_1Poz4uJbr3ZaDwF","S3",12,"Secret Elite World Control"
"R_1bcXcKA3IBlfXc5","S3",0,"Mixed / Unclassified"
"R_5fH0fVUbwxgfHcT","S3",0,"Mixed / Unclassified"
"R_7tDmb0NpcsAg4vU","S3",0,"Mixed / Unclassified"
"R_1eh9kA4ctTu3Svf","S3",12,"Secret Elite World Control"
"R_1PXZSoT6zMUvEtw","S3",0,"Mixed / Unclassified"
"R_3symfhamrxCN2p3","S3",13,"JFK Assassination Conspiracy"
"R_6i9hlmHpIZp9byb","S3",21,"Deliberate COVID-19 Lab Release"
"R_5J3jwrMZMfruhjz","S3",0,"Mixed / Unclassified"
"R_6UhFpKez1GCCxLS","S3",16,"9/11 Inside Job Conspiracy"
"R_3qb75P8wPy56L5G","S3",0,"Mixed / Unclassified"
"R_6djHxe1SCUpVjZT","S3",0,"Mixed / Unclassified"
"R_1nT9OyJbQWOeQMO","S3",0,"Mixed / Unclassified"
"R_5kAp0vYGw0SLxS2","S3",0,"Mixed / Unclassified"
"R_5v4qnLxAnqy8kEN","S3",19,"Chemtrail Conspiracy Beliefs"
"R_5rNGjBDNulf2bgt","S3",16,"9/11 Inside Job Conspiracy"
"R_3vZmjGzzFAUUelj","S3",0,"Mixed / Unclassified"
"R_3Tq30iM4gEIqVQu","S3",25,"Government alien cover-up"
"R_30bKi2w8HIHMJe2","S3",21,"Deliberate COVID-19 Lab Release"
"R_5ZDszO53i5mvUVr","S3",0,"Mixed / Unclassified"
"R_5YgKB3abXl3z6at","S3",18,"Hiding medical cures for profit"
"R_53nVMEH6H9hfnJn","S3",18,"Hiding medical cures for profit"
"R_5ja1F3ILdkBLTHI","S3",13,"JFK Assassination Conspiracy"
"R_1txKmn5fwBo0lN9","S3",0,"Mixed / Unclassified"
"R_1njBvTDHMtqPp0S","S3",0,"Mixed / Unclassified"
"R_1dfrP4B5a3qjAhX","S3",0,"Mixed / Unclassified"
"R_6cvKQ1AohJJ3O3A","S3",0,"Mixed / Unclassified"
"R_7nTTyDsuY67ZS4Y","S3",18,"Hiding medical cures for profit"
"R_54tQ5U0yPtQ9kv3","S3",0,"Mixed / Unclassified"
"R_1GP8eDSGs7UfgjJ","S3",25,"Government alien cover-up"
"R_7rxhszkDogWCEPR","S3",21,"Deliberate COVID-19 Lab Release"
"R_3He3SjwIAXZNgEd","S3",16,"9/11 Inside Job Conspiracy"
"R_7HepyLmzMBtMLlB","S3",18,"Hiding medical cures for profit"
"R_5CduETt8oCFgbBg","S3",12,"Secret Elite World Control"
"R_6Lol1due8mcApgR","S3",12,"Secret Elite World Control"
"R_6VrqXUc0elfo5fU","S3",21,"Deliberate COVID-19 Lab Release"
"R_7CK2RYgdQ7eMygP","S3",13,"JFK Assassination Conspiracy"
"R_77eqnFVgOxToba3","S3",21,"Deliberate COVID-19 Lab Release"
"R_7ME9OS0ORJWzwIW","S3",0,"Mixed / Unclassified"
"R_7AMrmAkU2Hm4ltq","S3",0,"Mixed / Unclassified"
"R_732E1cNwlFpP0J8","S3",13,"JFK Assassination Conspiracy"
"R_3h5RKq8StYSVaNP","S3",3,"Moon Landing Hoax"
"R_7pbSjdad9LawrBs","S3",0,"Mixed / Unclassified"
"R_5YohCEcEp2pP4Jw","S3",0,"Mixed / Unclassified"
"R_3O0INVA4kH5TmFt","S3",0,"Mixed / Unclassified"
"R_6hcqA3fR2F4Y5sj","S3",21,"Deliberate COVID-19 Lab Release"
"R_5MA2LaBqfwEA1iz","S3",3,"Moon Landing Hoax"
"R_1YRFXgLDReHWkq6","S3",0,"Mixed / Unclassified"
"R_1wFVtPLshGP33pm","S3",0,"Mixed / Unclassified"
"R_1TMosC1ufcZFTYA","S3",0,"Mixed / Unclassified"
"R_1fqVKpwLwS2l1sY","S3",13,"JFK Assassination Conspiracy"
"R_1Oe4YKq21MeAc73","S3",8,"Existence of Bigfoot"
"R_6wmp2B52rE1rvvg","S3",0,"Mixed / Unclassified"
"R_1AT3ukC7Fj5fsJB","S3",3,"Moon Landing Hoax"
"R_5TEMFLgHHG8iUUh","S3",0,"Mixed / Unclassified"
"R_5D2e7Q1BjgDpCzc","S3",21,"Deliberate COVID-19 Lab Release"
"R_7hhF9MlamopsBJ1","S3",0,"Mixed / Unclassified"
"R_7hGRepVZ1qr274B","S3",13,"JFK Assassination Conspiracy"
"R_1eQZEQNBSaDRLUp","S3",16,"9/11 Inside Job Conspiracy"
"R_7EhANSMHqXEQ3K3","S3",16,"9/11 Inside Job Conspiracy"
"R_30To4Sy1iB523Np","S3",2,"Staged Trump assassination attempt"
"R_30PmfQHiLMH0Xo3","S3",25,"Government alien cover-up"
"R_7nNP0Ml16lRJodM","S3",3,"Moon Landing Hoax"
"R_50y1AGO4YwPixyN","S3",13,"JFK Assassination Conspiracy"
"R_7LNXGiKa1kHzCHn","S3",0,"Mixed / Unclassified"
"R_5DjbmNkCVg0gHuJ","S3",0,"Mixed / Unclassified"
"R_3SHUdwr1qEFuw6U","S3",3,"Moon Landing Hoax"
"R_1pAMjL5lucUdyHx","S3",25,"Government alien cover-up"
"R_1dN835VqKC9sbEd","S3",7,"Trump as Russian Asset"
"R_3soEnMYKXUopYVz","S3",3,"Moon Landing Hoax"
"R_5yfQtlzY1hAJnlD","S3",18,"Hiding medical cures for profit"
"R_57URYiH9yv1oaGN","S3",3,"Moon Landing Hoax"
"R_58jWu8mQvkQWuPf","S3",21,"Deliberate COVID-19 Lab Release"
"R_5wbKGaGjJuB1kXs","S3",0,"Mixed / Unclassified"
"R_3dQrRZF3zHbXCOB","S3",0,"Mixed / Unclassified"
"R_6BslyJou4tft5S1","S3",0,"Mixed / Unclassified"
"R_6cERPusbWDFey3f","S3",21,"Deliberate COVID-19 Lab Release"
"R_6CwkhtF7203HeTL","S3",0,"Mixed / Unclassified"
"R_1QIWzPFnFLcQ2Hv","S3",13,"JFK Assassination Conspiracy"
"R_3DRFTYpa83tgOJ5","S3",21,"Deliberate COVID-19 Lab Release"
"R_6e1lDDjdiE2AVb3","S3",25,"Government alien cover-up"
"R_3QRql2EXIqKe7Om","S3",3,"Moon Landing Hoax"
"R_3gSGLMOIrYFEGgw","S3",0,"Mixed / Unclassified"
"R_5VCjZqsg1eXYmqP","S3",3,"Moon Landing Hoax"
"R_7pRIkT0jKtwaZei","S3",0,"Mixed / Unclassified"
"R_77RWhzS4GbfKy1H","S3",0,"Mixed / Unclassified"
"R_5FViUZuukoFtKGU","S3",0,"Mixed / Unclassified"
"R_55MMZu4UhafLzHz","S3",6,"AI Takeover and Dead Internet"
"R_65N1bKNDMsWNMMz","S3",12,"Secret Elite World Control"
"R_7R9hso37z1eoQKc","S3",21,"Deliberate COVID-19 Lab Release"
"R_3kbKLv2r2gfxxO9","S3",3,"Moon Landing Hoax"
"R_6Du5h9K7OeYGasA","S3",7,"Trump as Russian Asset"
"R_3ASUdTgSy70aBA7","S3",25,"Government alien cover-up"
"R_1QGyiqeT2ajBfWM","S3",21,"Deliberate COVID-19 Lab Release"
"R_6q96q1Axo8HunUZ","S3",3,"Moon Landing Hoax"
"R_30GfqEmqtme2KNf","S3",25,"Government alien cover-up"
"R_1Xch09PXp0NXY9y","S3",13,"JFK Assassination Conspiracy"
"R_3b2espwP7i0o8TP","S3",21,"Deliberate COVID-19 Lab Release"
"R_5WofHbrK3HgTiM1","S3",21,"Deliberate COVID-19 Lab Release"
"R_6Km3PQV9QBoHoIn","S3",13,"JFK Assassination Conspiracy"
"R_1NmMmOXv9IYYAAF","S3",20,"Vaccine harms and conspiracies"
"R_3cmpYuGaYIExZjb","S3",0,"Mixed / Unclassified"
"R_6JKBtJ6MIIaHlqF","S3",21,"Deliberate COVID-19 Lab Release"
"R_5eb04rHQkj2pu81","S3",18,"Hiding medical cures for profit"
"R_6mWcimtUnV4bLvD","S3",9,"Election fraud conspiracy beliefs"
"R_5BrSreK7Ryzv9YJ","S3",0,"Mixed / Unclassified"
"R_7riQNby7gHhDIfU","S3",16,"9/11 Inside Job Conspiracy"
"R_3HPSc0ekP8GpiQp","S3",13,"JFK Assassination Conspiracy"
"R_673SADe6UCtdd9S","S3",24,"Area 51 Alien Cover-up"
"R_6pSgztJmXmHQdkI","S3",0,"Mixed / Unclassified"
"R_38X3B7ix735xdSx","S3",0,"Mixed / Unclassified"
"R_7aLvmah5FRb5R8B","S3",16,"9/11 Inside Job Conspiracy"
"R_3Fza21KWXn0h6rR","S3",12,"Secret Elite World Control"
"R_5OS7UouVbnLif2p","S3",9,"Election fraud conspiracy beliefs"
"R_7KdeWodstIwhBYZ","S3",12,"Secret Elite World Control"
"R_67sC76qmcqBvb8c","S3",18,"Hiding medical cures for profit"
"R_7OHJ8zlEt8nxdXG","S3",16,"9/11 Inside Job Conspiracy"
"R_1U8UziJ9rNxkqFf","S3",25,"Government alien cover-up"
"R_5flO3Mt5YPirjNW","S3",0,"Mixed / Unclassified"
"R_7ImaQHuHtKrcIXU","S3",12,"Secret Elite World Control"
"R_7S19fG2IvjJa2Or","S3",0,"Mixed / Unclassified"
"R_6jZIue51RhkbIJ9","S3",14,"Celebrity death and replacement conspiracies"
"R_1VopDsqz2VqvZgR","S3",2,"Staged Trump assassination attempt"
"R_1Sdai5HQmiUdVqH","S3",12,"Secret Elite World Control"
"R_7mWNyruVHL7Bf1u","S3",13,"JFK Assassination Conspiracy"
"R_3G2Gq6G4U3KqGOL","S3",3,"Moon Landing Hoax"
"R_5QlmAH2efNj3kml","S3",3,"Moon Landing Hoax"
"R_36H29yofLlUzEop","S3",0,"Mixed / Unclassified"
"R_3riVoVPtx3Y7lm1","S3",0,"Mixed / Unclassified"
"R_3JxWgT6b0mFIjCa","S3",0,"Mixed / Unclassified"
"R_5OGB8YvLEAm45Ca","S3",0,"Mixed / Unclassified"
"R_7RP4hcrl60PT3p9","S3",21,"Deliberate COVID-19 Lab Release"
"R_7urjiZeP1LuybwE","S3",0,"Mixed / Unclassified"
"R_6hiNygPGvjQYaEI","S3",21,"Deliberate COVID-19 Lab Release"
"R_59nYwuPoGbNMx9o","S3",0,"Mixed / Unclassified"
"R_7khMiVsrkqgZDht","S3",11,"Jeffrey Epstein Death Conspiracies"
"R_5KMz1YleuabVUXn","S3",9,"Election fraud conspiracy beliefs"
"R_3R4CXZH4Ta7Fc77","S3",18,"Hiding medical cures for profit"
"R_5xFejGyUCtEBmPI","S3",0,"Mixed / Unclassified"
"R_6fVT0GIxi4sopKe","S3",6,"AI Takeover and Dead Internet"
"R_6Qc5Fk897FEAL8Z","S3",0,"Mixed / Unclassified"
"R_5pOk9iKh7OHwmHv","S3",13,"JFK Assassination Conspiracy"
"R_5PBwxIlNDGQ3kCE","S3",0,"Mixed / Unclassified"
"R_1D0CHj4oykSEGcJ","S3",21,"Deliberate COVID-19 Lab Release"
"R_7MyOJUUeusL0N08","S3",13,"JFK Assassination Conspiracy"
"R_6lWGLVkgomkC94e","S3",0,"Mixed / Unclassified"
"R_5mr8TOEfDrseFEd","S3",21,"Deliberate COVID-19 Lab Release"
"R_73WCpxwnfza3SAu","S3",3,"Moon Landing Hoax"
"R_1dafE9Ybi0e98hf","S3",3,"Moon Landing Hoax"
"R_5EY7ZDP7x2byS6B","S3",0,"Mixed / Unclassified"
"R_3Pj8hNLWiKfyVul","S3",3,"Moon Landing Hoax"
"R_3pT3gkBE8w4o32U","S3",3,"Moon Landing Hoax"
"R_7DsaqQK6u4q9bgJ","S3",0,"Mixed / Unclassified"
"R_7BDgx95kdVrR4ul","S3",24,"Area 51 Alien Cover-up"
"R_5WONu9Iyo3uiVUJ","S3",25,"Government alien cover-up"
"R_6gA9sknPecrKMm9","S3",13,"JFK Assassination Conspiracy"
"R_6JEKZVYDBphQ8It","S3",0,"Mixed / Unclassified"
"R_3EhdJAa5o4lsoZK","S3",0,"Mixed / Unclassified"
"R_1phkHfRgTfWcN09","S3",0,"Mixed / Unclassified"
"R_3XeEqeUjvjzwAox","S3",3,"Moon Landing Hoax"
"R_7CNSy5TkLpMyUVi","S3",16,"9/11 Inside Job Conspiracy"
"R_5wMl2uY58bWbl7c","S3",0,"Mixed / Unclassified"
"R_5b0HoeVnB1fRksv","S3",12,"Secret Elite World Control"
"R_5otd4eDqLrnRS6m","S3",0,"Mixed / Unclassified"
"R_7J1i3WenLk57PAR","S3",0,"Mixed / Unclassified"
"R_6CQnpXJ7HpR2Bpc","S3",12,"Secret Elite World Control"
"R_1IvkLToaXum5h12","S3",0,"Mixed / Unclassified"
"R_1tSpU1uCXD1ptJf","S3",0,"Mixed / Unclassified"
"R_5u4cDDlgZ2Vtt1T","S3",0,"Mixed / Unclassified"
"R_1G81KLKPCrVU0ll","S3",0,"Mixed / Unclassified"
"R_5nH7zy1aNL56YAE","S3",13,"JFK Assassination Conspiracy"
"R_52MqKPkfWc27905","S3",0,"Mixed / Unclassified"
"R_5IRbDxYI2JB9i9A","S3",21,"Deliberate COVID-19 Lab Release"
"R_6Qf9UMBcVsmuwIV","S3",25,"Government alien cover-up"
"R_3dWLglKeLvoxn7H","S3",21,"Deliberate COVID-19 Lab Release"
"R_3CNtTEU52GcFfKA","S3",0,"Mixed / Unclassified"
"R_5nPneraUR4h8Afa","S3",16,"9/11 Inside Job Conspiracy"
"R_11h3O8x1J24Cxep","S3",0,"Mixed / Unclassified"
"R_6KlPWxhHVDKcf3X","S3",0,"Mixed / Unclassified"
"R_1VpmL768Pm9Jwsx","S3",0,"Mixed / Unclassified"
"R_30YV4vJjjFnwnbS","S3",0,"Mixed / Unclassified"
"R_514x3nS4zSJ2K0p","S3",0,"Mixed / Unclassified"
"R_3PUGCSKElPyl3BT","S3",0,"Mixed / Unclassified"
"R_1WEvSZfL7rVKbqp","S3",24,"Area 51 Alien Cover-up"
"R_1YWBGvc6mLQf1X6","S3",0,"Mixed / Unclassified"
"R_1RJCTnBzrm7HTxv","S3",25,"Government alien cover-up"
"R_6E78vfhP1unR9tA","S3",13,"JFK Assassination Conspiracy"
"R_7KIRxUJkOKca1P3","S3",7,"Trump as Russian Asset"
"R_5IQn0SP5n3NVKb7","S3",0,"Mixed / Unclassified"
"R_1TG8ZPI3ukqaE8N","S3",3,"Moon Landing Hoax"
"R_7oBXLYSrQp7At17","S3",3,"Moon Landing Hoax"
"R_6SpJfS8slzQfXUb","S3",21,"Deliberate COVID-19 Lab Release"
"R_61sy6IyGMjXfYc3","S3",24,"Area 51 Alien Cover-up"
"R_3cwJwnbCheSZcO4","S3",0,"Mixed / Unclassified"
"R_3QX9dm0GN9biQdH","S3",16,"9/11 Inside Job Conspiracy"
"R_1k1ZNHOqL3gR7AD","S3",25,"Government alien cover-up"
"R_6WNEl8614m0tm1R","S3",18,"Hiding medical cures for profit"
"R_7BY7mhJJQh0fDW1","S3",18,"Hiding medical cures for profit"
"R_7ZUODItDhrgi17B","S3",13,"JFK Assassination Conspiracy"
"R_3WD37BRtg88viO5","S3",21,"Deliberate COVID-19 Lab Release"
"R_7UoFHwdJML1HQqt","S3",0,"Mixed / Unclassified"
"R_5xREBEkA5NmXAlb","S3",3,"Moon Landing Hoax"
"R_7F964pUF0wWbnMg","S3",0,"Mixed / Unclassified"
"R_72RDP5iffWCRLXD","S3",13,"JFK Assassination Conspiracy"
"R_6ruwr2N1wYOZVYV","S3",13,"JFK Assassination Conspiracy"
"R_7EdidItyNpD7Uin","S3",0,"Mixed / Unclassified"
"R_16xeaAR0X8k8rqp","S3",24,"Area 51 Alien Cover-up"
"R_6LAigGkhoq5CMLf","S3",3,"Moon Landing Hoax"
"R_3WH5zMDBwJ6Gn9n","S3",3,"Moon Landing Hoax"
"R_7CHmHTKXcBJhnvg","S3",16,"9/11 Inside Job Conspiracy"
"R_1khyCbjb3i9Jzod","S3",0,"Mixed / Unclassified"
"R_5JkPN31ryMe5Lb1","S3",13,"JFK Assassination Conspiracy"
"R_1EA2lI5SlaDifTR","S3",0,"Mixed / Unclassified"
"R_7JX5UX1TIuzpDP9","S3",0,"Mixed / Unclassified"
"R_7CKsmE5exHJybRO","S3",12,"Secret Elite World Control"
"R_3O3dsmpQVIpsY93","S3",18,"Hiding medical cures for profit"
"R_3B5MERLaZwIVoGF","S3",21,"Deliberate COVID-19 Lab Release"
"R_5dPY4z36LQCqDat","S3",16,"9/11 Inside Job Conspiracy"
"R_3v68qE3kUL2sHcP","S3",0,"Mixed / Unclassified"
"R_1rN4cuTznTD44yq","S3",16,"9/11 Inside Job Conspiracy"
"R_1cV6JG9pyzutrGg","S3",0,"Mixed / Unclassified"
"R_6CNKP1fZHH4E0UP","S3",13,"JFK Assassination Conspiracy"
"R_3wPZpTpXM4iKLtv","S3",3,"Moon Landing Hoax"
"R_7bOyzBYO2Q3RwbH","S3",13,"JFK Assassination Conspiracy"
"R_1jYBfGPm5LDyrNl","S3",24,"Area 51 Alien Cover-up"
"R_526uN1hoMXovzk5","S3",0,"Mixed / Unclassified"
"R_1QH5FtNPCNAfpUE","S3",0,"Mixed / Unclassified"
"R_54wp9ZSuGt6A3I0","S3",0,"Mixed / Unclassified"
"R_7Pu5wP2ptlzwkD4","S3",0,"Mixed / Unclassified"
"R_3dYAoHq5fOMwoSu","S3",0,"Mixed / Unclassified"
"R_1AZ2R7H38eJvpOn","S3",12,"Secret Elite World Control"
"R_10ZR6RyxF2o551u","S3",21,"Deliberate COVID-19 Lab Release"
"R_6sc3aDfDb1G5NxM","S3",0,"Mixed / Unclassified"
"R_7Cj5UuGt9KVHh7P","S3",24,"Area 51 Alien Cover-up"
"R_3gFdyPCuurcXKfL","S3",0,"Mixed / Unclassified"
"R_6YaFk2woEKv5p1q","S3",3,"Moon Landing Hoax"
"R_71vPMQ3aI7WNGvL","S3",0,"Mixed / Unclassified"
"R_3ranmtAQCr7R3aN","S3",3,"Moon Landing Hoax"
"R_7IWQVaM1buITN0S","S3",0,"Mixed / Unclassified"
"R_6y8H8vgOAUT3Ghh","S3",16,"9/11 Inside Job Conspiracy"
"R_3m8pw9WuS7kyuGe","S3",0,"Mixed / Unclassified"
"R_5DjUV8stnWfzCqN","S3",13,"JFK Assassination Conspiracy"
"R_1FVvT1GiZsq4jth","S3",0,"Mixed / Unclassified"
"R_1RGnf09yJZMpPAR","S3",0,"Mixed / Unclassified"
"R_6R4oyMToylDfFTn","S3",0,"Mixed / Unclassified"
"R_7iEkf8ClGf7BBPr","S3",3,"Moon Landing Hoax"
"R_6ikhq9IQJdnAxpf","S3",12,"Secret Elite World Control"
"R_5G2tOFobpJU5xoW","S3",24,"Area 51 Alien Cover-up"
"R_5QbYDe0xgiT6xFJ","S3",3,"Moon Landing Hoax"
"R_6YEzQQiJcthQH5T","S3",0,"Mixed / Unclassified"
"R_3mazaRQxlL8QceZ","S3",14,"Celebrity death and replacement conspiracies"
"R_3nXtkfBrF9tJzNv","S3",3,"Moon Landing Hoax"
"R_7OHR3Y15sRuYPvP","S3",18,"Hiding medical cures for profit"
"R_7rJ0K2J2Gtpucoh","S3",0,"Mixed / Unclassified"
"R_3QJke6c08OfR6G4","S3",0,"Mixed / Unclassified"
"R_5JfAataGQsJuhwJ","S3",3,"Moon Landing Hoax"
"R_5RownqG9XVIZVYJ","S3",12,"Secret Elite World Control"
"R_5bTdRvKI6GwZMfi","S3",16,"9/11 Inside Job Conspiracy"
"R_7yIdUROoApHnRZv","S3",18,"Hiding medical cures for profit"
"R_32QgA1bOdyVQm4x","S3",0,"Mixed / Unclassified"
"R_5PAwEs55LJvjZlt","S3",0,"Mixed / Unclassified"
"R_7vWJx9Lrl1WsgNj","S3",0,"Mixed / Unclassified"
"R_7COeyoyhe6hyIsk","S3",18,"Hiding medical cures for profit"
"R_6FH5MBmmpBI835L","S3",18,"Hiding medical cures for profit"
"R_3RwPMpnn2gP6gM5","S3",13,"JFK Assassination Conspiracy"
"R_677fAohbZCRbLlr","S3",0,"Mixed / Unclassified"
"R_330CbNDvrQccyc1","S3",24,"Area 51 Alien Cover-up"
"R_3U5A5UCcQtbanAp","S3",0,"Mixed / Unclassified"
"R_7JFJcQCrLu5Sj4T","S3",0,"Mixed / Unclassified"
"R_6V7HD2zY0zql2xl","S3",12,"Secret Elite World Control"
"R_1hYCfWtwoQc2yJC","S3",24,"Area 51 Alien Cover-up"
"R_62YRCkdHUo7WkO5","S3",0,"Mixed / Unclassified"
"R_72oO0phsv225ROF","S3",18,"Hiding medical cures for profit"
"R_3QbflJe2QP2fnbz","S3",16,"9/11 Inside Job Conspiracy"
"R_1P5vNeW1JDhg0kx","S3",0,"Mixed / Unclassified"
"R_3QnFjYxx05E19aK","S3",0,"Mixed / Unclassified"
"R_5aZeYolpCO2bUFX","S3",16,"9/11 Inside Job Conspiracy"
"R_50Zl9GfeNIQ96Bn","S3",18,"Hiding medical cures for profit"
"R_56i06QdbfzuGHsG","S3",0,"Mixed / Unclassified"
"R_1qq2ngNaeXIEac3","S3",0,"Mixed / Unclassified"
"R_56sThPGSjRRmrXr","S3",18,"Hiding medical cures for profit"
"R_5QFLLao5GdgsRUX","S3",0,"Mixed / Unclassified"
"R_3dAg0scZZM3W8k7","S3",25,"Government alien cover-up"
"R_597YEUo65VX7oLT","S3",0,"Mixed / Unclassified"
"R_3PGZOkficT0KCAL","S3",0,"Mixed / Unclassified"
"R_7P0L4T6Vr9BZXWz","S3",0,"Mixed / Unclassified"
"R_5msjppb6PdWe5jg","S3",0,"Mixed / Unclassified"
"R_3ki9oSej5kDuCGd","S3",0,"Mixed / Unclassified"
"R_3sMemVR4StEkv5v","S3",0,"Mixed / Unclassified"
"R_7QsDA75nWEHR6av","S3",0,"Mixed / Unclassified"
"R_3DGBMZhe8ZUdvnb","S3",12,"Secret Elite World Control"
"R_1s5oO65imcoQo1B","S3",3,"Moon Landing Hoax"
"R_3aVJPdQ35NtLqMU","S3",0,"Mixed / Unclassified"
"R_1n5gRq0qU3r6GAh","S3",0,"Mixed / Unclassified"
"R_6rvH21VMn3JHGLA","S3",3,"Moon Landing Hoax"
"R_3uWodEnrWoaYyRX","S3",0,"Mixed / Unclassified"
"R_6TCn5jaGf5zRvPj","S3",13,"JFK Assassination Conspiracy"
"R_1haJmVOc55UYxtH","S3",0,"Mixed / Unclassified"
"R_7qyrWvzzZzijt0R","S3",0,"Mixed / Unclassified"
"R_3EaManxebU69XBP","S3",24,"Area 51 Alien Cover-up"
"R_7KMDEfaZPrRDAYU","S3",13,"JFK Assassination Conspiracy"
"R_51tuLuJ7vSFTLfm","S3",13,"JFK Assassination Conspiracy"
"R_72QpvauDkVaXmOn","S3",21,"Deliberate COVID-19 Lab Release"
"R_7hDzJ4KoGYlYdQ4","S3",21,"Deliberate COVID-19 Lab Release"
"R_6S7ku2hWGrqFTtT","S3",12,"Secret Elite World Control"
"R_1jlfIjYAcGuYMZ2","S3",0,"Mixed / Unclassified"
"R_7IQqM0YZOMDQAzQ","S3",3,"Moon Landing Hoax"
"R_5KegSpYwi2Ow5O1","S3",0,"Mixed / Unclassified"
"R_5lVC7m60HL2p7SF","S3",0,"Mixed / Unclassified"
"R_3NzFbgtDBhhol4c","S3",14,"Celebrity death and replacement conspiracies"
"R_5Qs5GIYm7yBzIDY","S3",0,"Mixed / Unclassified"
"R_6Lwk6iYDCUTQwKL","S3",24,"Area 51 Alien Cover-up"
"R_51iyn7CqSPAkDDD","S3",13,"JFK Assassination Conspiracy"
"R_39m7cj5YbKkXOGR","S3",3,"Moon Landing Hoax"
"R_7yf8tdBLnd4n0fj","S3",3,"Moon Landing Hoax"
"R_7QMj7DvfdDB8Ymc","S3",13,"JFK Assassination Conspiracy"
"R_7gNuYmEnTWKzd4q","S3",16,"9/11 Inside Job Conspiracy"
"R_1ItM8ztYd9B2w9x","S3",12,"Secret Elite World Control"
"R_5dwcDP1aBAAB4jf","S3",24,"Area 51 Alien Cover-up"
"R_5LzpYhpeSw2uYle","S3",25,"Government alien cover-up"
"R_7LuK2sd0TSXbgWM","S3",21,"Deliberate COVID-19 Lab Release"
"R_3PVCkhEkFnVMNXj","S3",0,"Mixed / Unclassified"
"R_16mv8aaIgVOHKUe","S3",21,"Deliberate COVID-19 Lab Release"
"R_1mFC75uoIBFDJtv","S3",0,"Mixed / Unclassified"
"R_1wUthDntGndWNzP","S3",0,"Mixed / Unclassified"
"R_7OJhJhij3fwTmaL","S3",0,"Mixed / Unclassified"
"R_3u2Tr7WZpbZOK9b","S3",0,"Mixed / Unclassified"
"R_7CpLQDtkI760T78","S3",16,"9/11 Inside Job Conspiracy"
"R_3eEOIvSqq3muL4J","S3",21,"Deliberate COVID-19 Lab Release"
"R_5oFqJ6Y20OoZ2WB","S3",13,"JFK Assassination Conspiracy"
"R_33jNyCBDJnNi4p4","S3",0,"Mixed / Unclassified"
"R_7MT0fKhevudmy3V","S3",12,"Secret Elite World Control"
"R_7gbcATMII4tGY39","S3",0,"Mixed / Unclassified"
"R_1CksRFFcqeIwbme","S3",3,"Moon Landing Hoax"
"R_64iqyapK6B4N0WM","S3",0,"Mixed / Unclassified"
"R_3CDRsZsv5sV9NO9","S3",14,"Celebrity death and replacement conspiracies"
"R_5Hxg0XAsXc2Tcbf","S3",0,"Mixed / Unclassified"
"R_1V3WTnjbaTYpFds","S3",0,"Mixed / Unclassified"
"R_7Bxti4dZBkzchSF","S3",13,"JFK Assassination Conspiracy"
"R_3t3h85Ruh5jOqwF","S3",0,"Mixed / Unclassified"
"R_3B9fumuXsZbXvA1","S3",0,"Mixed / Unclassified"
"R_7lnITFW4MSRvVBv","S3",19,"Chemtrail Conspiracy Beliefs"
"R_62MlAtTVZFJHlys","S3",0,"Mixed / Unclassified"
"R_1bZyHvVLwYyUX9F","S3",18,"Hiding medical cures for profit"
"R_5Ny7Qq1N0zzL1Rq","S3",13,"JFK Assassination Conspiracy"
"R_6q3RNo6Zi4RJGIR","S3",16,"9/11 Inside Job Conspiracy"
"R_3BQwpYLQnyamTVC","S3",0,"Mixed / Unclassified"
"R_7sQqupdV0gg4lIR","S3",3,"Moon Landing Hoax"
"R_7EhRZwSa12IqzLM","S3",25,"Government alien cover-up"
"R_3SjDu6WyScGiOvT","S3",3,"Moon Landing Hoax"
"R_3OO5bhqRA8A5J3g","S3",0,"Mixed / Unclassified"
"R_6pbtyTJmogDDkJs","S3",13,"JFK Assassination Conspiracy"
"R_79rk9wnvJilYBgJ","S3",0,"Mixed / Unclassified"
"R_1PYGsLdEWjr9pbl","S3",9,"Election fraud conspiracy beliefs"
"R_7oXWA2rQXzTS47A","S3",0,"Mixed / Unclassified"
"R_5V23HU6AJr2tHAD","S3",14,"Celebrity death and replacement conspiracies"
"R_78OjcEYKEzLQOXB","S3",21,"Deliberate COVID-19 Lab Release"
"R_1oneLOuhoEJpbuD","S3",0,"Mixed / Unclassified"
"R_6qIiTo9CZLZK85O","S3",3,"Moon Landing Hoax"
"R_7MhddaRlA5Ukaf7","S3",13,"JFK Assassination Conspiracy"
"R_6dnmKZagUUWeV1M","S3",16,"9/11 Inside Job Conspiracy"
"R_3XpnauErBrEZnKa","S3",0,"Mixed / Unclassified"
"R_5PoJtAlc2sbyV1a","S3",0,"Mixed / Unclassified"
"R_3Fzh0aVGYCg7k4W","S3",18,"Hiding medical cures for profit"
"R_5cqrCQ3fDGNOv2P","S3",13,"JFK Assassination Conspiracy"
"R_6rNhFy70DLOdvQE","S3",24,"Area 51 Alien Cover-up"
"R_3w1Tk1zG4FDtNe1","S3",0,"Mixed / Unclassified"
"R_39vzg41KEab9Xep","S3",0,"Mixed / Unclassified"
"R_51uxk7QBMrMboMl","S3",0,"Mixed / Unclassified"
"R_7VpEdHb506sHftD","S3",0,"Mixed / Unclassified"
"R_6OC9NumsiclPcB7","S3",0,"Mixed / Unclassified"
"R_5o7vyEzsyPYFoOQ","S3",0,"Mixed / Unclassified"
"R_5Jd0w3S1XkGZGTv","S3",0,"Mixed / Unclassified"
"R_3ps1gIztRM7DiJ1","S3",21,"Deliberate COVID-19 Lab Release"
"R_5hareueeEO1in3Y","S3",0,"Mixed / Unclassified"
"R_6rUyPcsNOyycqWX","S3",12,"Secret Elite World Control"
"R_6KpgvguxiiuMQrn","S3",13,"JFK Assassination Conspiracy"
"R_5zojGxwic4mrjTm","S3",16,"9/11 Inside Job Conspiracy"
"R_37eMnA02fvK9dwB","S3",12,"Secret Elite World Control"
"R_5OkpgOHskp3SnPO","S3",0,"Mixed / Unclassified"
"R_3Qnd4F9OOPUmayC","S3",13,"JFK Assassination Conspiracy"
"R_6fBvQweuwC4nIcO","S3",21,"Deliberate COVID-19 Lab Release"
"R_73K0FK65pdb8HT3","S3",0,"Mixed / Unclassified"
"R_7SCrQ4sxmbb47b8","S3",0,"Mixed / Unclassified"
"R_52nUtP4SKZTUNQq","S3",0,"Mixed / Unclassified"
"R_7wN78RPSwOY4lR7","S3",19,"Chemtrail Conspiracy Beliefs"
"R_6ILkPA6qz3SWhup","S3",18,"Hiding medical cures for profit"
"R_5hRv9FKkqtfc6gP","S3",25,"Government alien cover-up"
"R_3lRzYpDW2STHPOk","S3",21,"Deliberate COVID-19 Lab Release"
"R_1P86SkEsC2qaqS2","S3",3,"Moon Landing Hoax"
"R_52mZO3NmvGYrWlb","S3",0,"Mixed / Unclassified"
"R_1af8UXFgSFvY1uR","S3",0,"Mixed / Unclassified"
"R_1D6p3wcadgqAsef","S3",0,"Mixed / Unclassified"
"R_716hgdWDPTkkkYS","S3",3,"Moon Landing Hoax"
"R_5xVi1AnjSmuBSCr","S3",0,"Mixed / Unclassified"
"R_7fqlp8L7M1Pb0Cm","S3",21,"Deliberate COVID-19 Lab Release"
"R_523GU6uMvrzjvBD","S3",0,"Mixed / Unclassified"
"R_19njxD92K2j3fJn","S3",0,"Mixed / Unclassified"
"R_1Q6qpcK9a6rB0XS","S3",13,"JFK Assassination Conspiracy"
"R_3R0lMRZIfxsN1Qt","S3",0,"Mixed / Unclassified"
"R_31uAVMcRVRxAx7j","S3",0,"Mixed / Unclassified"
"R_6VuEA3RZeCeqrQZ","S3",0,"Mixed / Unclassified"
"R_6jJ5yRtotLB2K6p","S3",0,"Mixed / Unclassified"
"R_5QLvtHzbzIeCRaA","S3",0,"Mixed / Unclassified"
"R_7gAAm7wvKduv80G","S3",0,"Mixed / Unclassified"
"R_1ysxDXjDV35WVfH","S3",21,"Deliberate COVID-19 Lab Release"
"R_1b4eRwthGnfxnuR","S3",25,"Government alien cover-up"
"R_1DMZzesOe6g9dlH","S3",25,"Government alien cover-up"
"R_58Pn7k5c6xldWi5","S3",0,"Mixed / Unclassified"
"R_3nMF9YRHla10iMP","S3",3,"Moon Landing Hoax"
"R_3WIhSeGkEa4AbYE","S3",0,"Mixed / Unclassified"
"R_1juKUrqbc8yDeZH","S3",21,"Deliberate COVID-19 Lab Release"
"R_5CptH2X1oUy0eE9","S3",3,"Moon Landing Hoax"
"R_1Eb54Xow2CdogKR","S3",0,"Mixed / Unclassified"
"R_1CxTGCUWofdqvk6","S3",13,"JFK Assassination Conspiracy"
"R_3YKVXMORoJ3SNmi","S3",25,"Government alien cover-up"
"R_7bMFXCt31YYwCVH","S3",16,"9/11 Inside Job Conspiracy"
"R_7REAU8mMPXmZAlj","S3",21,"Deliberate COVID-19 Lab Release"
"R_5zcyp9FEqN2nbaN","S3",13,"JFK Assassination Conspiracy"
"R_1vwjlfiv98JSspP","S3",0,"Mixed / Unclassified"
"R_6O08iMybMHvu8KC","S3",7,"Trump as Russian Asset"
"R_5rHyXZh500Gjee3","S3",21,"Deliberate COVID-19 Lab Release"
"R_6uEAeBJmeSmr8BP","S3",9,"Election fraud conspiracy beliefs"
"R_5OTIuDzOhnUpp4t","S3",0,"Mixed / Unclassified"
"R_5CJB925T9RQGzTg","S3",0,"Mixed / Unclassified"
"R_7LhWunkb6NuvXSt","S3",3,"Moon Landing Hoax"
"R_7OZBr5N3czXWWOi","S3",0,"Mixed / Unclassified"
"R_17DQNIVHWT5i77y","S4",0,"Mixed / Unclassified"
"R_57ac0Rc4NyiXgNH","S4",0,"Mixed / Unclassified"
"R_7QUAokIqE07SWNb","S4",0,"Mixed / Unclassified"
"R_7K9Hu6SPu0VwYD8","S4",0,"Mixed / Unclassified"
"R_5cvtewGjYZ2IYBb","S4",0,"Mixed / Unclassified"
"R_64kfvVsuFuYavEE","S4",0,"Mixed / Unclassified"
"R_5qrOlaRgZtHKYig","S4",0,"Mixed / Unclassified"
"R_6j9S77B3AMAzjZe","S4",0,"Mixed / Unclassified"
"R_5W42O5GdDuDAOB3","S4",21,"Deliberate COVID-19 Lab Release"
"R_5Nhb3tk2BtgmyYz","S4",13,"JFK Assassination Conspiracy"
"R_5nx6vYia58p8GPd","S4",25,"Government alien cover-up"
"R_3n7wGKqBthgAQtX","S4",16,"9/11 Inside Job Conspiracy"
"R_5F4lIv8EPc8LIYU","S4",0,"Mixed / Unclassified"
"R_7MA42VinAmSRgs6","S4",13,"JFK Assassination Conspiracy"
"R_50BGyvzBmVWLCox","S4",0,"Mixed / Unclassified"
"R_3NeM9naONMFrWAn","S4",0,"Mixed / Unclassified"
"R_6EWh4W1yl5C5e1D","S4",0,"Mixed / Unclassified"
"R_7QA9ts7moHGSknc","S4",0,"Mixed / Unclassified"
"R_7QgfhTadDLasUOE","S4",12,"Secret Elite World Control"
"R_7ZhW5GApWwbAUWl","S4",9,"Election fraud conspiracy beliefs"
"R_1p2PtioXMJ0RoT7","S4",20,"Vaccine harms and conspiracies"
"R_138hSlcQenL5Gf6","S4",0,"Mixed / Unclassified"
"R_61dMMEL6wCvaxeW","S4",0,"Mixed / Unclassified"
"R_6GWwRKP45O3ayVL","S4",21,"Deliberate COVID-19 Lab Release"
"R_5J53yKCJDm98tq1","S4",13,"JFK Assassination Conspiracy"
"R_3ZOixHXRlE5g5xu","S4",0,"Mixed / Unclassified"
"R_7uKw2IPaxCyLglj","S4",0,"Mixed / Unclassified"
"R_7FNbgk4WWBgoSiZ","S4",0,"Mixed / Unclassified"
"R_6ehuROJ1kygePqG","S4",11,"Jeffrey Epstein Death Conspiracies"
"R_3AFhJoLHnXdnY8W","S4",0,"Mixed / Unclassified"
"R_1KDFAx4WgcXYFvr","S4",0,"Mixed / Unclassified"
"R_7pfERhJnrGokLfL","S4",13,"JFK Assassination Conspiracy"
"R_593QtyKwDkdPnUJ","S4",0,"Mixed / Unclassified"
"R_6Q9gki9ShIdR6sF","S4",0,"Mixed / Unclassified"
"R_7QKvzoYUBSx7xvU","S4",0,"Mixed / Unclassified"
"R_1n6nQJPkOcxICZB","S4",0,"Mixed / Unclassified"
"R_6sJtqGLxGZXaPgB","S4",9,"Election fraud conspiracy beliefs"
"R_5z8TNvR0q7wFXKm","S4",0,"Mixed / Unclassified"
"R_6G2Fq2VJfAGYlwb","S4",0,"Mixed / Unclassified"
"R_1kv5oMl5zEsZfe8","S4",0,"Mixed / Unclassified"
"R_5OUBOXcKFEif9ex","S4",25,"Government alien cover-up"
"R_73KCaJzmsfaYYUN","S4",13,"JFK Assassination Conspiracy"
"R_3Hx9baqRjjKmyNr","S4",0,"Mixed / Unclassified"
"R_5Pu5DfGwZyVVtXW","S4",11,"Jeffrey Epstein Death Conspiracies"
"R_7kIJqAePbdJqDgf","S4",0,"Mixed / Unclassified"
"R_6lGjSvhPizG7m5y","S4",26,"Existence of Alien Life"
"R_6Pi2ERapfIB70dk","S4",0,"Mixed / Unclassified"
"R_59W9OutLHgfEAW5","S4",0,"Mixed / Unclassified"
"R_5fJ464tYqveATgf","S4",8,"Existence of Bigfoot"
"R_7QhZiNkHYQCnsiy","S4",0,"Mixed / Unclassified"
"R_6rABEmOJ5L4Ntny","S4",0,"Mixed / Unclassified"
"R_1llNIK1FMCI97js","S4",0,"Mixed / Unclassified"
"R_7MJW8zGy4Nc06Yc","S4",16,"9/11 Inside Job Conspiracy"
"R_5rKWRm5Lde1y6qJ","S4",13,"JFK Assassination Conspiracy"
"R_30oxD8L58MOG8wA","S4",0,"Mixed / Unclassified"
"R_7XKgq3DPqditS8N","S4",0,"Mixed / Unclassified"
"R_15ZSJEqroaQICfA","S4",13,"JFK Assassination Conspiracy"
"R_54lWSmuBYHWNuwx","S4",0,"Mixed / Unclassified"
"R_6TWSpvfQODYs9ZE","S4",14,"Celebrity death and replacement conspiracies"
"R_3zTHA0bZtOW1wia","S4",13,"JFK Assassination Conspiracy"
"R_3MlLv2FXT3mxEgB","S4",13,"JFK Assassination Conspiracy"
"R_11SqhtbKPRJSajB","S4",13,"JFK Assassination Conspiracy"
"R_7jjPSE79BysMU3E","S4",0,"Mixed / Unclassified"
"R_1sRwy0Bwcs4IqAH","S4",13,"JFK Assassination Conspiracy"
"R_5ER3aV0cprfmpj1","S4",11,"Jeffrey Epstein Death Conspiracies"
"R_61qbFDDBaIfAuw9","S4",0,"Mixed / Unclassified"
"R_5cAcFLiewn6z4eG","S4",13,"JFK Assassination Conspiracy"
"R_7pyrLFwzMItljwB","S4",19,"Chemtrail Conspiracy Beliefs"
"R_1Iuxx3yGZ86vzX4","S4",13,"JFK Assassination Conspiracy"
"R_7YqSZxJ8V2WeKqZ","S4",0,"Mixed / Unclassified"
"R_3Dd37MxXXjUcWFv","S4",0,"Mixed / Unclassified"
"R_6QfHfvMJCWcowAm","S4",20,"Vaccine harms and conspiracies"
"R_6kBQyW34I22hmWg","S4",0,"Mixed / Unclassified"
"R_3WunVodz4D37VKj","S4",3,"Moon Landing Hoax"
"R_55cwW7ilfEwR0VH","S4",16,"9/11 Inside Job Conspiracy"
"R_1sbpI7Poaro1FWx","S4",0,"Mixed / Unclassified"
"R_7h4kohMJBDOA5FI","S4",0,"Mixed / Unclassified"
"R_6ajC0ditoZocDcd","S4",21,"Deliberate COVID-19 Lab Release"
"R_7rqAFSyFi0K52M1","S4",11,"Jeffrey Epstein Death Conspiracies"
"R_606QGBuUh9hShR1","S4",0,"Mixed / Unclassified"
"R_5NGjlWf2Ne0N3r3","S4",13,"JFK Assassination Conspiracy"
"R_6rTHShi44PwBUe0","S4",25,"Government alien cover-up"
"R_12zlkE6YjXnyCC6","S4",0,"Mixed / Unclassified"
"R_5kqgwE0sged3OG1","S4",21,"Deliberate COVID-19 Lab Release"
"R_6V2cepACSe6zTsE","S4",20,"Vaccine harms and conspiracies"
"R_6Xez07al61gGUxz","S4",3,"Moon Landing Hoax"
"R_38lVO9Rziem7QXf","S4",0,"Mixed / Unclassified"
"R_341wzGUZ1TCyfWp","S4",0,"Mixed / Unclassified"
"R_5hFpDs9T05869yr","S4",3,"Moon Landing Hoax"
"R_1cZmnqimwSmRPue","S4",16,"9/11 Inside Job Conspiracy"
"R_1rH4Jx3HLqJd54t","S4",13,"JFK Assassination Conspiracy"
"R_6CUub57OuPPhrN4","S4",14,"Celebrity death and replacement conspiracies"
"R_7wRyKEV0wa8KRqu","S4",0,"Mixed / Unclassified"
"R_6LZma3Nfoj7XtdM","S4",0,"Mixed / Unclassified"
"R_1MwQxf5giJBR5kt","S4",25,"Government alien cover-up"
"R_7ClNMvUhvNWg3WV","S4",0,"Mixed / Unclassified"
"R_7Jf8AreCe7jVh0l","S4",13,"JFK Assassination Conspiracy"
"R_5M3PDl3iWsEG9y1","S4",25,"Government alien cover-up"
"R_5n8Voq2gIZFcJdw","S4",8,"Existence of Bigfoot"
"R_3eFXX4kgGg5yALP","S4",0,"Mixed / Unclassified"
"R_3QVrEj0Hn3S1ZDC","S4",0,"Mixed / Unclassified"
"R_1Fjd6qeJ5DbBU9r","S4",0,"Mixed / Unclassified"
"R_7jkFCnTHIRxXsgF","S4",16,"9/11 Inside Job Conspiracy"
"R_72UA9i0GXpLe49P","S4",3,"Moon Landing Hoax"
"R_37PsOEuZIdu2dzs","S4",0,"Mixed / Unclassified"
"R_31773aydKNu7mw3","S4",0,"Mixed / Unclassified"
"R_71009OAqoIlewbp","S4",0,"Mixed / Unclassified"
"R_7fMAP1VuTRqydjj","S4",9,"Election fraud conspiracy beliefs"
"R_6ejZT5uC7dLAF9Y","S4",0,"Mixed / Unclassified"
"R_5qadJQSFcTDT3jx","S4",0,"Mixed / Unclassified"
"R_6VtVJzkpgLoIM4p","S4",13,"JFK Assassination Conspiracy"
"R_64d9XTcvKbIPezn","S4",13,"JFK Assassination Conspiracy"
"R_5qFbKqTkUYyZxAX","S4",3,"Moon Landing Hoax"
"R_6YA4glDnsjZiU7R","S4",16,"9/11 Inside Job Conspiracy"
"R_5s5E9xNtpoess08","S4",16,"9/11 Inside Job Conspiracy"
"R_1Ic3JnCa5HGXSFz","S4",0,"Mixed / Unclassified"
"R_193Nje7ZhZo2qSa","S4",16,"9/11 Inside Job Conspiracy"
"R_6NXsAGg8YhHzNI1","S4",0,"Mixed / Unclassified"
"R_3CVwbxgPYN9VLzA","S4",0,"Mixed / Unclassified"
"R_3G3xvfg0JlEdFl8","S4",0,"Mixed / Unclassified"
"R_5ifGA4I9qlNd0iJ","S4",0,"Mixed / Unclassified"
"R_36BbrOWzUrWot0t","S4",0,"Mixed / Unclassified"
"R_5zr9o9d24lGqICQ","S4",13,"JFK Assassination Conspiracy"
"R_3GfHnPw6iwifuOV","S4",9,"Election fraud conspiracy beliefs"
"R_79oFuw4e4oUImnS","S4",0,"Mixed / Unclassified"
"R_5VeF0igYoUatttT","S4",13,"JFK Assassination Conspiracy"
"R_6gejZ0oLoe3itPX","S4",0,"Mixed / Unclassified"
"R_370U3fWQ3xLox5W","S4",0,"Mixed / Unclassified"
"R_7FV6Q2gZ0vfYi9q","S4",21,"Deliberate COVID-19 Lab Release"
"R_7FQVyMi7g6kq4hs","S4",13,"JFK Assassination Conspiracy"
"R_5JIncoQrI72rn5V","S4",0,"Mixed / Unclassified"
"R_6nU8aY142MAXv59","S4",3,"Moon Landing Hoax"
"R_1DYWV516viQIgA1","S4",3,"Moon Landing Hoax"
"R_3tLojfxtcARVFxC","S4",0,"Mixed / Unclassified"
"R_1JnmvqacPjSOf0C","S4",12,"Secret Elite World Control"
"R_3RA65Bk0axsiOtP","S4",8,"Existence of Bigfoot"
"R_5S8OL7FwsXKjJF8","S4",0,"Mixed / Unclassified"
"R_6QrvLGer2ZSoSgR","S4",3,"Moon Landing Hoax"
"R_1xWptZYG66E7Lbz","S4",13,"JFK Assassination Conspiracy"
"R_6Hb6Xmmbq4mp1Pr","S4",0,"Mixed / Unclassified"
"R_5j1JCaFAlQKADip","S4",14,"Celebrity death and replacement conspiracies"
"R_6wFRWLM9Mqkuc3n","S4",3,"Moon Landing Hoax"
"R_6kc7K7YapNrsqMu","S4",0,"Mixed / Unclassified"
"R_7OkOc8wT6yEgM4H","S4",20,"Vaccine harms and conspiracies"
"R_14Obhe1ZuPmtE24","S4",0,"Mixed / Unclassified"
"R_7ckJp9G9b4OHsTv","S4",0,"Mixed / Unclassified"
"R_7et0cROOxNyWxHP","S4",21,"Deliberate COVID-19 Lab Release"
"R_1czKRIHFQumAfcR","S4",8,"Existence of Bigfoot"
"R_1ffmnxxCVcQUyec","S4",19,"Chemtrail Conspiracy Beliefs"
"R_6vu2kJkAPrqyp9f","S4",0,"Mixed / Unclassified"
"R_7TIFqz5KFll7Glr","S4",0,"Mixed / Unclassified"
"R_5uKuuTBy6xA7h0V","S4",0,"Mixed / Unclassified"
"R_5jcUeZ34b8JOWrv","S4",11,"Jeffrey Epstein Death Conspiracies"
"R_5FKFv2uj8nyDD2j","S4",0,"Mixed / Unclassified"
"R_6nHETlLxxcv7bcr","S4",0,"Mixed / Unclassified"
"R_3K6Xpk2PpXb1E7T","S4",16,"9/11 Inside Job Conspiracy"
"R_7aSiccOv3x8h6md","S4",0,"Mixed / Unclassified"
"R_6xmyLNIIWrtHJCh","S4",3,"Moon Landing Hoax"
"R_1tnuApDnlcmbmgh","S4",0,"Mixed / Unclassified"
"R_599NZHKRAaqC9Il","S4",0,"Mixed / Unclassified"
"R_3KpdMBD8j03jKiT","S4",13,"JFK Assassination Conspiracy"
"R_7rY6vQmb8sNZOSH","S4",0,"Mixed / Unclassified"
"R_3j9D7aDhAHPLBe4","S4",0,"Mixed / Unclassified"
"R_5oItybwLj72wVuk","S4",12,"Secret Elite World Control"
"R_70u3EqPnNYqBzKi","S4",0,"Mixed / Unclassified"
"R_6OxXlOhWBPLBo2n","S4",18,"Hiding medical cures for profit"
"R_7AGthrxNDbmSOax","S4",12,"Secret Elite World Control"
"R_7zl6NEuXmAII2Lf","S4",0,"Mixed / Unclassified"
"R_7Q0dCmZAkEO8EUE","S4",14,"Celebrity death and replacement conspiracies"
"R_1EuaXnQwQG285hI","S4",0,"Mixed / Unclassified"
"R_3EyZGSycJMdrIet","S4",13,"JFK Assassination Conspiracy"
"R_14VXHh7nRfqO7Dj","S4",16,"9/11 Inside Job Conspiracy"
"R_3PZYNNzDf7nihqd","S4",25,"Government alien cover-up"
"R_1RjZpqWcBty2XUk","S4",0,"Mixed / Unclassified"
"R_5Eg3Lom8sx4UKBx","S4",0,"Mixed / Unclassified"
"R_5YoaI5daEzdYdkM","S4",0,"Mixed / Unclassified"
"R_7qeXdICMAySjB7D","S4",12,"Secret Elite World Control"
"R_7fjTDbf8YM4SLVK","S4",0,"Mixed / Unclassified"
"R_5kLYdUI0DEK0jVi","S4",0,"Mixed / Unclassified"
"R_1G618NDqKi4yb85","S4",0,"Mixed / Unclassified"
"R_5igvuqj7BHfv30J","S4",0,"Mixed / Unclassified"
"R_5rNRMF4LjHdi3t6","S4",0,"Mixed / Unclassified"
"R_6Nod8LU1qn2WEuZ","S4",16,"9/11 Inside Job Conspiracy"
"R_6fNPRslOcCcjjaf","S4",21,"Deliberate COVID-19 Lab Release"
"R_7eJNbUIxmx0f7VE","S4",11,"Jeffrey Epstein Death Conspiracies"
"R_71mrRV4oo0tyEFQ","S4",6,"AI Takeover and Dead Internet"
"R_3jGdaOGkGA67vkl","S4",0,"Mixed / Unclassified"
"R_3KtlNQP3VWsgMtb","S4",18,"Hiding medical cures for profit"
"R_5ErLU1Rc7eKBzBv","S4",0,"Mixed / Unclassified"
"R_7Iy3QKPfb8BCLkq","S4",0,"Mixed / Unclassified"
"R_6elDQlBRFaUKdk7","S4",6,"AI Takeover and Dead Internet"
"R_5coPN0rX1ETwYSc","S4",19,"Chemtrail Conspiracy Beliefs"
"R_6kPWxDhFdKwmf4d","S4",0,"Mixed / Unclassified"
"R_1VjgyLiqCE1Tk9X","S4",0,"Mixed / Unclassified"
"R_1TzV2FpIjTtxGe8","S4",0,"Mixed / Unclassified"
"R_3fVSZtP2vRbM7O9","S4",18,"Hiding medical cures for profit"
"R_1aQ8SxI0bOvn0Ax","S4",0,"Mixed / Unclassified"
"R_14pEqAEItyUV7Ti","S4",0,"Mixed / Unclassified"
"R_31AtTKQCaN0Omin","S4",0,"Mixed / Unclassified"
"R_6FhlDoiba2WVSJX","S4",3,"Moon Landing Hoax"
"R_5kS41tDblKA3OYq","S4",0,"Mixed / Unclassified"
"R_3Fr9A6QiyqT5i37","S4",13,"JFK Assassination Conspiracy"
"R_6FzgRqFbJp023jX","S4",18,"Hiding medical cures for profit"
"R_7Y4snLSxEcS9ilr","S4",13,"JFK Assassination Conspiracy"
"R_11zvQx3U5aI4Nal","S4",16,"9/11 Inside Job Conspiracy"
"R_5QWAberQfuWrb5C","S4",3,"Moon Landing Hoax"
"R_1Cje4mjZOSjYuim","S4",16,"9/11 Inside Job Conspiracy"
"R_3ZZw9E9gOLmTLW6","S4",0,"Mixed / Unclassified"
"R_5Pp4MjzijiO7SEu","S4",13,"JFK Assassination Conspiracy"
"R_1WmesFOv9hQOg49","S4",0,"Mixed / Unclassified"
"R_6PaUmh9q8YC4wkw","S4",18,"Hiding medical cures for profit"
"R_7k02S30S1do16JW","S4",3,"Moon Landing Hoax"
"R_36zZopZvkCw0eU9","S4",0,"Mixed / Unclassified"
"R_3QnsX4n0OPFceH3","S4",16,"9/11 Inside Job Conspiracy"
"R_6SpZGRknl5ZCZx1","S4",0,"Mixed / Unclassified"
"R_1zRQyRwNcCatNKN","S4",16,"9/11 Inside Job Conspiracy"
"R_515RgGLy90puIje","S4",25,"Government alien cover-up"
"R_35lSsD7S1kg8Luh","S4",0,"Mixed / Unclassified"
"R_1H2yU6uCvId6xAZ","S4",0,"Mixed / Unclassified"
"R_12VuoNNrNqO7CiC","S4",12,"Secret Elite World Control"
"R_5wi7Bdnet5pkTCZ","S4",3,"Moon Landing Hoax"
"R_3HETq0IQfaG3BF7","S4",0,"Mixed / Unclassified"
"R_5MYVNQLWbtoireu","S4",13,"JFK Assassination Conspiracy"
"R_5JluZQI0vuAv2iN","S4",21,"Deliberate COVID-19 Lab Release"
"R_3QvY80aNZKDifD3","S4",13,"JFK Assassination Conspiracy"
"R_3FwYweyq16fCd9h","S4",0,"Mixed / Unclassified"
"R_5kh2km2hQg4eZhE","S4",0,"Mixed / Unclassified"
"R_5qyvJOALn2ey2TC","S4",18,"Hiding medical cures for profit"
"R_1osuByVwwv2BSM1","S4",0,"Mixed / Unclassified"
"R_3UgzODpaQDUtajN","S4",11,"Jeffrey Epstein Death Conspiracies"
"R_5f9Th9EQETm6qEy","S4",0,"Mixed / Unclassified"
"R_5DStN7J11saT9Kx","S4",0,"Mixed / Unclassified"
"R_1ymmL0sxz1zaoBX","S4",25,"Government alien cover-up"
"R_3HdTvNcrej7znAI","S4",2,"Staged Trump assassination attempt"
"R_61yrK5PSKShCcqj","S4",13,"JFK Assassination Conspiracy"
"R_3S0wgEr8WzvyIxe","S4",0,"Mixed / Unclassified"
"R_7BsPncm4aDTrP0a","S4",19,"Chemtrail Conspiracy Beliefs"
"R_1WREFxvzs2zb1mx","S4",0,"Mixed / Unclassified"
"R_5fg7AygCmgTxpvM","S4",0,"Mixed / Unclassified"
"R_1wnVGfStZ3evuEx","S4",0,"Mixed / Unclassified"
"R_5OTNUaxQtaDokjW","S4",0,"Mixed / Unclassified"
"R_1TZV8hPk7bjS5Ud","S4",0,"Mixed / Unclassified"
"R_1P4KAvfDakVzAI8","S4",11,"Jeffrey Epstein Death Conspiracies"
"R_3oXQsMcX4qciTCh","S4",0,"Mixed / Unclassified"
"R_3JOUcGLC2CHkip1","S4",0,"Mixed / Unclassified"
"R_5aODp3vhA9VqqYn","S4",0,"Mixed / Unclassified"
"R_3S0kOm7Nq8sSMIp","S4",12,"Secret Elite World Control"
"R_3KwEzZeKYRV1p4l","S4",0,"Mixed / Unclassified"
"R_52WtGrLSgm1PLkl","S4",0,"Mixed / Unclassified"
"R_11KlbM6hLj84AUN","S4",0,"Mixed / Unclassified"
"R_7thPJUArcp2N6Lv","S4",13,"JFK Assassination Conspiracy"
"R_74hHHUvetGFD5Rn","S4",0,"Mixed / Unclassified"
"R_5O6Z4ka5gpsXeGo","S4",0,"Mixed / Unclassified"
"R_7ln8XPqnra5NBc4","S4",2,"Staged Trump assassination attempt"
"R_710Y080wGnNwrXs","S4",24,"Area 51 Alien Cover-up"
"R_1VvFFwS3Vg8iU7v","S4",16,"9/11 Inside Job Conspiracy"
"R_1PtdgsowKlild4U","S4",16,"9/11 Inside Job Conspiracy"
"R_33rmFXyrjhRGPZP","S4",13,"JFK Assassination Conspiracy"
"R_3OZByMFMAEjpV0K","S4",26,"Existence of Alien Life"
"R_7OOUYi85RvUU3Uk","S4",0,"Mixed / Unclassified"
"R_5Z2hQuuYVmFDi5X","S4",3,"Moon Landing Hoax"
"R_3OPkH8kpSvu74lg","S4",11,"Jeffrey Epstein Death Conspiracies"
"R_5AMefOOIckrgfAf","S4",0,"Mixed / Unclassified"
"R_3CKwlYaOJlmcByq","S4",0,"Mixed / Unclassified"
"R_6fdZLCDkoEsXML4","S4",0,"Mixed / Unclassified"
"R_6ahiAmMVw3G1N6m","S4",3,"Moon Landing Hoax"
"R_5ePvKXBIRIZa5Qq","S4",0,"Mixed / Unclassified"
"R_6GdLUQQ7GSVAjU5","S4",25,"Government alien cover-up"
"R_5nPwHHmi1BB8PJL","S4",12,"Secret Elite World Control"
"R_7PnuyJSmFt24S5C","S4",0,"Mixed / Unclassified"
"R_7IWRJ4Pbs61MUUt","S4",0,"Mixed / Unclassified"
"R_3uP2Pb2TSRKtQdI","S4",24,"Area 51 Alien Cover-up"
"R_7DnY6qC5nxOVNPd","S4",0,"Mixed / Unclassified"
"R_6wlZkX2D65kx9V7","S4",11,"Jeffrey Epstein Death Conspiracies"
"R_5L1EIR0bUwYOm9X","S4",16,"9/11 Inside Job Conspiracy"
"R_6rksxmiBdQmFTyi","S4",0,"Mixed / Unclassified"
"R_3illEMOmmakZGTh","S4",0,"Mixed / Unclassified"
"R_1LSBNkTPdjFmPPR","S4",11,"Jeffrey Epstein Death Conspiracies"
"R_7zNq5AzIdecirUE","S4",0,"Mixed / Unclassified"
"R_3kDchoIECIb2KOt","S4",0,"Mixed / Unclassified"
"R_5xMIVl6U4MRUVl7","S4",6,"AI Takeover and Dead Internet"
"R_6p8Og5kXSSC8Ge5","S4",0,"Mixed / Unclassified"
"R_1ogMOHbPBCo9IJ6","S4",0,"Mixed / Unclassified"
"R_6uLLtGo0M1wQ9G1","S4",0,"Mixed / Unclassified"
"R_1lacQZUJSOG6AcA","S4",0,"Mixed / Unclassified"
"R_1U4UXctdoomcHmh","S4",0,"Mixed / Unclassified"
"R_1X6HniB6ND1W5AB","S4",9,"Election fraud conspiracy beliefs"
"R_1MG47owstGyLuRF","S4",0,"Mixed / Unclassified"
"R_5IW7N4p1GofOS5z","S4",0,"Mixed / Unclassified"
"R_3kVJlf580msMBTH","S4",0,"Mixed / Unclassified"
"R_3hz1irxpbRXSPYX","S4",13,"JFK Assassination Conspiracy"
"R_3f0P9fxpovfLu4Q","S4",12,"Secret Elite World Control"
"R_7fjrQSThYrjw164","S4",0,"Mixed / Unclassified"
"R_3odymK98Re0O5Nj","S4",24,"Area 51 Alien Cover-up"
"R_1Grjr9o2vQZJCpb","S4",3,"Moon Landing Hoax"
"R_5KTIQh32NAGX07m","S4",0,"Mixed / Unclassified"
"R_6QRhvZmvbU39bzf","S4",0,"Mixed / Unclassified"
"R_35KhpaH24G1pA4j","S4",0,"Mixed / Unclassified"
"R_12VrtqW5pdD20k9","S4",13,"JFK Assassination Conspiracy"
"R_1dFRp6VuFqNYdUX","S4",0,"Mixed / Unclassified"
"R_6z7Gkd1W7ab8duF","S4",2,"Staged Trump assassination attempt"
"R_5bzKw9kMNe7Aqul","S4",13,"JFK Assassination Conspiracy"
"R_501v1kJP12q6IJ4","S4",26,"Existence of Alien Life"
"R_1QWpg1KYfKPYr53","S4",0,"Mixed / Unclassified"
"R_6kcB8R2HOqEzD7c","S4",6,"AI Takeover and Dead Internet"
"R_7lcBOQx35Tk6fL3","S4",16,"9/11 Inside Job Conspiracy"
"R_3kzASuPbAvG6bcb","S4",8,"Existence of Bigfoot"
"R_7eOSeZVomSMtV9R","S4",3,"Moon Landing Hoax"
"R_3XlMJ2ZSUpV9AEF","S4",11,"Jeffrey Epstein Death Conspiracies"
"R_5azIHc1S5DTDEdP","S4",0,"Mixed / Unclassified"
"R_6gTac9Aj8hkza7L","S4",25,"Government alien cover-up"
"R_3KVBzxJYR8ojLSL","S4",12,"Secret Elite World Control"
"R_5o7LUvgXYYAOIrZ","S4",8,"Existence of Bigfoot"
"R_5PM1tFxDEM9Zlfq","S4",0,"Mixed / Unclassified"
"R_1o1lwaUGpGVXa2C","S4",0,"Mixed / Unclassified"
"R_1qQg4bbe1cuj5Vb","S4",3,"Moon Landing Hoax"
"R_6jH7aLlgRKTLjIB","S4",12,"Secret Elite World Control"
"R_1Sq73NaIP8EDhV5","S4",21,"Deliberate COVID-19 Lab Release"
"R_1NnysmIkoYhsRr0","S4",0,"Mixed / Unclassified"
"R_6NB3Ar7m71RAAtH","S4",26,"Existence of Alien Life"
"R_3OMCmkmKJXuV9er","S4",0,"Mixed / Unclassified"
"R_3ria0bci4bqVjQR","S4",13,"JFK Assassination Conspiracy"
"R_6IRelCZf4cZpNYK","S4",13,"JFK Assassination Conspiracy"
"R_6WPCWWjFcWrNsqR","S4",21,"Deliberate COVID-19 Lab Release"
"R_3jxdWq9JsfAY5XP","S4",6,"AI Takeover and Dead Internet"
"R_3V9MfnYPhWSiW5Z","S4",0,"Mixed / Unclassified"
"R_7Ca1pae6NVk94It","S4",16,"9/11 Inside Job Conspiracy"
"R_50t77Z3ZbRasrnP","S4",13,"JFK Assassination Conspiracy"
"R_3vccBDBW2QXzIWl","S4",13,"JFK Assassination Conspiracy"
"R_6zMuxKqn4OsXD7J","S4",13,"JFK Assassination Conspiracy"
"R_5OIvtZrp5nTtIPv","S4",26,"Existence of Alien Life"
"R_5qBD65c7TrwbeIP","S4",26,"Existence of Alien Life"
"R_51V9dn6jHN33Jnj","S4",0,"Mixed / Unclassified"
"R_6Ye68aHrtvK3zKV","S4",25,"Government alien cover-up"
"R_7ONGMkpTuB895gv","S4",0,"Mixed / Unclassified"
"R_6LN0pb6Qtotjl6x","S4",0,"Mixed / Unclassified"
"R_5GO0gGw4GqWCHFn","S4",13,"JFK Assassination Conspiracy"
"R_7wK8OUJx16Dji1P","S4",26,"Existence of Alien Life"
"R_1uYT1Rpw1z9r6wx","S4",0,"Mixed / Unclassified"
"R_6Pk52mEOUhJ22QF","S4",13,"JFK Assassination Conspiracy"
"R_1SOBn56MgJM8jK1","S4",16,"9/11 Inside Job Conspiracy"
"R_1JT5MaAQutOWQLL","S4",0,"Mixed / Unclassified"
"R_1EAarwXPntc8iST","S4",24,"Area 51 Alien Cover-up"
"R_6Ei9U1DZNCGliRO","S4",0,"Mixed / Unclassified"
"R_53a0UyPtBeBsJPj","S4",0,"Mixed / Unclassified"
"R_5YsUA2rRxhHmilF","S4",0,"Mixed / Unclassified"
"R_3dS17OiXlfTD7bf","S4",25,"Government alien cover-up"
"R_62Polblh0OmAWtZ","S4",0,"Mixed / Unclassified"
"R_36I9UmK6tqfSybv","S4",13,"JFK Assassination Conspiracy"
"R_1pul1kiUOhaErKG","S4",0,"Mixed / Unclassified"
"R_1UGPlvfKNc2eNdT","S4",0,"Mixed / Unclassified"
"R_1lm927VPAhYHKJH","S4",0,"Mixed / Unclassified"
"R_5qCUXlnQhMoT7S0","S4",0,"Mixed / Unclassified"
"R_7mBNfJFogvxEMAF","S4",13,"JFK Assassination Conspiracy"
"R_1BWAkiDfMc8etPn","S4",0,"Mixed / Unclassified"
"R_7PkhJgdnJocFKCR","S4",16,"9/11 Inside Job Conspiracy"
"R_1qJc2Cz5xqa1LYR","S4",0,"Mixed / Unclassified"
"R_7h8BNBNWLOmjuV3","S4",0,"Mixed / Unclassified"
"R_7oSY5VeSbzRVtMi","S4",21,"Deliberate COVID-19 Lab Release"
"R_52fHMlZpY4XCOlP","S4",0,"Mixed / Unclassified"
"R_10hPPGHAB2TwvUm","S4",0,"Mixed / Unclassified"
"R_53t8mZJyXEFCJIl","S4",16,"9/11 Inside Job Conspiracy"
"R_6I9OvO8PH44yDcm","S4",0,"Mixed / Unclassified"
"R_3CZKd8Jwy4JNdO3","S4",8,"Existence of Bigfoot"
"R_5U2QnUw42upY476","S4",0,"Mixed / Unclassified"
"R_1LwlLTUwLawn4k3","S4",19,"Chemtrail Conspiracy Beliefs"
"R_53dwDmSnKdNQHs4","S4",13,"JFK Assassination Conspiracy"
"R_5WJtqiEzotbFKeu","S4",0,"Mixed / Unclassified"
"R_3fkRfoK8rYBzbTg","S4",3,"Moon Landing Hoax"
"R_7ax72xwiW8kWUjD","S4",3,"Moon Landing Hoax"
"R_6FwZ5jPSfJaK9tV","S4",0,"Mixed / Unclassified"
"R_5kyQFwoJ975NV4v","S4",13,"JFK Assassination Conspiracy"
"R_5VfovKmbEsok3Qd","S4",16,"9/11 Inside Job Conspiracy"
"R_3hkprFQYIAAdkEV","S4",21,"Deliberate COVID-19 Lab Release"
"R_34tz4fXU6CARh3X","S4",21,"Deliberate COVID-19 Lab Release"
"R_32VmQZgT0oFjYlt","S4",0,"Mixed / Unclassified"
"R_6Sk2ehw0Za1W0Hy","S4",0,"Mixed / Unclassified"
"R_6Yc7CVlRiu1qRKp","S4",0,"Mixed / Unclassified"
"R_1ZK6tQ0oBfN9K6Z","S4",0,"Mixed / Unclassified"
"R_5HjWeW6aYgVQqlA","S4",26,"Existence of Alien Life"
"R_1s0IRU8kUzrfIll","S4",0,"Mixed / Unclassified"
"R_6rB57t3UrECqAd0","S4",0,"Mixed / Unclassified"
"R_3ouPl4taGVxTq4w","S4",16,"9/11 Inside Job Conspiracy"
"R_7fco8tHazpLW5Km","S4",0,"Mixed / Unclassified"
"R_7I5Y4kbgtZ28qgS","S4",16,"9/11 Inside Job Conspiracy"
"R_6IRTmR3OTIWt2KI","S4",13,"JFK Assassination Conspiracy"
"R_3Konp858vont12S","S4",0,"Mixed / Unclassified"
"R_7mlQXigU72fkapx","S4",0,"Mixed / Unclassified"
"R_6Sq9qntYmsjb3Kn","S4",0,"Mixed / Unclassified"
"R_6kbTM45pqsQuu8x","S4",0,"Mixed / Unclassified"
"R_3k5F2eHN9RiV8up","S4",3,"Moon Landing Hoax"
"R_1webu6FmutFkomd","S4",0,"Mixed / Unclassified"
"R_3irOJymiEALz03l","S4",3,"Moon Landing Hoax"
"R_62OZT1yegwIrS2k","S4",0,"Mixed / Unclassified"
"R_3frcVyp9nnwdj6k","S4",0,"Mixed / Unclassified"
"R_1JK2BOyMgqQ7YWx","S4",0,"Mixed / Unclassified"
"R_1LYCuPG1eLjAYSs","S4",0,"Mixed / Unclassified"
"R_1Xn8Cc5MugSOR03","S4",0,"Mixed / Unclassified"
"R_6NCkh3yhpnqUEpz","S4",0,"Mixed / Unclassified"
"R_1Dy7IznFcxDghRD","S4",0,"Mixed / Unclassified"
"R_3v3lDeyVvfsh9bH","S4",0,"Mixed / Unclassified"
"R_3e9G2HomvUkBJAc","S4",0,"Mixed / Unclassified"
"R_10OPVbm2Q8lndkV","S4",0,"Mixed / Unclassified"
"R_6bYeAXZOkuZqNTX","S4",0,"Mixed / Unclassified"
"R_7d67sZOfe6ExMFA","S4",0,"Mixed / Unclassified"
"R_7WxuolvavoQmoN3","S4",0,"Mixed / Unclassified"
"R_1hguGd4gGaPgQK1","S4",24,"Area 51 Alien Cover-up"
"R_7pG30y9gJAqAcVa","S4",24,"Area 51 Alien Cover-up"
"R_7iaLNiK61vbp8Dr","S4",16,"9/11 Inside Job Conspiracy"
"R_1dFjVzwee0NBm1F","S4",0,"Mixed / Unclassified"
"R_7Ceeio1ROj1ADve","S4",16,"9/11 Inside Job Conspiracy"
"R_3jHS1L5AUQLuurf","S4",25,"Government alien cover-up"
"R_7LeeU0Wemgxu67V","S4",0,"Mixed / Unclassified"
"R_1HjKJM8H9cToKYw","S4",0,"Mixed / Unclassified"
"R_3cuXyKBzamJnklT","S4",14,"Celebrity death and replacement conspiracies"
"R_6zbgbmAKIriQ5qh","S4",2,"Staged Trump assassination attempt"
"R_56H8asLGjLG1OhP","S4",0,"Mixed / Unclassified"
"R_1YnOiRB77la0Dy7","S4",3,"Moon Landing Hoax"
"R_3mh3HO0Z9LID57P","S4",0,"Mixed / Unclassified"
"R_7737CICzBfugfNf","S4",0,"Mixed / Unclassified"
"R_6PoabHkOkNNPccx","S4",0,"Mixed / Unclassified"
"R_1Vms8eOj1pmYD6F","S4",19,"Chemtrail Conspiracy Beliefs"
"R_3g0qiLHOVVxOMtH","S4",0,"Mixed / Unclassified"
"R_7TtSCJbhsMKETwx","S4",0,"Mixed / Unclassified"
"R_17WjDLn8AadYL9p","S4",0,"Mixed / Unclassified"
"R_31dhfK5qdzKAHH6","S4",0,"Mixed / Unclassified"
"R_7ndHpA3D067Sbkd","S4",0,"Mixed / Unclassified"
"R_6pYrUn3bneOQZzz","S4",0,"Mixed / Unclassified"
"R_3yg4VdG7S52Ywav","S4",13,"JFK Assassination Conspiracy"
"R_30vmL6bJH6eUIuM","S4",0,"Mixed / Unclassified"
"R_7MRkiwIBrOOUGQb","S4",11,"Jeffrey Epstein Death Conspiracies"
"R_7exYdwVjiPUsjtG","S4",0,"Mixed / Unclassified"
"R_54MMdNwA4jHIgmd","S4",0,"Mixed / Unclassified"
"R_1EmpxG6sPuOzRzA","S4",16,"9/11 Inside Job Conspiracy"
"R_61hggfKOsq0utbo","S4",0,"Mixed / Unclassified"
"R_6TC5Um5sPFPHxUv","S4",0,"Mixed / Unclassified"
"R_5cvzkU6byXOOA2c","S4",13,"JFK Assassination Conspiracy"
"R_3uBy9ukoyejLXhf","S4",0,"Mixed / Unclassified"
"R_3IhhVhfJdo7ZCb7","S4",0,"Mixed / Unclassified"
"R_6PTPRxtHUtSfr3V","S4",8,"Existence of Bigfoot"
"R_3DGwBShqBQ8tdod","S4",12,"Secret Elite World Control"
"R_6digYmiT6Iu4RMw","S4",0,"Mixed / Unclassified"
"R_6NkUebqCU8e8gVL","S4",13,"JFK Assassination Conspiracy"
"R_6sp4LgsBltQqBnD","S4",3,"Moon Landing Hoax"
"R_1hWH4QlmUK8VKcI","S4",25,"Government alien cover-up"
"R_35wb4Cl5QC3KXxD","S4",12,"Secret Elite World Control"
"R_71yWgQW6HMBKq7P","S4",0,"Mixed / Unclassified"
"R_1lncETGCOzNe1QR","S4",12,"Secret Elite World Control"
"R_5fiDSwuIiKzJqzD","S4",3,"Moon Landing Hoax"
"R_7RRmkUYssFxU78R","S4",18,"Hiding medical cures for profit"
"R_7VjCInd7hLK0roq","S4",0,"Mixed / Unclassified"
"R_7qTF1uloSeJ87UH","S4",0,"Mixed / Unclassified"
"R_62Aqfm9HM65KIjk","S4",0,"Mixed / Unclassified"
"R_7xEoO16SBmhGHxA","S4",2,"Staged Trump assassination attempt"
"R_5HBU3SuKzCuhsrU","S4",0,"Mixed / Unclassified"
"R_5PjsJY1Gj3VWIv7","S4",26,"Existence of Alien Life"
"R_59icbT6gnWGHIgV","S4",0,"Mixed / Unclassified"
"R_5rwaD0UQr6Gn1ps","S4",9,"Election fraud conspiracy beliefs"
"R_61T9cAWkxeI1V9v","S4",0,"Mixed / Unclassified"
"R_5vU6sLKLc8ydT21","S4",0,"Mixed / Unclassified"
"R_3ixmvRLR2ejqyxy","S4",24,"Area 51 Alien Cover-up"
"R_6usMXhZexaOOcbD","S4",8,"Existence of Bigfoot"
"R_5RgYJcTO9vP19AC","S4",13,"JFK Assassination Conspiracy"
"R_3fnBtJxwzjEgyvD","S4",26,"Existence of Alien Life"
"R_3r693QWA65zcuAC","S4",0,"Mixed / Unclassified"
"R_55rqF16axN5Gpxf","S4",0,"Mixed / Unclassified"
"R_1JvFrC8EKXDrb6V","S4",0,"Mixed / Unclassified"
"R_6dFPS3pO1jT4UaL","S4",13,"JFK Assassination Conspiracy"
"R_6wQsjKbq1ylMh0I","S4",11,"Jeffrey Epstein Death Conspiracies"
"R_5LGozmybur5SgCV","S4",26,"Existence of Alien Life"
"R_3V90lqbcw5B1zPB","S4",0,"Mixed / Unclassified"
"R_5M0CceMfcbDH8Vy","S4",0,"Mixed / Unclassified"
"R_6A7u9LBYfF89M89","S4",0,"Mixed / Unclassified"
"R_7NlGsghbhJV31p9","S4",13,"JFK Assassination Conspiracy"
"R_690P88HFc7OQ6DX","S4",0,"Mixed / Unclassified"
"R_1IXjFD1aecbtFws","S4",0,"Mixed / Unclassified"
"R_7iI8k9kLS6DlJ7z","S4",6,"AI Takeover and Dead Internet"
"R_7PR0kRIkPdiP9eo","S4",21,"Deliberate COVID-19 Lab Release"
"R_6W17vTed2clsNk5","S4",0,"Mixed / Unclassified"
"R_5kFadqom9V9HQ1s","S4",0,"Mixed / Unclassified"
"R_7PJ3qLGPgrXixUZ","S4",0,"Mixed / Unclassified"
"R_3w5DJmsaWhZz1uy","S4",12,"Secret Elite World Control"
"R_5qXpLGi3p67Bh06","S4",0,"Mixed / Unclassified"
"R_5nocp1TfNaLhTGT","S4",9,"Election fraud conspiracy beliefs"
"R_7fGE9QZCMV7JgB9","S4",13,"JFK Assassination Conspiracy"
"R_3NE7NrNoRLNoqlH","S4",3,"Moon Landing Hoax"
"R_7uO33KvfgxHLe8B","S4",13,"JFK Assassination Conspiracy"
"R_5ETbYNhdXxcob5f","S4",0,"Mixed / Unclassified"
"R_6ZEr4B2yOi0EWRm","S4",0,"Mixed / Unclassified"
"R_5jlZ4QirxAdcnca","S4",16,"9/11 Inside Job Conspiracy"
"R_6QMZJyJQBbVNlMO","S4",3,"Moon Landing Hoax"
"R_6wgzv63twRttyqf","S4",0,"Mixed / Unclassified"
"R_53bT5Zlhimltjzz","S4",0,"Mixed / Unclassified"
"R_7WZtyDEnVem9cWK","S4",21,"Deliberate COVID-19 Lab Release"
"R_5g5DgVnyfArv9s9","S4",0,"Mixed / Unclassified"
"R_3oaQcGtlMdMv0Ir","S4",9,"Election fraud conspiracy beliefs"
"R_1ltmayKDeUwfjrP","S4",0,"Mixed / Unclassified"
"R_6CxtWakNCuyPsGJ","S4",3,"Moon Landing Hoax"
"R_7wzzI3avyUukdvN","S4",0,"Mixed / Unclassified"
"R_6VAbC93kBNzmNhf","S4",13,"JFK Assassination Conspiracy"
"R_6RpiZsqPxJCCG2t","S4",0,"Mixed / Unclassified"
"R_57CZ8wAdJJvwBC5","S4",9,"Election fraud conspiracy beliefs"
"R_30kGM0WYmLninjB","S4",16,"9/11 Inside Job Conspiracy"
"R_6oheWNjSH050Stw","S4",0,"Mixed / Unclassified"
"R_7UWn8LhM7nazXtU","S4",13,"JFK Assassination Conspiracy"
"R_69XfZgTqyUBfrEt","S4",0,"Mixed / Unclassified"
"R_11vHU3oKjQVMKZf","S4",8,"Existence of Bigfoot"
"R_5gSWwlqtmSkgSE9","S4",0,"Mixed / Unclassified"
"R_7gj23eai5hRcJs5","S4",3,"Moon Landing Hoax"
"R_5Rb4fYU3k6pKxxo","S4",13,"JFK Assassination Conspiracy"
"R_6IEQWEKEWEwR0Te","S4",0,"Mixed / Unclassified"
"R_7E4eGCauTY47vWS","S4",0,"Mixed / Unclassified"
"R_1J8XL9InOXsC1OO","S4",0,"Mixed / Unclassified"
"R_3N9Xf0cPiR39l8M","S4",13,"JFK Assassination Conspiracy"
"R_5rZ11qLsJfKm6JB","S4",0,"Mixed / Unclassified"
"R_6r2iXGzA53cghdO","S4",13,"JFK Assassination Conspiracy"
"R_6f9u9QTyoAhfJhk","S4",0,"Mixed / Unclassified"
"R_3Y8KUSDeLq2IPzb","S4",13,"JFK Assassination Conspiracy"
"R_1hPVeZEDUqkdU1P","S4",24,"Area 51 Alien Cover-up"
"R_6dhQFwEC7o6ChaI","S4",9,"Election fraud conspiracy beliefs"
"R_3DcCrZyIJgPtsrg","S4",13,"JFK Assassination Conspiracy"
"R_6H29Y5zO0jgECDD","S4",11,"Jeffrey Epstein Death Conspiracies"
"R_3HSVFyjQ8qgVx8C","S4",0,"Mixed / Unclassified"
"R_5EHx8ywJXGFyifg","S4",0,"Mixed / Unclassified"
"R_1PENyjjf1MRnTrT","S4",8,"Existence of Bigfoot"
"R_5I7f1xsxgxRbKwB","S4",0,"Mixed / Unclassified"
"R_3ScRr4EvJKov8EG","S4",13,"JFK Assassination Conspiracy"
"R_3fhFVNXEVSzXfah","S4",0,"Mixed / Unclassified"
"R_3561cYFCu0SzZ3r","S4",0,"Mixed / Unclassified"
"R_5Gfx98vGrO1cApf","S4",0,"Mixed / Unclassified"
"R_1FKeiLfVgDS7u1c","S4",3,"Moon Landing Hoax"
"R_6aIuQdEtLKgWiSr","S4",0,"Mixed / Unclassified"
"R_1DTsVQ5PcjRNsHP","S4",3,"Moon Landing Hoax"
"R_5OVWqgYrdhT1HYJ","S4",0,"Mixed / Unclassified"
"R_6X1G3fqNArnoTJp","S4",0,"Mixed / Unclassified"
"R_1ZOGjHrIY9b2JO0","S4",0,"Mixed / Unclassified"
"R_5dQrnJ6wjAqC4D6","S4",0,"Mixed / Unclassified"
"R_6OIysjuZ0WFw9Za","S4",0,"Mixed / Unclassified"
"R_7IexDCBngUf90L7","S4",3,"Moon Landing Hoax"
"R_3QXaawqzFwH6fTU","S4",0,"Mixed / Unclassified"
"R_6x3DYG76gIQfujT","S4",13,"JFK Assassination Conspiracy"
"R_7lmywjuBFSbOhXC","S4",14,"Celebrity death and replacement conspiracies"
"R_177nW41s8YBcgmY","S4",9,"Election fraud conspiracy beliefs"
"R_3gcjjKYwtYqWijF","S4",16,"9/11 Inside Job Conspiracy"
"R_316Mtp0mROTkY18","S4",3,"Moon Landing Hoax"
"R_5lLeCa8P464mHL3","S4",13,"JFK Assassination Conspiracy"
"R_14x68tyZcEjPTLX","S4",26,"Existence of Alien Life"
"R_32VrdH5sKWLn9VD","S4",6,"AI Takeover and Dead Internet"
"R_3J589kexmRfJSck","S4",0,"Mixed / Unclassified"
"R_1gSVN4l2oiD8ixz","S4",0,"Mixed / Unclassified"
"R_5kNFg5FSqS0LvHy","S4",0,"Mixed / Unclassified"
"R_7PvRC4FnPSZHWvL","S4",21,"Deliberate COVID-19 Lab Release"
"R_5TsM9keRhrnEtxS","S4",13,"JFK Assassination Conspiracy"
"R_3tlgKb9qIQcetB6","S4",6,"AI Takeover and Dead Internet"
"R_5gBWabhoWxOUz5f","S4",0,"Mixed / Unclassified"
"R_72fngBDHp0PqrtW","S4",13,"JFK Assassination Conspiracy"
"R_15YI2rnSmfyB4g9","S4",0,"Mixed / Unclassified"
"R_6OAAqloQUUKMuec","S4",0,"Mixed / Unclassified"
"R_1lgm8e3QFar11Px","S4",0,"Mixed / Unclassified"
"R_1g7Nuw3qb4MtTdf","S4",0,"Mixed / Unclassified"
"R_3MF3mNzLcxDeQB1","S4",24,"Area 51 Alien Cover-up"
"R_3sOati1LNsjeCVH","S4",0,"Mixed / Unclassified"
"R_7CpZjnMHF5iRCIK","S4",3,"Moon Landing Hoax"
"R_3M0rtjtq1fNDZxC","S4",6,"AI Takeover and Dead Internet"
"R_39g5q6aczOi2HXb","S4",0,"Mixed / Unclassified"
"R_6TxhjYHgC6zlSH7","S4",19,"Chemtrail Conspiracy Beliefs"
"R_7ysyLX4urRYZABj","S4",0,"Mixed / Unclassified"
"R_5BxreylZPWVWjzb","S4",0,"Mixed / Unclassified"
"R_1wi7tv10aAktV2B","S4",8,"Existence of Bigfoot"
"R_1WBAiBlS9GximKa","S4",13,"JFK Assassination Conspiracy"
"R_1iNXk8LVfd1YApz","S4",16,"9/11 Inside Job Conspiracy"
"R_3s4Ib1dy11qDNur","S4",21,"Deliberate COVID-19 Lab Release"
"R_1nOFYe33RrS8zDB","S4",0,"Mixed / Unclassified"
"R_1tsPIVczzaT9TeG","S4",18,"Hiding medical cures for profit"
"R_5MPOJwHPO4hCove","S4",0,"Mixed / Unclassified"
"R_5iUxNJSYcALPwCf","S4",26,"Existence of Alien Life"
"R_7vcct2TleunoDmS","S4",0,"Mixed / Unclassified"
"R_3k8Gor2TqYsjrXP","S4",0,"Mixed / Unclassified"
"R_3jxOgL3zjyfCk46","S4",0,"Mixed / Unclassified"
"R_7g14pdiQ7JLr9O2","S4",0,"Mixed / Unclassified"
"R_7qjqLg0HbOSbHvz","S4",25,"Government alien cover-up"
"R_3LcxGFu89xlYwwl","S4",13,"JFK Assassination Conspiracy"
"R_68tdgMwSsE4c76x","S4",0,"Mixed / Unclassified"
"R_3fB4RD6y1DlRxst","S4",0,"Mixed / Unclassified"
"R_5qMymc91icU8AGl","S4",0,"Mixed / Unclassified"
"R_6qwDUtP6Or9ezFz","S4",0,"Mixed / Unclassified"
"R_7G9WDpX9vDT7Y4z","S4",2,"Staged Trump assassination attempt"
"R_6pbcVEXtqpQWXF5","S4",0,"Mixed / Unclassified"
"R_5WeNCJtuwpIJtkd","S4",9,"Election fraud conspiracy beliefs"
"R_11bpnxieeTpA0fP","S4",0,"Mixed / Unclassified"
"R_5EbmI9nyl3w970o","S4",9,"Election fraud conspiracy beliefs"
"R_6xRaZ6kFbIayYUd","S4",9,"Election fraud conspiracy beliefs"
"R_3nSKKin867iQnbG","S4",0,"Mixed / Unclassified"
"R_3beIdi9r15ov5o5","S4",3,"Moon Landing Hoax"
"R_1xMdvh4Vs4Q6SPn","S4",0,"Mixed / Unclassified"
"R_7PnkJNQtuspoTy1","S4",0,"Mixed / Unclassified"
"R_3dKgY0o8ACtlBH3","S4",0,"Mixed / Unclassified"
"R_7uKx7C1tTiBWAQZ","S4",0,"Mixed / Unclassified"
"R_1EbqGSNQ5KnlNoW","S4",13,"JFK Assassination Conspiracy"
"R_13c71wu8TVrbw8F","S4",0,"Mixed / Unclassified"
"R_5HjNKxaGMiOPwwH","S4",24,"Area 51 Alien Cover-up"
"R_5GcHvZPnQMRzSsV","S4",0,"Mixed / Unclassified"
"R_6JtrYKfy54PJwxg","S4",0,"Mixed / Unclassified"
"R_6HSTVjlkGo5pwUE","S4",0,"Mixed / Unclassified"
"R_5fHcgvSSzx1hXAx","S4",0,"Mixed / Unclassified"
"R_6IQ8Ad4h4Zp7rev","S4",0,"Mixed / Unclassified"
"R_1k22YEHKcmmuygE","S4",16,"9/11 Inside Job Conspiracy"
"R_3ALnPI4iCwrZITn","S4",0,"Mixed / Unclassified"
"R_1PDRkDwfScJf6Uh","S4",13,"JFK Assassination Conspiracy"
"R_1By9BU8Bxkh4t9Q","S4",3,"Moon Landing Hoax"
"R_5jThXAll9vXxALN","S4",0,"Mixed / Unclassified"
"R_7SEbc9AujkLKNRT","S4",0,"Mixed / Unclassified"
"R_63j4DLJoGHEckeP","S4",0,"Mixed / Unclassified"
"R_5abfS5hzEQ4Uso4","S4",12,"Secret Elite World Control"
"R_7AsUmyoYEoZ9knD","S4",0,"Mixed / Unclassified"
"R_7SjR5OrmUTYXi5b","S4",0,"Mixed / Unclassified"
"R_1Xeilqor3R5tBJf","S4",0,"Mixed / Unclassified"
"R_72VXgMMjCF9hfiP","S4",9,"Election fraud conspiracy beliefs"
"R_7DCDDissutNYswN","S4",0,"Mixed / Unclassified"
"R_7YLZIMrfkhrFa1H","S4",0,"Mixed / Unclassified"
"R_5U2UuOCX6Uj2u0A","S4",2,"Staged Trump assassination attempt"
"R_5JRwvmMNzyw1Vuo","S4",3,"Moon Landing Hoax"
"R_7gn1emQay36peDL","S4",0,"Mixed / Unclassified"
"R_3Eyv1diHsfEkqwI","S4",9,"Election fraud conspiracy beliefs"
"R_7jsS5swW8CzPp1n","S4",26,"Existence of Alien Life"
"R_7QERSD7vwtMZZP2","S4",0,"Mixed / Unclassified"
"R_3ILQaR3b3Ld3RVH","S4",0,"Mixed / Unclassified"
"R_6euPLBB5apR70U9","S4",3,"Moon Landing Hoax"
"R_6maF8VbINTr2iN1","S4",21,"Deliberate COVID-19 Lab Release"
"R_60wfab9kLVQXyJr","S4",0,"Mixed / Unclassified"
"R_3NvWnAYtLPMGLOi","S4",0,"Mixed / Unclassified"
"R_1DTF0T6JYAXfOFN","S4",0,"Mixed / Unclassified"
"R_1gK5yYSBWsVVtZf","S4",0,"Mixed / Unclassified"
"R_1lJlKYTDrAYqxwP","S4",11,"Jeffrey Epstein Death Conspiracies"
"R_6Gvns4cx6cOE3K1","S4",3,"Moon Landing Hoax"
"R_1DwoFHJ8HFeSH5a","S4",0,"Mixed / Unclassified"
"R_50oWy32vp6ivqCF","S4",0,"Mixed / Unclassified"
"R_6dfGr5RYeoz474w","S4",3,"Moon Landing Hoax"
"R_3J4tqp6RkgLsqQ1","S4",3,"Moon Landing Hoax"
"R_35RsDL8jjH9WGoE","S4",0,"Mixed / Unclassified"
"R_6qcqtlhZEwogJqh","S4",8,"Existence of Bigfoot"
"R_7bWdCsPUKK44ypr","S4",24,"Area 51 Alien Cover-up"
"R_3KDXlYe1bOg8L6m","S4",25,"Government alien cover-up"
"R_1jfdYhpKy36hGh6","S4",19,"Chemtrail Conspiracy Beliefs"
"R_3KoKwIJyNvRAmQz","S4",0,"Mixed / Unclassified"
"R_3lPUHTay6oUjIfa","S4",0,"Mixed / Unclassified"
"R_7im1aNAJn6movJf","S4",3,"Moon Landing Hoax"
"R_3rMaqvRbSTNp2Wl","S4",16,"9/11 Inside Job Conspiracy"
"R_74v2r2vL2l3zEPV","S4",13,"JFK Assassination Conspiracy"
"R_5cbmiO8SfKCa1J4","S4",0,"Mixed / Unclassified"
"R_6gUsKGJ27ghB5Od","S4",13,"JFK Assassination Conspiracy"
"R_1g4LvO22qZf71Rv","S4",3,"Moon Landing Hoax"
"R_1cqIZudIOeOucLf","S4",0,"Mixed / Unclassified"
"R_632w6GJkgIMNMLd","S4",16,"9/11 Inside Job Conspiracy"
"R_1dgH7meOTc2dacU","S4",0,"Mixed / Unclassified"
"R_7S59AHxLky8wZod","S4",12,"Secret Elite World Control"
"R_51LQ6liQavDk7xF","S4",3,"Moon Landing Hoax"
"R_6EoVVHPwVsAHuJ8","S4",0,"Mixed / Unclassified"
"R_16xpaHOikjkgU9z","S4",0,"Mixed / Unclassified"
"R_7fkEhgM64y1GH9M","S4",0,"Mixed / Unclassified"
"R_7tnzhi2S8aoKbS6","S4",0,"Mixed / Unclassified"
"R_5BQLpPSKE5msNTw","S4",0,"Mixed / Unclassified"
"R_6nXkQ2wXmnwthBv","S4",0,"Mixed / Unclassified"
"R_6hgM8KELANXBjI1","S4",21,"Deliberate COVID-19 Lab Release"
"R_3GE2hIYnfQbrmxN","S4",0,"Mixed / Unclassified"
"R_1pA0ptW98beQLip","S4",24,"Area 51 Alien Cover-up"
"R_3VEm2YwP7svo7XX","S4",0,"Mixed / Unclassified"
"R_74JOHEZxyoN12et","S4",0,"Mixed / Unclassified"
"R_5TGKaX3pl0fHwqZ","S4",0,"Mixed / Unclassified"
"R_7xzO1fYNc7Y2Iut","S4",0,"Mixed / Unclassified"
"R_7EiYQxAoVDdrhOZ","S4",0,"Mixed / Unclassified"
"R_7E0GJFoIfkF5YMV","S4",0,"Mixed / Unclassified"
"R_7ZOlQFHO6DOZT7R","S4",0,"Mixed / Unclassified"
"R_3Vmu3zi8zoCPQ4O","S4",0,"Mixed / Unclassified"
"R_6rPwKkPzxSLntdI","S4",0,"Mixed / Unclassified"
"R_3upms16YjfCR69w","S4",0,"Mixed / Unclassified"
"R_3kHRIPdNOjPIdO4","S4",0,"Mixed / Unclassified"
"R_50vEJAN0icMvvRT","S4",12,"Secret Elite World Control"
"R_6LuG91mA22URnl7","S4",13,"JFK Assassination Conspiracy"
"R_55xkPrL5lSbIPLj","S4",0,"Mixed / Unclassified"
"R_1lXIwy7tCI0C8GU","S4",11,"Jeffrey Epstein Death Conspiracies"
"R_7HYxVySwDm8XlwV","S4",0,"Mixed / Unclassified"
"R_3D7Cq3ZeJDpW86g","S4",0,"Mixed / Unclassified"
"R_54x1jo02CiQbYad","S4",25,"Government alien cover-up"
"R_7FLMu1Ei6f9s2Zy","S4",0,"Mixed / Unclassified"
"R_3ePFSLHhlTCUa9v","S4",0,"Mixed / Unclassified"
"R_6OFbdHpnJWb4xFf","S4",25,"Government alien cover-up"
"R_5ATIbfYsHIr0s6G","S4",0,"Mixed / Unclassified"
"R_7hNotdXwvChbhsN","S4",0,"Mixed / Unclassified"
"R_1ku0vwbbo6rOb6i","S4",13,"JFK Assassination Conspiracy"
"R_65Tn73aQXla4Way","S4",12,"Secret Elite World Control"
"R_65yU95t5x8CfTBn","S4",0,"Mixed / Unclassified"
"R_1YYKoEpgqYyFFFD","S4",12,"Secret Elite World Control"
"R_5OviAiEkCjc0L3A","S4",13,"JFK Assassination Conspiracy"
"R_7kkaZADH13Ew5S6","S4",0,"Mixed / Unclassified"
"R_3BBxmMvPKoRI6v7","S4",20,"Vaccine harms and conspiracies"
"R_7FljwVTifzjtJNL","S4",0,"Mixed / Unclassified"
"R_5euH2CNwTHgxcRP","S4",16,"9/11 Inside Job Conspiracy"
"R_7YlTyTB8yzAVZh1","S4",21,"Deliberate COVID-19 Lab Release"
"R_6INnAcrgUcApM3v","S4",0,"Mixed / Unclassified"
"R_3WwDrH9dTGjwLtk","S4",25,"Government alien cover-up"
"R_7IXluxiotKNuQKM","S4",0,"Mixed / Unclassified"
"R_393MVGSbvojvieR","S4",13,"JFK Assassination Conspiracy"
"R_5Ngq3boXHznijkO","S4",0,"Mixed / Unclassified"
"R_5Wxo62CLy3Aoa80","S4",21,"Deliberate COVID-19 Lab Release"
"R_7Sse22wqSMDFoat","S4",0,"Mixed / Unclassified"
"R_1im0deUVkSQaeR6","S4",12,"Secret Elite World Control"
"R_6v2yXdIT1Zca9AB","S4",6,"AI Takeover and Dead Internet"
"R_5KWj3Ro5zUCbwAh","S4",2,"Staged Trump assassination attempt"
"R_1hhOW0cvZ4Xnsop","S4",3,"Moon Landing Hoax"
"R_1TOfORRKi6WIcPx","S4",0,"Mixed / Unclassified"
"R_61chI9XMPbqq6Gu","S4",16,"9/11 Inside Job Conspiracy"
"R_1hrLACj8fuZXcvq","S4",0,"Mixed / Unclassified"
"R_5fJLzIpjw2S96jK","S4",0,"Mixed / Unclassified"
"R_3QMJuOTn6Chrk7o","S4",26,"Existence of Alien Life"
"R_6etwwU9P7KCg2Fb","S4",0,"Mixed / Unclassified"
"R_3s0hPWqvyuJzagm","S4",0,"Mixed / Unclassified"
"R_3fuzn1nkOilyYFb","S4",0,"Mixed / Unclassified"
"R_7EooPAOcTp1zqLo","S4",21,"Deliberate COVID-19 Lab Release"
"R_3F98nsqKNPhMHNc","S4",11,"Jeffrey Epstein Death Conspiracies"
"R_51mpepvPBWZA2UJ","S4",19,"Chemtrail Conspiracy Beliefs"
"R_7JFrOrizNCLek6l","S4",0,"Mixed / Unclassified"
"R_5wz0oh7cwNr4yiZ","S4",18,"Hiding medical cures for profit"
"R_796bdA0bVTEJq8W","S4",0,"Mixed / Unclassified"
"R_7CHJLNF3NiBen8w","S4",0,"Mixed / Unclassified"
"R_6dE5HWV9PwHMNpn","S4",0,"Mixed / Unclassified"
"R_3EmPYGsHHlwuvG9","S4",0,"Mixed / Unclassified"
"R_3k001CVxX0VvXPy","S4",9,"Election fraud conspiracy beliefs"
"R_6PSn7egpwJbOOb8","S4",0,"Mixed / Unclassified"
"R_1e2oKfC2EYmXoIf","S4",24,"Area 51 Alien Cover-up"
"R_3QFsPrb4jwS9G2z","S4",0,"Mixed / Unclassified"
"R_3VUguMiAR8txolj","S4",3,"Moon Landing Hoax"
"R_61LeWQF3k2BIxJW","S4",0,"Mixed / Unclassified"
"R_3CHIi9XRbhJjmcY","S4",0,"Mixed / Unclassified"
"R_1kFmGhCb9pUN5H0","S4",25,"Government alien cover-up"
"R_3s4uNSzY0J2xAkd","S4",0,"Mixed / Unclassified"
"R_5z6d6B58mGY6fPA","S4",0,"Mixed / Unclassified"
"R_1RHEFTN7rvVOqjL","S4",0,"Mixed / Unclassified"
"R_7QXZHkjgVCEcr0a","S4",16,"9/11 Inside Job Conspiracy"
"R_7DNTw1foaMofh5k","S4",0,"Mixed / Unclassified"
"R_3dEQPY0N9B3q9q5","S4",7,"Trump as Russian Asset"
"R_1wBsgQsuSfzloDR","S4",3,"Moon Landing Hoax"
"R_5pook2sX7PcJfWP","S4",6,"AI Takeover and Dead Internet"
"R_3lmWf1hWDS76QV7","S4",0,"Mixed / Unclassified"
"R_3w4DCLVge3pW0SH","S4",0,"Mixed / Unclassified"
"R_3dFFnICSVWxTeVQ","S4",0,"Mixed / Unclassified"
"R_148BJatgavEKYaY","S4",0,"Mixed / Unclassified"
"R_1CN7jvWjJJvufsI","S4",0,"Mixed / Unclassified"
"R_6gHff81n7BKnlUw","S4",3,"Moon Landing Hoax"
"R_1COsRlxYBViMydJ","S4",0,"Mixed / Unclassified"
"R_7DCNz0WY8HJvPY8","S4",0,"Mixed / Unclassified"
"R_3roSAM43BVI9Ap6","S4",0,"Mixed / Unclassified"
"R_5EahieDLcy4fNcg","S4",16,"9/11 Inside Job Conspiracy"
"R_5f1bbDibljkDR1g","S4",0,"Mixed / Unclassified"
"R_71iLCc4yoSTCpmo","S4",0,"Mixed / Unclassified"
"R_6V8R0c16reyjqOI","S4",0,"Mixed / Unclassified"
"R_5PH2vH8tbNEt5xa","S4",0,"Mixed / Unclassified"
"R_5h5WeNUN4hP3qwI","S4",16,"9/11 Inside Job Conspiracy"
"R_7DTfqrqjtk9IhnH","S4",0,"Mixed / Unclassified"
"R_7pSJBJX1BZKOCDn","S4",0,"Mixed / Unclassified"
"R_5mRpF9mZWA8thOp","S4",0,"Mixed / Unclassified"
"R_5iPCsWMlNUgfXd7","S4",3,"Moon Landing Hoax"
"R_1ImBhL49Yan2xgz","S4",3,"Moon Landing Hoax"
"R_7EXTNVKkBFioG47","S4",0,"Mixed / Unclassified"
"R_1IQxIAYL25edR73","S4",0,"Mixed / Unclassified"
"R_3IVJf7ieoiLqBS9","S4",16,"9/11 Inside Job Conspiracy"
"R_5L1lr82wBk358MH","S4",26,"Existence of Alien Life"
"R_724HB5fOV0DqyIv","S4",0,"Mixed / Unclassified"
"R_3EwFmja7tzlYNcl","S4",9,"Election fraud conspiracy beliefs"
"R_7NLd0TI5xzEMdoJ","S4",11,"Jeffrey Epstein Death Conspiracies"
"R_5kcVNnuo3yqokY0","S4",0,"Mixed / Unclassified"
"R_3kHSnYZzZtZIL2J","S4",14,"Celebrity death and replacement conspiracies"
"R_5Kw0Xdai8uWvXNq","S4",0,"Mixed / Unclassified"
"R_3THS82hwn3wOWjE","S4",25,"Government alien cover-up"
"R_7mE269VPtfP45Un","S4",16,"9/11 Inside Job Conspiracy"
"R_7EVYkJVe3tFfb11","S4",0,"Mixed / Unclassified"
"R_3AKLICx8XkKBX69","S4",0,"Mixed / Unclassified"
"R_6IWBDBsczJHnvoJ","S4",0,"Mixed / Unclassified"
"R_6HnRRH32Exp78ST","S4",3,"Moon Landing Hoax"
"R_7rNqullqkiL6N6R","S4",21,"Deliberate COVID-19 Lab Release"
"R_31uEnyLKkTWlSBf","S4",21,"Deliberate COVID-19 Lab Release"
"R_6lh53s2crsqOT6Z","S4",26,"Existence of Alien Life"
"R_7B5Ctt7pbkHKERr","S4",0,"Mixed / Unclassified"
"R_5InRfwLx8fl9jUd","S4",3,"Moon Landing Hoax"
"R_3uNvWWdb6F3hz3f","S4",12,"Secret Elite World Control"
"R_12sh87V4qs4O2MO","S4",11,"Jeffrey Epstein Death Conspiracies"
"R_6ieP6uX1zLfLMOV","S4",26,"Existence of Alien Life"
"R_5cJvUpuRx0HceKB","S4",0,"Mixed / Unclassified"
"R_3FVrTgnA5eZlL4R","S4",0,"Mixed / Unclassified"
"R_3merjIpJ6q18FU0","S4",3,"Moon Landing Hoax"
"R_3OqbH62W6eDpvMD","S4",13,"JFK Assassination Conspiracy"
"R_7lsiJeYTL0sNQCl","S4",0,"Mixed / Unclassified"
"R_7QK5PI4oejkVgy2","S4",0,"Mixed / Unclassified"
"R_5DzbEtVSGTZX0sN","S4",19,"Chemtrail Conspiracy Beliefs"
"R_6pQIauwmu56dxKh","S4",3,"Moon Landing Hoax"
"R_7KjZn7YlMyPYOGd","S4",3,"Moon Landing Hoax"
"R_579J61Cto3rG6RJ","S4",13,"JFK Assassination Conspiracy"
"R_1v8EATQOC41WoiP","S4",8,"Existence of Bigfoot"
"R_3Lva0t2Arz9cyOs","S4",0,"Mixed / Unclassified"
"R_7nSBERFJNRZXKac","S4",13,"JFK Assassination Conspiracy"
"R_7d5iP6v2zmQJW7v","S4",13,"JFK Assassination Conspiracy"
"R_5n6nzrKABsTEqST","S4",0,"Mixed / Unclassified"
"R_72mgg9mZQkKdwUH","S4",0,"Mixed / Unclassified"
"R_6SDg4R8O43KCQLf","S4",0,"Mixed / Unclassified"
"R_1zdX7UbUW8xz0Rz","S4",0,"Mixed / Unclassified"
"R_5wzspT6xuOEJw0V","S4",0,"Mixed / Unclassified"
"R_7dX8HWSqG8vMp8l","S4",0,"Mixed / Unclassified"
"R_5lllfb2LuPV6Fc5","S4",25,"Government alien cover-up"
"R_1b1bs4WvQjGzpHr","S4",3,"Moon Landing Hoax"
"R_1PbmRz46KAHxqod","S4",0,"Mixed / Unclassified"
"R_7GAXIoVZcunxiJj","S4",13,"JFK Assassination Conspiracy"
"R_6HhvWhF23cRlSEy","S4",0,"Mixed / Unclassified"
"R_123MtQ3Wozvr6g3","S4",9,"Election fraud conspiracy beliefs"
"R_7ONlylFK1cx8YXa","S4",0,"Mixed / Unclassified"
"R_1eOWJa5AY9WYZee","S4",0,"Mixed / Unclassified"
"R_38xh78uwwvCZGSZ","S4",0,"Mixed / Unclassified"
"R_7CZDvHmKAvIKuct","S4",0,"Mixed / Unclassified"
"R_6ELSRnfLOWFhZ7z","S4",3,"Moon Landing Hoax"
"R_61dv8PVCcP96HQt","S4",19,"Chemtrail Conspiracy Beliefs"
"R_3QodVHdxg5pSpPR","S4",0,"Mixed / Unclassified"
"R_5nISYTkWlk1riWK","S4",0,"Mixed / Unclassified"
"R_1uZGWMp97YNspyb","S4",0,"Mixed / Unclassified"
"R_1g4WDgwitCLgSJT","S4",21,"Deliberate COVID-19 Lab Release"
"R_7JLtFI5Dx7DOv8A","S4",0,"Mixed / Unclassified"
"R_1Hz6uX5pnelwg7Y","S4",0,"Mixed / Unclassified"
"R_7lKTP8ScrdUf8yd","S4",0,"Mixed / Unclassified"
"R_6BtGG65dIyZIl6z","S4",0,"Mixed / Unclassified"
"R_6OjeyieIj1M3X31","S4",0,"Mixed / Unclassified"
"R_3JLz1yBDTPHZ6Vd","S4",0,"Mixed / Unclassified"
"R_1VhCiMxBxIz4rAt","S4",9,"Election fraud conspiracy beliefs"
"R_18cgwRpbDCEt6i5","S4",0,"Mixed / Unclassified"
"R_1yYHpGBRA7XxLvb","S4",3,"Moon Landing Hoax"
"R_7CxAttp66EYz8jZ","S4",3,"Moon Landing Hoax"
"R_5KTKe1jI6UkH1Ej","S4",9,"Election fraud conspiracy beliefs"
"R_3QJsfTZVwEikZLX","S4",0,"Mixed / Unclassified"
"R_71TaDfRETJuhwpx","S4",0,"Mixed / Unclassified"
"R_3MDR5eMVj3TfLoK","S4",0,"Mixed / Unclassified"
"R_5otKA2AjzETl0Nf","S4",0,"Mixed / Unclassified"
"R_7nOb9yGbWYo2JHO","S4",6,"AI Takeover and Dead Internet"
"R_572RbAcug5niCtw","S4",0,"Mixed / Unclassified"
"R_6txttYlc4GmF8kt","S4",13,"JFK Assassination Conspiracy"
"R_5q8UWLI9I0P5hMm","S4",0,"Mixed / Unclassified"
"R_3Qwm5FVr9oEFju9","S4",16,"9/11 Inside Job Conspiracy"
"R_1FVx0rnHskjeFus","S4",21,"Deliberate COVID-19 Lab Release"
"R_1lk0H3VfO8yIKcN","S4",0,"Mixed / Unclassified"
"R_3GJRxlLR2mCYmuK","S4",0,"Mixed / Unclassified"
"R_5OiXCemjcAqeWPv","S4",0,"Mixed / Unclassified"
"R_3BghN8STlFvsRly","S4",0,"Mixed / Unclassified"
"R_1tvkE0KWCeCHdvj","S4",0,"Mixed / Unclassified"
"R_5d2UjOcJE5x99rX","S4",3,"Moon Landing Hoax"
"R_6ftXLSLuY12vddL","S4",0,"Mixed / Unclassified"
"R_6ceaUH2vO9VAC45","S4",8,"Existence of Bigfoot"
"R_73rnCqG9AsSJB3j","S4",16,"9/11 Inside Job Conspiracy"
"R_33V87Cw8rubntbO","S4",24,"Area 51 Alien Cover-up"
"R_5Og8iYc12v2ECwV","S4",13,"JFK Assassination Conspiracy"
"R_3IvpOU6acC90kJF","S4",0,"Mixed / Unclassified"
"R_6F36UN9mrPa106B","S4",25,"Government alien cover-up"
"R_7LI3qWZx35dMJot","S4",0,"Mixed / Unclassified"
"R_6XjTrCdkVnS4WNR","S4",3,"Moon Landing Hoax"
"R_16MTNXH6ITsYGkh","S4",0,"Mixed / Unclassified"
"R_190oGF6bdmSMqvz","S4",0,"Mixed / Unclassified"
"R_79rSDBSg7GwsMdb","S4",20,"Vaccine harms and conspiracies"
"R_1oMBZ6A9bc9JD5a","S4",13,"JFK Assassination Conspiracy"
"R_1PYtzJfhk9iPjfM","S4",0,"Mixed / Unclassified"
"R_6n2Ao3uc2CGxUkE","S4",0,"Mixed / Unclassified"
"R_1ZK8GmfPkb5twVf","S4",0,"Mixed / Unclassified"
"R_7odaV8bIU7WyXG4","S4",0,"Mixed / Unclassified"
"R_7gqDXwXnp61yHn2","S4",21,"Deliberate COVID-19 Lab Release"
"R_5TYSsnucxC5Lwfn","S4",0,"Mixed / Unclassified"
"R_3irFLmcpvV4PA2G","S4",0,"Mixed / Unclassified"
"R_6KaZeVmxutL13tT","S4",0,"Mixed / Unclassified"
"R_7HFxt334n42e3TI","S4",0,"Mixed / Unclassified"
"R_7PdcLD6kJlr9icx","S4",0,"Mixed / Unclassified"
"R_51F76uZbcSHkSea","S4",0,"Mixed / Unclassified"
"R_5PJmjNuKF4nSmYN","S4",0,"Mixed / Unclassified"
"R_6n5XeiSyYXrRH78","S4",0,"Mixed / Unclassified"
"R_5wD6QyUQZan1cRz","S4",12,"Secret Elite World Control"
"R_6EF7dTmdkO3z9ed","S4",0,"Mixed / Unclassified"
"R_52KErF6qTsngzvi","S4",26,"Existence of Alien Life"
"R_7kMlwVYmySlw8oL","S4",13,"JFK Assassination Conspiracy"
"R_7Fm061XB9qsGE9L","S4",0,"Mixed / Unclassified"
"R_7DYWh899vljnnQj","S4",12,"Secret Elite World Control"
"R_6qkowZYcxVzIovj","S4",8,"Existence of Bigfoot"
"R_50QzQSawaHh7UvT","S4",3,"Moon Landing Hoax"
"R_1YzFyv6IItmkO5G","S4",0,"Mixed / Unclassified"
"R_5MQjAV9bTb9gFeD","S4",0,"Mixed / Unclassified"
"R_7ptykZc1W19pdOL","S4",21,"Deliberate COVID-19 Lab Release"
"R_1e9TCm5D79E5Du1","S4",0,"Mixed / Unclassified"
"R_3PGOIDUCsLSs22s","S4",13,"JFK Assassination Conspiracy"
"R_77rtqwGkGzo1CP7","S4",11,"Jeffrey Epstein Death Conspiracies"
"R_1xXePSFyJ6agvsG","S4",3,"Moon Landing Hoax"
"R_5eVuEpmEUuKFj5T","S4",0,"Mixed / Unclassified"
"R_14DfwOwKDEpkyOK","S4",0,"Mixed / Unclassified"
"R_7w1tPg3ZG4l9Y8F","S4",0,"Mixed / Unclassified"
"R_5lKs4LMtwnSZaGB","S4",0,"Mixed / Unclassified"
"R_5MRQR5OHbx8ExVP","S4",0,"Mixed / Unclassified"
"R_3E5Taf2s7puPEmp","S4",0,"Mixed / Unclassified"
"R_5h8jSQoQtPEmcb7","S4",0,"Mixed / Unclassified"
"R_7s60txvHKCkUv3w","S4",3,"Moon Landing Hoax"
"R_6rGNBIzTowo0fQ9","S4",18,"Hiding medical cures for profit"
"R_3B5v1SfTzXCTynG","S4",0,"Mixed / Unclassified"
"R_31iqaYKZQeQI2Ah","S4",0,"Mixed / Unclassified"
"R_69PiDobKtby84nL","S4",0,"Mixed / Unclassified"
"R_5jPACF5HSHlcKlb","S4",24,"Area 51 Alien Cover-up"
"R_79q5WGoxVrgOuKB","S4",16,"9/11 Inside Job Conspiracy"
"R_5mGbzkFlmrYWBCV","S4",0,"Mixed / Unclassified"
"R_5PZdMNxck7PFXV2","S4",0,"Mixed / Unclassified"
"R_3p5VdPcnsblJ0D0","S4",26,"Existence of Alien Life"
"R_7n95N8z4YPNmymG","S4",0,"Mixed / Unclassified"
"R_3LjxXldEZx1ytZE","S4",0,"Mixed / Unclassified"
"R_6ZdeRvS7fzbuOBP","S4",13,"JFK Assassination Conspiracy"
"R_3sU1H7n6otZZ8mN","S4",3,"Moon Landing Hoax"
"R_5wGISfxt6rIxZur","S4",0,"Mixed / Unclassified"
"R_7LvXGLX4BoyWy5z","S4",0,"Mixed / Unclassified"
"R_7CAZ3Fgm3naQKgi","S4",12,"Secret Elite World Control"
"R_1NmDge9T4RCck8V","S4",24,"Area 51 Alien Cover-up"
"R_7qDWOh3kI2oUNhL","S4",0,"Mixed / Unclassified"
"R_1a9XmvR2YuVYNla","S4",0,"Mixed / Unclassified"
"R_30kRuIgKx4pSD6R","S4",3,"Moon Landing Hoax"
"R_3di56giFYwuOKA8","S4",12,"Secret Elite World Control"
"R_6oRZr2gSIEUCmVZ","S4",0,"Mixed / Unclassified"
"R_7fSHfiZcrPMPwRO","S4",0,"Mixed / Unclassified"
"R_6F3Y0pdBxbNcqRj","S4",16,"9/11 Inside Job Conspiracy"
"R_5sprlbvpl60HRj9","S4",0,"Mixed / Unclassified"
"R_7zf18e9jE07W7oQ","S4",12,"Secret Elite World Control"
"R_3dEvO53qgrqZVq9","S4",12,"Secret Elite World Control"
"R_1ks6dH5TuvZxbep","S4",0,"Mixed / Unclassified"
"R_5UyLbr9JiPVZM6l","S4",0,"Mixed / Unclassified"
"R_5D08ltoFdfyJERG","S4",12,"Secret Elite World Control"
"R_3nGm1ZsNWNl1OfG","S4",13,"JFK Assassination Conspiracy"
"R_1KkSpaRpSgacubL","S4",0,"Mixed / Unclassified"
"R_311iz73agEdDcL5","S4",0,"Mixed / Unclassified"
"R_5zTV4cLbZE6ceeR","S4",0,"Mixed / Unclassified"
"R_1CKKGWkbVGZQjrb","S4",20,"Vaccine harms and conspiracies"
"R_78qu1dViJR1mIRb","S4",3,"Moon Landing Hoax"
"R_14cNhqYDcoyGJ6z","S4",0,"Mixed / Unclassified"
"R_5Qz9GDJzVVnTgcY","S4",0,"Mixed / Unclassified"
"R_7HBVuv4qoXEwh0T","S4",12,"Secret Elite World Control"
"R_5IZ8KXPwXXAWG89","S4",0,"Mixed / Unclassified"
"R_5fpmMTSVsw98uOJ","S4",0,"Mixed / Unclassified"
"R_7MfhNwf2vHIqs3n","S4",0,"Mixed / Unclassified"
"R_6geimVX6RjRBSjn","S4",0,"Mixed / Unclassified"
"R_7xWPk1WxhOvhztN","S4",0,"Mixed / Unclassified"
"R_5uCypK4jsVul5oT","S4",9,"Election fraud conspiracy beliefs"
"R_1jSvyHZWsZbfFnD","S4",0,"Mixed / Unclassified"
"R_62JxrzUQ8iw2d8G","S4",13,"JFK Assassination Conspiracy"
"R_1mCSneAoHey6LLW","S4",19,"Chemtrail Conspiracy Beliefs"
"R_52weJm6MQ7aYl5D","S4",0,"Mixed / Unclassified"
"R_5wiy2MBnZYIPBEg","S4",0,"Mixed / Unclassified"
"R_5u2cSbgGBSZ7hpD","S4",0,"Mixed / Unclassified"
"R_5QxkUMyGNxypnH2","S4",21,"Deliberate COVID-19 Lab Release"
"R_5Va5LloUSUTxpUh","S4",13,"JFK Assassination Conspiracy"
"R_6Q3q10V4r6X1ocu","S4",6,"AI Takeover and Dead Internet"
"R_6gGhWktOwPFyu9v","S4",12,"Secret Elite World Control"
"R_79Kvl1oMGrqofq9","S4",0,"Mixed / Unclassified"
"R_7SJDvBQ2orXhd2p","S4",0,"Mixed / Unclassified"
"R_6ZJzyszol64THAB","S4",0,"Mixed / Unclassified"
"R_7dsDKW4RwfttIfr","S4",0,"Mixed / Unclassified"
"R_3bIci8D6L9ysUgZ","S4",21,"Deliberate COVID-19 Lab Release"
"R_1KjqChUe8W5p4OD","S4",0,"Mixed / Unclassified"
"R_3QZAuZANuWvDdIZ","S4",24,"Area 51 Alien Cover-up"
"R_1ymaLfDtZuhaUwy","S4",0,"Mixed / Unclassified"
"R_5TYhiykiFUbtfdD","S4",0,"Mixed / Unclassified"
"R_6Yt4zsCHMoRoTQD","S4",8,"Existence of Bigfoot"
"R_37L0DZIMOFFVzIR","S4",0,"Mixed / Unclassified"
"R_5Ph7ma1b6NqNhaI","S4",3,"Moon Landing Hoax"
"R_6hE1ZlemXHsmCB0","S4",13,"JFK Assassination Conspiracy"
"R_3BWnTkO7JDtTJHy","S4",2,"Staged Trump assassination attempt"
"R_3PRGJaw7GF8WxOV","S4",16,"9/11 Inside Job Conspiracy"
"R_7B65kEqGA5Ebzep","S4",0,"Mixed / Unclassified"
"R_5cXP9DYEc61reAG","S4",0,"Mixed / Unclassified"
"R_3X6VWmf545e0w3R","S4",25,"Government alien cover-up"
"R_3rjP35nJvfkfkWn","S4",0,"Mixed / Unclassified"
"R_62XNoSmNR4hKAD3","S4",25,"Government alien cover-up"
"R_3KHGx3p6473x3ek","S4",0,"Mixed / Unclassified"
"R_3wLd6mUK4aSNFTt","S4",0,"Mixed / Unclassified"
"R_7Okv2mJMoEu39OM","S4",0,"Mixed / Unclassified"
"R_1GWar0hz2eHBGd5","S4",0,"Mixed / Unclassified"
"R_7YupsrXrU74zsyt","S4",8,"Existence of Bigfoot"
"R_3gr8MjlBA1OI35L","S4",13,"JFK Assassination Conspiracy"
"R_71yjTJazrLLq9ZD","S4",3,"Moon Landing Hoax"
"R_61M1ot4i5hD2E4f","S4",0,"Mixed / Unclassified"
"R_3RycR8BJyigj6Ou","S4",0,"Mixed / Unclassified"
"R_62wSzFETeLJ0NNp","S4",0,"Mixed / Unclassified"
"R_1Hi4qL18d2phVUm","S4",0,"Mixed / Unclassified"
"R_633Q0MPtrOLf2yg","S4",0,"Mixed / Unclassified"
"R_6O84oQTVAiqUxud","S4",0,"Mixed / Unclassified"
"R_5qK9hpPGf2tsdl2","S4",19,"Chemtrail Conspiracy Beliefs"
"R_7BWQmut36VtLuma","S4",0,"Mixed / Unclassified"
"R_7mkmlPvJ4ZIWcfG","S4",0,"Mixed / Unclassified"
"R_51vqbfCdWzrMIKM","S4",0,"Mixed / Unclassified"
"R_6JfnpFJPTpp9mXS","S4",3,"Moon Landing Hoax"
"R_7WDbV9Hkstl5RtL","S4",3,"Moon Landing Hoax"
"R_7HW399cFUKSs5Gh","S4",0,"Mixed / Unclassified"
"R_7FRHWzqwxgOWiUX","S4",0,"Mixed / Unclassified"
"R_7u17kVRevZMEhPj","S4",21,"Deliberate COVID-19 Lab Release"
"R_5eRDed7popwIJmn","S4",12,"Secret Elite World Control"
"R_15LxdxegeueXcmS","S4",3,"Moon Landing Hoax"
"R_3gD3phiJBOUCPJf","S4",0,"Mixed / Unclassified"
"R_5q3HJj4QPNPeaVY","S4",0,"Mixed / Unclassified"
"R_1LvYlbok45Bp5A8","S4",0,"Mixed / Unclassified"
"R_1hcm9nOg0Y8mKUQ","S4",13,"JFK Assassination Conspiracy"
"R_3e2WF4XyAY9TCxV","S4",3,"Moon Landing Hoax"
"R_3NXxmHCJPHJvUqG","S4",0,"Mixed / Unclassified"
"R_6QgE38HVrhp0vLS","S4",8,"Existence of Bigfoot"
"R_7LZKZ7Du5bbfq81","S4",0,"Mixed / Unclassified"
"R_3jVvqImyur3lvyN","S4",13,"JFK Assassination Conspiracy"
"R_5IyDGjdmO3Ve1Xt","S4",0,"Mixed / Unclassified"
"R_6rqqrTeX3g3e9JS","S4",13,"JFK Assassination Conspiracy"
"R_6mjXAnoHRQ4Pwdt","S4",0,"Mixed / Unclassified"
"R_1kBagTpXgXTl1Yt","S4",0,"Mixed / Unclassified"
"R_6lRILyTH0Xuwyfm","S4",0,"Mixed / Unclassified"
"R_6eQduqAT9u25FjP","S4",0,"Mixed / Unclassified"
"R_3FqrKExTfWghYHb","S4",0,"Mixed / Unclassified"
"R_7lg9Wc32BDvI6j1","S4",16,"9/11 Inside Job Conspiracy"
"R_34rpU6z5KOfWtKp","S4",0,"Mixed / Unclassified"
"R_3nPGqgvnIgDn2OR","S4",0,"Mixed / Unclassified"
"R_74f4HwXJ4SjUT6h","S4",21,"Deliberate COVID-19 Lab Release"
"R_1Jm9jM0yziuHMFL","S4",0,"Mixed / Unclassified"
"R_7iIiqhhBGwcxtd7","S4",25,"Government alien cover-up"
"R_6fW2w9yutGkajHu","S4",0,"Mixed / Unclassified"
"R_3YtgTYI6ETuoRYn","S4",21,"Deliberate COVID-19 Lab Release"
"R_7lMjM0oFJZ7CQSB","S4",0,"Mixed / Unclassified"
"R_5gdqygqGobdhgI4","S4",3,"Moon Landing Hoax"
"R_3MhgUyG4CiECkzU","S4",0,"Mixed / Unclassified"
"R_6irmx78cFn8EXkJ","S4",9,"Election fraud conspiracy beliefs"
"R_6HohG5AmoOZzypx","S4",0,"Mixed / Unclassified"
"R_1RmiQH561IeAWdd","S4",12,"Secret Elite World Control"
"R_6jV9ZJ4VnvN84U4","S4",0,"Mixed / Unclassified"
"R_5PbLfM9QMRXvFZ8","S4",0,"Mixed / Unclassified"
"R_6n1npjADgGHinuD","S4",3,"Moon Landing Hoax"
"R_6M3RCsju0cCTSyk","S4",13,"JFK Assassination Conspiracy"
"R_58ANEZHaomcIaDe","S4",13,"JFK Assassination Conspiracy"
"R_3KpRe4UKFc1ShNv","S4",0,"Mixed / Unclassified"
"R_36eu1zCO12G4CVw","S4",0,"Mixed / Unclassified"
"R_7r6tRrp1OgCfGZX","S4",0,"Mixed / Unclassified"
"R_7aDOrqKvgcpslPP","S4",13,"JFK Assassination Conspiracy"
"R_5rPzeeeXqJAWu5k","S4",24,"Area 51 Alien Cover-up"
"R_163H1pkG7ZqtfTZ","S4",16,"9/11 Inside Job Conspiracy"
"R_1ZPPGXSeBvoivAe","S4",0,"Mixed / Unclassified"
"R_3y1rzLbIX8pHA96","S4",0,"Mixed / Unclassified"
"R_1iwhynG1GI5NI5a","S4",26,"Existence of Alien Life"
"R_6XaJGRxI6Gj0FOo","S4",0,"Mixed / Unclassified"
"R_7OkvuKWXCiisAjT","S4",25,"Government alien cover-up"
"R_5MLZKZ6SjtN0Z37","S4",25,"Government alien cover-up"
"R_6zUZuXGoiTvDx3t","S4",0,"Mixed / Unclassified"
"R_7ODpfM6YIBdFmAu","S4",0,"Mixed / Unclassified"
"R_1oAWz4IVcNT2uFy","S4",6,"AI Takeover and Dead Internet"
"R_76aN4Wgz5PH53x3","S4",0,"Mixed / Unclassified"
"R_3DSIA1M1bR1TIle","S4",0,"Mixed / Unclassified"
"R_1xEJzRVzXJJK0Sr","S4",13,"JFK Assassination Conspiracy"
"R_3B3sBJ2CkwRzHMD","S4",0,"Mixed / Unclassified"
"R_6dm2LntDi217oh9","S4",3,"Moon Landing Hoax"
"R_6kGnlg1y5buZVm6","S4",0,"Mixed / Unclassified"
"R_5B5nJj0y3xTGact","S4",21,"Deliberate COVID-19 Lab Release"
"R_7QM0qrjqXXJmcer","S4",0,"Mixed / Unclassified"
"R_6sBzRoKnwQ8MA8h","S4",0,"Mixed / Unclassified"
"R_1HByNizXOZ0wgpC","S4",11,"Jeffrey Epstein Death Conspiracies"
"R_5nJiNas3bDICY2R","S4",0,"Mixed / Unclassified"
"R_72loPqrd3AWWuat","S4",16,"9/11 Inside Job Conspiracy"
"R_1KGZBFTCgKRSMnT","S4",0,"Mixed / Unclassified"
"R_3CBgU3vCtIqtE7Y","S4",13,"JFK Assassination Conspiracy"
"R_1lDrvopx48HsJdm","S4",3,"Moon Landing Hoax"
"R_3OiyVNPnPSBnISp","S4",12,"Secret Elite World Control"
"R_5DNAIoOLBtSPuKn","S4",6,"AI Takeover and Dead Internet"
"R_5Ym1gQdAvL0gkoa","S4",0,"Mixed / Unclassified"
"R_7EYYzELzLwouBpv","S4",26,"Existence of Alien Life"
"R_5NqX8TBhw66nvJz","S4",0,"Mixed / Unclassified"
"R_5GZDluc621kLLHr","S4",8,"Existence of Bigfoot"
"R_1JsVnwEG5AxDjFI","S4",11,"Jeffrey Epstein Death Conspiracies"
"R_3qDzjqcEMNgDvZ3","S4",0,"Mixed / Unclassified"
"R_6U4v8eIYXeD5Vlv","S4",0,"Mixed / Unclassified"
"R_3dY0XNPpXLC2Zq5","S4",0,"Mixed / Unclassified"
"R_78fpZIzunFvpl61","S4",21,"Deliberate COVID-19 Lab Release"
"R_1bb3LRIIY8o1MGJ","S4",25,"Government alien cover-up"
"R_77BAhM44z6HjQ4d","S4",16,"9/11 Inside Job Conspiracy"
"R_6wa6Z56V8BIwcbn","S4",0,"Mixed / Unclassified"
"R_10vJTRL61oumLmh","S4",0,"Mixed / Unclassified"
"R_79PRaSvQfU3zW3n","S4",0,"Mixed / Unclassified"
"R_7fSOJFqWtNgARqE","S4",16,"9/11 Inside Job Conspiracy"
"R_62RY7oKcP1SrtXw","S4",0,"Mixed / Unclassified"
"R_1KSKQkYMcSD7A6l","S4",24,"Area 51 Alien Cover-up"
"R_5uNAgCiL3devAav","S4",0,"Mixed / Unclassified"
"R_61o1iuPMS1fwU6E","S4",0,"Mixed / Unclassified"
"R_185DQ9l7Kj8SHHb","S4",13,"JFK Assassination Conspiracy"
"R_66NpEkVgAg84lVf","S4",11,"Jeffrey Epstein Death Conspiracies"
"R_3nvpvMcvc3bXRIt","S4",0,"Mixed / Unclassified"
"R_1PbshjsL2HcEJls","S4",0,"Mixed / Unclassified"
"R_5LhUwmqOhn7ljtn","S4",11,"Jeffrey Epstein Death Conspiracies"
"R_1IJW3g4ImOxgZV9","S4",0,"Mixed / Unclassified"
"R_5e5uAlNV5natWzk","S4",2,"Staged Trump assassination attempt"
"R_7s0jjM2L8dNODRI","S4",0,"Mixed / Unclassified"
"R_1q9vA1Liqii6zJO","S4",16,"9/11 Inside Job Conspiracy"
"R_7Gvoh3EDzNRwMqe","S4",16,"9/11 Inside Job Conspiracy"
"R_6fjCmcOVZJ0UaVX","S4",0,"Mixed / Unclassified"
"R_1sB0gAgrhpVnhIu","S4",0,"Mixed / Unclassified"
"R_1QL9dHD8fSE5UuT","S4",9,"Election fraud conspiracy beliefs"
"R_6lzWRAkibey5VhB","S4",0,"Mixed / Unclassified"
"R_6BwVqhhOcfbdQlb","S4",0,"Mixed / Unclassified"
"R_7zGEXZ6IAXBcdj3","S4",13,"JFK Assassination Conspiracy"
"R_71zypw5GTc3VQfK","S4",0,"Mixed / Unclassified"
"R_7P4y1S17XaKCKeh","S4",0,"Mixed / Unclassified"
"R_7hR2d6jrnIoo8ZH","S4",26,"Existence of Alien Life"
"R_7DhaFCkJ1TDKCll","S4",25,"Government alien cover-up"
"R_3EilKXxbngO5obD","S4",0,"Mixed / Unclassified"
"R_1q9jYvzpXqd6Di3","S4",0,"Mixed / Unclassified"
"R_7tlr00Lmy5VMgpY","S4",0,"Mixed / Unclassified"
"R_1j6yDO9CirTZJWX","S4",25,"Government alien cover-up"
"R_6jZDZAGWaY0gg5F","S4",0,"Mixed / Unclassified"
"R_3SSDYZdqmgzokX7","S4",13,"JFK Assassination Conspiracy"
"R_6tgImZ3pOQvFj6T","S4",21,"Deliberate COVID-19 Lab Release"
"R_5qBRPZDohjp2FeX","S4",6,"AI Takeover and Dead Internet"
"R_6laJKisty5yBeoN","S4",0,"Mixed / Unclassified"
"R_7NfUjSoejgv2ldK","S4",0,"Mixed / Unclassified"
"R_3YamxcboLVQeySa","S4",0,"Mixed / Unclassified"
"R_6EfKXqrgAn8Pp51","S4",25,"Government alien cover-up"
"R_5MLqIWNgAGCuP4q","S4",0,"Mixed / Unclassified"
"R_5ttb6Z3qp28lHPM","S4",26,"Existence of Alien Life"
"R_1c8IsmlBPnt9iP8","S4",0,"Mixed / Unclassified"
"R_6y1TSvEsyz266Mc","S4",0,"Mixed / Unclassified"
"R_60wa7Q1JbOZIbmC","S4",0,"Mixed / Unclassified"
"R_5l7NYJepCbMofXH","S4",16,"9/11 Inside Job Conspiracy"
"R_1YXIuxO0welCwQp","S4",0,"Mixed / Unclassified"
"R_5KwNDwhW03HsP44","S4",0,"Mixed / Unclassified"
"R_7aMeM8f6Zi9G2Cl","S4",0,"Mixed / Unclassified"
"R_7dtdReNeIdlAdMC","S4",0,"Mixed / Unclassified"
"R_61tTCJTRXcD4MLm","S4",13,"JFK Assassination Conspiracy"
"R_1k24ExE1LRML6sv","S4",0,"Mixed / Unclassified"
"R_6nUSQgYNlNEok3V","S4",0,"Mixed / Unclassified"
"R_1m4SeORWFNkxjk6","S4",0,"Mixed / Unclassified"
"R_6K5pjOqt4xB7pId","S4",0,"Mixed / Unclassified"
"R_1robHsdg0JaIXxO","S4",0,"Mixed / Unclassified"
"R_7V7kvyzodnkOCON","S4",26,"Existence of Alien Life"
"R_7kQRl4E9ZXr9KJH","S4",0,"Mixed / Unclassified"
"R_5EWjtmKoeVzX9Iv","S4",0,"Mixed / Unclassified"
"R_193l8KasL1r429H","S4",19,"Chemtrail Conspiracy Beliefs"
"R_1Cpx43HAdZPlKXT","S4",0,"Mixed / Unclassified"
"R_3jcGot9Wi6lBeSB","S4",16,"9/11 Inside Job Conspiracy"
"R_73xvTW1nL6uR6Ei","S4",13,"JFK Assassination Conspiracy"
"R_6qlKfHOcQ6aBVcL","S4",0,"Mixed / Unclassified"
"R_7JDRK384Dn8gvP6","S4",0,"Mixed / Unclassified"
"R_70jfBgzuXJ4mHlg","S4",13,"JFK Assassination Conspiracy"
"R_1Pw77PUGUFRCkNq","S4",0,"Mixed / Unclassified"
"R_7PFXsXPqKr52tkw","S4",0,"Mixed / Unclassified"
"R_3JI45djMjXmzjGf","S4",9,"Election fraud conspiracy beliefs"
"R_3Jhnx4gAul8ofID","S4",0,"Mixed / Unclassified"
"R_74IREwYZROW1RPa","S4",12,"Secret Elite World Control"
"R_71LQV6kGHj3O0gS","S4",9,"Election fraud conspiracy beliefs"
"R_3RaX6XQMAM5dzzV","S4",0,"Mixed / Unclassified"
"R_72eiwv5n0a8xJlf","S4",0,"Mixed / Unclassified"
"R_52aUmjOd3ekf5dW","S4",3,"Moon Landing Hoax"
"R_6SanpIyeJQuNoWd","S4",26,"Existence of Alien Life"
"R_7SkOFZwTH7ZMvAq","S4",0,"Mixed / Unclassified"
"R_1h09epg1bJRQFjK","S4",16,"9/11 Inside Job Conspiracy"
"R_6hlKF32fvEqDxrT","S4",0,"Mixed / Unclassified"
"R_6MDKxNJOsr6r8Ie","S4",0,"Mixed / Unclassified"
"R_1w3kwlpZb1MPcwp","S4",3,"Moon Landing Hoax"
"R_5R3wwo80QVDTCzy","S4",25,"Government alien cover-up"
"R_7BNA6c8bYWFXUA1","S4",25,"Government alien cover-up"
"R_5wowld4JJ0H0jqU","S4",25,"Government alien cover-up"
"R_3WwkjeHgTcIHCxr","S4",3,"Moon Landing Hoax"
"R_3rOYVAhfCznLpDJ","S4",0,"Mixed / Unclassified"
"R_5ln2sMmwjhX86Kl","S4",3,"Moon Landing Hoax"
"R_6zIDLt5RopXHCOB","S4",0,"Mixed / Unclassified"
"R_1kGPlaULexlKBwI","S4",0,"Mixed / Unclassified"
"R_73dMoV8KGNFyyps","S4",3,"Moon Landing Hoax"
"R_6q9KvSt9lkjjj3M","S4",0,"Mixed / Unclassified"
"R_8EWBjnPHsBU2y3W","S4",24,"Area 51 Alien Cover-up"
"R_6nNSeaXKPD3FdO7","S4",0,"Mixed / Unclassified"
"R_7Pjurg4jHrnrYCE","S4",16,"9/11 Inside Job Conspiracy"
"R_5ltSVrYbTFzL1w7","S4",13,"JFK Assassination Conspiracy"
"R_60ZpxYx80z8Ci14","S4",0,"Mixed / Unclassified"
"R_6Cf6C8WyRexk9qh","S4",0,"Mixed / Unclassified"
"R_7YEYgbm2FMDz1YI","S4",9,"Election fraud conspiracy beliefs"
"R_5cqNhODkKxXtlCZ","S4",0,"Mixed / Unclassified"
"R_33BzPr1vdrHJwMJ","S4",3,"Moon Landing Hoax"
"R_7PXFWir3smlKOK5","S4",11,"Jeffrey Epstein Death Conspiracies"
"R_6DW2zhD9sZWTnTr","S4",0,"Mixed / Unclassified"
"R_68EOI8VDweBmUlX","S4",25,"Government alien cover-up"
"R_6Ego2P1iFSd5XHj","S4",0,"Mixed / Unclassified"
"R_1PxB55xGcfSE5SF","S4",0,"Mixed / Unclassified"
"R_3jV6AZyJmKaUTXQ","S4",25,"Government alien cover-up"
"R_7pRa2f9Y7INq7jX","S4",0,"Mixed / Unclassified"
"R_6PjlcS5bPm6Fyx9","S4",19,"Chemtrail Conspiracy Beliefs"
"R_7jfBXa72Ot6Qi6R","S4",9,"Election fraud conspiracy beliefs"
"R_1f0DxYrlogFT80P","S4",0,"Mixed / Unclassified"
"R_6mko4wY6H1Jbk7C","S4",24,"Area 51 Alien Cover-up"
"R_60P3truMmU9dJoA","S4",26,"Existence of Alien Life"
"R_3TkYBesxIDDIC1b","S4",26,"Existence of Alien Life"
"R_5dJNRozi182kOYn","S4",0,"Mixed / Unclassified"
"R_3sNro2ndzSLFgFX","S4",16,"9/11 Inside Job Conspiracy"
"R_7zZ8gwwbtEuYDGj","S4",0,"Mixed / Unclassified"
"R_6oHJjpjoWAv3ulH","S4",0,"Mixed / Unclassified"
"R_6KPKv28Nslt3WdT","S4",0,"Mixed / Unclassified"
"R_5QmQM40iEIZhoYc","S4",24,"Area 51 Alien Cover-up"
"R_7YslVAVC1Q2bXkB","S4",0,"Mixed / Unclassified"
"R_61SZuIzmdjS6j0l","S4",0,"Mixed / Unclassified"
"R_1l42SmqmxrUgz4J","S4",0,"Mixed / Unclassified"
"R_1ydByNm2rF7uqRP","S4",3,"Moon Landing Hoax"
"R_6oQ1keuq83C19qF","S4",0,"Mixed / Unclassified"
"R_7D77tF7rIktHUXX","S4",0,"Mixed / Unclassified"
"R_1dXntKibQnH0QHh","S4",0,"Mixed / Unclassified"
"R_12shHZKGrvr4DZz","S4",7,"Trump as Russian Asset"
"R_5dcZPI6YsHSBdv3","S4",14,"Celebrity death and replacement conspiracies"
"R_60GKy9vSK9gCd0J","S4",0,"Mixed / Unclassified"
"R_3i9zmV3aJD3eBJh","S4",24,"Area 51 Alien Cover-up"
"R_5tEGyT4MU6R2AiB","S4",0,"Mixed / Unclassified"
"R_3MQiqTqAhrePLoV","S4",26,"Existence of Alien Life"
"R_1Gp3qlInGLFw6GH","S4",3,"Moon Landing Hoax"
"R_1Qn78jMsEHT764d","S4",0,"Mixed / Unclassified"
"R_1ihZmI42L1l1Y77","S4",8,"Existence of Bigfoot"
"R_7sN3IMy7QSO6nHr","S4",25,"Government alien cover-up"
"R_16TAsvmMQwLgzPX","S4",21,"Deliberate COVID-19 Lab Release"
"R_1Rec372nPWPgBIy","S4",13,"JFK Assassination Conspiracy"
"R_50DK328qZuYZUm5","S4",0,"Mixed / Unclassified"
"R_5O2ua54corlUbWF","S4",0,"Mixed / Unclassified"
"R_5EyE4eMzfK0VLb9","S4",16,"9/11 Inside Job Conspiracy"
"R_31iw3tyfVhW875U","S4",12,"Secret Elite World Control"
"R_6e4LVjdpotcmWWO","S4",3,"Moon Landing Hoax"
"R_5iIpQhGMTkLOT4t","S4",3,"Moon Landing Hoax"
"R_5TRcEbtUSm9JCwF","S4",0,"Mixed / Unclassified"
"R_7oaUG1JWEwefsEH","S4",7,"Trump as Russian Asset"
"R_3QuU4p0mUofAvze","S4",20,"Vaccine harms and conspiracies"
"R_7Kr7GrOZirkxQNB","S4",0,"Mixed / Unclassified"
"R_5RgATgQEbs0kqr0","S4",8,"Existence of Bigfoot"
"R_3I05z84YNLDwQaj","S4",3,"Moon Landing Hoax"
"R_3PLrFzrJhABJBwl","S4",0,"Mixed / Unclassified"
"R_6JyjTFDZhvW1vYl","S4",0,"Mixed / Unclassified"
"R_1aQwX1sgyYUvYFH","S4",0,"Mixed / Unclassified"
"R_5JylgiDEr48M9Ua","S4",0,"Mixed / Unclassified"
"R_36s9THvNrqwAPbX","S4",0,"Mixed / Unclassified"
"R_1lKxYFS7rvkURbP","S4",0,"Mixed / Unclassified"
"R_187xAtygioKtgIN","S4",0,"Mixed / Unclassified"
"R_3CdYlxKrTGt3FcS","S4",13,"JFK Assassination Conspiracy"
"R_1wda1q7wIJ0d7Mw","S4",24,"Area 51 Alien Cover-up"
"R_6IyfwnX7RI5vqRE","S4",0,"Mixed / Unclassified"
"R_7ruZrZDdH7VSLn4","S4",0,"Mixed / Unclassified"
"R_1RvjR806Yv9U36x","S4",3,"Moon Landing Hoax"
"R_30qab9cQzGsdxwj","S4",0,"Mixed / Unclassified"
"R_7PviorxI2h4V7Mf","S4",0,"Mixed / Unclassified"
"R_1iUnicvNaRhXIjj","S4",3,"Moon Landing Hoax"
"R_7dDR1YYA4hqJY3z","S4",0,"Mixed / Unclassified"
"R_1QDQTtSWcyU3r26","S4",0,"Mixed / Unclassified"
"R_3tD3GJws76UHtb2","S4",25,"Government alien cover-up"
"R_6Hero302IQnCJjG","S4",3,"Moon Landing Hoax"
"R_3Ecn2aaM52Yk2It","S4",13,"JFK Assassination Conspiracy"
"R_56bMKH2v0ZzqUPn","S4",12,"Secret Elite World Control"
"R_61yrIikiPJyf21x","S4",0,"Mixed / Unclassified"
"R_6Tp5XJbX9g9hsqd","S4",18,"Hiding medical cures for profit"
"R_1YfytjSmIQL77Ka","S4",0,"Mixed / Unclassified"
"R_1e3qxQCPum6fqNJ","S4",9,"Election fraud conspiracy beliefs"
"R_7wHrf8zJxDDyU0o","S4",8,"Existence of Bigfoot"
"R_7DpBQZySSfKreU1","S4",0,"Mixed / Unclassified"
"R_5dsjjBOubwMUhzv","S4",0,"Mixed / Unclassified"
"R_1iDjfZjxDXJNFYZ","S4",0,"Mixed / Unclassified"
"R_51WxpsGDOBzg7i9","S4",0,"Mixed / Unclassified"
"R_6JM7lSa0uU7iPux","S4",0,"Mixed / Unclassified"
"R_7QMrBNjeV1O4UEk","S4",0,"Mixed / Unclassified"
"R_5lumQqN0mAGF4tz","S4",0,"Mixed / Unclassified"
"R_5HFZnC5x4mZzj5B","S4",0,"Mixed / Unclassified"
"R_6g2f4xTydeaR0FH","S4",12,"Secret Elite World Control"
"R_51L4rlKgMo2kkjD","S4",0,"Mixed / Unclassified"
"R_6KZ3bknyGu7HYH6","S4",13,"JFK Assassination Conspiracy"
"R_1fblVk3mWKzamYh","S4",0,"Mixed / Unclassified"
"R_1dJQIL54pa4B8jb","S4",3,"Moon Landing Hoax"
"R_1IUowqYTeTJpK2R","S4",16,"9/11 Inside Job Conspiracy"
"R_1GYrkSmMb0Bt9Ch","S4",0,"Mixed / Unclassified"
"R_5VDZFoUGhzv2ld6","S4",0,"Mixed / Unclassified"
"R_3Q6rJFxULVaauQv","S4",3,"Moon Landing Hoax"
"R_3qrCmcIb48T3NYs","S4",14,"Celebrity death and replacement conspiracies"
"R_3lDKRXCQaWtWsRl","S4",0,"Mixed / Unclassified"
"R_10qQP2Au1OeVz6w","S4",0,"Mixed / Unclassified"
